-4.211168963655094541e-13 -9.455962357670666926e-13 -1.391503692585738229e-12 2.127791060234504946e-12 4.077733442419589847e-12 7.122066221117954150e-12 -1.416210510800696749e-11 1.683294180209412747e-11 -7.828473301495212837e-11 -1.199532860385283639e-11 1.167617331751419379e-11
-4.833168892909362214e-13 -1.395013576149059060e-12 -5.481383262786665015e-13 2.799567515173041150e-12 1.580059409725788392e-12 8.511533402220669476e-12 -1.602624117593184244e-11 1.741420587876781093e-11 -6.642631112006217053e-11 -1.298626827036445114e-11 1.345955236682471601e-11
-5.509373068671371529e-13 -1.883502446188691013e-12 3.628040144182905297e-13 3.480370537602854688e-12 -9.992247407620660768e-13 9.971491768292335634e-12 -1.765480636152883533e-11 1.738007516349164741e-11 -5.183068955081506623e-11 -1.328314593701990938e-11 1.445778001753300005e-11
-6.188711189902920370e-13 -2.366507827477351143e-12 1.221855879487533833e-12 4.114384856648946887e-12 -3.305521002358585162e-12 1.128237533567039157e-11 -1.874145932503353596e-11 1.668845008821486024e-11 -3.622080612492528678e-11 -1.338854882513655918e-11 1.360887513055168860e-11
-6.764646764399583732e-13 -2.775762525413138065e-12 1.871486435334265157e-12 4.596862659497168159e-12 -4.830277482407420610e-12 1.199954709193263758e-11 -1.863888991871643023e-11 1.532711575394152632e-11 -2.121417035766150402e-11 -1.340861329049813394e-11 1.154482664206948896e-11
-7.120222627912105127e-13 -3.032578344054759956e-12 2.146926757755519976e-12 4.768601694087018812e-12 -4.981579685063107826e-12 1.161590914552077320e-11 -1.645191377106056453e-11 1.272954487475830078e-11 -9.280455312393093307e-12 -1.306901319935459121e-11 8.896705528868029230e-12
-7.206098852301883604e-13 -3.089402974156453736e-12 1.971195071891448297e-12 4.534958000590919121e-12 -3.543061921709201632e-12 9.966833355778425030e-12 -1.187248769420052355e-11 8.344306443891982020e-12 -2.095601724200480524e-12 -1.080592099912183008e-11 7.323419470337623144e-12
-7.134677640764923578e-13 -2.997138502513054908e-12 1.517315219800422551e-12 4.071177432533648154e-12 -1.418358996011817395e-12 7.796617010232815722e-12 -6.880689529190236435e-12 3.649074991473085374e-12 2.262013212820543603e-12 -7.854026540096014898e-12 6.121862609213308728e-12
-6.970188889498080592e-13 -2.783441106416269497e-12 9.484019095336462838e-13 3.510949702014105959e-12 5.336520391654792089e-13 5.709361507814142074e-12 -3.078753009498344225e-12 7.423802126564486463e-13 4.834877145720756861e-12 -5.748765982302158646e-12 4.948920804391455361e-12
-6.732927734445699985e-13 -2.476198342440563340e-12 3.956647060777510403e-13 2.900661869084879254e-12 1.868129832800184270e-12 3.927468931952477091e-12 -9.491952409277576094e-13 -3.225444921954685176e-14 5.212385712359574091e-12 -4.920121160576249421e-12 3.490925425275201671e-12
-6.394742165267112928e-13 -2.100689965487702042e-12 -7.068724834766107602e-14 2.265635967440302805e-12 2.438618671798905951e-12 2.550302961604861574e-12 -3.628288645794404053e-13 -2.293891579135702865e-13 4.567717885170326423e-12 -3.629959396639080828e-12 2.193013809191270221e-12
-5.925065583597598950e-13 -1.676267054635605778e-12 -4.304487650330126172e-13 1.615987004902977320e-12 2.427706266900516268e-12 1.458954588550424645e-12 -5.369627227149307476e-13 -4.455007195169358539e-13 3.122079918267130606e-12 -1.937866044639139631e-12 2.364820667721576802e-12
-5.321039874192092375e-13 -1.237719484320444759e-12 -6.628205691903153710e-13 1.014479419816440386e-12 1.999141211470655916e-12 6.855900367595956332e-13 -8.403099051810784054e-13 2.033420484647163548e-15 1.620057070565739992e-12 -1.183893405491755748e-12 1.149614582501461062e-12
-4.604480459906286180e-13 -8.307479505205929619e-13 -7.491984518102017620e-13 5.118012009543019616e-13 1.371500738615424161e-12 1.847376652696873991e-13 -7.870425670724235100e-13 5.227012883803663674e-13 4.891459514494287182e-13 -7.055869976626438719e-13 -1.085626506434823817e-13
-3.827491311708469975e-13 -4.930153387687538856e-13 -6.950836240958462280e-13 1.834353672714686018e-13 6.437701894663021206e-13 1.235702473918983957e-14 -4.911572397292857994e-13 8.108953722443255030e-13 -6.395999438018640212e-14 -1.493844428053430859e-13 -4.596788158124036032e-13
-3.046993552236221752e-13 -2.399370177720199099e-13 -5.407108132892149104e-13 2.372033399294126818e-14 3.934429576094462853e-14 -6.605887072956010984e-16 -6.690009031992527312e-14 3.431146418321494319e-13 -2.164531475016643448e-14 4.467785079927215595e-13 -4.068056828878665765e-13
-2.315319494830739020e-13 -6.781250063308513053e-14 -3.442707303714079962e-13 -2.047789373607422074e-15 -2.586898696173186191e-13 1.352435364409062628e-14 1.625213504817303391e-13 4.102531111995068183e-14 1.964944403639983316e-13 4.811251029014936085e-13 2.293910982753524283e-13
-1.676539405676326722e-13 3.541022190911562717e-14 -1.592334991160432076e-13 4.915441409281128214e-14 -2.521993944394779406e-13 -3.651284329866895470e-14 1.744681574116754166e-13 1.529983337357308282e-13 2.285587393680564658e-13 1.904115651234055965e-13 2.493837395947663200e-13
-1.154532299863972252e-13 8.064103868080689111e-14 -1.846785462209642988e-14 1.147877821798623479e-13 -1.183448767390930305e-13 -9.021589165295935098e-14 7.551715331086265987e-14 1.293849979969908391e-13 9.667949060426808596e-14 1.753174955119178241e-13 -5.647085842040944861e-14
-7.498467148106556594e-14 8.756034704816900998e-14 5.782208895834136255e-14 1.634723832442213050e-13 -3.640554974274131466e-15 -1.585792735152135544e-13 -7.020707768358562579e-14 -6.094983406306554176e-14 -3.911514093229399867e-14 -1.606322182850551129e-14 1.044079183825746584e-13
-4.310785033394928312e-13 -9.195882877282908867e-13 -1.562409662396930197e-12 2.097006732219279679e-12 4.608997723000716324e-12 7.197648262990930016e-12 -1.436082470127091826e-11 1.660176336490144028e-11 -8.323767978655314505e-11 -1.130232954380235381e-11 1.121525907149610522e-11
-4.952474470885542401e-13 -1.382538491582837709e-12 -6.950423534003578239e-13 2.800217859264815780e-12 2.018576566398287457e-12 8.631851311426754733e-12 -1.637982356234039979e-11 1.740098351833489291e-11 -7.148727134897620260e-11 -1.253219981744119787e-11 1.329527382258555990e-11
-5.657945729448392445e-13 -1.892952244353315781e-12 2.613200700917633209e-13 3.522187326858617514e-12 -7.178624284337934503e-13 1.017711776973405198e-11 -1.821280819627988766e-11 1.756578976462128477e-11 -5.665079451504913211e-11 -1.299156473584156016e-11 1.474637564777351810e-11
-6.382091378775006855e-13 -2.407838380642936310e-12 1.187750149051300526e-12 4.210321147748960880e-12 -3.248766567010988409e-12 1.163132815721408327e-11 -1.957893555323282826e-11 1.704689642351940441e-11 -4.045652208722607655e-11 -1.317876482287832720e-11 1.435996015591432262e-11
-7.020921875356165684e-13 -2.859627445661207613e-12 1.925781204797899368e-12 4.763804218296051286e-12 -5.065535604609066253e-12 1.256188605900454400e-11 -1.985066375766321596e-11 1.586892346573982511e-11 -2.445652756603746091e-11 -1.326770084942620544e-11 1.255127343056349124e-11
-7.448564749151003948e-13 -3.165973216504070270e-12 2.299045670117451234e-12 5.021959426637122316e-12 -5.539888730120474786e-12 1.242303752457864087e-11 -1.808472418139450488e-11 1.355403995668170028e-11 -1.124431040544174984e-11 -1.321917521734161322e-11 9.764190696250019727e-12
-7.581032269810613321e-13 -3.259851703310642031e-12 2.184898639640512529e-12 4.842019974748351288e-12 -4.259283454921759354e-12 1.087610692364957720e-11 -1.359989289960466399e-11 9.229078652488611362e-12 -3.069098206113425426e-12 -1.117514741639107721e-11 7.970275961743237917e-12
-7.526268288794120251e-13 -3.187098465965935579e-12 1.741489099478469257e-12 4.380455787352969139e-12 -2.052461838562323434e-12 8.624052167524111902e-12 -8.245957545686763564e-12 4.124311648657009637e-12 1.838905769385698871e-12 -7.996927513428548721e-12 6.652797750082323453e-12
-7.365418486759550232e-13 -2.982734821796230647e-12 1.151505827928642673e-12 3.801788457295158675e-12 1.025965019432306014e-13 6.375130012408797002e-12 -3.903181163725651244e-12 7.178574174621224549e-13 4.823395141614134486e-12 -5.571568586295768260e-12 5.367351681396224476e-12
-7.128852596680111569e-13 -2.674206866809190917e-12 5.603847553333576639e-13 3.162482085599258167e-12 1.656206097050744716e-12 4.420535841607634816e-12 -1.295102122405013269e-12 -3.280255440862178383e-13 5.398577035325906121e-12 -4.636024020384829956e-12 3.801523887123939343e-12
-6.793718550657161903e-13 -2.289912994509738933e-12 5.211472208483876564e-14 2.495820915855128457e-12 2.396460117047502293e-12 2.900074587158994796e-12 -4.014176521567533652e-13 -5.217316981708544727e-13 4.867707996908905338e-12 -3.432124782500686438e-12 2.377290449872027039e-12
-6.325115376340462509e-13 -1.849842859624149644e-12 -3.446393781658773616e-13 1.806427360643260132e-12 2.486211760115187780e-12 1.691115192160682939e-12 -4.544168714848449544e-13 -7.307592532079349349e-13 3.396046108388147811e-12 -1.732187818417165893e-12 2.530895343882217619e-12
-5.713835403300160632e-13 -1.386614213797963000e-12 -6.136662353300351456e-13 1.156085268173142365e-12 2.109525361914884774e-12 8.138991784267904907e-13 -7.574857074363476263e-13 -2.308205010578829775e-13 1.786726351833738970e-12 -1.003253090315029876e-12 1.330009524984979112e-12
-4.977637819132910646e-13 -9.476109149409000872e-13 -7.326864476910013047e-13 5.982996881676335137e-13 1.491975510065454284e-12 2.264178783675470821e-13 -7.596810050282395188e-13 4.038633366436005508e-13 5.360611341896748774e-13 -6.112393273621725088e-13 3.874769225146830001e-14
-4.168071289683975493e-13 -5.758198712892294954e-13 -7.029808089199808518e-13 2.202974635152125686e-13 7.411736584708549907e-13 6.324215987003331178e-15 -5.161291930385250945e-13 8.176003910475828593e-13 -1.379347893569623756e-13 -1.538598082812919933e-13 -4.109708267729968038e-13
-3.344344394277070638e-13 -2.920760727852811214e-13 -5.616791514997989126e-13 2.611153777017619474e-14 8.880503516984236506e-14 -1.526583837131330577e-14 -1.115542319797899109e-13 3.706580216863054075e-13 -9.012162280169946827e-14 4.393891368096501925e-13 -4.719722690903259080e-13
-2.562644461477621348e-13 -9.595182494593343341e-14 -3.673515971752556650e-13 -1.517697284583559269e-14 -2.502952288903754439e-13 1.777986485617003304e-14 1.361290692307196321e-13 3.938178452918666933e-14 1.308709023069426010e-13 4.476641059895990906e-13 1.933927085959586292e-13
-1.871539770304037594e-13 2.479420446658598320e-14 -1.761645240610645710e-13 3.349837131063031309e-14 -2.601147062772456450e-13 -1.837286578291020242e-14 1.630502102120521444e-13 1.346168407455984851e-13 1.800272022504610934e-13 1.257524188175214469e-13 2.667607788005819041e-13
-1.300424626179013102e-13 8.092963225305647350e-14 -2.541186333026252947e-14 1.041282053941946227e-13 -1.203497293929127390e-13 -7.015771126096450516e-14 7.969445413665047958e-14 1.216994232548917734e-13 1.009902877716520113e-13 1.216625914120015559e-13 -6.642876420333654313e-14
-8.524180807507493402e-14 9.350475162695963896e-14 5.969293170121735273e-14 1.601329314872557571e-13 4.220123747587076978e-15 -1.430846859802432466e-13 -6.996492737031750113e-14 -4.481055088217486647e-14 -5.178213874139750612e-14 -3.068190865922945672e-15 7.420242335787636856e-14
-4.389008313602439836e-13 -8.991541101147291940e-13 -1.696614353031061046e-12 2.072756425191351858e-12 5.026304411416276088e-12 7.256992407061116562e-12 -1.451654546357716786e-11 1.641880481424468489e-11 -8.712654043907325300e-11 -1.075622580080216900e-11 1.085161862386388174e-11
-5.046158541879218908e-13 -1.372724408474964336e-12 -8.104204195177084606e-13 2.800643564651045728e-12 2.363126005894344816e-12 8.726294742900869698e-12 -1.665713375429384152e-11 1.738912842015802815e-11 -7.546155947356327120e-11 -1.217366615080330220e-11 1.316422110790763022e-11
-5.774606401156507256e-13 -1.900347836196644103e-12 1.815863131569325936e-13 3.554937796801195776e-12 -4.966573286875292633e-13 1.033851252330461254e-11 -1.865064105301384709e-11 1.771027409701457528e-11 -6.043651653346727749e-11 -1.276080805780603166e-11 1.497074443798902997e-11
-6.533924720921983417e-13 -2.440261495548654763e-12 1.160905606840828733e-12 4.285571038524409952e-12 -3.203891987982744634e-12 1.190521276110537783e-11 -2.023622519572723545e-11 1.732726591403386710e-11 -4.378390127769253145e-11 -1.301260690496761666e-11 1.494768360677786103e-11
-7.222124743240532109e-13 -2.925442792714621400e-12 1.968333819700667145e-12 4.894810119242653192e-12 -5.249925818844865496e-12 1.300323964923022245e-11 -2.080184578512389123e-11 1.629354787141077907e-11 -2.700462269617570173e-11 -1.315605404503529406e-11 1.334015620502356056e-11
-7.706342131258401130e-13 -3.270669313962509288e-12 2.418394098195800441e-12 5.220781138531914827e-12 -5.977860794837586187e-12 1.305650201488289843e-11 -1.936633975127955340e-11 1.420026629174304629e-11 -1.278926769005348834e-11 -1.333539420907826824e-11 1.044541961398766203e-11
-7.875497274832416922e-13 -3.393693071336654568e-12 2.352723321685234443e-12 5.083132586327229396e-12 -4.821794514117102530e-12 1.159026433714842402e-11 -1.495689592887511810e-11 9.923351704154471704e-12 -3.835248276337157710e-12 -1.146371043629466545e-11 8.478432604265377164e-12
-7.833879910445518313e-13 -3.336301252672438145e-12 1.917635646223157350e-12 4.623434962114476741e-12 -2.550993727688567159e-12 9.274318588712168160e-12 -9.319573551691611081e-12 4.498334627161869370e-12 1.505919624057107901e-12 -8.109263081298201934e-12 7.069904294978059732e-12
-7.675922905919804013e-13 -3.139284391742923227e-12 1.311162267158903083e-12 4.030317935669711996e-12 -2.367225824754232962e-13 6.898600496659983621e-12 -4.552479729360505871e-12 6.995675412380620139e-13 4.813606980980422523e-12 -5.432679667805780037e-12 5.696265943206559505e-12
-7.439897300209782263e-13 -2.829767303243134484e-12 6.899093846816168131e-13 3.368232498143262562e-12 1.489074511058311247e-12 4.808310630067204726e-12 -1.568185448556686360e-12 -5.599503151468336991e-13 5.544672539206463801e-12 -4.412622385138307665e-12 4.045619622495341198e-12
-7.107152072964104191e-13 -2.438587463519510366e-12 1.487270589555422672e-13 2.676715409224622163e-12 2.362796898364090211e-12 3.175200096655981917e-12 -4.326852825548722660e-13 -7.515735942614930206e-13 5.103140663760714920e-12 -3.276162170186355802e-12 2.522019122706132934e-12
-6.639388569104539816e-13 -1.986234444782058922e-12 -2.771057604940988235e-13 1.956111439447489572e-12 2.531800718148326258e-12 1.873774821368181489e-12 -3.900225574002440682e-13 -9.548658127817207889e-13 3.611200320674039254e-12 -1.570465620606016153e-12 2.661021270604494535e-12
-6.022413479486454340e-13 -1.503632579441536200e-12 -5.749215541090074992e-13 1.267414839829615572e-12 2.195979734820702572e-12 9.149249948613193320e-13 -6.924858764202565430e-13 -4.137153768690771820e-13 1.917649250778036455e-12 -8.613230651372339100e-13 1.471242277694163202e-12
-5.270810372565994844e-13 -1.039484926472087398e-12 -7.195848559103305051e-13 6.663554082414903097e-13 1.586457442825417079e-12 2.593512756694551114e-13 -7.380061333864968453e-13 3.103552016723807349e-13 5.729313043838753986e-13 -5.369465769152402690e-13 1.542625903891283650e-13
-4.435675468036566261e-13 -6.409450238757537738e-13 -7.090571452561782372e-13 2.493428016582146797e-13 8.175980541115101759e-13 1.662719770551675645e-15 -5.354992938244904682e-13 8.226887190610610763e-13 -1.960419028518116663e-13 -1.571759200062472182e-13 -3.727394036662360220e-13
-3.578011114921349357e-13 -3.331042983872935313e-13 -5.780450169436403972e-13 2.804439712765854884e-14 1.276399569151825850e-13 -2.676252752705620647e-14 -1.464387939749986200e-13 3.922948539274298299e-13 -1.439561530338062155e-13 4.335872565215868662e-13 -5.230825010208925976e-13
-2.757027957842367257e-13 -1.181079343035474103e-13 -3.854065116010324663e-13 -2.548241318588600367e-14 -2.437037269872480479e-13 2.101643932157578960e-14 1.154028673664771733e-13 3.807399128588640731e-14 7.940447490200362483e-14 4.214730594647805191e-13 1.652345839776515593e-13
-2.024826241676637331e-13 1.641994740006628738e-14 -1.894198791187535227e-13 2.118406916687275545e-14 -2.663128375095996929e-13 -4.183597770427290442e-15 1.540684639913486245e-13 1.201345841433653814e-13 1.418611307677293530e-13 7.500919133011847362e-14 2.803563954329166946e-13
-1.415130818126061882e-13 8.113557125253317368e-14 -3.084099896828558379e-14 9.572518246659153153e-14 -1.219149874856522573e-13 -5.440772011951958260e-14 8.295727175358293170e-14 1.156125850699335991e-13 1.043852466588957254e-13 7.961048912225722901e-14 -7.437580116656097462e-14
-9.330817484250927432e-14 9.816489074263832458e-14 6.117506258437574209e-14 1.574792175238446213e-13 1.040604016459475953e-14 -1.308978586866231153e-13 -6.973995600669084966e-14 -3.220847297920056480e-14 -6.163171967227826777e-14 7.128270399642143595e-15 5.057338076430408472e-14
-4.453731994547031219e-13 -8.822464172397294114e-13 -1.807658297446365032e-12 2.052691181653859914e-12 5.371593242878767769e-12 7.306095071039724712e-12 -1.464539228229062710e-11 1.626742083477780055e-11 -9.034427019049826479e-11 -1.030436741346508205e-11 1.055073442459798371e-11
-5.123674824817693993e-13 -1.364604017844939362e-12 -9.058867963875667180e-13 2.800995802267037384e-12 2.648213872608546428e-12 8.804439337428967900e-12 -1.688658636987260846e-11 1.737931924008758319e-11 -7.874997381725983808e-11 -1.187700741345718309e-11 1.305578516664662338e-11
-5.871134034276678852e-13 -1.906467113161018287e-12 1.156128299752848561e-13 3.582036263183668225e-12 -3.136273103305649196e-13 1.047205412990036451e-11 -1.901291368990468969e-11 1.782982363769316296e-11 -6.356890709205981488e-11 -1.256987484189745773e-11 1.515639214980118487e-11
-6.659555003403539735e-13 -2.467089101427199201e-12 1.138693835561686878e-12 4.347834470486916534e-12 -3.166761762101418030e-12 1.213183097030980088e-11 -2.078008125575311705e-11 1.755924985649172661e-11 -4.653704879363574751e-11 -1.287512414093345238e-11 1.543397904220479843e-11
-7.388604468725798500e-13 -2.979899873754523465e-12 2.003542798838820339e-12 5.003207313505523769e-12 -5.402494379371286874e-12 1.336842542012059041e-11 -2.158887493776981628e-11 1.664489153909535054e-11 -2.911297326141099447e-11 -1.306367499058143061e-11 1.399289534049106532e-11
-7.919632867397832219e-13 -3.357297192163131582e-12 2.517145640252510877e-12 5.385290642191134652e-12 -6.340248615290363112e-12 1.358064461466204173e-11 -2.042677696190503842e-11 1.473496832121646135e-11 -1.406759970591420909e-11 -1.343155637804494241e-11 1.100908356171025559e-11
-8.119144166102125449e-13 -3.504436394468374553e-12 2.491585194312508000e-12 5.282634520874659510e-12 -5.287228668959172609e-12 1.218117405699538506e-11 -1.607971040305799482e-11 1.049780865671065065e-11 -4.469177887626751029e-12 -1.170247388481849789e-11 8.898892707860544086e-12
-8.088404605078714859e-13 -3.459754955394103446e-12 2.063383215384885560e-12 4.824481333380269794e-12 -2.963490098335949679e-12 9.812363483909759067e-12 -1.020790730984742841e-11 4.807809557868194121e-12 1.230399480698254165e-12 -8.202212026612651210e-12 7.415027523390519730e-12
-7.932841165687012816e-13 -3.268816986326339033e-12 1.443265555069475767e-12 4.219408307116971032e-12 -5.174827404606087575e-13 7.331731615773877087e-12 -5.089723806833840699e-12 6.844340962133102228e-13 4.805508035570168513e-12 -5.317759890338349595e-12 5.968416916246773516e-12
-7.697262603339036264e-13 -2.958481466903876631e-12 7.970809433911401433e-13 3.538474964263380645e-12 1.350786117200543819e-12 5.129164113867971222e-12 -1.794140672090907217e-12 -7.518500233401762593e-13 5.665555206133067240e-12 -4.227774905450946833e-12 4.247589860658285597e-12
-7.366493937816237548e-13 -2.561604024727306069e-12 2.286662552332144184e-13 2.826391535195905079e-12 2.334943199414304805e-12 3.402845062206228262e-12 -4.585568214897488086e-13 -9.417498900574142893e-13 5.297942885308809858e-12 -3.147115233474495762e-12 2.641770844304636559e-12
-6.899425195886281848e-13 -2.099087874839927304e-12 -2.212269430893536651e-13 2.079963374522612464e-12 2.569522033323002162e-12 2.024911461188244765e-12 -3.367412734387174610e-13 -1.140296562315711927e-12 3.789223698615719706e-12 -1.436653077684731708e-12 2.768690355181438950e-12
-6.277737840235168247e-13 -1.600456177056458286e-12 -5.428633427476210623e-13 1.359531403051033439e-12 2.267514003433326410e-12 9.985160028122424099e-13 -6.387035720713762688e-13 -5.650466632526800257e-13 2.025977768063905725e-12 -7.438870063700578770e-13 1.588101395557781080e-12
-5.513387861370416792e-13 -1.115503526564538678e-12 -7.087443068570283192e-13 7.226662246361634476e-13 1.664633893541222494e-12 2.866011020360389795e-13 -7.200718619315789366e-13 2.329844905995059847e-13 6.034385005419718716e-13 -4.754751020614037670e-13 2.498421853436178167e-13
-4.657097114978345163e-13 -6.948310234403102269e-13 -7.140848403074635079e-13 2.733755606985311405e-13 8.808332975419234351e-13 -2.194305198371548941e-15 -5.515265446241709717e-13 8.268989137199374369e-13 -2.441210200387143821e-13 -1.599197432607435114e-13 -3.411058751915323373e-13
-3.771352154976666027e-13 -3.670519648165491514e-13 -5.915864972409334179e-13 2.964368829173244959e-14 1.597728344034588755e-13 -3.627514374236512305e-14 -1.753030548311065026e-13 4.101976496683726351e-13 -1.885000402863037722e-13 4.287866520937489928e-13 -5.653722426860002902e-13
-2.917865184847949313e-13 -1.364403920757106311e-13 -4.003455487322916007e-13 -3.400936354618052586e-14 -2.382497718213836503e-13 2.369445247533889330e-14 9.825354732474122735e-14 3.699189379546035968e-14 3.682000883614022304e-14 3.998020061085852043e-13 1.419359262682782278e-13
-2.151658876579613359e-13 9.490900710239365178e-15 -2.003876542824188413e-13 1.099494172888397720e-14 -2.714413090907173006e-13 7.556917611998427024e-15 1.466367672993662783e-13 1.081516431247228844e-13 1.102816748624946585e-13 3.302311719781093128e-14 2.916057110999687478e-13
-1.510041272084861510e-13 8.130596963287225298e-14 -3.533318632144530049e-14 8.877233430529769581e-14 -1.232101167827903783e-13 -4.137582738142752875e-14 8.565699942804371669e-14 1.105761995355665703e-13 1.071943109211083642e-13 4.481564587879248112e-14 -8.095135674506794877e-14
-9.998246609012777938e-14 1.020207933935242656e-13 6.240141072083803800e-14 1.552834754095890597e-13 1.552440501860561446e-14 -1.208142067779566309e-13 -6.955380955238272729e-14 -2.178123382208500516e-14 -6.978148142806697544e-14 1.556504963956016432e-14 3.102218529522073765e-14
-4.508889111211769976e-13 -8.678377869525475973e-13 -1.902289253395260099e-12 2.035591706400485266e-12 5.665846228687231471e-12 7.347940054575917022e-12 -1.475519473643580767e-11 1.613841235268294884e-11 -9.308639938938709919e-11 -9.919296517736682102e-12 1.029432278868620820e-11
-5.189733717005784733e-13 -1.357683871650895083e-12 -9.872426465625007724e-13 2.801295976939205279e-12 2.891163972222304727e-12 8.871033672807778028e-12 -1.708212445580779428e-11 1.737095991788239324e-11 -8.155233998417952357e-11 -1.162419668996299550e-11 1.296337673464816335e-11
-5.953394280358638561e-13 -1.911681922759276459e-12 5.939063961021569655e-14 3.605129406975058005e-12 -1.576502717021869755e-13 1.058585745298741492e-11 -1.932164016851419814e-11 1.793170300952581894e-11 -6.623831076376225413e-11 -1.240716274759328669e-11 1.531459997024715932e-11
-6.766616345518847797e-13 -2.489951419598179730e-12 1.119765102780085157e-12 4.400894978334723998e-12 -3.135119615460319320e-12 1.232495359286079716e-11 -2.124355199356445833e-11 1.775694512336416491e-11 -4.888326391297821550e-11 -1.275796218787451404e-11 1.584839697520657066e-11
-7.530477451059177693e-13 -3.026307858107831127e-12 2.033547670963998206e-12 5.095582725475483390e-12 -5.532512353815128605e-12 1.367963445338173617e-11 -2.225957626648531400e-11 1.694430441843552792e-11 -3.090969644627744554e-11 -1.298495013722094771e-11 1.454915555529637570e-11
-8.101397900672020828e-13 -3.431120928947780617e-12 2.601301087670298287e-12 5.525484613805538834e-12 -6.649073252719573478e-12 1.402731566481914945e-11 -2.133047493022029898e-11 1.519063805140240685e-11 -1.515698626656352868e-11 -1.351350517783343800e-11 1.148943445779991129e-11
-8.326778525203001900e-13 -3.598811162821505833e-12 2.609922414954490073e-12 5.452648823565232128e-12 -5.683868749042148861e-12 1.268474362992398243e-11 -1.703656588586720729e-11 1.098735728412628470e-11 -5.009408743439018500e-12 -1.190594660450338636e-11 9.257206182288966223e-12
-8.305308960274561324e-13 -3.564961429858031538e-12 2.187588383616229756e-12 4.995811795401124316e-12 -3.315016929343608182e-12 1.027088198343385909e-11 -1.096493979083459184e-11 5.071542161116256539e-12 9.956029351368086017e-13 -8.281422537270921374e-12 7.709139383274958185e-12
-8.151785302143551574e-13 -3.379203854473911539e-12 1.555843152032035579e-12 4.380549940762573924e-12 -7.567447937485370911e-13 7.700843250524125940e-12 -5.547559854535158826e-12 6.715374688691917957e-13 4.798606164829484486e-12 -5.219825973596841251e-12 6.200342275853466936e-12
-7.916587707358938185e-13 -3.068170873332882848e-12 8.884118764321561171e-13 3.683554530699922854e-12 1.232937611552077504e-12 5.402593448995408409e-12 -1.986698302485270849e-12 -9.153857562432698416e-13 5.768570659928905264e-12 -4.070249037596367954e-12 4.419707636293549610e-12
-7.587503455395548385e-13 -2.666437969930688379e-12 2.967899390802984749e-13 2.953944595000057979e-12 2.311206451095375119e-12 3.596842680180444545e-12 -4.806043853988858166e-13 -1.103816941678000907e-12 5.463952121928445713e-12 -3.037142239883864854e-12 2.743822513581836072e-12
-7.121026785247217994e-13 -2.195260863149827284e-12 -1.736073638573654911e-13 2.185509220122901104e-12 2.601667902524066272e-12 2.153709161779997478e-12 -2.913352959847807020e-13 -1.298319489048052938e-12 3.940934109511486719e-12 -1.322618864247883346e-12 2.860445276652240861e-12
-6.495323665916029675e-13 -1.682968642268708215e-12 -5.155435352238088441e-13 1.438032562950517325e-12 2.328475060395661576e-12 1.069751737755013718e-12 -5.928706281694701832e-13 -6.940102404426839463e-13 2.118294653969042510e-12 -6.438087304716752824e-13 1.687688005999802615e-12
-5.720110882390812576e-13 -1.180286102819090075e-12 -6.995060586468371702e-13 7.706539507015414611e-13 1.731255376616687341e-12 3.098232338886346985e-13 -7.047883877906412446e-13 1.670496538012292200e-13 6.294365425864461853e-13 -4.230894950726422389e-13 3.312945192718701653e-13
-4.845791259688493691e-13 -7.407523357462449115e-13 -7.183694106262534135e-13 2.938561278662070825e-13 9.347219770828945094e-13 -5.481237789807766730e-15 -5.651848676611235587e-13 8.304868153078273360e-13 -2.850937434492406232e-13 -1.622580123014544599e-13 -3.141479797781237090e-13
-3.936116181868554000e-13 -3.959819541418870559e-13 -6.031264621789758223e-13 3.100659423394437517e-14 1.871562719283860680e-13 -4.438173587463860387e-14 -1.999009976743543773e-13 4.254543003928425101e-13 -2.264600628252214888e-13 4.246956069781190557e-13 -6.014112964313617930e-13
-3.054929665251803005e-13 -1.520631981021279549e-13 -4.130765028781446409e-13 -4.127597739227918512e-14 -2.336019452869173760e-13 2.597663856059949905e-14 8.363900388149491682e-14 3.606973707094260319e-14 5.297927935790116045e-16 3.813340697711406609e-13 1.220809556657290397e-13
-2.259744855958184774e-13 3.586010392859328110e-15 -2.097343237816401813e-13 2.311830957051727980e-15 -2.758117605426313899e-13 1.756211150155698881e-14 1.403035217880331277e-13 9.793985562120021193e-14 8.336985975214230389e-14 -2.757152976136905253e-15 3.011923076560530764e-13
-1.590923368221686726e-13 8.145118206777351225e-14 -3.916140032987586409e-14 8.284716052190279099e-14 -1.243138178806909441e-13 -3.027012977359605115e-14 8.795769049173523126e-14 1.062842232343090118e-13 1.095881779421856367e-13 1.516369775936440083e-14 -8.655500414483174718e-14
-1.056702554096729784e-13 1.053067695517027886e-13 6.344649694368105216e-14 1.534122776908736648e-13 1.988624358297598923e-14 -1.122209815925885197e-13 -6.939517670594459100e-14 -1.289520573016439302e-14 -7.672665750063174891e-14 2.275482021986138846e-14 1.436077861383189981e-14
-4.556920782024426019e-13 -8.552905287383893468e-13 -1.984695354274611272e-12 2.020701218765406400e-12 5.922086282361425737e-12 7.384379313899221739e-12 -1.485081241291142298e-11 1.602606977032314229e-11 -9.547428793140891815e-11 -9.583970822896143334e-12 1.007103556837709415e-11
-5.247258822659108479e-13 -1.351657701275556331e-12 -1.058088579889065928e-12 2.801557373730327569e-12 3.102728678654885511e-12 8.929025050721735624e-12 -1.725240204722469661e-11 1.736368049107632109e-11 -8.399268380994886684e-11 -1.140404520000337952e-11 1.288290604245367391e-11
-6.025027775708957150e-13 -1.916223059684434148e-12 1.043148620444936179e-14 3.625239274006660689e-12 -2.182305273098958162e-14 1.068495914798846685e-11 -1.959048396391007295e-11 1.802042114335243604e-11 -6.856286879107033524e-11 -1.226547053812921923e-11 1.545236978885055875e-11
-6.859847019103312743e-13 -2.509860280091664749e-12 1.103281669368988657e-12 4.447100889742508058e-12 -3.107565144544998197e-12 1.249312776132886656e-11 -2.164714948455388842e-11 1.792910122135273158e-11 -5.092638434720719978e-11 -1.265593574628074824e-11 1.620927852458517956e-11
-7.654022639665340176e-13 -3.066720649089451107e-12 2.059676377964747281e-12 5.176024663800293851e-12 -5.645734018068813649e-12 1.395064009569225388e-11 -2.284363336293942556e-11 1.720503778742451159e-11 -3.247431080035020037e-11 -1.291639531684320742e-11 1.503355555863450005e-11
-8.259681704574370152e-13 -3.495407781410079318e-12 2.674584953622892886e-12 5.647567693865489861e-12 -6.918002526141853416e-12 1.441628372772125758e-11 -2.211742910603312185e-11 1.558744230415122992e-11 -1.610564094202633974e-11 -1.358486746102225779e-11 1.190773145165757768e-11
-8.507589738365326191e-13 -3.680994171602811266e-12 2.712972297992502139e-12 5.600699909394135624e-12 -6.029269068854916111e-12 1.312325980694032832e-11 -1.786981044785246548e-11 1.141366380477916304e-11 -5.479850132813376806e-12 -1.208313379769146473e-11 9.569231100876258352e-12
-8.494192629488973555e-13 -3.656576855940373289e-12 2.295748166215054263e-12 5.145009013135557782e-12 -3.621131933700643778e-12 1.067016698852807911e-11 -1.162417539049190866e-11 5.301204593350146724e-12 7.911384697934777647e-13 -8.350400275848444768e-12 7.965256542373893521e-12
-8.342445244443168610e-13 -3.475330447539648761e-12 1.653877465624440268e-12 4.520874569067055252e-12 -9.650978923349674032e-13 8.022271374168809795e-12 -5.946250569952624642e-12 6.603068862098733599e-13 4.792595909050620554e-12 -5.134543603451545309e-12 6.402306468115271147e-12
-8.107579402104670929e-13 -3.163690105936304358e-12 9.679442662804842434e-13 3.809892062308478219e-12 1.130313309150033984e-12 5.640699945414234638e-12 -2.154380466885094271e-12 -1.057795203182138625e-12 5.858278111348262145e-12 -3.933073074211471986e-12 4.569590458891098213e-12
-7.779961963530215106e-13 -2.757728991754825649e-12 3.561130971904180481e-13 3.065019773400313951e-12 2.290536123367864242e-12 3.765778808071672693e-12 -4.998037452433677563e-13 -1.244947438227965787e-12 5.608515534245043750e-12 -2.941376055277362503e-12 2.832690686467189590e-12
-7.314000878644755926e-13 -2.279009789676160607e-12 -1.321394973532819671e-13 2.277420175822233991e-12 2.629661022919162254e-12 2.265868192627105029e-12 -2.517950681664017406e-13 -1.435928299063470947e-12 4.073045883088377147e-12 -1.223316106526394299e-12 2.940346882202614903e-12
-6.684800770147920887e-13 -1.754821773877961007e-12 -4.917530240665629580e-13 1.506392587814984849e-12 2.381560892203062105e-12 1.131784918129722646e-12 -5.529585913653211884e-13 -8.063137191770390094e-13 2.198685626848724530e-12 -5.566590191175392188e-13 1.774409567501968090e-12
-5.900128488211411635e-13 -1.236699772747117705e-12 -6.914612491541086455e-13 8.124424051790814063e-13 1.789270395069480843e-12 3.300454256720864961e-13 -6.914793020078753158e-13 1.096325775792846124e-13 6.520760399265401016e-13 -3.774712978482513964e-13 4.022244721303299485e-13
-5.010109041008999713e-13 -7.807413251439262165e-13 -7.221004807740178370e-13 3.116909226962425571e-13 9.816490731664669646e-13 -8.343549555713469215e-15 -5.770787467320742411e-13 8.336112155464622848e-13 -3.207734250518969132e-13 -1.642942131677564260e-13 -2.906726272790031135e-13
-4.079595246261757442e-13 -4.211746365428419320e-13 -6.131756422364749862e-13 3.219343381981696839e-14 2.110021930856085358e-13 -5.144108175335421977e-14 -2.213212669575178994e-13 4.387400279459919082e-13 -2.595162378851452572e-13 4.211330615867869943e-13 -6.327946621444442475e-13
-3.174287535900707163e-13 -1.656677793545659079e-13 -4.241628147655216214e-13 -4.760385718068980220e-14 -2.295545460191402579e-13 2.796400152077743557e-14 7.091243329269763276e-14 3.526670872574160433e-14 -3.107228892546590843e-14 3.652519050239549292e-13 1.047909400129570297e-13
-2.353867799461230658e-13 -1.556059473439527799e-15 -2.178735482240452838e-13 -5.249556273868320587e-15 -2.796176173035662655e-13 2.627478917088283206e-14 1.347884335921076584e-13 8.904727303753087339e-14 5.993463469615497062e-14 -3.391516594259335023e-14 3.095404642938761873e-13
-1.661356749208786541e-13 8.157763530444247107e-14 -4.249506833048048412e-14 7.768742750067741767e-14 -1.252749378783335281e-13 -2.059911643685295616e-14 8.996116787444833813e-14 1.025467038545757413e-13 1.116727943908230430e-13 -1.065767752552394693e-14 -9.143474701766833101e-14
-1.106232703690377816e-13 1.081682484421656957e-13 6.435657420014175009e-14 1.517828097629529747e-13 2.368460010442640101e-14 -1.047378681229376825e-13 -6.925703676942826040e-14 -5.157114956841715485e-15 -8.277462430227505043e-14 2.901578370311408605e-14 -1.482321598371586237e-16
-4.600472934576595046e-13 -8.439134498914804651e-13 -2.059416117095258814e-12 2.007199444173888111e-12 6.154428937490251398e-12 7.417420183591490241e-12 -1.493751261624990590e-11 1.592420445457992183e-11 -9.763947778293146474e-11 -9.279918192251093670e-12 9.868572507109239776e-12
-5.299419035593946759e-13 -1.346193542127265678e-12 -1.122327296750927835e-12 2.801794392136769838e-12 3.294562488117083877e-12 8.981608050471092506e-12 -1.740679925038975401e-11 1.735707995603299794e-11 -8.620543687342934768e-11 -1.120442542509826519e-11 1.280994018826538637e-11
-6.089980605067508169e-13 -1.920340682145732059e-12 -3.396165037957353301e-14 3.643473659364911684e-12 1.013366807257180851e-13 1.077481844424780524e-11 -1.983425491330824536e-11 1.810086526749823793e-11 -7.067063444367579981e-11 -1.213699279319885513e-11 1.557729095128901669e-11
-6.944382835821615563e-13 -2.527912405159051619e-12 1.088335509947111835e-12 4.488997556428244457e-12 -3.082580452023083683e-12 1.264561771056311245e-11 -2.201310676267999240e-11 1.808520173822909056e-11 -5.277895977249423948e-11 -1.256342446993152184e-11 1.653650362520025095e-11
-7.766045786359515042e-13 -3.103364471985575300e-12 2.083368275716009690e-12 5.248964445255779536e-12 -5.748396430503260462e-12 1.419637127449213529e-11 -2.337322026606014637e-11 1.744145470310767520e-11 -3.389300646511993179e-11 -1.285423403936497861e-11 1.547277956476240116e-11
-8.403203682143865268e-13 -3.553699128782246590e-12 2.741034237188588014e-12 5.758265090873002877e-12 -7.161850982022374832e-12 1.476897594412674909e-11 -2.283099054978205907e-11 1.594723989351164713e-11 -1.696582241234231938e-11 -1.364957437175516924e-11 1.228701733138788123e-11
-8.671538179350419896e-13 -3.755512648251675757e-12 2.806411567496956931e-12 5.734943490246178434e-12 -6.342456746757282119e-12 1.352087919315239611e-11 -1.862534515497061638e-11 1.180021222870983187e-11 -5.906417330048858690e-12 -1.224379620113389844e-11 9.852156026097250260e-12
-8.665460675066419514e-13 -3.739648066050830114e-12 2.393820777062086582e-12 5.280291835624283305e-12 -3.898698113864661470e-12 1.103221397101755891e-11 -1.222192951752382604e-11 5.509448302802345283e-12 6.057427203657895429e-13 -8.412945028956349505e-12 8.197487764214666207e-12
-8.515323904754557764e-13 -3.562492105264266377e-12 1.742768926540883031e-12 4.648112275446382457e-12 -1.154019614194538800e-12 8.313722545068320207e-12 -6.307758687368001910e-12 6.501236874467290119e-13 4.787146180196025558e-12 -5.057214817160443782e-12 6.585435124188013854e-12
-8.280758875050207303e-13 -3.250301046711117156e-12 1.040059325442066370e-12 3.924447133264550787e-12 1.037259929798784040e-12 5.856600210753106453e-12 -2.306424297440689694e-12 -1.186923294414760830e-12 5.939619287818696859e-12 -3.808690382541082744e-12 4.705494945549468215e-12
-7.954471452273335430e-13 -2.840506052138647728e-12 4.099036731500839695e-13 3.165735885088299436e-12 2.271793546737472018e-12 3.918959655242879834e-12 -5.172125389843522086e-13 -1.372915856233953788e-12 5.739596708154744734e-12 -2.854541193544910255e-12 2.913270857082081148e-12
-7.488977868271647111e-13 -2.354948143855174436e-12 -9.453899706605397835e-14 2.360759353967203210e-12 2.655043455577149701e-12 2.367567074792230755e-12 -2.159424315854355231e-13 -1.560703469216276811e-12 4.192836680034989252e-12 -1.133274498758524937e-12 3.012796723325751275e-12
-6.856606905987563252e-13 -1.819973755923469561e-12 -4.701812578440074741e-13 1.568377236404488387e-12 2.429695845845860255e-12 1.188032774890735948e-12 -5.167688213525596668e-13 -9.081435777966394389e-13 2.271579196045915762e-12 -4.776370432292710053e-13 1.853043323498263947e-12
-6.063357335128635149e-13 -1.287852204494691107e-12 -6.841667127398038423e-13 8.503335948207065705e-13 1.841874830747841863e-12 3.483816602488892808e-13 -6.794114449762117073e-13 5.757031894680527944e-14 6.726041378825552279e-13 -3.361075339836873368e-13 4.665393727322455684e-13
-5.159102256712195032e-13 -8.170008709870773005e-13 -7.254835847370035021e-13 3.278624131618697563e-13 1.024199665649492833e-12 -1.093891708794658836e-14 -5.878633816935240201e-13 8.364442287006693755e-13 -3.531255567403013524e-13 -1.661405143528272742e-13 -2.693866274757848411e-13
-4.209693200477542250e-13 -4.440178050311907225e-13 -6.222876180605584957e-13 3.326958665619733872e-14 2.326242016588928193e-13 -5.784206060875375370e-14 -2.407438442198670016e-13 4.507867051536081536e-13 -2.894895358701553571e-13 4.179027654417018427e-13 -6.612511599178855400e-13
-3.282513881377135736e-13 -1.780035734097799244e-13 -4.342151976836025174e-13 -5.334158776100336272e-14 -2.258846143261218459e-13 2.976601951270142670e-14 5.937276507627488944e-14 3.453857221710229170e-14 -5.972710487884995960e-14 3.506695912585199053e-13 8.911342164980007039e-14
-2.439212671532271962e-13 -6.218570853181639559e-15 -2.252536942640310667e-13 -1.210575522237485529e-14 -2.830685331581426350e-13 3.417490718454897382e-14 1.297876922257440534e-13 8.098402835566752517e-14 3.868501997650008373e-14 -6.216732777524734654e-14 3.171100571438305803e-13
-1.725221389076153062e-13 8.169229528792481488e-14 -4.551783258468747485e-14 7.300890026121886140e-14 -1.261464221305518079e-13 -1.183003882584870257e-14 9.177779742806493226e-14 9.915775210855409336e-14 1.135629958373912823e-13 -3.407090590194146679e-14 -9.585939647995308748e-14
-1.151143584328762380e-13 1.107628607723496952e-13 6.518177604840622350e-14 1.503053088788183663e-13 2.712871521050064865e-14 -9.795264298459831669e-14 -6.913178000507660330e-14 1.859307850907531052e-15 -8.825854707283305086e-14 3.469283871085524212e-14 -1.330410705018177533e-14
-4.641648360854949789e-13 -8.331572406245366078e-13 -2.130059221237372963e-12 1.994434488039754515e-12 6.374092197900937120e-12 7.448657948509926131e-12 -1.501948141996847738e-11 1.582789812996805904e-11 -9.968650897663410066e-11 -8.992458311379905029e-12 9.677158253165785130e-12
-5.348732763527543254e-13 -1.341027572942887044e-12 -1.183060380721721412e-12 2.802018476122627614e-12 3.475927549987969846e-12 9.031321493094447840e-12 -1.755277069580171603e-11 1.735083962600014799e-11 -8.829743566062842365e-11 -1.101569929387929160e-11 1.274095622450161208e-11
-6.151388831261572084e-13 -1.924233597957566091e-12 -7.593216631155473214e-14 3.660712958683039841e-12 2.177753456429650877e-13 1.085977394276732875e-11 -2.006472280422564787e-11 1.817691939867901287e-11 -7.266337518837711171e-11 -1.201552633176831741e-11 1.569539492141821893e-11
-7.024305367335881567e-13 -2.544979390432263563e-12 1.074204991854243866e-12 4.528607839949369026e-12 -3.058959223399617238e-12 1.278978598440420696e-11 -2.235909303447890491e-11 1.823278354422316832e-11 -5.453043652084621284e-11 -1.247596171622698490e-11 1.684587141011596975e-11
-7.871955610307325349e-13 -3.138008569650832460e-12 2.105767260178781616e-12 5.317923759841827408e-12 -5.845456353747219787e-12 1.442869242094840895e-11 -2.387390657290998727e-11 1.766496988423974389e-11 -3.523428112273313681e-11 -1.279546502553871648e-11 1.588803425495202067e-11
-8.538893383932607829e-13 -3.608809403018699422e-12 2.803857252977246135e-12 5.862921513797952089e-12 -7.392392149092380311e-12 1.510242105431338983e-11 -2.350561154521555475e-11 1.628740262255640684e-11 -1.777906209122195972e-11 -1.371075010001942620e-11 1.264560483635935441e-11
-8.826539632341259699e-13 -3.825964505459269823e-12 2.894751672685535436e-12 5.861861135516450856e-12 -6.638553158274861223e-12 1.389679970919067549e-11 -1.933964885014357767e-11 1.216566594653117840e-11 -6.309705917836673502e-12 -1.239569094224864821e-11 1.011964118295617710e-11
-8.827382287450465092e-13 -3.818185917256359178e-12 2.486541373035466655e-12 5.408192009051220838e-12 -4.161116962618474850e-12 1.137450333914574768e-11 -1.278706302843479840e-11 5.706327744297260442e-12 4.304643811464650685e-13 -8.472076592425306031e-12 8.417045672568327998e-12
-8.678768237455748642e-13 -3.644897180314935464e-12 1.826809405934917119e-12 4.768406370519582879e-12 -1.332631506698221637e-12 8.589268653562762865e-12 -6.649538597111198087e-12 6.404962058667336364e-13 4.781993853997572559e-12 -4.984106014854452458e-12 6.758570090171005778e-12
-8.444487604437564206e-13 -3.332185458501955358e-12 1.108238924239701380e-12 4.032750709202636505e-12 9.492846561729128981e-13 6.060718374866041088e-12 -2.450170797657372712e-12 -1.309004612153838255e-12 6.016521516828109019e-12 -3.691095498835934453e-12 4.833982857665083279e-12
-8.119457615867631860e-13 -2.918765805900950274e-12 4.607587917528049833e-13 3.260955720908147361e-12 2.254073789438507128e-12 4.063781122924214608e-12 -5.336713006849637388e-13 -1.493900786402358162e-12 5.863524525245391759e-12 -2.772445080910542680e-12 2.989453609658901991e-12
-7.654406020285093554e-13 -2.426742393017561240e-12 -5.899042993340541746e-14 2.439550549596469909e-12 2.679040719165329560e-12 2.463716049334367669e-12 -1.820463438097764730e-13 -1.678669413345897613e-12 4.306090258133145961e-12 -1.048146638424433313e-12 3.081292834477092395e-12
-7.019037243901075747e-13 -1.881570266437940101e-12 -4.497867052956616858e-13 1.626979261057865914e-12 2.475203980650290694e-12 1.241211075694222975e-12 -4.825539981936378603e-13 -1.004416381078025199e-12 2.340494820124085141e-12 -4.029274517954522901e-13 1.927385881081998906e-12
-6.217678463582842974e-13 -1.336213147640229831e-12 -6.772702535386060034e-13 8.861569878659216104e-13 1.891608539145499950e-12 3.657172505086253600e-13 -6.680021546384597239e-13 8.349200022914059344e-15 6.920119772476249407e-13 -2.970010719723618031e-13 5.273444829117435643e-13
-5.299964620262066982e-13 -8.512816622388401723e-13 -7.286820661083510174e-13 3.431513936475387104e-13 1.064428188780486799e-12 -1.339265031708204882e-14 -5.980594779728166194e-13 8.391226388059824484e-13 -3.837121690787035492e-13 -1.678860592652383245e-13 -2.492622464962164327e-13
-4.332691454023200733e-13 -4.656143769722066612e-13 -6.309023354986118743e-13 3.428701172034089507e-14 2.530662547692887552e-13 -6.389372547909345152e-14 -2.591064933060512858e-13 4.621759715480379330e-13 -3.178271321299790399e-13 4.148487529220787537e-13 -6.881547307502353422e-13
-3.384834102782953519e-13 -1.896661789641947785e-13 -4.437190023441551147e-13 -5.876619911702690438e-14 -2.224149580248819724e-13 3.146969784495145405e-14 4.846283922175547995e-14 3.385017154890991856e-14 -8.681817124899978964e-14 3.368830630139631253e-13 7.429145626023560230e-14
-2.519900106434683679e-13 -1.062663982984226912e-14 -2.322310912508908094e-13 -1.858779792896710024e-14 -2.863311257708224668e-13 4.164390024374585676e-14 1.250598511439172158e-13 7.336081077698603232e-14 1.859503846979893158e-14 -8.887771365196339481e-14 3.242665624603755802e-13
-1.785600810198819735e-13 8.180069805498653623e-14 -4.837563865895957841e-14 6.858568944571497000e-14 -1.269703477818008981e-13 -3.539507003558238315e-15 9.349528994356475983e-14 9.595374212053377395e-14 1.153500452843334845e-13 -5.620642842296888471e-14 -1.000425841347211960e-13
-1.193603590061021994e-13 1.132158800172598281e-13 6.596194501432857979e-14 1.489084381273128954e-13 3.038487819219421932e-14 -9.153770091345805643e-14 -6.901335875178925363e-14 8.492830685489410359e-15 -9.344320141155362059e-14 4.006008567887475510e-14 -2.574204001006329474e-14
-4.683344522225642588e-13 -8.222650001850820969e-13 -2.201595731070890749e-12 1.981508096527558614e-12 6.596533484708323955e-12 7.480290769183143420e-12 -1.510248686177270347e-11 1.573037384201977297e-11 -1.017594284598182758e-10 -8.701362996096519854e-12 9.483323230086368189e-12
-5.398670149590292296e-13 -1.335796270932052867e-12 -1.244561540880500946e-12 2.802245393846572192e-12 3.659586290632983766e-12 9.081663648685025149e-12 -1.770058820470820984e-11 1.734452037478468213e-11 -9.041589143203964829e-11 -1.082458638953423055e-11 1.267109983686026496e-11
-6.213573671651761550e-13 -1.928175746377274801e-12 -1.184334729581726821e-13 3.678170278893367108e-12 3.356865814972359264e-13 1.094580385167057311e-11 -2.029810536406127592e-11 1.825393536637566249e-11 -7.468131762667148780e-11 -1.189252371330080092e-11 1.581499252192281753e-11
-7.105238658819229805e-13 -2.562262217462953312e-12 1.059895768523822182e-12 4.568719064597927346e-12 -3.035039262729330916e-12 1.293577751779833357e-11 -2.270945490739744101e-11 1.838223177947946931e-11 -5.630406375806826522e-11 -1.238739284189287170e-11 1.715915169171113349e-11
-7.979204849015892907e-13 -3.173090802418883532e-12 2.128449518903137675e-12 5.387755185427552799e-12 -5.943743769389245652e-12 1.466395167439049238e-11 -2.438092493379842361e-11 1.789131180528403971e-11 -3.659251854625339006e-11 -1.273595277367325890e-11 1.630854056719888693e-11
-8.676299119174661918e-13 -3.664616642990928170e-12 2.867474775690356567e-12 5.968901500172483111e-12 -7.625848912684229887e-12 1.544008316116535013e-11 -2.418876430364200200e-11 1.663186730424527220e-11 -1.860258660962989074e-11 -1.377269950157343867e-11 1.300872730774277010e-11
-8.983501349699265132e-13 -3.897307349587639727e-12 2.984208993101462418e-12 5.990383876401339663e-12 -6.938394227309313281e-12 1.427747439791282850e-11 -2.006298616587714350e-11 1.253574146616493326e-11 -6.718094796052163444e-12 -1.254950665772743000e-11 1.039050915768380413e-11
-8.991351681743536639e-13 -3.897717016946434226e-12 2.580434583246815777e-12 5.537709703914526899e-12 -4.426854557265806336e-12 1.172112155533678567e-11 -1.335934364199026673e-11 5.905697070929648271e-12 2.529693401414733546e-13 -8.531955977567436978e-12 8.639380274826657644e-12
-8.844279609542982521e-13 -3.728344411684489548e-12 1.911912724328659363e-12 4.890221794884961435e-12 -1.513502259475318020e-12 8.868299524842728060e-12 -6.995640912254951367e-12 6.307469678710445457e-13 4.776776367264030505e-12 -4.910072623281937587e-12 6.933894650700831915e-12
-8.610286969921906240e-13 -3.415105441934232301e-12 1.177280773458820803e-12 4.142423973358583572e-12 8.601967809844136006e-13 6.267417970419785038e-12 -2.595735224087323399e-12 -1.432629861989497939e-12 6.094396308858866714e-12 -3.572013421507437670e-12 4.964095724257641527e-12
-8.286530318040656491e-13 -2.998015291181260979e-12 5.122570624123293573e-13 3.357379778179214006e-12 2.236129934600306699e-12 4.210434111554281149e-12 -5.503382122308616958e-13 -1.616415782910078062e-12 5.989019626329698132e-12 -2.689310718876352837e-12 3.066599826434671848e-12
-7.821926300627881438e-13 -2.499444606097121972e-12 -2.299228887282379835e-14 2.519338197790950578e-12 2.703341470015145999e-12 2.561080995970551205e-12 -1.477215805943870465e-13 -1.798127243436033821e-12 4.420776125876260388e-12 -9.619421870545893816e-13 3.150655198754670583e-12
-7.183521797575926110e-13 -1.943945772632878482e-12 -4.291342278611560694e-13 1.686322410888515455e-12 2.521287645390755261e-12 1.295061909209537552e-12 -4.479064686068309475e-13 -1.101906722587803024e-12 2.410282002865669942e-12 -3.272730266323217967e-13 2.002668630436626806e-12
-6.373951252690945187e-13 -1.385185699562065239e-12 -6.702865764786091813e-13 9.224334304281436559e-13 1.941971217302811724e-12 3.832720796593114685e-13 -6.564485737850422056e-13 -4.149440620145168433e-14 7.116652627028316407e-13 -2.574000401988666458e-13 5.889185802239993456e-13
-5.442608434863782129e-13 -8.859959941072579846e-13 -7.319209978304064769e-13 3.586337300586156520e-13 1.105165472005125988e-12 -1.587741530184690877e-14 -6.083845217145324782e-13 8.418349220404458891e-13 -4.146856026997593005e-13 -1.696536796425236372e-13 -2.288833574376765146e-13
-4.457245235713783331e-13 -4.874840753768912232e-13 -6.396260010902567479e-13 3.531730390487874882e-14 2.737668334444610837e-13 -7.002192425172280922e-14 -2.777013702490113652e-13 4.737092751414757471e-13 -3.465231069275408908e-13 4.117561170328256413e-13 -7.153985443313956152e-13
-3.488448342449151148e-13 -2.014762785891526179e-13 -4.533429992372687731e-13 -6.425941418518773577e-14 -2.189014218241098324e-13 3.319492217295710883e-14 3.741493823378788685e-14 3.315306484627237809e-14 -1.142518516204571956e-13 3.229221799372704751e-13 5.928204114179534268e-14
-2.601607975165127243e-13 -1.509045656230768173e-14 -2.392967296330187471e-13 -2.515181742287162706e-14 -2.896349795642195901e-13 4.920735180530865173e-14 1.202722182181999043e-13 6.564118424854266925e-14 -1.749016058837388324e-15 -1.159258991571832533e-13 3.315135743042202507e-13
-1.846743834780566348e-13 8.191047175927075651e-14 -5.126958669544063081e-14 6.410653937378232999e-14 -1.278046934078023166e-13 4.855873121524274105e-15 9.523450315499795791e-14 9.270921180462608236e-14 1.171596950952571765e-13 -7.862189341065560835e-14 -1.042786755203809349e-13
-1.236600576885663503e-13 1.156999219810689066e-13 6.675198057931466243e-14 1.474939014869773762e-13 3.368222105850355835e-14 -8.504163065237541601e-14 -6.889343984942997657e-14 1.521024603976774251e-14 -9.869342478292707685e-14 4.549521088725269191e-14 -3.833727242514917222e-14
-4.738652363713901644e-13 -8.078169962728532755e-13 -2.296485279698716813e-12 1.964361894556621868e-12 6.891590559059389945e-12 7.522250100293054823e-12 -1.521258936718154171e-11 1.560101282617239483e-11 -1.045090509213822838e-10 -8.315239839019016145e-12 9.226210913003736680e-12
-5.464909557280131609e-13 -1.328857214478776434e-12 -1.326139707586343474e-12 2.802546388855191589e-12 3.903200286249913942e-12 9.148439962818576941e-12 -1.789666062685351602e-11 1.733613821003623917e-11 -9.322591546752745641e-11 -1.057108482478392227e-11 1.257843888603202506e-11
-6.296058705771602025e-13 -1.933404806233851771e-12 -1.748092985061040530e-13 3.701326528090197281e-12 4.920898497086175419e-13 1.105991815887324210e-11 -2.060767548242414341e-11 1.835609313857435796e-11 -7.735801582764788188e-11 -1.172936698521087904e-11 1.597363266819429880e-11
-7.212592561537436953e-13 -2.585187010249287300e-12 1.040915310296656705e-12 4.621924567983011895e-12 -3.003310649460502167e-12 1.312942787585316825e-11 -2.317419214584787388e-11 1.858046727739364535e-11 -5.865669024725512543e-11 -1.226991072737385264e-11 1.757470208148265466e-11
-8.121465519759838859e-13 -3.219625603303926548e-12 2.158536383684344823e-12 5.480383026554506478e-12 -6.074117036691797162e-12 1.497601113120859146e-11 -2.505345905043578041e-11 1.819154287356751088e-11 -3.839415153517502674e-11 -1.265701279364403384e-11 1.686632084301422350e-11
-8.858560851613188649e-13 -3.738642113785070236e-12 2.951860189976918040e-12 6.109478572013173512e-12 -7.935517457802925014e-12 1.588797480424124272e-11 -2.509493175652495515e-11 1.708878221755148727e-11 -1.969495007539768712e-11 -1.385487223849238691e-11 1.349039083166359769e-11
-9.191703099606045816e-13 -3.991940010590137365e-12 3.102869587201214375e-12 6.160862767640821326e-12 -7.336118183327994431e-12 1.478242004708892440e-11 -2.102245639367428329e-11 1.302662785553305410e-11 -7.259801910137892983e-12 -1.275353539600358831e-11 1.074980177523053248e-11
-9.208848759336334633e-13 -4.003210983246655898e-12 2.704979159932897448e-12 5.709508351067712688e-12 -4.779341985741609146e-12 1.218089302254242978e-11 -1.411844482286619080e-11 6.170150361388125191e-12 1.753117942907290180e-14 -8.611382942493248793e-12 8.934295837682156266e-12
-9.063822042387166842e-13 -3.839032927831351715e-12 2.024797955728111887e-12 5.051803771216200925e-12 -1.753418130594822212e-12 9.238419810157631726e-12 -7.454728062630004050e-12 6.178150986582406333e-13 4.769855636283827546e-12 -4.811871088216319422e-12 7.166453779701690746e-12
-8.830211411372342801e-13 -3.525094590441306533e-12 1.268861281370223553e-12 4.287899990566265966e-12 7.420262374516168698e-13 6.541594490476674021e-12 -2.788819045820396196e-12 -1.596612479716359907e-12 6.197693267263142938e-12 -3.414057091754785668e-12 5.136683836447027427e-12
-8.508143775944080552e-13 -3.103135710210397176e-12 5.805669039852067967e-13 3.485281395048934949e-12 2.212328322272599695e-12 4.404961855876507258e-12 -5.724460242759680392e-13 -1.778925705976490104e-12 6.155482507084270590e-12 -2.579037208404692493e-12 3.168930366569230322e-12
-8.044133448222892268e-13 -2.595880400917163434e-12 2.475741767269006253e-14 2.625172462575535180e-12 2.735575182466704110e-12 2.690230654768326575e-12 -1.021915248136252383e-13 -1.956581990468481482e-12 4.572901107278568461e-12 -8.475963588322206437e-13 3.242660853744553256e-12
-7.401702207827122344e-13 -2.026683715008264584e-12 -4.017397650641487535e-13 1.765038086479430403e-12 2.582415287222909360e-12 1.366492306021548795e-12 -4.019482796378719252e-13 -1.231222711230344432e-12 2.502851157925855041e-12 -2.269212725296866548e-13 2.102527375595193637e-12
-6.581239174094686629e-13 -1.450145303508205404e-12 -6.610230834489471794e-13 9.705522898430208385e-13 2.008774753158777029e-12 4.065576693189284070e-13 -6.411233353794200175e-13 -1.076094193777091563e-13 7.377343481330374184e-13 -2.048712820537460132e-13 6.705934943240171701e-13
-5.631818213451324253e-13 -9.320427929905489724e-13 -7.362172763677511292e-13 3.791702633149984686e-13 1.159201410099561400e-12 -1.917332990730363271e-14 -6.220801680877030875e-13 8.454326281030658458e-13 -4.557702899486747874e-13 -1.719983383409879490e-13 -2.018517957201664729e-13
-4.622459503989012457e-13 -5.164931200489842961e-13 -6.511975006486529460e-13 3.668393418342764138e-14 3.012251001370929874e-13 -7.815066880855012227e-14 -3.023665304972835856e-13 4.890076168573955034e-13 -3.845868606683447844e-13 4.076538925603826702e-13 -7.515360799634611195e-13
-3.625887371239467512e-13 -2.171417761731810251e-13 -4.661087425475629268e-13 -7.154588509489543370e-14 -2.142408944436681787e-13 3.548334465901753802e-14 2.276045846031317951e-14 3.222838819749036071e-14 -1.506412358726625341e-13 3.044037773290125939e-13 3.937281399144215151e-14
-2.709989315008927508e-13 -2.101148283775277340e-14 -2.486689402496303292e-13 -3.385865603792250893e-14 -2.940173739068098281e-13 5.923988631996885277e-14 1.139216662101151329e-13 5.540149157568142415e-14 -2.873437155503529725e-14 -1.518039440418448843e-13 3.411263676149443745e-13
-1.927846952861482812e-13 8.205608100984219291e-14 -5.510826184762018365e-14 5.816517420669396843e-14 -1.289114105298614255e-13 1.599191863728881600e-14 9.754148118847718301e-14 8.840550706624188087e-14 1.195601037029880924e-13 -1.083548697227012750e-13 -1.098976356913627528e-13
-1.293633897091699550e-13 1.189948775419841258e-13 6.779992265135785542e-14 1.456175904561914020e-13 3.805597897164361433e-14 -7.642492325159084807e-14 -6.873437351762644618e-14 2.412055647539022175e-14 -1.056575795450902779e-13 5.270462854551530064e-14 -5.504420878554295416e-14
-4.422739948559028922e-13 -8.854783780991966018e-13 -1.763087026549547397e-12 2.043560537110915460e-12 5.257035392409966146e-12 7.271985753316442903e-12 -1.450549732180375595e-11 1.602889124000433644e-11 -8.888109243915740365e-11 -1.011413012173258964e-11 1.031914504420902695e-11
-5.085563508314351797e-13 -1.361818711416767821e-12 -8.745896424409527620e-13 2.781114089850640493e-12 2.579164782694701052e-12 8.746626361612521820e-12 -1.669760780134823323e-11 1.709248721829108340e-11 -7.741560183939433779e-11 -1.164433113563154377e-11 1.269780303646318647e-11
-5.821676313524280002e-13 -1.895137499419902953e-12 1.278552256514341841e-13 3.549143361221162903e-12 -3.217223695544989512e-13 1.037622094793548819e-11 -1.876077818487150488e-11 1.752326597778962179e-11 -6.244585106821740811e-11 -1.234650672227866484e-11 1.467607952738456373e-11
-6.593308217042868131e-13 -2.444410391590981161e-12 1.126608631773255957e-12 4.297979202257758555e-12 -3.098923899920072983e-12 1.197730286168628884e-11 -2.044260654453821679e-11 1.724617686656155832e-11 -4.573923770665702474e-11 -1.268878406373670035e-11 1.493020409550122504e-11
-7.302013347949286802e-13 -2.943517091736220015e-12 1.963728588744009915e-12 4.931148453899784963e-12 -5.247466979928104119e-12 1.314209212990338713e-11 -2.114686550060562482e-11 1.629652701502120543e-11 -2.873310110264837448e-11 -1.285844653388288946e-11 1.359887272297592272e-11
-7.818546734917433051e-13 -3.309166454795263042e-12 2.456938006035700536e-12 5.292937697097884226e-12 -6.126670824375305625e-12 1.331164170150834747e-11 -1.993295626441966262e-11 1.431975180885898731e-11 -1.406394708399878075e-11 -1.307859151285241042e-11 1.085800166616747461e-11
-8.025632469177713784e-13 -3.456997316731831755e-12 2.441379838536385162e-12 5.204499579492090795e-12 -5.155201185440942240e-12 1.198981344266234509e-11 -1.580874826251198026e-11 1.028758648353360816e-11 -4.476768255182246872e-12 -1.147252693241677686e-11 8.775887066962346580e-12
-7.999314514906061557e-13 -3.413000703601077177e-12 2.026671332703954556e-12 4.761806661064378342e-12 -2.927247091967671158e-12 9.695163712063047275e-12 -1.016474447678729812e-11 4.856824114295237040e-12 1.185553967007783753e-12 -8.201394379946579801e-12 7.310308717773939040e-12
-7.847373607247950167e-13 -3.224414093442060742e-12 1.422048606319469426e-12 4.167586012241393509e-12 -5.583105318528206696e-13 7.273767577547296868e-12 -5.201567547805531657e-12 8.352334407006154691e-13 4.700333496261241401e-12 -5.372713552656900961e-12 5.891722323936708588e-12
-7.609500871257945313e-13 -2.917762282741660477e-12 7.876759878196212337e-13 3.494059970489589040e-12 1.277149854229045074e-12 5.097847115517958450e-12 -1.939948174530609521e-12 -6.766985220970362885e-13 5.566392816262310333e-12 -4.183500642104460955e-12 4.190270191068299020e-12
-7.276678623361612350e-13 -2.525592138010355865e-12 2.287349329225046169e-13 2.789515388456567509e-12 2.254582662632479553e-12 3.385549559350790524e-12 -5.727547419903844545e-13 -9.144352327527629728e-13 5.186706568524258107e-12 -3.092002052156739075e-12 2.592563491019287581e-12
-6.810863639229356376e-13 -2.069881804483403628e-12 -2.136771092200698404e-13 2.055361875525851913e-12 2.494026468199165372e-12 2.023312461246551162e-12 -3.932300179043675066e-13 -1.106240302289805685e-12 3.722007936388773957e-12 -1.423051316407944556e-12 2.677738609471868548e-12
-6.194016125541855687e-13 -1.580280689620929259e-12 -5.262342505233856080e-13 1.347510163372233353e-12 2.202349467979456720e-12 1.009944048215186729e-12 -6.329389143270651727e-13 -5.512689410256896684e-13 1.972522873369504434e-12 -7.296477179803770235e-13 1.504153841203520248e-12
-5.439363573398055290e-13 -1.104921838432288441e-12 -6.864537771493241381e-13 7.232980012796980004e-13 1.615906254854021430e-12 3.026002207618633121e-13 -6.778406067631135172e-13 2.108960061163587906e-13 6.125703331528451637e-13 -4.351722464982929797e-13 1.958800576232611570e-13
-4.595437202994289466e-13 -6.914407067905728639e-13 -6.898251142352933616e-13 2.798976471907328845e-13 8.515978011666081675e-13 4.937864442995730175e-15 -5.021470523634963883e-13 7.883624042400893056e-13 -2.366425583663846130e-13 -1.193305433120304014e-13 -3.254614369166050543e-13
-3.723409666924018180e-13 -3.679648566947221711e-13 -5.701518251683920334e-13 3.623614274076312103e-14 1.519129619970104472e-13 -4.408365293824325904e-14 -1.465939936410345473e-13 3.939231672121430679e-13 -1.621984091046290911e-13 4.420115017350894982e-13 -5.424675345553016448e-13
-2.883502781318640614e-13 -1.390719955326757465e-13 -3.847860896172809424e-13 -3.104748250114711077e-14 -2.351496764379014044e-13 7.772167207024452108e-15 1.015562913637127300e-13 3.125348735256351812e-14 6.084458341688677080e-14 4.156473220809105888e-13 1.440943813437625680e-13
-2.129243167533470143e-13 6.081636468383721625e-15 -1.915437167499052595e-13 1.059359976710416503e-14 -2.645962159952733253e-13 -1.233315889305052830e-15 1.444581599396908901e-13 9.448813562923500005e-14 1.016247265290208591e-13 5.060612810269153477e-14 2.901971353405833449e-13
-1.497033419074037340e-13 7.801119818768438474e-14 -3.166668652112992262e-14 8.539834327856678743e-14 -1.198617592508827325e-13 -4.368269316319901800e-14 8.383794632534576617e-14 9.243465523256306585e-14 1.052092392207756793e-13 5.875985737394588140e-14 -7.973228294235493344e-14
-9.935896698948527491e-14 9.933915605711044658e-14 6.292138700973784535e-14 1.505068957071642906e-13 1.490780737618314703e-14 -1.185884842852697969e-13 -6.562982399703640778e-14 -3.930327889364538476e-14 -5.311165441914891603e-14 -6.328404223097643855e-15 5.614474818620362876e-14
-4.511119973475000405e-13 -8.583402255884430647e-13 -1.921418813723025943e-12 1.999764883313164288e-12 5.771157557145937397e-12 7.330633121282275534e-12 -1.461305954235911506e-11 1.554664866473823546e-11 -9.332575277552940593e-11 -9.135158256860611991e-12 9.575191541741681404e-12
-5.190638407829064841e-13 -1.345115890733735253e-12 -1.016629731683893518e-12 2.764168781476954275e-12 3.025826141723904936e-12 8.836743139530635872e-12 -1.694115293478881098e-11 1.681605502939998663e-11 -8.209565926173689111e-11 -1.089840071535660493e-11 1.218021138057861616e-11
-5.950853275088966249e-13 -1.896379957529281890e-12 2.175851994676406418e-14 3.568513991256586214e-12 -3.562926365497178361e-15 1.053218797531719006e-11 -1.918608239642275480e-11 1.745869174158660341e-11 -6.703282960710809731e-11 -1.179508327911865034e-11 1.456880045303987758e-11
-6.759743906939751769e-13 -2.472660398555903317e-12 1.077201681584161434e-12 4.365318854396295284e-12 -2.974260202655765144e-12 1.224823950606237403e-11 -2.111718589796325320e-11 1.737731808581396097e-11 -4.993142745357792205e-11 -1.226678536173374179e-11 1.532905933506328802e-11
-7.523236393846381787e-13 -3.008969830616910326e-12 1.992141913487467783e-12 5.061437731358559369e-12 -5.383987026003656307e-12 1.359593191711668130e-11 -2.216261752090587816e-11 1.661438358267276841e-11 -3.214846119699428132e-11 -1.251043195919650959e-11 1.438886835520129485e-11
-8.109563493900788228e-13 -3.421181277760190731e-12 2.579580895988490598e-12 5.504322418476513106e-12 -6.580965602104401462e-12 1.400655296070544986e-11 -2.138106494449125238e-11 1.489963938486981017e-11 -1.634625403612563623e-11 -1.293342235753588900e-11 1.171219412088546465e-11
-8.377104187729176198e-13 -3.612292778951610348e-12 2.643579146562040115e-12 5.489691780595847785e-12 -5.861452730211960620e-12 1.286940810822473024e-11 -1.755795980697380498e-11 1.110641276066165178e-11 -5.632729200747425855e-12 -1.167176692204446418e-11 9.416290087835559979e-12
-8.375211991114321612e-13 -3.592100131139589045e-12 2.254191448850718306e-12 5.065218900381387889e-12 -3.630129355141356880e-12 1.055162362806520611e-11 -1.171160071287963582e-11 5.450221248833878586e-12 6.526377652466998284e-13 -8.360452509192839642e-12 7.832466909714809249e-12
-8.231010181277856747e-13 -3.416317830865375846e-12 1.639178857662018949e-12 4.459483293841792794e-12 -1.097711914325915443e-12 7.997572105098297636e-12 -6.267801278899629442e-12 9.489434126599127779e-13 4.587777815993910757e-12 -5.221124464225018143e-12 6.310374748272501363e-12
-7.992297048727343345e-13 -3.111666315015969293e-12 9.711437865593983096e-13 3.759393263997301986e-12 9.611393389664883367e-13 5.646446227148011022e-12 -2.483906407654287936e-12 -9.398252688947937053e-13 5.696198179060626859e-12 -3.824118574467387422e-12 4.499400234313867220e-12
-7.661117942106819243e-13 -2.713547972410474263e-12 3.722566894845274862e-13 3.024631796409644398e-12 2.128920472698638589e-12 3.780142933694144592e-12 -7.334025618291009370e-13 -1.230164555404323021e-12 5.435538959306788685e-12 -2.807707074392689777e-12 2.763716651981017137e-12
-7.197244188188287708e-13 -2.245505374680681169e-12 -1.069151198822325286e-13 2.254902272897155538e-12 2.491671839887746781e-12 2.293698161625702364e-12 -3.568300875716182761e-13 -1.403752360932235358e-12 3.978538631078005347e-12 -1.173845043336198110e-12 2.792528430108907293e-12
-6.576073426946578353e-13 -1.735290675946397570e-12 -4.539814928714508395e-13 1.501604852018011063e-12 2.269960707094059012e-12 1.171108875245835212e-12 -5.376737440009839961e-13 -8.051906364952706928e-13 2.120615382549289772e-12 -5.112084841020111454e-13 1.634507294253208260e-12
-5.807073107333308516e-13 -1.231394194356013665e-12 -6.469197247306072844e-13 8.248493719455486563e-13 1.710527437264324528e-12 3.678904110091791537e-13 -6.099840546963250033e-13 5.382616578864860585e-14 6.668809547048084692e-13 -2.911750344572910802e-13 3.193403065920252544e-13
-4.936294592741045426e-13 -7.849778436684842594e-13 -6.766019737281566896e-13 3.292478375459945028e-13 9.369707501771293624e-13 6.173576605271594796e-15 -4.862247722230797124e-13 7.612479275646784635e-13 -3.145134270870976504e-13 -8.729522742740091196e-14 -2.603629905539317589e-13
-4.026353580824749952e-13 -4.298421918121314736e-13 -5.744937791839807819e-13 4.564743224748409527e-14 2.013603031602403080e-13 -6.698250752096341878e-14 -1.695546174964166018e-13 4.116858112067715139e-13 -2.208576395076997282e-13 4.447719772025799332e-13 -5.964185230840687090e-13
-3.140490571644427350e-13 -1.745191448208751528e-13 -3.968353375917018746e-13 -4.331230059825986400e-14 -2.233630108260856436e-13 -2.274933643979805047e-15 7.475558030765559110e-14 2.387247505705471469e-14 6.509976657149888087e-15 3.934003350284583567e-13 1.078719570111991804e-13
-2.336241417611285176e-13 -9.606086898624794984e-15 -2.025859972506491356e-13 -7.852988489656603434e-15 -2.681013346474634705e-13 1.073590298300145583e-14 1.291071778966478445e-13 6.318550678997119995e-14 4.076432568714760861e-14 -8.329524622917407668e-15 3.075316972826454741e-13
-1.655418352210237032e-13 7.520426124965321554e-14 -3.594987800682490653e-14 6.987743356161519835e-14 -1.193037119807885684e-13 -2.303871131134191133e-14 8.657370875226837921e-14 6.840121476092681035e-14 1.077678447605928647e-13 1.211879463402963147e-14 -9.268251926215981920e-14
-1.107708379777491920e-13 1.037474698011487022e-13 6.584777792631824657e-14 1.421689110384339995e-13 2.370131141080547265e-14 -9.890958014704808227e-14 -6.156101830149900110e-14 -3.585980028975427396e-14 -5.289672861260206818e-14 -7.327774445425280771e-15 4.201605860037391699e-14
-4.584261870794108863e-13 -8.358750523887537600e-13 -2.052446237013186895e-12 1.963468965002623352e-12 6.196713878190014735e-12 7.379169616410168107e-12 -1.470186773330312886e-11 1.514658943421726595e-11 -9.700373409474465806e-11 -8.323650046974908824e-12 8.958308605124461466e-12
-5.277597560627302529e-13 -1.331282526940890654e-12 -1.134185180007490186e-12 2.750081975097948464e-12 3.395605588633734419e-12 8.911314364599767709e-12 -1.714246394658258479e-11 1.658615984237677375e-11 -8.596870009437746987e-11 -1.027951407178132595e-11 1.175028910595311415e-11
-6.057756765475429427e-13 -1.897393634420778503e-12 -6.606381514595422351e-14 3.584479314615210380e-12 2.599134609660010056e-13 1.066123409197776346e-11 -1.953781463308448099e-11 1.740416080352054580e-11 -7.082923475818015247e-11 -1.133721955351164724e-11 1.447819963468029602e-11
-6.897475900746343766e-13 -2.496020830734245594e-12 1.036282223202500759e-12 4.420984039262611943e-12 -2.870886395903739043e-12 1.247240681459559861e-11 -2.167521811902925639e-11 1.748489671386855868e-11 -5.340139504077297495e-11 -1.191622641212210766e-11 1.565725324366485634e-11
-7.706298773277099197e-13 -3.063114367437017343e-12 2.015612825598386157e-12 5.169202363641627564e-12 -5.496744561619385126e-12 1.397140561010249417e-11 -2.300300004929905456e-11 1.687671031642229303e-11 -3.497611002852956443e-11 -1.222144786685140075e-11 1.504121911109711894e-11
-8.350374212597551069e-13 -3.513853209667299246e-12 2.681021337630985125e-12 5.679187049803299915e-12 -6.956666166053598091e-12 1.458146397604903528e-11 -2.257918856818636671e-11 1.537880191632271883e-11 -1.823673035578246200e-11 -1.281224785437264235e-11 1.241842150856404076e-11
-8.667971164529463536e-13 -3.740791814187242557e-12 2.810885293850044285e-12 5.725651286359453523e-12 -6.445784001488408430e-12 1.359725238117514218e-11 -1.900551085911174256e-11 1.178329061314832494e-11 -6.591149433371978498e-12 -1.183528380072191158e-11 9.946410857491939103e-12
-8.686378916080718629e-13 -3.740343873940475753e-12 2.442559959922467672e-12 5.316385249232546647e-12 -4.212198806969843510e-12 1.126075891121618979e-11 -1.299275746851654041e-11 5.941625226890634046e-12 2.109766661633652000e-13 -8.491746519376030170e-12 8.264621730522112936e-12
-8.548604126724436210e-13 -3.575170706163248429e-12 1.818987662358660936e-12 4.701155360904922626e-12 -1.544680016713882248e-12 8.597050110186720826e-12 -7.151539704378084691e-12 1.043745576816317515e-12 4.494213025335720845e-12 -5.095844060613281142e-12 6.656857382401704684e-12
-8.309213938487637237e-13 -3.272194066867733291e-12 1.123121287731761730e-12 3.979105424038548122e-12 6.990080098066248320e-13 6.100962500739125576e-12 -2.935363232678265634e-12 -1.156995513393026948e-12 5.803514456610326543e-12 -3.526792804949481402e-12 4.755241935797097802e-12
-7.979384392186997991e-13 -2.869159690887290155e-12 4.911717999301597286e-13 3.219325116494101548e-12 2.024419237795109139e-12 4.107119474330787127e-12 -8.673457774630991224e-13 -1.491574981317519145e-12 5.641358911643569873e-12 -2.571871313158747552e-12 2.905422855035143691e-12
-7.517103628579383197e-13 -2.390910407607171538e-12 -1.844510495529112575e-14 2.420137451828600245e-12 2.489409008690962352e-12 2.517749559326962232e-12 -3.271947612768551014e-13 -1.649992249456321615e-12 4.190766457763165471e-12 -9.673869345584698393e-13 2.887648129188515312e-12
-6.892359707019710502e-13 -1.863644589050914521e-12 -3.940766195877405343e-13 1.629232850801736473e-12 2.325698079159372874e-12 1.304716790141128002e-12 -4.590178466939441448e-13 -1.015380848537758689e-12 2.243216033072998370e-12 -3.303240371008941476e-13 1.742185535662143135e-12
-6.111489701298339813e-13 -1.336135711114981332e-12 -6.140968811321300904e-13 9.089871454014752960e-13 1.788705542192170319e-12 4.221116763644622018e-13 -5.537591900339786369e-13 -7.627881787455108770e-14 7.115214191109456852e-13 -1.718864687355548020e-13 4.215243308010966762e-13
-5.218497433167769742e-13 -8.624636213369806190e-13 -6.655618802516561286e-13 3.701711668663679725e-13 1.007551194968773252e-12 7.295220539316641496e-15 -4.729017431686051521e-13 7.386879136520770657e-13 -3.789473735869927153e-13 -6.064531023106273380e-14 -2.066144119424499372e-13
-4.277187388498348111e-13 -4.811186276381501776e-13 -5.780036099226625555e-13 5.348977837871979857e-14 2.422550730614007090e-13 -8.591723300839905991e-14 -1.883907423242332656e-13 4.263529534997641973e-13 -2.695118314925936626e-13 4.470884738647980518e-13 -6.409964743497937100e-13
-3.353292918615655358e-13 -2.039061420238959089e-13 -4.067427828499497970e-13 -5.344594533086972695e-14 -2.136198013540730171e-13 -1.065660688259845180e-14 5.261424094852970628e-14 1.772717582068021052e-14 -3.832310295985482841e-14 3.751115965844231406e-13 7.792788682047117165e-14
-2.507669362082889120e-13 -2.262299953091249778e-14 -2.116800835120386873e-13 -2.312712113347163878e-14 -2.710136402294636322e-13 2.058017627462787513e-14 1.163683783411260379e-13 3.728748997160274486e-14 -9.468362997221500294e-15 -5.705681934465529561e-14 3.218520597743967313e-13
-1.786602644419993165e-13 7.286259523893653779e-14 -3.946767806565598080e-14 5.700693101978448498e-14 -1.188372339437049241e-13 -5.972752311106141010e-15 8.882039106279964472e-14 4.848199998982177436e-14 1.098514639142619979e-13 -2.634619501705769688e-14 -1.034486041259779335e-13
-1.202243046488670986e-13 1.073879688955634148e-13 6.828552167186881642e-14 1.352429947025546915e-13 3.099101316492508867e-14 -8.261310394993056662e-14 -5.818031540958242392e-14 -3.298626316641596107e-14 -5.273520785989284040e-14 -8.059482476455306484e-15 3.032014968734133079e-14
-4.646592939432583075e-13 -8.167303716715156969e-13 -2.164106989532744285e-12 1.932537807622141083e-12 6.559370323671278471e-12 7.420532114864723674e-12 -1.477754951089265064e-11 1.480566141245476937e-11 -1.001380868176190990e-10 -7.632087755797101816e-12 8.432604762220538320e-12
-5.351703608245030964e-13 -1.319493820174732018e-12 -1.234365199891356184e-12 2.738077283743631506e-12 3.710729332191765423e-12 8.974863497329384778e-12 -1.731401992438058644e-11 1.639024454766739434e-11 -8.926928132545453274e-11 -9.752102663646778017e-12 1.138391195523478506e-11
-6.148859253106341773e-13 -1.898257482944002878e-12 -1.409054619128596719e-13 3.598084860628486428e-12 4.844464020787038318e-13 1.077120638666170823e-11 -1.983755864041540389e-11 1.735768982830117001e-11 -7.406450755603624714e-11 -1.094703087237554267e-11 1.440099009953797567e-11
-7.014850246466891971e-13 -2.515928444546827238e-12 1.001410914879225486e-12 4.468421559675980096e-12 -2.782791873915666355e-12 1.266344079462584357e-11 -2.215076968651211649e-11 1.757657450509127958e-11 -5.635847979593972689e-11 -1.161748219905324650e-11 1.593693795723000140e-11
-7.862303390459570108e-13 -3.109256003039880001e-12 2.035614588859974056e-12 5.261038708357541320e-12 -5.592835820670902443e-12 1.429138194485502176e-11 -2.371916878784965214e-11 1.710026348782978988e-11 -3.738581476916520825e-11 -1.197517737767871533e-11 1.559714828497168394e-11
-8.555591603800344013e-13 -3.592827650816341645e-12 2.767468247091666813e-12 5.828205594969189849e-12 -7.276835832523289595e-12 1.507139955021962082e-11 -2.360022203528188020e-11 1.578714120666764968e-11 -1.984778254908971594e-11 -1.270898365691600573e-11 1.302026403811956475e-11
-8.915846186669686806e-13 -3.850297889161113828e-12 2.953462546740432269e-12 5.926734501493747936e-12 -6.943747454586615437e-12 1.421751672204410311e-11 -2.023910482301384122e-11 1.236012165490970850e-11 -7.407909264900325934e-12 -1.197463179780040242e-11 1.039817647535966283e-11
-8.951553431884297201e-13 -3.866676267785644232e-12 2.603086433220043041e-12 5.530427647351330267e-12 -4.708234777664346686e-12 1.186507958996918131e-11 -1.408455130439116436e-11 6.360396636635024662e-12 -1.654041974424680452e-13 -8.603634429072087264e-12 8.632901370219379611e-12
-8.819255710394634979e-13 -3.710544137208718955e-12 1.972219609130491114e-12 4.907106793438220407e-12 -1.925583469857641837e-12 9.107921547032278229e-12 -7.904656135899318027e-12 1.124535419920620867e-12 4.414477678634469102e-12 -4.989080888466691499e-12 6.952127719118656667e-12
-8.579288540654200480e-13 -3.408994818119178405e-12 1.252635572755273623e-12 4.166342762058229993e-12 4.756212979019110943e-13 6.488298457456646333e-12 -3.320091983782233282e-12 -1.342066607886714182e-12 5.894968712647527679e-12 -3.273413649380428766e-12 4.973268636564500221e-12
-8.250609080613082838e-13 -3.001771029390592123e-12 5.925105214105481481e-13 3.385241554566760672e-12 1.935363914049540904e-12 4.385766861800002453e-12 -9.814913967894294074e-13 -1.714347315025176750e-12 5.816757387550176958e-12 -2.370893527511155775e-12 3.026184001668019220e-12
-7.789685852877464011e-13 -2.514823672421226961e-12 5.694849525331320713e-14 2.560949845094968230e-12 2.487480622765171824e-12 2.708684776386969090e-12 -3.019397463505683288e-13 -1.859836347617306036e-12 4.371625687029980020e-12 -7.914446125761692234e-13 2.968708544119726254e-12
-7.161896906481423001e-13 -1.973026996180327934e-12 -3.430260553751414409e-13 1.737996639762201593e-12 2.373197109496513632e-12 1.418576632533571935e-12 -3.919877927980267596e-13 -1.194503636449413867e-12 2.347695544542006691e-12 -1.761754355982906219e-13 1.833948255458425594e-12
-6.370911628455501865e-13 -1.425395781616657251e-12 -5.861254537712788260e-13 9.806888353236705115e-13 1.855328428988412712e-12 4.683187089568227691e-13 -5.058447103101539214e-13 -1.871534741782032830e-13 7.495637358169593019e-13 -7.022949564808751894e-14 5.086049189460351265e-13
-5.458988938493461828e-13 -9.284965210732570526e-13 -6.561535771350668881e-13 4.050457765710885735e-13 1.067699406173630838e-12 8.251083374404108025e-15 -4.615479351829758318e-13 7.194624060886445695e-13 -4.338575774430282546e-13 -3.793441212115779839e-14 -1.608102159225355352e-13
-4.490946400087863005e-13 -5.248160894211689199e-13 -5.809946619368057160e-13 6.017297943872423278e-14 2.771053389173975087e-13 -1.020532863514052275e-13 -2.044427635560234708e-13 4.388522006395307231e-13 -3.109746389159089329e-13 4.490625774865709879e-13 -6.789855213898509549e-13
-3.534641756720070804e-13 -2.289495601460746005e-13 -4.151858428310964422e-13 -6.208177317510829093e-14 -2.053166996935099345e-13 -1.779941933562291153e-14 3.374553232176426324e-14 1.249018955155892287e-14 -7.652956066485173767e-14 3.595260521907399660e-13 5.240973259642611150e-14
-2.653759192284131075e-13 -3.371593286791624823e-14 -2.194300049186285790e-13 -3.614364212193537730e-14 -2.734954893952346807e-13 2.896940109622911150e-14 1.055124520533800435e-13 1.521735867153788224e-14 -5.227633772878996999e-14 -9.858190857128474203e-14 3.340557864788306745e-13
-1.898397084705070411e-13 7.086704117826580416e-14 -4.246552396318076202e-14 4.603876795684978774e-14 -1.184397042266801287e-13 8.570750225935480018e-15 9.073499922551858172e-14 3.150697065106436028e-14 1.116271078218147019e-13 -5.912581541635674573e-14 -1.126233949048568288e-13
-1.282804903895703978e-13 1.104903791211553080e-13 7.036295251673445148e-14 1.293407708903856451e-13 3.720325201842355303e-14 -6.872534806609709564e-14 -5.529930157919033644e-14 -3.053744942482727038e-14 -5.259756132309941719e-14 -8.683035311827669271e-15 2.035296340189307948e-14
-4.700871798642405946e-13 -8.000588874517803683e-13 -2.261342900804825929e-12 1.905602477145134282e-12 6.875177168575725379e-12 7.456551218703348978e-12 -1.484345437420598601e-11 1.450877601547109142e-11 -1.028675296741631637e-10 -7.029864610678185929e-12 7.974813720980534073e-12
-5.416236301378432914e-13 -1.309228031912325032e-12 -1.321603511506797363e-12 2.727623412781103674e-12 3.985143964668768194e-12 9.030203065657596173e-12 -1.746341352494127888e-11 1.621963847745235673e-11 -9.214347853918499906e-11 -9.292824647953025088e-12 1.106486506307988457e-11
-6.228192709233591485e-13 -1.899009735634102937e-12 -2.060787260916622859e-13 3.609932780695317175e-12 6.799731618485928317e-13 1.086697196284515728e-11 -2.009858036082237228e-11 1.731722218422056092e-11 -7.688183317530791757e-11 -1.060724853082909656e-11 1.433375484167885219e-11
-7.117061643187163277e-13 -2.533264302761851163e-12 9.710444399736432394e-13 4.509730886611751928e-12 -2.706077800953143558e-12 1.282979614086356347e-11 -2.256488735095082440e-11 1.765640894462386248e-11 -5.893355496231548730e-11 -1.135733111542373154e-11 1.618049173425062700e-11
-7.998154625384428199e-13 -3.149436853408377274e-12 2.053032433864828359e-12 5.341011218577021686e-12 -5.676513576143588159e-12 1.457002228898786190e-11 -2.434281960841186061e-11 1.729493704920902886e-11 -3.948422294795814872e-11 -1.176072122481556972e-11 1.608126001272850792e-11
-8.734298083917958131e-13 -3.661599816348619319e-12 2.842747553653876463e-12 5.957973250242341468e-12 -7.555644532807810804e-12 1.549804303016203535e-11 -2.448935377924381157e-11 1.614272937998267576e-11 -2.125071173032363488e-11 -1.261905959588940745e-11 1.354435782667178878e-11
-9.131699591938342306e-13 -3.945657473907832935e-12 3.077621024979114248e-12 6.101840877076106085e-12 -7.377381735613785065e-12 1.475765250885110847e-11 -2.131333753690489195e-11 1.286243505269526931e-11 -8.119156365621631634e-12 -1.209597819020204937e-11 1.079158096665288621e-11
-9.182471503944639970e-13 -3.976688471392564395e-12 2.742875370347740221e-12 5.716819080013430763e-12 -5.140190577154890779e-12 1.239133138904349829e-11 -1.503530227235150062e-11 6.725069260802736574e-12 -4.931624779664519409e-13 -8.701068152447584562e-12 8.953604979728530898e-12
-9.054943297908710579e-13 -3.828429415917117583e-12 2.105656359667724754e-12 5.086452488052099259e-12 -2.257280091351238529e-12 9.552796300089769021e-12 -8.560481579035588018e-12 1.194888465533609258e-12 4.345042904888817043e-12 -4.896109866071824195e-12 7.209253697720708586e-12
-8.814473683742538541e-13 -3.528123029346240638e-12 1.365418616401307551e-12 4.329391933558586467e-12 2.810926922800784499e-13 6.825596602672328110e-12 -3.655119733956950499e-12 -1.503229380962710938e-12 5.974608494149481650e-12 -3.052767159723040890e-12 5.163129661606096285e-12
-8.486795736608955944e-13 -3.117251035159492117e-12 6.807578482977497330e-13 3.529724156441669829e-12 1.857813160032204734e-12 4.628417318931510861e-12 -1.080891168513094463e-12 -1.908340910637495865e-12 5.969497094741086469e-12 -2.195878961688309573e-12 3.131344676984326456e-12
-8.027054672111721666e-13 -2.622729261011934442e-12 1.226024090292624147e-13 2.683571456256096698e-12 2.485801354496337868e-12 2.874954118159213448e-12 -2.799472885361709779e-13 -2.042571835650133042e-12 4.529120702727682184e-12 -6.382313159042321731e-13 3.039297207895979546e-12
-7.396614070957276585e-13 -2.068278889026753986e-12 -2.985704340581126381e-13 1.832709830330551062e-12 2.414560000194999512e-12 1.517727545287251991e-12 -3.336169845834844738e-13 -1.350486532101915707e-12 2.438677919984899143e-12 -4.194044797001080634e-14 1.913856651905588024e-12
-6.596820257263402377e-13 -1.503124832327094497e-12 -5.617675019771748298e-13 1.043127776503595792e-12 1.913344669824855041e-12 5.085565079974488400e-13 -4.641200398991512023e-13 -2.837048406702367529e-13 7.826915739192691129e-13 1.829496965141699931e-14 5.844360426853026534e-13
-5.668412663009436426e-13 -9.859989920341857419e-13 -6.479606811976230560e-13 4.354151263913365610e-13 1.120077399298091532e-12 9.083463523185106808e-15 -4.516608634962308127e-13 7.027205365990209483e-13 -4.816742327010718207e-13 -1.815741059826294173e-14 -1.209232132144367284e-13
-4.677091055359664491e-13 -5.628685153663066902e-13 -5.835993163257104989e-13 6.599281434497820415e-14 3.074534897355450296e-13 -1.161048113088994052e-13 -2.184211120522344756e-13 4.497367384804202083e-13 -3.470810932606942905e-13 4.507816574753215848e-13 -7.120669714402213522e-13
-3.692563131360624360e-13 -2.507577561962989450e-13 -4.225381901248675382e-13 -6.960198570195063881e-14 -1.980862302803177234e-13 -2.401949095476882191e-14 1.731436885737604349e-14 7.929740865839968828e-15 -1.098003352799254678e-13 3.459539189523519305e-13 3.018812900460349988e-14
-2.780976477197675419e-13 -4.337583088104404800e-14 -2.261787564124898373e-13 -4.747863002944926677e-14 -2.756567220592833446e-13 3.627486789433358420e-14 9.605894344849741784e-14 -4.001653198513420879e-15 -8.955418457830881637e-14 -1.347425988705673703e-13 3.446829805496225866e-13
-1.995749413348481692e-13 6.912928182214484132e-14 -4.507609456293534978e-14 3.648752183036329627e-14 -1.180935291990736253e-13 2.123545729553873937e-14 9.240226964344473888e-14 1.672485241533125369e-14 1.131733660161035655e-13 -8.767081612454962441e-14 -1.206129446962559335e-13
-1.352959416036677742e-13 1.131920059569210761e-13 7.217201144564834586e-14 1.242010230599382471e-13 4.261296574675829786e-14 -5.663167533092487996e-14 -5.279047015288025785e-14 -2.840498452397396837e-14 -5.247769658969551919e-14 -9.226034770625468568e-15 1.167338334349967941e-14
-4.750088515801881608e-13 -7.849422151776104520e-13 -2.349510419793840330e-12 1.881179182957518888e-12 7.161531311121057638e-12 7.489211117373195224e-12 -1.490321283364857143e-11 1.423957867278754131e-11 -1.053424198833979545e-10 -6.483805856078977426e-12 7.559717077707045440e-12
-5.474750561846830030e-13 -1.299919649104102588e-12 -1.400705824600007696e-12 2.718144488165474611e-12 4.233966205425620425e-12 9.080381568247468415e-12 -1.759887441496425852e-11 1.606494342934491517e-11 -9.474962305973215115e-11 -8.876379708072348986e-12 1.077557304498208576e-11
-6.300127387469322869e-13 -1.899691831873470426e-12 -2.651738169344502866e-13 3.620675742805463182e-12 8.572647518290443019e-13 1.095380627259272592e-11 -2.033525873571429922e-11 1.728052862346088637e-11 -7.943641004665881032e-11 -1.029915488856102210e-11 1.427279006229381296e-11
-7.209740624988784080e-13 -2.548983388271332437e-12 9.435099959461801590e-13 4.547187632910334636e-12 -2.636518217404197883e-12 1.298063689442771006e-11 -2.294038367261144786e-11 1.772879788347145850e-11 -6.126847408487288941e-11 -1.112144217945030516e-11 1.640133125701264726e-11
-8.121336134849370004e-13 -3.185870366879526981e-12 2.068825859942290717e-12 5.413525351616118660e-12 -5.752387396734145137e-12 1.482267614386537554e-11 -2.490830765520864481e-11 1.747145501125432729e-11 -4.138692988564667838e-11 -1.156626563002432134e-11 1.652022262846467181e-11
-8.896338082962102652e-13 -3.723958168595233387e-12 2.911006179522254515e-12 6.075638545445854669e-12 -7.808451042793419250e-12 1.588489698787882547e-11 -2.529556353122539978e-11 1.646515477402229302e-11 -2.252280126627083332e-11 -1.253752201083926208e-11 1.401957370568077102e-11
-9.327422128500971127e-13 -4.032123655849305996e-12 3.190200264933537117e-12 6.260616523727224349e-12 -7.770574520174781508e-12 1.524741428114246228e-11 -2.228738541662845095e-11 1.331790181857804788e-11 -8.764071309652039553e-12 -1.220600760422915136e-11 1.114829586233570256e-11
-9.391853749957105309e-13 -4.076440743167714297e-12 2.869627345090812560e-12 5.885827319466000390e-12 -5.531861418368024744e-12 1.286850401878980084e-11 -1.589738453125392451e-11 7.055731874025649233e-12 -7.903534443330449277e-13 -8.789415035082141261e-12 9.244399205929342118e-12
-9.268650245971299459e-13 -3.935320505955284117e-12 2.226648563936335305e-12 5.249072087401820731e-12 -2.558042102041248172e-12 9.956181250425632495e-12 -9.155143586813169233e-12 1.258680262251092139e-12 4.282083740252927359e-12 -4.811809484774108261e-12 7.442399654853898736e-12
-9.027725046236125977e-13 -3.636141133835072640e-12 1.467683314852917026e-12 4.477234852241175864e-12 1.047061668109617447e-13 7.131437729024567353e-12 -3.958902206374153312e-12 -1.649361830117476043e-12 6.046820929312856308e-12 -2.852698549997533123e-12 5.335283913182061809e-12
-8.700955209160594094e-13 -3.221961172261433201e-12 7.607750741365598566e-13 3.660732056479146063e-12 1.787494925795341334e-12 4.848437767231668397e-12 -1.171020742544145370e-12 -2.084242322026664292e-12 6.107992027863402483e-12 -2.037186562261618261e-12 3.226697882571981801e-12
-8.242286057287252738e-13 -2.720571384424508133e-12 1.821333232433514130e-13 2.794757160070529420e-12 2.484278697688159889e-12 3.025716888397148840e-12 -2.600058860422048065e-13 -2.208265090386907828e-12 4.671927455949753038e-12 -4.993069609421805907e-13 3.103302648570044059e-12
-7.609441099378032442e-13 -2.154647422644480462e-12 -2.582608222270553409e-13 1.918589901997972122e-12 2.452065314849891067e-12 1.607631469364457190e-12 -2.806899406765226434e-13 -1.491922188323449635e-12 2.521175118896260089e-12 7.977554843965453125e-14 1.986312650605481830e-12
-6.801660249574208439e-13 -1.573604734921371461e-12 -5.396812156288084170e-13 1.099743552104927622e-12 1.965950213882731591e-12 5.450416590640026237e-13 -4.262866856823074598e-13 -3.712516567740528002e-13 8.127298515138262739e-13 9.856348750373738808e-14 6.531950223336147382e-13
-5.858305162238433555e-13 -1.038138681319289001e-12 -6.405318691420218812e-13 4.629521771834844946e-13 1.167570528566671274e-12 9.838214434061330628e-15 -4.426958775078768304e-13 6.875400433110576395e-13 -5.250314225132984315e-13 -2.248470491151515193e-16 -8.475614257680753064e-14
-4.845875532338164166e-13 -5.973721050778270243e-13 -5.859610560491433041e-13 7.126988120268723075e-14 3.349713185846292980e-13 -1.288458663136341079e-13 -2.310958151589191189e-13 4.596061651544659072e-13 -3.798201961133440208e-13 4.523404130305459456e-13 -7.420631872205858136e-13
-3.835756480557866714e-13 -2.705320814918612187e-13 -4.292048445596987460e-13 -7.642084997035638933e-14 -1.915300871669844189e-13 -2.965946774604476456e-14 2.415604618606609742e-15 3.794607652131099032e-15 -1.399682188907893209e-13 3.336475467415721872e-13 1.003895127802682550e-14
-2.896329254139183926e-13 -5.213482980170572790e-14 -2.322981074583725878e-13 -5.775649701244848167e-14 -2.776163943551600863e-13 4.289901399936027775e-14 8.748708569363189099e-14 -2.142826619360341693e-14 -1.233554338143648156e-13 -1.675308795418653434e-13 3.543190637878685784e-13
-2.084022492425243355e-13 6.755358896079409644e-14 -4.744319875259917452e-14 2.782704172843542449e-14 -1.177796390613202403e-13 3.271903149162755970e-14 9.391404748558798548e-14 3.321340544632223134e-15 1.145754174473362242e-13 -1.135536598211836260e-13 -1.278573750088437459e-13
-1.416571194864013036e-13 1.156416743162837598e-13 7.381235435309072906e-14 1.195406171561848639e-13 4.751816004999773816e-14 -4.566587980043402463e-14 -5.051561676019303980e-14 -2.647139705251602365e-14 -5.236901065106796782e-14 -9.718393144127841654e-15 3.803276198679483565e-15
-4.796619380278960298e-13 -7.706504894380263489e-13 -2.432866464223018721e-12 1.858088715996424873e-12 7.432258546045926876e-12 7.520088701588517745e-12 -1.495971015732284737e-11 1.398507195855778466e-11 -1.076822504785465411e-10 -5.967546600493973449e-12 7.167273074011447852e-12
-5.530071584468688795e-13 -1.291119243093476909e-12 -1.475491369177002294e-12 2.709182847218866110e-12 4.469209728013149512e-12 9.127821731848684252e-12 -1.772694293906597535e-11 1.591869039461935342e-11 -9.721354515982881119e-11 -8.482660987146547795e-12 1.050206826158761868e-11
-6.368136449346448895e-13 -1.900336704875276587e-12 -3.210439726166092063e-13 3.630832440553267007e-12 1.024881191587092995e-12 1.103590186406595521e-11 -2.055902110785230116e-11 1.724583750328094377e-11 -8.185157864485806326e-11 -1.000787452165815603e-11 1.421515225095611593e-11
-7.297361933087100510e-13 -2.563844652538863644e-12 9.174781606555877625e-13 4.582600291222436396e-12 -2.570754637080433615e-12 1.312324597245430112e-11 -2.329538842364710335e-11 1.779723641661144121e-11 -6.347597208806697110e-11 -1.089842616659213827e-11 1.661011913406613681e-11
-8.237795387813802012e-13 -3.220315632122456894e-12 2.083757407842926824e-12 5.482082246263748855e-12 -5.824120634200144691e-12 1.506154218239569271e-11 -2.544293590988510547e-11 1.763834004224142044e-11 -4.318580237082700889e-11 -1.138242185952923308e-11 1.693523019293563325e-11
-9.049535241447898710e-13 -3.782913503270779260e-12 2.975539798258836456e-12 6.186882614693279776e-12 -8.047461405396961437e-12 1.625063956611575435e-11 -2.605777683487459160e-11 1.676998478188102060e-11 -2.372547037893105479e-11 -1.246043409257304577e-11 1.446885612147586404e-11
-9.512463702300490011e-13 -4.113871208619598823e-12 3.296635834812047112e-12 6.410727471809890165e-12 -8.142310002620283076e-12 1.571044879236741110e-11 -2.320827759159316711e-11 1.374851286916765572e-11 -9.373791978992973397e-12 -1.231003249766051193e-11 1.148554412619551298e-11
-9.589809596036456335e-13 -4.170749337757301836e-12 2.989462215768353907e-12 6.045612447645035300e-12 -5.902158012792199965e-12 1.331963640158277367e-11 -1.671242126891120340e-11 7.368349579362402682e-12 -1.071326115999794525e-12 -8.872940655250238462e-12 9.519324220505554419e-12
-9.470694786609883226e-13 -4.036378339467164807e-12 2.341037986094424187e-12 5.402817216084296582e-12 -2.842390939224816681e-12 1.033755269225130731e-11 -9.717353721336281073e-12 1.318990815392368562e-12 4.222560381115822814e-12 -4.732109541088572286e-12 7.662822379559858184e-12
-9.229338863493023137e-13 -3.738264478390650919e-12 1.564367227930425999e-12 4.617009692704024823e-12 -6.205459952561535481e-14 7.420588504780343737e-12 -4.246106672824570391e-12 -1.787519544596694058e-12 6.115092590363279457e-12 -2.663548077384089212e-12 5.498043369383134454e-12
-8.903427579109778588e-13 -3.320957071686746177e-12 8.364256028416115649e-13 3.784590598288372749e-12 1.721014095798509046e-12 5.056451267778286592e-12 -1.256231768760024113e-12 -2.250544448017893867e-12 6.238929020785781953e-12 -1.887154318865469204e-12 3.316847476582321089e-12
-8.445771843460259717e-13 -2.813074071131589475e-12 2.384155185562663094e-13 2.899875241793182122e-12 2.482839135376558561e-12 3.168252238309040027e-12 -2.411527250605963772e-13 -2.364916138891790527e-12 4.806940964401769274e-12 -3.679639809108060225e-13 3.163815186796042835e-12
-7.810653739235084219e-13 -2.236302655858249798e-12 -2.201509850965004524e-13 1.999783329577571151e-12 2.487523890944350697e-12 1.692629159809591372e-12 -2.306512295215765606e-13 -1.625639423073135673e-12 2.599170283759861547e-12 1.948492638772263880e-13 2.054814583252840770e-12
-6.995321721528392753e-13 -1.640238410883689667e-12 -5.188002213319611760e-13 1.153269693690426454e-12 2.015684970179521166e-12 5.795357438057702083e-13 -3.905179719329225616e-13 -4.540208711943364964e-13 8.411288813434389278e-13 1.744515946866035112e-13 7.182016894539520419e-13
-6.037834855118838901e-13 -1.087433005407038596e-12 -6.335084619827988745e-13 4.889864770529076932e-13 1.212471864550588662e-12 1.055177710590339343e-14 -4.342201284346644477e-13 6.731879793909158426e-13 -5.660225253503314760e-13 1.672910129052587142e-14 -5.056278002958770420e-14
-5.005449109148916386e-13 -6.299927661618878830e-13 -5.881939110265382651e-13 7.625896816110911740e-14 3.609874454838114062e-13 -1.408916169290441945e-13 -2.430788348349283178e-13 4.689369978543627634e-13 -4.107726618402906426e-13 4.538141042556541736e-13 -7.704224506257273615e-13
-3.971135487642193680e-13 -2.892272830318098617e-13 -4.355076865898050751e-13 -8.286759542686706439e-14 -1.853317256694761247e-13 -3.499165992798771712e-14 -1.167010479363610996e-14 -1.148632204522767046e-16 -1.684897818485457727e-13 3.220127574470794185e-13 -9.010646246279182608e-15
-3.005387003629118688e-13 -6.041583295077112463e-14 -2.380835135105711986e-13 -6.747348061084846558e-14 -2.794691234987587409e-13 4.916166744342390093e-14 7.938301105622739807e-14 -3.790387469167525923e-14 -1.553120824983974609e-13 -1.985298393485373001e-13 3.634292870571273688e-13
-2.167478336308201484e-13 6.606388475699683739e-14 -4.968112541989445552e-14 1.963918103665839898e-14 -1.174828785307714610e-13 4.357592449119685569e-14 9.534332464639899518e-14 -9.350715357970560524e-15 1.159009561835711592e-13 -1.380240259078028056e-13 -1.347064625365268763e-13
-1.476711554054831549e-13 1.179576594677814486e-13 7.536318053004316679e-14 1.151345387618282839e-13 5.215566826845317081e-14 -3.529850927167748144e-14 -4.836490658757357454e-14 -2.464332924826381316e-14 -5.226625592030118054e-14 -1.018388255440297869e-14 -3.637343742369704408e-15
-4.843738708739208180e-13 -7.561780197291122263e-13 -2.517276691730391544e-12 1.834706229489260854e-12 7.706409600741469119e-12 7.551356786442770290e-12 -1.501692198762560799e-11 1.372734655999000454e-11 -1.100516723240778413e-10 -5.444758341487055956e-12 6.769865927556266560e-12
-5.586092237976164782e-13 -1.282207540436190310e-12 -1.551222707908634327e-12 2.700107870429837898e-12 4.707428316859596148e-12 9.175861858813481693e-12 -1.785663111280748688e-11 1.577058773285324309e-11 -9.970862786573279933e-11 -8.083963002099755509e-12 1.022510452968535002e-11
-6.437005604536724917e-13 -1.900989733294439899e-12 -3.776207042986719122e-13 3.641117587288612500e-12 1.194617434852929091e-12 1.111903569737563560e-11 -2.078561334584799543e-11 1.721070765184194799e-11 -8.429729127640324415e-11 -9.712910403588522238e-12 1.415678550781311845e-11
-7.386091365656976069e-13 -2.578893863354905237e-12 8.911171071278553096e-13 4.618460804333615536e-12 -2.504159360859396853e-12 1.326765859125624577e-11 -2.365488283021315787e-11 1.786654047367473326e-11 -6.571138776733072618e-11 -1.067258972468928070e-11 1.682154749863831341e-11
-8.355727471528922086e-13 -3.255196517878176184e-12 2.098877791185414740e-12 5.551506162594343267e-12 -5.896761063749321631e-12 1.530342909950344630e-11 -2.598432547390634164e-11 1.780733562568262780e-11 -4.500742474772516567e-11 -1.119625306161334218e-11 1.735548625388622927e-11
-9.204669845819552888e-13 -3.842614431197107954e-12 3.040889557479715786e-12 6.299533559698226532e-12 -8.289494472294301314e-12 1.662100759901514768e-11 -2.682962965956044735e-11 1.707866989816319891e-11 -2.494334934830980461e-11 -1.238237126159136168e-11 1.492382049972349913e-11
-9.699845450386701192e-13 -4.196652602154480542e-12 3.404417468749864392e-12 6.562736835424896826e-12 -8.518746731069251502e-12 1.617933918526945047e-11 -2.414081606017991900e-11 1.418456975008916856e-11 -9.991223633980769769e-12 -1.241537296722704956e-11 1.182705748443773462e-11
-9.790268939999872125e-13 -4.266250629492337005e-12 3.110812608165076033e-12 6.207418338341266986e-12 -6.277137656118072880e-12 1.377647414295111592e-11 -1.753776557314922071e-11 7.684920882859901719e-12 -1.355852179390208359e-12 -8.957522602651569732e-12 9.797726143008427422e-12
-9.675294533848389232e-13 -4.138714226086869944e-12 2.456874062778592384e-12 5.558506720951052318e-12 -3.130335865525641093e-12 1.072374724351926714e-11 -1.028667398750285203e-11 1.380064101078829940e-12 4.162284244496930904e-12 -4.651401651629745629e-12 7.886032735303975260e-12
-9.433502440114809131e-13 -3.841679351329069090e-12 1.662273878400296514e-12 4.758552230631331132e-12 -2.309243479664379840e-13 7.713396098260675856e-12 -4.536943342730643242e-12 -1.927424505341154544e-12 6.184227665775687387e-12 -2.472005465407221877e-12 5.662861203723949600e-12
-9.108460566349877968e-13 -3.421204947500213774e-12 9.130328649873878746e-13 3.910015548133581846e-12 1.653692499090198084e-12 5.267095463191901695e-12 -1.342520437631368710e-12 -2.418949755646978839e-12 6.371521940986852043e-12 -1.735224654723818664e-12 3.408137169965164102e-12
-8.651831063380222669e-13 -2.906746616209309271e-12 2.954095008365293737e-13 3.006322725656535045e-12 2.481381367103494423e-12 3.312590197266095211e-12 -2.220611328051008255e-13 -2.523548314241988976e-12 4.943661954921089997e-12 -2.349599387167076620e-13 3.225093011878982104e-12
-8.014411064965090096e-13 -2.318990562425417953e-12 -1.815591822795191865e-13 2.082003590185669116e-12 2.523430902694293253e-12 1.778701794874978264e-12 -1.799796911631965329e-13 -1.761047746458044088e-12 2.678151833975984917e-12 3.113782880705727206e-13 2.124182842728514912e-12
-7.191432381662423393e-13 -1.707714786327133963e-12 -4.976551502357898422e-13 1.207472767050426656e-12 2.066048709479802560e-12 6.144660666529758353e-13 -3.542969000926109502e-13 -5.378368473387676717e-13 8.698870666095996511e-13 2.512994399573107852e-13 7.840304797335400597e-13
-6.219635015136296597e-13 -1.137350742526096841e-12 -6.263962314884920458e-13 5.153500262302951838e-13 1.257941056524603762e-12 1.127436402726495349e-14 -4.256371886320932844e-13 6.586544084280120363e-13 -6.075320324727388445e-13 3.389746201222782566e-14 -1.593698248767540837e-14
-5.167040773111795267e-13 -6.630259726230334535e-13 -5.904550043266377973e-13 8.131115086126064446e-14 3.873325918708184246e-13 -1.530897071591966396e-13 -2.552134007758626725e-13 4.783858352507345219e-13 -4.421165757071867962e-13 4.553064328527176348e-13 -7.991403665553538999e-13
-4.108226599220256167e-13 -3.081589181349233634e-13 -4.418902390714954225e-13 -8.939587127063195632e-14 -1.790549750163717023e-13 -4.039128702140724324e-14 -2.593395268329387727e-14 -4.073776203258428226e-15 -1.973720499368887477e-13 3.102308258338855046e-13 -2.830115931085210653e-14
-3.115823979254878654e-13 -6.880156389137450040e-14 -2.439420861435102414e-13 -7.731335248935527489e-14 -2.813452836294177578e-13 5.550352311098330103e-14 7.117644618876589676e-14 -5.458784612780304017e-14 -1.876728789919782211e-13 -2.299208353070570782e-13 3.726547250384061248e-13
-2.251989625426545766e-13 6.455534062848521607e-14 -5.194735458797572640e-14 1.134777049733254978e-14 -1.171823649350226340e-13 5.457012192440446108e-14 9.679067751467347359e-14 -2.218303161225727970e-14 1.172432586722736701e-13 -1.628038626438298470e-13 -1.416421687704028007e-13
-1.537612493369299286e-13 1.203029343016071126e-13 7.693361961627007161e-14 1.106727377772695499e-13 5.685182590104721112e-14 -2.480002517320024390e-14 -4.618699691272986526e-14 -2.279214232172136628e-14 -5.216220167220716807e-14 -1.065525889329357525e-14 -1.117206336016320796e-14
-4.906240106054631455e-13 -7.369810234497182726e-13 -2.629242573291998541e-12 1.803690548339355631e-12 8.070057057025194819e-12 7.592832314015142237e-12 -1.509281057685222634e-11 1.338548690382592437e-11 -1.131945901168307949e-10 -4.751306257440710272e-12 6.242725524023042181e-12
-5.660400791103416695e-13 -1.270386619372189938e-12 -1.651676484067712678e-12 2.688070374601148382e-12 5.023413181249072570e-12 9.239584648850412369e-12 -1.802865589228753367e-11 1.557413707195651378e-11 -1.030182284097456950e-10 -7.555110367018251460e-12 9.857726201350879311e-12
-6.528357042901350024e-13 -1.901855942451361191e-12 -4.526668665828472167e-13 3.654760312487426136e-12 1.419763944389857581e-12 1.122930850735175620e-11 -2.108617644705293288e-11 1.716410968844553032e-11 -8.754140492206932956e-11 -9.321655476276152174e-12 1.407936498692046501e-11
-7.503786453743608869e-13 -2.598855877631317000e-12 8.561505079853924433e-13 4.666027954667284705e-12 -2.415824108047786030e-12 1.345921459927974883e-11 -2.413173391095235360e-11 1.795846878800478255e-11 -6.867655318122424375e-11 -1.037302915062159492e-11 1.710199649125053911e-11
-8.512158393845692673e-13 -3.301464242178193436e-12 2.118934212176007074e-12 5.643593463392246534e-12 -5.993114906052121173e-12 1.562427981573290944e-11 -2.670245124661363273e-11 1.803149968855510752e-11 -4.742371435242635638e-11 -1.094930960335876738e-11 1.791293458419811059e-11
-9.410448023123092278e-13 -3.921804681396457605e-12 3.127572695561286749e-12 6.448959319507954146e-12 -8.610539048382783586e-12 1.711228199263062067e-11 -2.785345324732935458e-11 1.748812503446692871e-11 -2.655880397287340120e-11 -1.227882488015660634e-11 1.552730765053536545e-11
-9.948397826719377152e-13 -4.306457918245196087e-12 3.547384334464334248e-12 6.764369539370591730e-12 -9.018070940753706760e-12 1.680129848758171463e-11 -2.537778099666743058e-11 1.476297706553495968e-11 -1.081021537883196115e-11 -1.255510175291990343e-11 1.228005761683420257e-11
-1.005616808333992781e-12 -4.392928244779969452e-12 3.271777743093133502e-12 6.422045638084606657e-12 -6.774529116225594525e-12 1.438244621475150102e-11 -1.863254289231163626e-11 8.104836645588380949e-12 -1.733261557592917746e-12 -9.069716262281289603e-12 1.016701215974257318e-11
-9.946685711923907324e-13 -4.274457584499628677e-12 2.610524737828067966e-12 5.765020945372925076e-12 -3.512280191930413855e-12 1.123601470991530878e-11 -1.104184841767665636e-11 1.461074714018888233e-12 4.082331009645799375e-12 -4.544346733943513786e-12 8.182109940625126849e-12
-9.704315059996504322e-13 -3.978853930297597856e-12 1.792142079778370429e-12 4.946301221579752295e-12 -4.549214960309464984e-13 8.101790506083352231e-12 -4.922723420303194376e-12 -2.113001333125898757e-12 6.275931833802813004e-12 -2.217933915093185632e-12 5.881483693759911232e-12
-9.380426415258759420e-13 -3.554178665540987899e-12 1.014648509045939203e-12 4.076385376705338166e-12 1.564393818968271824e-12 5.546504294641532375e-12 -1.456977976226929538e-12 -2.642330846690372616e-12 6.547399718473533651e-12 -1.533697668554069554e-12 3.529228313797504819e-12
-8.925158157811482387e-13 -3.030998491817847906e-12 3.710091248525851978e-13 3.147519909006339121e-12 2.479447711645202737e-12 3.504047172204854305e-12 -1.967371049418059837e-13 -2.733965841485036237e-12 5.125015408021997658e-12 -5.853682916499509764e-14 3.306374936079204004e-12
-8.284684813579005558e-13 -2.428671872687796192e-12 -1.303691150997159492e-13 2.191064591810913537e-12 2.571059730987131653e-12 1.892872775620262854e-12 -1.127664680582716408e-13 -1.940660013060922098e-12 2.782916850722455245e-12 4.659481226931305731e-13 2.216196317335748025e-12
-7.451563216523659585e-13 -1.797218772783394449e-12 -4.696072869588756539e-13 1.279370392128176352e-12 2.132853652895467612e-12 6.607993665880111097e-13 -3.062514872053374884e-13 -6.490144845171329360e-13 9.080333394101790749e-13 3.532342052753803554e-13 8.713490280752173610e-13
-6.460783698056993310e-13 -1.203564086635992392e-12 -6.169622188520279595e-13 5.503199358082229744e-13 1.318253631352354754e-12 1.223283889447315569e-14 -4.142523547514314315e-13 6.393763644298185975e-13 -6.625922863312813539e-13 5.667042089942802832e-14 2.999238005327030733e-14
-5.381383911907503890e-13 -7.068428439884552800e-13 -5.934542298321833290e-13 8.801261472633455750e-14 4.222780910739988290e-13 -1.692698545804220015e-13 -2.713092864584496800e-13 4.909192383828485515e-13 -4.836926861943938209e-13 4.572859310061696698e-13 -8.372332241199372843e-13
-4.290070999069590929e-13 -3.332707709877394318e-13 -4.503563709324581229e-13 -9.805529775223699187e-14 -1.707291839466180133e-13 -4.755361823254407340e-14 -4.485422275680023785e-14 -9.325073287183446373e-15 -2.356829122601225969e-13 2.946026917173035756e-13 -5.388904554450301005e-14
-3.262313020893632687e-13 -7.992481025759614865e-14 -2.517131853249616151e-13 -9.036544298574661270e-14 -2.838339148096770920e-13 6.391567269114583173e-14 6.029085453070983310e-14 -7.671828722031056130e-14 -2.305978326449430740e-13 -2.715593977868914109e-13 3.848918001807051555e-13
-2.364089560068751922e-13 6.255433343231029585e-14 -5.495339252958653758e-14 3.496353596694822147e-16 -1.167837489139032497e-13 6.915336666440898503e-14 9.871051762042156225e-14 -3.920444764810052894e-14 1.190237547837123066e-13 -1.956730580499417166e-13 -1.508420309805078257e-13
-1.618394497615053669e-13 1.234138223098660603e-13 7.901672733996900061e-14 1.047543852965797873e-13 6.308104058741933768e-14 -1.087431900982786951e-14 -4.329811030089244639e-14 -2.033663684684659759e-14 -5.202417899789735812e-14 -1.128051567661503624e-14 -2.116648640892228306e-14
-4.608720605205782141e-13 -8.250271394162872118e-13 -2.100536269654481934e-12 1.935683672804228252e-12 6.375140689214765431e-12 7.389583803370527014e-12 -1.466665638588672999e-11 1.474161514526345635e-11 -9.824047469520650856e-11 -7.691234966145866174e-12 8.421971277841105131e-12
-5.306196556882524960e-13 -1.321877288962153074e-12 -1.182165204991469396e-12 2.728117276171733582e-12 3.569927446867130633e-12 8.923864533692203396e-12 -1.714137197330062167e-11 1.623513482480083574e-11 -8.739000658089369698e-11 -9.709119135571498316e-12 1.122216416836407995e-11
-6.091539370585056115e-13 -1.891560199447734342e-12 -1.082122085802830846e-13 3.572248044484361630e-12 4.097773486533662012e-13 1.068336330003125042e-11 -1.958734765625588538e-11 1.713973140021349511e-11 -7.234076795679992038e-11 -1.086078453189193142e-11 1.405062938542299101e-11
-6.939299783253082075e-13 -2.496420632260294227e-12 1.006630939546309590e-12 4.422118603048554905e-12 -2.768011130755001150e-12 1.251562416519323981e-11 -2.179492164397057947e-11 1.731588747132406408e-11 -5.491364397099682240e-11 -1.153177442856508743e-11 1.543241192214017245e-11
-7.761668859990939397e-13 -3.073073581929325913e-12 2.006043304631784602e-12 5.187949170833503221e-12 -5.465878001187964027e-12 1.405570000698835824e-11 -2.322328380273419437e-11 1.679406079863937765e-11 -3.639238001582715800e-11 -1.189436513692183181e-11 1.507606922695692147e-11
-8.428147548953551688e-13 -3.537936416382210765e-12 2.701566310436939316e-12 5.722136249135641039e-12 -7.031531464043507375e-12 1.474319447475716642e-11 -2.295328208608039541e-11 1.537187751195907589e-11 -1.938393693470520566e-11 -1.249233854952015894e-11 1.266587599129393441e-11
-8.778363618718088758e-13 -3.785112493194084787e-12 2.873580925502875011e-12 5.809141870938881957e-12 -6.680758239851716580e-12 1.388605475071758938e-11 -1.964007550209657114e-11 1.197563646661579186e-11 -7.251042463722813241e-12 -1.169427127192641973e-11 1.018071954801736521e-11
-8.816709286831466302e-13 -3.799213648206717680e-12 2.531669237718104889e-12 5.426193435844512196e-12 -4.535295763132904088e-12 1.161094676786458703e-11 -1.373661920292236209e-11 6.254862702892778446e-12 -9.565931962782707690e-14 -8.536182953685214605e-12 8.448307154286933749e-12
-8.686084287501379845e-13 -3.641734951954178354e-12 1.914175761126289894e-12 4.813819027579323656e-12 -1.849622557978643912e-12 8.928166561096571312e-12 -7.788888933574887576e-12 1.225944792999685050e-12 4.355574971846771988e-12 -5.071682903790220440e-12 6.810565341150568433e-12
-8.446642381805453604e-13 -3.343007686890510654e-12 1.211197122751536379e-12 4.085571416269630411e-12 4.745311765155031975e-13 6.369968655004553572e-12 -3.352170034302118403e-12 -1.186619877536064849e-12 5.806225737718372402e-12 -3.356672779519441086e-12 4.866521971433578151e-12
-8.115804720350633168e-13 -2.940217519945379128e-12 5.661176558068736056e-13 3.315017073196761282e-12 1.888599987004563891e-12 4.307742962169609678e-12 -1.076427785562610955e-12 -1.628797111297135638e-12 5.689950482199153078e-12 -2.373919211729314850e-12 2.962925353752919973e-12
-7.653806770984382685e-13 -2.459631114368554482e-12 4.173306702273377151e-14 2.504725896815087290e-12 2.426111106453901719e-12 2.660277283113716171e-12 -3.804892468051048506e-13 -1.765361243349659299e-12 4.267268277040203080e-12 -8.359135205830597339e-13 2.900729739579774146e-12
-7.029612553215909222e-13 -1.928157884943198992e-12 -3.453276952591693538e-13 1.699840957767082062e-12 2.306390651538277050e-12 1.400523191328597181e-12 -4.306358560496788597e-13 -1.121453882290952125e-12 2.287950494145533941e-12 -2.216099986991864940e-13 1.741392871833584683e-12
-6.247336601311824210e-13 -1.393085705341669273e-12 -5.774213640058710529e-13 9.620834661459688485e-13 1.796372801834211161e-12 4.747072276756050709e-13 -4.984139166624196242e-13 -1.658158307557285455e-13 7.138965789971536723e-13 -7.938171894957887433e-14 4.510090980762625912e-13
-5.349051571506058374e-13 -9.084457315952425806e-13 -6.400309960473148396e-13 4.019054220703003857e-13 1.024827725713024322e-12 1.973735631179810823e-14 -4.298109484862192472e-13 6.980544937566973239e-13 -4.075635004823172144e-13 -1.488095807264011696e-14 -1.827915229227625721e-13
-4.398157227786391746e-13 -5.145469706311745436e-13 -5.626339507901643356e-13 6.538512943080904395e-14 2.579187747644666570e-13 -9.833585904505599393e-14 -1.699716808095785203e-13 4.245407174667324120e-13 -2.919378160560350297e-13 4.564559001480040502e-13 -6.474146545672369822e-13
-3.460502081075738568e-13 -2.250674412176744101e-13 -3.991651387406637091e-13 -5.611111178121460483e-14 -2.081302202409258737e-13 -2.856221201570449101e-14 4.550081780781258147e-14 8.926429492465616582e-15 -4.211687436104268713e-14 3.831832978588520475e-13 6.832432733177262226e-14
-2.598244798355003109e-13 -3.399316947378510709e-14 -2.085524066005836759e-13 -3.219972105456962742e-14 -2.700954908673224213e-13 1.612629914739507905e-14 1.062133716343133492e-13 1.852096322696040348e-14 -3.027383887123701426e-14 -7.064298834059124577e-14 3.265919731842939793e-13
-1.859230024920930045e-13 6.848135964084895655e-14 -3.727468129529874383e-14 4.646755452650601502e-14 -1.167008993244674452e-13 4.252072148552015925e-16 8.745505551786634663e-14 2.799176810002902970e-14 1.068976532612877118e-13 -2.900806976155380481e-14 -1.148159714179358662e-13
-1.257276170245749272e-13 1.074006570610595793e-13 7.119817342197242323e-14 1.271483823081551910e-13 3.567137405678454903e-14 -7.217359234799070991e-14 -5.316550219690993500e-14 -3.908294299110624593e-14 -4.394604807300647335e-14 -1.038874898169456792e-14 3.362046471280670988e-14
-4.689782008990985323e-13 -7.972401740341959971e-13 -2.249123049642849984e-12 1.881328224900179139e-12 6.878368834394472810e-12 7.438620088973479397e-12 -1.470663902993306392e-11 1.405164881294717587e-11 -1.023140349669883879e-10 -6.462442244347135504e-12 7.437119095876053903e-12
-5.402200537938724854e-13 -1.302363548903323041e-12 -1.319675774371101680e-12 2.696714259806286501e-12 4.024619685585154523e-12 8.996201712010298329e-12 -1.730211785791638722e-11 1.572640668308306469e-11 -9.178276264811296403e-11 -8.684413603964781091e-12 1.038994772153636745e-11
-6.208377257736137082e-13 -1.887255401919133690e-12 -2.164537648724812774e-13 3.573817258768577198e-12 7.568338847380841625e-13 1.080845599510357210e-11 -1.991504568004062658e-11 1.684878031100986018e-11 -7.675345400740290152e-11 -1.004821015227770093e-11 1.357695597400250059e-11
-7.088300785624700619e-13 -2.515761555585716277e-12 9.474478724365450189e-13 4.467790484962901926e-12 -2.592225897161133715e-12 1.273669880175486060e-11 -2.235236156450274803e-11 1.724161175953077651e-11 -5.906237048422453721e-11 -1.088852189051408703e-11 1.547206213468531221e-11
-7.959345958434167676e-13 -3.125831484362256217e-12 2.016743820908173723e-12 5.291615955399375514e-12 -5.528962657549084344e-12 1.443529922122961106e-11 -2.409889071763434250e-11 1.692518103367545347e-11 -3.993989725868744208e-11 -1.135772885042064644e-11 1.560935690974614436e-11
-8.692114710645084333e-13 -3.634290045290445047e-12 2.801729902608200598e-12 5.901490701684559507e-12 -7.400047112364382069e-12 1.535122156521097882e-11 -2.425272381977482757e-11 1.574809406046925718e-11 -2.194134159826697220e-11 -1.210398021875004141e-11 1.343458873979015503e-11
-9.111099836446391346e-13 -3.927994265668018285e-12 3.063518554959196398e-12 6.072544974589524078e-12 -7.355612139456795924e-12 1.472633194998495993e-11 -2.136311355252126293e-11 1.267617960500568023e-11 -8.639558560521783400e-12 -1.167849842884221544e-11 1.081727201435392295e-11
-9.185102103320056713e-13 -3.971704485301336862e-12 2.763739585456460252e-12 5.727196444369700287e-12 -5.294606437351133094e-12 1.249788747280179492e-11 -1.543929573441233008e-11 6.925788513846282154e-12 -7.326838084250237005e-13 -8.668371641388503242e-12 8.958286376584950066e-12
-9.066343282191940002e-13 -3.829771189612668991e-12 2.145167102035636738e-12 5.110419066531018149e-12 -2.486828046949401423e-12 9.711629565487869712e-12 -9.082510009918209614e-12 1.471862424022281742e-12 4.154214577775909631e-12 -4.950964014320336180e-12 7.224824558341478429e-12
-8.826867108969533247e-13 -3.536405998782905901e-12 1.413940477233239427e-12 4.359432933482227269e-12 5.566681347059545625e-14 6.983066731039249872e-12 -4.105077937647668838e-12 -1.374862963881953195e-12 5.894059273896259966e-12 -2.973252221206281675e-12 5.171165677202799737e-12
-8.496003465696203397e-13 -3.129865710300278981e-12 7.303203077435307752e-13 3.558865683733527285e-12 1.676837948210172985e-12 4.755934640044109653e-12 -1.385765115403682303e-12 -1.959772475524072287e-12 5.899353646357236721e-12 -2.002514617115040116e-12 3.130667315769527591e-12
-8.035273635249109106e-13 -2.638889974280515095e-12 1.679665996150668737e-13 2.714527308629705328e-12 2.363653575099335965e-12 2.971772354724176821e-12 -4.134368737212552274e-13 -2.066261702692363331e-12 4.506306373446013122e-12 -5.501666057736807136e-13 2.991644983207085309e-12
-7.408621862182325340e-13 -2.089909728094682773e-12 -2.525425628186491846e-13 1.866829466143641060e-12 2.331153883090522742e-12 1.596667531363402393e-12 -3.475856098280748783e-13 -1.384301517329641967e-12 2.427999042285189764e-12 2.098090562617404233e-14 1.826800637230078824e-12
-6.615391228276377433e-13 -1.529070095298342076e-12 -5.172107948602935050e-13 1.078245728351661455e-12 1.864237194973207807e-12 5.678684878525791909e-13 -4.052906388459141344e-13 -3.490377856434059189e-13 7.477064337284751620e-13 9.749010613862769080e-14 5.599828087101934766e-13
-5.694455167648277203e-13 -1.012732418531989290e-12 -6.073920117253874125e-13 4.641990550559714921e-13 1.095890118043497644e-12 3.354921037161697064e-14 -3.799398201932187199e-13 6.431510325678938288e-13 -4.836133964115492802e-13 4.796029883160261487e-14 -1.217451565400192386e-13
-4.709713251354373140e-13 -5.864761662263293557e-13 -5.507639668090970662e-13 8.312502348779785979e-14 3.039038337751004779e-13 -1.236098938593923183e-13 -1.666020458807320714e-13 4.349061023645123732e-13 -3.545392819063455623e-13 4.663874354890828646e-13 -6.874552753909358162e-13
-3.729092280020045761e-13 -2.683066702625264984e-13 -3.994877435411050453e-13 -6.622216004715884649e-14 -1.958644227758209557e-13 -5.183714179739910047e-14 2.256992602646683817e-14 -3.727078281611386572e-15 -7.702547937296587636e-14 3.769020667904588306e-13 3.417173601364353012e-14
-2.818574315195636456e-13 -5.508064772103107334e-14 -2.123608847423661586e-13 -5.259618200847466712e-14 -2.720915636952159540e-13 1.885273052776598267e-14 8.657440875790645033e-14 -1.932664698259699236e-14 -8.447884546491484299e-14 -1.196568891803500774e-13 3.426771610077340528e-13
-2.030988001831020901e-13 6.242340015653574632e-14 -3.764554487437449706e-14 2.646924588890317241e-14 -1.145560173763584672e-13 1.926735290057115074e-14 8.775333541811406769e-14 -5.335611265136857612e-15 1.053943789125850672e-13 -6.068525042328054877e-14 -1.343147458253905500e-13
-1.383647719574723468e-13 1.102264474407069171e-13 7.608619033497544380e-14 1.140762252008214656e-13 4.585174294660470334e-14 -4.976315465154746032e-14 -4.611437895798274926e-14 -4.046185661106978743e-14 -3.705683177197503276e-14 -1.042825869297678616e-14 2.529354194816669992e-14
-4.758871468302087289e-13 -7.735533763773910255e-13 -2.375757602179756416e-12 1.834961878603144182e-12 7.307327308008514073e-12 7.480418141965813107e-12 -1.474056473647426924e-11 1.346285432548142740e-11 -1.057856791442903074e-10 -5.414121745055789772e-12 6.596775968503920617e-12
-5.484026935919370191e-13 -1.285724915018109347e-12 -1.436875716570365338e-12 2.669896870336887615e-12 4.412252710907733317e-12 9.057859352600411051e-12 -1.743892741239700229e-11 1.529186817398540775e-11 -9.552653769921012662e-11 -7.809711210318241002e-12 9.679335988884263267e-12
-6.307959701310951561e-13 -1.883576606152831519e-12 -3.087158627262054792e-13 3.575099322391515420e-12 1.052761239569955624e-12 1.091506371860344208e-11 -2.019414816670671757e-11 1.659984414390331220e-11 -8.051450539541640943e-11 -9.354291598914699690e-12 1.317165859962899419e-11
-7.215292687389934473e-13 -2.532233270713244596e-12 8.969897893830596769e-13 4.506662443020925211e-12 -2.442249132629102863e-12 1.292509560282784962e-11 -2.282728078225876361e-11 1.717743256428220234e-11 -6.259868504490335016e-11 -1.033902657578718783e-11 1.550414124250085420e-11
-8.127818133747317164e-13 -3.170781984810656379e-12 2.025839242946634704e-12 5.379921424513343933e-12 -5.582562427596115420e-12 1.475877068188747869e-11 -2.484499539301036888e-11 1.703623732629506291e-11 -4.296416429402335777e-11 -1.089936354523750292e-11 1.606240459014494042e-11
-8.917077291621542771e-13 -3.716393957973775070e-12 2.887065779419796579e-12 6.054306785285065221e-12 -7.713952150567349260e-12 1.586933614563759375e-11 -2.536005791455269644e-11 1.606821095315228716e-11 -2.412212505404767938e-11 -1.177224379876777685e-11 1.408869037710421100e-11
-9.394668909148774858e-13 -4.049748687783486908e-12 3.225361033825844356e-12 6.296970931949558426e-12 -7.930563292553090827e-12 1.544233354955428710e-11 -2.283137463479560340e-11 1.327244806438335348e-11 -9.824601904699689908e-12 -1.166381043520465903e-11 1.135973970986646984e-11
-9.499141514802141708e-13 -4.118733691381166844e-12 2.961586297291124040e-12 5.983772335418199044e-12 -5.941994916037699834e-12 1.325405571190401730e-11 -1.689114412066091405e-11 7.497529139698236284e-12 -1.276227723931507422e-12 -8.780318567602517195e-12 9.392812873005349559e-12
-9.390522748130891125e-13 -3.990065407331619587e-12 2.342134703161755038e-12 5.363295213584677777e-12 -3.030366037452194651e-12 1.037975206522940931e-11 -1.018613721313925558e-11 1.682007993412549157e-12 3.982308463796843650e-12 -4.848154893630969491e-12 7.577845244054818427e-12
-9.151040481948056655e-13 -3.701284487100152203e-12 1.586862550235840404e-12 4.592952254740123179e-12 -3.018823624321444041e-13 7.506063878802518824e-12 -4.747993350003327869e-12 -1.534657226398850121e-12 5.968717755153291949e-12 -2.646657372994512371e-12 5.430831183740126127e-12
-8.820143121979940162e-13 -3.291553190830734287e-12 8.703858347355174698e-13 3.766796823541797962e-12 1.495903989255187390e-12 5.138300219056503488e-12 -1.650325124597540594e-12 -2.241761263812627240e-12 6.077811166909338150e-12 -1.685644771036986172e-12 3.273762966089632331e-12
-8.360485811761986124e-13 -2.791725610190103139e-12 2.756613734635645135e-13 2.893428421504433303e-12 2.310102925496323003e-12 3.237535089069007280e-12 -4.420725537875264475e-13 -2.322754650262873224e-12 4.710050006032208669e-12 -3.064299527715842672e-13 3.069103137369331426e-12
-7.731738818523883692e-13 -2.227827216322805322e-12 -1.733687326778522961e-13 2.009239453547330649e-12 2.352045716680716429e-12 1.764054267562704593e-12 -2.770661148761075382e-13 -1.608293591217959413e-12 2.547408323446011760e-12 2.277880690035396199e-13 1.899501204809295553e-12
-6.929172376151335656e-13 -1.645029743408885097e-12 -4.658025441606168672e-13 1.177328161057131391e-12 1.921940861012147527e-12 6.474298712219898038e-13 -3.259467982950847413e-13 -5.051765749879213820e-13 7.763929163433258387e-13 2.482125699711879612e-13 6.527617453931536289e-13
-5.988937226483725879e-13 -1.101678655641002652e-12 -5.794918627120881724e-13 5.173639075192522680e-13 1.156380914623681298e-12 4.542101834536356009e-14 -3.373435282970593951e-13 5.962819175513463843e-13 -5.483796745736736630e-13 1.015975073853187477e-13 -6.982065608233600761e-14
-4.975352141181826568e-13 -6.478388870671373126e-13 -5.405721122461298645e-13 9.829573273032791193e-14 3.430508851703383423e-13 -1.451148192642226081e-13 -1.636036848941584605e-13 4.437412113120928882e-13 -4.079981232638989581e-13 4.748406935515806774e-13 -7.215267784079749477e-13
-3.958113176548801285e-13 -3.052066980132734572e-13 -3.997009207938407398e-13 -7.481646164172302663e-14 -1.854303296861097236e-13 -7.171607148256842061e-14 3.092074478891910509e-15 -1.448716064074125788e-14 -1.066034339861781930e-13 3.715820220706323789e-13 4.998852708863084858e-15
-3.006459733172441597e-13 -7.308519282433530042e-14 -2.155615126461910285e-13 -6.998450482844401947e-14 -2.738112179346774116e-13 2.110695946847753101e-14 6.981123894371607974e-14 -5.161341495206424641e-14 -1.304845159600895302e-13 -1.613244119840469622e-13 3.563762876214318908e-13
-2.177468358506286653e-13 5.724130113270308088e-14 -3.793119443894558500e-14 9.406856292759404538e-15 -1.127357760119088062e-13 3.529694545723188335e-14 8.798285292738665854e-14 -3.372487036775872549e-14 1.041208190427208694e-13 -8.759235706476999322e-14 -1.509716049204461868e-13
-1.491433435492459263e-13 1.126262258919409685e-13 8.027175735159931993e-14 1.029128717841393590e-13 5.453266668143662467e-14 -3.065944790049812508e-14 -4.010677466276388054e-14 -4.158393410448281854e-14 -3.120315737141158145e-14 -1.037587095909087818e-14 1.816581141218740537e-14
-4.819035639051789555e-13 -7.529265461764328759e-13 -2.486032930526120772e-12 1.794585344937009094e-12 7.680870989320285589e-12 7.516816533818141438e-12 -1.477010776099217725e-11 1.295012294141720733e-11 -1.088088406249653382e-10 -4.501227985315493395e-12 5.864992124713878759e-12
-5.555282630103249626e-13 -1.271235734812088218e-12 -1.538935240366459694e-12 2.646543870252305558e-12 4.749809553865516457e-12 9.111551780919034357e-12 -1.755806328222643025e-11 1.491346527309216725e-11 -9.878667495847341564e-11 -7.048006768498322955e-12 9.060524235075964857e-12
-6.394677634847205745e-13 -1.880373053495163768e-12 -3.890591259235504456e-13 3.576215760907394856e-12 1.310459366378668358e-12 1.100789937442617821e-11 -2.043719492452945832e-11 1.638306663446088275e-11 -8.378968716799947371e-11 -8.750016521809550971e-12 1.281871930356113666e-11
-7.325879201307530840e-13 -2.546577094767733842e-12 8.530501090718707664e-13 4.540512743537483422e-12 -2.311647038146945365e-12 1.308915445284409733e-11 -2.324084778109243502e-11 1.712154428898938698e-11 -6.567816251953496427e-11 -9.860517494153330965e-12 1.553207615170714729e-11
-8.274526311747851066e-13 -3.209925575875665701e-12 2.033759676426003057e-12 5.456819191873425979e-12 -5.629237930236035876e-12 1.504045463515713213e-11 -2.549471488681585430e-11 1.713294683344890093e-11 -4.559774286998665822e-11 -1.050021189659057359e-11 1.645692545591677893e-11
-9.112978189003533215e-13 -3.787891315430302142e-12 2.961377580755564165e-12 6.187381394523801647e-12 -7.987305509800253385e-12 1.632051833872557537e-11 -2.632434157868408372e-11 1.634697367503407179e-11 -2.602118508918776723e-11 -1.148336255567872043e-11 1.465829215812239881e-11
-9.641605246520775587e-13 -4.155774322436869643e-12 3.366295968230057410e-12 6.492404526906822029e-12 -8.431239647925515164e-12 1.606583881979837192e-11 -2.410995910298252599e-11 1.379168783652470613e-11 -1.085655605660745177e-11 -1.165101985303265464e-11 1.183212896467731244e-11
-9.772611897785741083e-13 -4.246769000529758207e-12 3.133874278500762747e-12 6.207202593858005765e-12 -6.505750832204911856e-12 1.391253872776656663e-11 -1.815543619315313916e-11 7.995409717695966514e-12 -1.749554210462332205e-12 -8.877803647452963556e-12 9.771205265654743683e-12
-9.672823249000583898e-13 -4.129652094800462101e-12 2.513657143253742303e-12 5.583503680521497524e-12 -3.503687352358183352e-12 1.096156349647731363e-11 -1.114719291154369636e-11 1.865006031392414690e-12 3.832609946496431819e-12 -4.758627121646463431e-12 7.885261119935152218e-12
-9.433335677900536886e-13 -3.844863228832268083e-12 1.737445773462481487e-12 4.796304498967096017e-12 -6.132417437203179455e-13 7.961497910569989681e-12 -5.307854097642956307e-12 -1.673808516474535658e-12 6.033731504137453660e-12 -2.362253530543022074e-12 5.656951929258704996e-12
-9.102408956569528995e-13 -3.432353153918481599e-12 9.923570688413474660e-13 3.947866483178254143e-12 1.338343877009028186e-12 5.471270100783161142e-12 -1.880708117182845639e-12 -2.487321457174946030e-12 6.233214738574988012e-12 -1.409709594505231072e-12 3.398372878083796604e-12
-8.643685613294753748e-13 -2.924817250159077252e-12 3.694436544416559830e-13 3.049218283849578071e-12 2.263470175690900938e-12 3.468965404978284008e-12 -4.670089749337763364e-13 -2.546112681900549759e-12 4.887473116281184907e-12 -9.418029250957741842e-14 3.136554895723248032e-12
-8.013114069764660713e-13 -2.347927902408681354e-12 -1.044229317057554130e-13 2.133252278748197010e-12 2.370238638740331304e-12 1.909817238258758130e-12 -2.156566608869806186e-13 -1.803349354653426526e-12 2.651391775632964309e-12 4.078789488011002777e-13 1.962809976328427204e-12
-7.202417860791722895e-13 -1.746009202526767869e-12 -4.210354398052492048e-13 1.263610680583140050e-12 1.972190100080614120e-12 7.167131627060484394e-13 -2.568529570940140219e-13 -6.411446465798777589e-13 8.013735469627818920e-13 3.794640214085689176e-13 7.335550697524735708e-13
-6.245376765862741767e-13 -1.179134418422678181e-12 -5.551959775201109472e-13 5.636606871979052356e-13 1.209057232842291091e-12 5.575917761606285854e-14 -3.002500152232194003e-13 5.554675651186026576e-13 -6.047791523514696936e-13 1.483056201525670694e-13 -2.460399976007471133e-14
-5.206674602681889483e-13 -7.012744967213992352e-13 -5.316968842308369848e-13 1.115066234444798575e-13 3.771407411929612421e-13 -1.638416394219314066e-13 -1.609926607523102449e-13 4.514349616948079454e-13 -4.545509127017238640e-13 4.822019206196746645e-13 -7.511967673472261042e-13
-4.157548122730696550e-13 -3.373398154469935989e-13 -3.998865560447740431e-13 -8.230051132407583885e-14 -1.763441611444698260e-13 -8.902695199615914987e-14 -1.386953653573892678e-14 -2.385720480754490269e-14 -1.323603750620488128e-13 3.669492440329614372e-13 -2.040534543689812652e-14
-3.170073267802723618e-13 -8.876383084036940464e-14 -2.183486668202372471e-13 -8.512652558929305600e-14 -2.753087204515792660e-13 2.306997396236974577e-14 5.521361081121550579e-14 -7.972923111552115488e-14 -1.705469616041551205e-13 -1.976091339025536356e-13 3.683057002340904114e-13
-2.305025724491140823e-13 5.272864821744857154e-14 -3.817994104386454036e-14 -5.451337402192399489e-15 -1.111506821208109193e-13 4.925576121053110620e-14 8.818271926351864998e-14 -5.844667754221904188e-14 1.030117821629435135e-13 -1.110234780258329812e-13 -1.654766538549141430e-13
-1.585294908859444497e-13 1.147159896945989426e-13 8.391661489332367232e-14 9.319164989670266359e-14 6.209214940716337601e-14 -1.402364447359905799e-14 -3.487526030343502556e-14 -4.256105496213876907e-14 -2.610568714467855626e-14 -1.033024876722652560e-14 1.195887349986562343e-14
-4.873588793235882558e-13 -7.342234104501093460e-13 -2.586023787596109750e-12 1.757974397826883991e-12 8.019577329255963113e-12 7.549820347435179931e-12 -1.479689555071126824e-11 1.248520978844028600e-11 -1.115500567424435830e-10 -3.673472304307458840e-12 5.201455729832937518e-12
-5.619892892706883497e-13 -1.258097841027862330e-12 -1.631476513300432586e-12 2.625368812005548216e-12 5.055885251393419934e-12 9.160236758672069347e-12 -1.766608833075840667e-11 1.457035289242585415e-11 -1.017427660765996740e-10 -6.357340223292903364e-12 8.499423954566348795e-12
-6.473308101127421047e-13 -1.877468269757293220e-12 -4.619094349712211978e-13 3.577228078323456802e-12 1.544124112268282839e-12 1.109207701334770546e-11 -2.065757471348088100e-11 1.618650617677631672e-11 -8.675941972195300240e-11 -8.202097201828975859e-12 1.249869574729856910e-11
-7.426152222130836086e-13 -2.559583188488557680e-12 8.132083206683305571e-13 4.571206105347498939e-12 -2.193225124821155664e-12 1.323791288545940857e-11 -2.361584479318263630e-11 1.707086825229942734e-11 -6.847044250306194216e-11 -9.426635011434070200e-12 1.555740580161510008e-11
-8.407552226661419249e-13 -3.245418566670466628e-12 2.040941436293448840e-12 5.526545337979946355e-12 -5.671560393226684815e-12 1.529586824681355420e-11 -2.608384039648103381e-11 1.722063704138928321e-11 -4.798570927149031093e-11 -1.013828583304750288e-11 1.681465261097871463e-11
-9.290609023685008174e-13 -3.852720703402941236e-12 3.028758932635150791e-12 6.308045231341145205e-12 -8.235165453434841378e-12 1.672962248599048967e-11 -2.719869445045041079e-11 1.659973849448288025e-11 -2.774313544222562494e-11 -1.122142288555280281e-11 1.517477187413536709e-11
-9.865511866217306355e-13 -4.251911819692213086e-12 3.494087062512925938e-12 6.669611640666886449e-12 -8.885222044950783671e-12 1.663119489073090480e-11 -2.526930053264951718e-11 1.426250239326226942e-11 -1.179226834768950810e-11 -1.163942214280724344e-11 1.226046236583643926e-11
-1.002057795129351956e-12 -4.362863511294712079e-12 3.290094379263144959e-12 6.409795352991842152e-12 -7.016929879198345908e-12 1.450961045824183039e-11 -1.930181816123556032e-11 8.446857076468225942e-12 -2.178737435702266523e-12 -8.966197096989197720e-12 1.011430811752205065e-11
-9.928795908060582161e-13 -4.256220682013810018e-12 2.669183098624034240e-12 5.783175118112315046e-12 -3.932865888244160468e-12 1.148911416933840803e-11 -1.201861886367622305e-11 2.030937350201213211e-12 3.696872576322768479e-12 -4.677448867150512575e-12 8.164006849959945015e-12
-9.689303526794296453e-13 -3.975051564307929047e-12 1.873985340205143852e-12 4.980691754864336218e-12 -8.955632010578786825e-13 8.374457362733122695e-12 -5.815501246407639341e-12 -1.799982312276150802e-12 6.092681956309227792e-12 -2.104373690982068848e-12 5.861984255936737112e-12
-9.358350182399857294e-13 -3.560021864546115938e-12 1.102953050945908702e-12 4.112049267562783992e-12 1.195478098131230960e-12 5.773186625146406961e-12 -2.089605186330834395e-12 -2.709980274622007831e-12 6.374125099480345208e-12 -1.159508618193522507e-12 3.511361450296634443e-12
-8.900473702677120631e-13 -3.045496529460719594e-12 4.544796348172469740e-13 3.190478909353773032e-12 2.221186478164150964e-12 3.678812122199847989e-12 -4.896197815422134288e-13 -2.748639950313083682e-12 5.048349434868112906e-12 9.827459084330456433e-14 3.197715984296285802e-12
-8.268247769640307416e-13 -2.456827787064797256e-12 -4.190713748472829271e-14 2.245699449544172287e-12 2.386734856815203107e-12 2.041986097702327363e-12 -1.599743606619193738e-13 -1.980213874226094904e-12 2.745677547984131230e-12 5.711742361552267714e-13 2.020214460345558499e-12
-7.450179990427246845e-13 -1.837571139511032443e-12 -3.804433943896163815e-13 1.341846340441066607e-12 2.017753006625243012e-12 7.795349724620590814e-13 -1.942029291330148905e-13 -7.644320964763906333e-13 8.240244399802258345e-13 4.984747314584374988e-13 8.068134664638343006e-13
-6.477900302293500284e-13 -1.249366520408448829e-12 -5.331659693334403486e-13 6.056397477024759495e-13 1.256820864879731761e-12 6.513318195521320217e-14 -2.666159084618207657e-13 5.184596310202280508e-13 -6.559187155470520222e-13 1.906576521083958862e-13 1.639567160233848166e-14
-5.416423524148823549e-13 -7.497266073497026335e-13 -5.236493755904756282e-13 1.234854432351173606e-13 4.080513172317596821e-13 -1.808219633661383535e-13 -1.586251453142365554e-13 4.584111793641563779e-13 -4.967621070470650585e-13 4.888766266850233559e-13 -7.780996808734231022e-13
-4.338383414707359828e-13 -3.664761417825860166e-13 -4.000548786168274211e-13 -8.908658535825613615e-14 -1.681053846701369105e-13 -1.047233893214374399e-13 -2.924927785195352633e-14 -3.235338216240777305e-14 -1.557151784734362371e-13 3.627485270222834279e-13 -4.344030334506058812e-14
-3.318427916141296145e-13 -1.029802514764165448e-13 -2.208758860855014755e-13 -9.885637483998838539e-14 -2.766665632419324472e-13 2.484991426894589324e-14 4.197738317102537163e-14 -1.052229167735318460e-13 -2.068731130476255849e-13 -2.305098787834086809e-13 3.791225548208720843e-13
-2.420686865954924871e-13 4.863685325485832144e-14 -3.840548910175704426e-14 -1.892382980044125223e-14 -1.097134168736322615e-13 6.191275323612692124e-14 8.836394571145499995e-14 -8.086288546446044994e-14 1.020061760123582251e-13 -1.322693714021275330e-13 -1.786289363909112817e-13
-1.670402695976129095e-13 1.166108584442567041e-13 8.722154660341666278e-14 8.437704627124812249e-14 6.894662146676882877e-14 1.060674644574171196e-15 -3.013164618073720347e-14 -4.344704780775526812e-14 -2.148361596349549252e-14 -1.028888138137614636e-14 6.330805541805309791e-15
-4.925164874894759619e-13 -7.165409416103230983e-13 -2.680557947338613091e-12 1.723361382095721726e-12 8.339799799385060233e-12 7.581023078498947839e-12 -1.482222147887867965e-11 1.204566785996096374e-11 -1.141416793178972574e-10 -2.890888876786496230e-12 4.574129819843934763e-12
-5.680977246663424545e-13 -1.245676907973224850e-12 -1.718967627296324403e-12 2.605349318405635796e-12 5.345257797219250342e-12 9.206264902022637941e-12 -1.776821824111571287e-11 1.424596482908217547e-11 -1.045375375015326092e-10 -5.704364708348206864e-12 7.968944018644758097e-12
-6.547647548752088059e-13 -1.874722005866460079e-12 -5.307841595957478322e-13 3.578185151769370582e-12 1.765037314123599823e-12 1.117166091373615418e-11 -2.086592794552703190e-11 1.600067241020239730e-11 -8.956708814194232534e-11 -7.684078915659068885e-12 1.219613650579238855e-11
-7.520953147637175926e-13 -2.571879514258433172e-12 7.755407769501308899e-13 4.600224470349412195e-12 -2.081265728005380246e-12 1.337855327889841908e-11 -2.397037748298535409e-11 1.702295770728317129e-11 -7.111034228721960173e-11 -9.016430348521505918e-12 1.558135316374229427e-11
-8.533318656548570868e-13 -3.278974635409379321e-12 2.047731273521838069e-12 5.592466391624102243e-12 -5.711573236570696830e-12 1.553734343680032524e-11 -2.664081617130858836e-11 1.730354182332334957e-11 -5.024335965883815816e-11 -9.796110786076950865e-12 1.715285789330736131e-11
-9.458546195305605174e-13 -3.914012224538410067e-12 3.092463151953581829e-12 6.422124205907987785e-12 -8.469499193552145858e-12 1.711640101726810758e-11 -2.802533217009035686e-11 1.683870944207342539e-11 -2.937111558390616927e-11 -1.097377777832801018e-11 1.566306627843503318e-11
-1.007719946240598051e-12 -4.342802905115792699e-12 3.614904345967316761e-12 6.837148214518376817e-12 -9.314429731369580076e-12 1.716569837131818327e-11 -2.636537442476087018e-11 1.470762367565574338e-11 -1.267691698183813404e-11 -1.162845734300080882e-11 1.266542077268796921e-11
-1.025501201074438861e-12 -4.472622516809612421e-12 3.437789242467381137e-12 6.601332227678063650e-12 -7.500212881966570908e-12 1.507409881243571405e-11 -2.038563981473727946e-11 8.873668066635074050e-12 -2.584499289486395619e-12 -9.049766742822117477e-12 1.043868717347508992e-11
-1.017079963686852236e-12 -4.375882173048550652e-12 2.816221697282416098e-12 5.971950093478219942e-12 -4.338623308696288551e-12 1.198787536641926066e-11 -1.284248939067695899e-11 2.187813471153712470e-12 3.568542661218956918e-12 -4.600700669694324168e-12 8.427540878407919454e-12
-9.931302707924163525e-13 -4.098135266818904491e-12 2.003073674713707829e-12 5.155016636310456176e-12 -1.162477822020963012e-12 8.764880806937107158e-12 -6.295445093509394237e-12 -1.919270556319833227e-12 6.148415366842353608e-12 -1.860566860865671474e-12 6.055827566145398149e-12
-9.600324193322693994e-13 -3.680723443065000608e-12 1.207513593146222803e-12 4.267272275145732373e-12 1.060408785461122604e-12 6.058626972084470538e-12 -2.287102332236387184e-12 -2.920488163231032133e-12 6.507345705552964099e-12 -9.229616006277004865e-13 3.618184014372757638e-12
-9.143248362121866687e-13 -3.159590103622947208e-12 5.348750347516690916e-13 3.324030665240666164e-12 2.181210285169419752e-12 3.877207092097075773e-12 -5.109966720497959669e-13 -2.940114908050015579e-12 5.200446417030973155e-12 2.802268332271174640e-13 3.255539392297472393e-12
-8.509458322831478185e-13 -2.559784791253214254e-12 1.719704705954304462e-14 2.352010157490155058e-12 2.402330843989469803e-12 2.166942243001801339e-12 -1.073307529309471226e-13 -2.147426549693357015e-12 2.834817960697082980e-12 7.255581789839357336e-13 2.074486269032504440e-12
-7.684421254403564654e-13 -1.924136361853712073e-12 -3.420665366360327168e-13 1.415812526748878773e-12 2.060829455972545633e-12 8.389284727137037546e-13 -1.349718362552179619e-13 -8.809915081272754207e-13 8.454392293235390057e-13 6.109907933397136284e-13 8.760740086207483177e-13
-6.697734572977064979e-13 -1.315765918711962236e-12 -5.123381819881674930e-13 6.453279284566400056e-13 1.301977941769562295e-12 7.399562847000372342e-14 -2.348172809788803449e-13 4.834712925974153984e-13 -7.042674923733643164e-13 2.306984505094443837e-13 5.515791037702040541e-14
-5.614726035284606939e-13 -7.955345911761458058e-13 -5.160410353284573078e-13 1.348105553089419779e-13 4.372750424466661734e-13 -1.968756376916246851e-13 -1.563868298514397259e-13 4.650066911567952062e-13 -5.366697536365729731e-13 4.951870809552504301e-13 -8.035344496108305597e-13
-4.509350169848113628e-13 -3.940224415831836927e-13 -4.002140155155056660e-13 -9.550233000867512892e-14 -1.603162144178845672e-13 -1.195632412385635671e-13 -4.378971647935251182e-14 -4.038590643378935863e-14 -1.777954644016713309e-13 3.587770514074659124e-13 -6.521819836206959364e-14
-3.458686560109941301e-13 -1.164208541217601965e-13 -2.232651900429056645e-13 -1.118369592559245187e-13 -2.779503058982037985e-13 2.653271973831780244e-14 2.946348247195566904e-14 -1.293253619396120588e-13 -2.412168750704440111e-13 -2.616151654093989238e-13 3.893491124270593656e-13
-2.530036151885779128e-13 4.476835558229309007e-14 -3.861872856105669393e-14 -3.166110182883971157e-14 -1.083545860192571247e-13 7.387902835098478522e-14 8.853528228055735667e-14 -1.020557968977225322e-13 1.010554477694419706e-13 -1.523558346543857424e-13 -1.910634730469068258e-13
-1.750865984077414853e-13 1.184023204904522597e-13 9.034612170339503229e-14 7.604347288215197760e-14 7.542703152698706547e-14 1.532181284219961543e-14 -2.564690039894925563e-14 -4.428469028578095860e-14 -1.711378028562183000e-14 -1.024977149549187038e-14 1.009872306682934910e-15
-4.977393226138732962e-13 -6.986348469171612643e-13 -2.776287656997033493e-12 1.688310624007653532e-12 8.664072043191572333e-12 7.612620422234426405e-12 -1.484786769676089573e-11 1.160056715270732830e-11 -1.167660774942441689e-10 -2.098408310291781555e-12 3.938870273809241514e-12
-5.742834118917566912e-13 -1.233098890367889740e-12 -1.807565219620736446e-12 2.585076643046189668e-12 5.638289965583593391e-12 9.252875151263714757e-12 -1.787163976191569205e-11 1.391747430913266661e-11 -1.073676537011494185e-10 -5.043131173417912884e-12 7.431755234234440694e-12
-6.622927148500545009e-13 -1.871941010524867966e-12 -6.005299257658652680e-13 3.579154328835363692e-12 1.988744350405899660e-12 1.125225129121751545e-11 -2.107691616784911815e-11 1.581248844887562095e-11 -9.241026444281575202e-11 -7.159509379873733323e-12 1.188975087153487539e-11
-7.616952996441720721e-13 -2.584331348434732475e-12 7.373968610809831445e-13 4.629609823104550766e-12 -1.967890408281175559e-12 1.352097231562374501e-11 -2.432939385822630695e-11 1.697444124825347966e-11 -7.378362822504058930e-11 -8.601037928287275820e-12 1.560560338108763975e-11
-8.660675622727070556e-13 -3.312955079209277412e-12 2.054606979996653291e-12 5.659221132115148364e-12 -5.752092112032932939e-12 1.578187250262016680e-11 -2.720483587894738451e-11 1.738749508028792651e-11 -5.252956198789829364e-11 -9.449608335388001919e-12 1.749534037299693718e-11
-9.628607226079332283e-13 -3.976078884086666588e-12 3.156973022539097042e-12 6.537645908561773090e-12 -8.706796493843787876e-12 1.750807103964089643e-11 -2.886242417026928188e-11 1.708070259491323263e-11 -3.101968438513195060e-11 -1.072300076387870277e-11 1.615753602003903028e-11
-1.029156421848733061e-12 -4.434843467280843925e-12 3.737249575428415955e-12 7.006803581444921233e-12 -9.749065500440806897e-12 1.770696158383460318e-11 -2.747531009006013776e-11 1.515837429564051686e-11 -1.357275354725336730e-11 -1.161735387329001026e-11 1.307550058734071049e-11
-1.049241089896223996e-12 -4.583769616969062721e-12 3.587351965784631601e-12 6.795291421315959929e-12 -7.989607844645176322e-12 1.564572610997285821e-11 -2.148316829081271482e-11 9.305876829052147906e-12 -2.995392712771619954e-12 -9.134393272641610016e-12 1.076716857014482143e-11
-1.041586392618287418e-12 -4.497056993016292317e-12 2.965119856482135950e-12 6.163112458783337141e-12 -4.749512242442738287e-12 1.249294427198683419e-11 -1.367677920327770656e-11 2.346673565397490672e-12 3.438589789215057694e-12 -4.522981856441013129e-12 8.694407755887798314e-12
-1.017636239206398219e-12 -4.222775578143177050e-12 2.133794557275916756e-12 5.331546160994232040e-12 -1.432768046004141531e-12 9.160241839124495484e-12 -6.781458671132272393e-12 -2.040067409099879273e-12 6.204853623586879693e-12 -1.613676666019189569e-12 6.252122364250927666e-12
-9.845358388957261052e-13 -3.802951504294202455e-12 1.313396486541367574e-12 4.424458349360966796e-12 9.236312845739565340e-13 6.347677211968087198e-12 -2.487097175468543856e-12 -3.133658292760226923e-12 6.642251119182490994e-12 -6.834230314539760172e-13 3.726357536713046779e-12
-9.389093331913841155e-13 -3.275126590737561541e-12 6.162871753590704780e-13 3.459271416873392017e-12 2.140728523010408346e-12 4.078111113768323257e-12 -5.326439107616451844e-13 -3.134011401947367634e-12 5.354466931698029322e-12 4.644801805388926179e-13 3.314094078396152369e-12
-8.753719405549836287e-13 -2.664043866993835013e-12 7.704870758543704991e-14 2.459665350463714201e-12 2.418124069582488145e-12 2.293478677569992487e-12 -5.402137452409234376e-14 -2.316753922301592290e-12 2.925085709928955401e-12 8.818945772496479396e-13 2.129444439690447770e-12
-7.921624909090311769e-13 -2.011796352988036365e-12 -3.032043362437680034e-13 1.490714144995739036e-12 2.104450682361557647e-12 8.990731077934698494e-13 -7.499166240689504330e-14 -9.990250177270497960e-13 8.671248461402754161e-13 7.249298179420147015e-13 9.462104716294873354e-13
-6.920349032764237655e-13 -1.383005053667790882e-12 -4.912469907391417677e-13 6.855180357575497641e-13 1.347706108935114393e-12 8.297015614533572809e-14 -2.026165041138104621e-13 4.480404652904167953e-13 -7.532277241522008725e-13 2.712456349506361036e-13 9.441036558134938032e-14
-5.815536428769825188e-13 -8.419218971725481306e-13 -5.083364742354709655e-13 1.462788932607470542e-13 4.668683528454173628e-13 -2.131323388462867401e-13 -1.541202069564350093e-13 4.716856147209280179e-13 -5.770821023100836154e-13 5.015773419438193769e-13 -8.292908855099498596e-13
-4.682479098880160162e-13 -4.219171125870564507e-13 -4.003751649511160313e-13 -1.019992129859260940e-13 -1.524285364473907103e-13 -1.345907690789251339e-13 -5.851404442977027160e-14 -4.852001604716393758e-14 -2.001549942241748392e-13 3.547553494984411627e-13 -8.727151301701019099e-14
-3.600719020167259948e-13 -1.300314367316095169e-13 -2.256847109200436788e-13 -1.249817059000669459e-13 -2.792502837103759876e-13 2.823680722978621584e-14 1.679132156808081243e-14 -1.537326247511497940e-13 -2.759949741299330843e-13 -2.931138328740763783e-13 3.997050027468970886e-13
-2.640768350974872461e-13 4.085093397468489802e-14 -3.883466480428387104e-14 -4.455945897956379254e-14 -1.069785703600984253e-13 8.599663797824618139e-14 8.870878569461409550e-14 -1.235167298257565379e-13 1.000926958951383354e-13 -1.726963264219020768e-13 -2.036552661938891052e-13
-1.832346871331466581e-13 1.202164387051475053e-13 9.351021252443996489e-14 6.760450684916549076e-14 8.198939772291231103e-14 2.976330812128308069e-14 -2.110543714622726382e-14 -4.513292621783976378e-14 -1.268868037692927221e-14 -1.021016699585390777e-14 -4.378353453572848080e-15
-5.046671482809330763e-13 -6.748833214119555085e-13 -2.903268256973823436e-12 1.641817572974371580e-12 9.094202712341394695e-12 7.654532695021915642e-12 -1.488188610364318562e-11 1.101016366235142546e-11 -1.202472084454859147e-10 -1.047223071945986587e-12 3.096230737384447197e-12
-5.824884119926075611e-13 -1.216414788654500990e-12 -1.925085427984746353e-12 2.558185968549042289e-12 6.026982260470194022e-12 9.314701281091256463e-12 -1.800882315974517817e-11 1.348174831227784608e-11 -1.111216591655635805e-10 -4.166038459457561659e-12 6.719201583796444607e-12
-6.722781716131521945e-13 -1.868252161503415663e-12 -6.930441437426826145e-13 3.580439893223592212e-12 2.285480376881052622e-12 1.135915033617260081e-11 -2.135678133446889819e-11 1.556287197888936147e-11 -9.618159346772828826e-11 -6.463694522940830481e-12 1.148334588296337477e-11
-7.744291922571196392e-13 -2.600848074462909638e-12 6.868008932336561030e-13 4.668588001959152298e-12 -1.817503802668694534e-12 1.370988393825377317e-11 -2.480561085473136713e-11 1.691008662952683674e-11 -7.732960630736909520e-11 -8.050040971911122663e-12 1.563777006409240220e-11
-8.829608173163058378e-13 -3.358028412972082914e-12 2.063727255688797500e-12 5.747767906678099144e-12 -5.805838343594253241e-12 1.610622789500590364e-11 -2.795297938834290104e-11 1.749885481451921598e-11 -5.556209331352390205e-11 -8.989990426524839190e-12 1.794962599612181604e-11
-9.854184550238487039e-13 -4.058407157185964198e-12 3.242542090991978123e-12 6.690879582662555715e-12 -9.021559315981076303e-12 1.802760144087634776e-11 -2.997278421235841989e-11 1.740169422752357371e-11 -3.320642720656303183e-11 -1.039035778649285681e-11 1.681342502966430036e-11
-1.057590818507499168e-12 -4.556930600499821052e-12 3.899534311253024934e-12 7.231842812949989503e-12 -1.032558778290746513e-11 1.842491975719747710e-11 -2.894758340199902581e-11 1.575627211003551904e-11 -1.476103527186778688e-11 -1.160262568508448695e-11 1.361945064309202736e-11
-1.080730847243394624e-12 -4.731200602837109360e-12 3.785739325410402749e-12 7.052568445073169718e-12 -8.638765417288908571e-12 1.640396070045621425e-11 -2.293898409579286450e-11 9.879179810402359035e-12 -3.540421978504192643e-12 -9.246646068595502955e-12 1.120288246704594092e-11
-1.074092926504390303e-12 -4.657789240113062395e-12 3.162625705507885271e-12 6.416679631710068797e-12 -5.294535553144578425e-12 1.316289253439831435e-11 -1.478342228490179958e-11 2.557393415464980258e-12 3.266213902206599910e-12 -4.419891796633983065e-12 9.048393120940340701e-12
-1.050142162238052986e-12 -4.388104623570451861e-12 2.307189171624746778e-12 5.565703613673977769e-12 -1.791294305985769104e-12 9.684668177001264868e-12 -7.426131008094879700e-12 -2.200298301775761343e-12 6.279716106243670733e-12 -1.286189356880264802e-12 6.512497448738706389e-12
-1.017038381004589841e-12 -3.965080822411617745e-12 1.453844769197686383e-12 4.632957696977221090e-12 7.422028736848997053e-13 6.731087680918316551e-12 -2.752380181736889833e-12 -3.416417647447614620e-12 6.821196301816449386e-12 -3.656872804842520130e-13 3.869844222512880361e-12
-9.715194203733328160e-13 -3.428379875481409733e-12 7.242762467431951247e-13 3.638661408156320895e-12 2.087031520830940561e-12 4.344600099172196521e-12 -5.613578739466235857e-13 -3.391205257462865624e-12 5.558767325331363204e-12 7.088828915139123556e-13 3.391763896968363576e-12
-9.077719331539795169e-13 -2.802338238050490863e-12 1.564388967014371533e-13 2.602464498602002537e-12 2.439072981678057415e-12 2.461322834102009373e-12 1.669080949440609781e-14 -2.541358085715510597e-12 3.044821296705768446e-12 1.089266872647850612e-12 2.202343663056929012e-12
-8.236263515041464665e-13 -2.128072880985418209e-12 -2.516556004152782359e-13 1.590067339049762850e-12 2.162312024709363811e-12 9.788519128302675183e-13 4.568993098085599802e-15 -1.155590475892274636e-12 8.958897159568831682e-13 8.760641496185515752e-13 1.039242929163235359e-12
-7.215635812292375389e-13 -1.472194352642225607e-12 -4.632705963437025037e-13 7.388281727434832471e-13 1.408362201212147487e-12 9.487441148895474340e-14 -1.599038083978902590e-13 4.010432716634465350e-13 -8.181709860194796875e-13 3.250294166150860645e-13 1.464767546239332526e-13
-6.081901221241321453e-13 -9.034523036151662780e-13 -4.981167651245634569e-13 1.614910613327265413e-13 5.061223767107219173e-13 -2.346960276131284078e-13 -1.511136467683221345e-13 4.805448677792249666e-13 -6.306870311890877347e-13 5.100536987490038766e-13 -8.634554901685182386e-13
-4.912125834032176359e-13 -4.589179775295339336e-13 -4.005889215199909298e-13 -1.106169984246345331e-13 -1.419659320738071140e-13 -1.545240218428634791e-13 -7.804511792797678591e-14 -5.930949949619104541e-14 -2.298137753863633367e-13 3.494207661123608190e-13 -1.165241153024309087e-13
-3.789117867879486711e-13 -1.480851835831013618e-13 -2.288940825416820885e-13 -1.424175449925380266e-13 -2.809746382970781495e-13 3.049719277504146012e-14 -1.765652396982122842e-17 -1.861076197606475107e-13 -3.221263569158187267e-13 -3.348952161432088947e-13 4.134415655290544184e-13
-2.787648991521408990e-13 3.565467309606046595e-14 -3.912109327048336529e-14 -6.166847491302291726e-14 -1.051533554527615106e-13 1.020700319616276549e-13 8.893892917018299003e-14 -1.519835678236665792e-13 9.881565441674177595e-14 -1.996769561070696104e-13 -2.203576405502483063e-13
-1.940427131724516927e-13 1.226227744241243933e-13 9.770721836812998474e-14 5.641064684367884954e-14 9.069404332546381532e-14 4.891921843843492841e-14 -1.508141670579531402e-14 -4.625806812054593340e-14 -6.819010004303234210e-15 -1.015763363816857212e-14 -1.152556137315507603e-14
-4.778202880897403382e-13 -7.644586253947117364e-13 -2.413134086546637766e-12 1.808287749054465186e-12 7.455241422035145237e-12 7.488844443033353988e-12 -1.469397210148125939e-11 1.305454678687578329e-11 -1.067315055698955687e-10 -4.792728750350678941e-12 6.060188544224566217e-12
-5.506738808438909063e-13 -1.277376073300232205e-12 -1.474990072733061450e-12 2.646402398716900986e-12 4.561928146353891936e-12 9.067610709084549420e-12 -1.741485078924540472e-11 1.490488998885919256e-11 -9.663316728797348815e-11 -7.205060156632473984e-12 9.109718664554815311e-12
-6.334609576599109319e-13 -1.877684580456282389e-12 -3.433071802659437732e-13 3.558979310785583619e-12 1.187085931165450083e-12 1.093053299081403691e-11 -2.020992532565051154e-11 1.628180386212450984e-11 -8.172802626602612810e-11 -8.824601837035963825e-12 1.265321846387210442e-11
-7.247815884836465662e-13 -2.530896879555135265e-12 8.711686525046486120e-13 4.501204953083679114e-12 -2.342085027272976935e-12 1.295496511742927518e-11 -2.289908698634440748e-11 1.694576540548970548e-11 -6.384149739464418755e-11 -9.896734389917656762e-12 1.513489715479107376e-11
-8.170202713074221686e-13 -3.176653191256461040e-12 2.014835760201921716e-12 5.388784190839662539e-12 -5.537650893185247937e-12 1.481640909112690966e-11 -2.499717827813819211e-11 1.689313308627111384e-11 -4.417732137732793040e-11 -1.053249803470650877e-11 1.593197649448502260e-11
-8.976216971427535137e-13 -3.733006874096661698e-12 2.898856903499191547e-12 6.082126527729163350e-12 -7.750706621210996483e-12 1.598289317275614635e-11 -2.563222006227201606e-11 1.599769202679975864e-11 -2.516838318615230433e-11 -1.142851137976491790e-11 1.418119190717072813e-11
-9.479927134734849858e-13 -4.082214508978825025e-12 3.270704736750351107e-12 6.355373121248149460e-12 -8.094075923546072806e-12 1.565465540641834118e-11 -2.330910573899233014e-11 1.333863644664816134e-11 -1.052721198492826465e-11 -1.141337910401173860e-11 1.154469710138612389e-11
-9.609091523674196969e-13 -4.167149395417749922e-12 3.038566922048896131e-12 6.075055586962015183e-12 -6.227175970127917326e-12 1.355940491240161051e-11 -1.756223693996922576e-11 7.748878137579022942e-12 -1.586601982057139110e-12 -8.749790846197923390e-12 9.529047602674392354e-12
-9.508886710684834951e-13 -4.046205187574686605e-12 2.428316046993543440e-12 5.462082509133744395e-12 -3.324211197085129335e-12 1.068553509203378392e-11 -1.081553653271218673e-11 1.890551920624003481e-12 3.837873287392813430e-12 -4.840365476959387828e-12 7.695029319109733083e-12
-9.271703702699237639e-13 -3.762484260010885073e-12 1.670615244799620188e-12 4.689366922645830327e-12 -5.412286474906831249e-13 7.769731396998629526e-12 -5.211752373574319519e-12 -1.489527406141876561e-12 5.951814988688724691e-12 -2.530121591841044496e-12 5.519922641313194459e-12
-8.938779005519015522e-13 -3.353554519558915559e-12 9.429665291619836708e-13 3.853694690915010908e-12 1.337862143464346970e-12 5.338755026133922972e-12 -1.917046400169249854e-12 -2.345182551185975219e-12 6.110832094858683262e-12 -1.487716150786434541e-12 3.330271428034162020e-12
-8.478334686371061197e-13 -2.852139490246516817e-12 3.351473192555395374e-13 2.970211651932920220e-12 2.225447715481896712e-12 3.380570728380086587e-12 -5.422010747328870694e-13 -2.417819607883734889e-12 4.769633029713396979e-12 -1.802690946247224246e-13 3.079635039641051553e-12
-7.850130651297597950e-13 -2.285414858476679563e-12 -1.241110302500075319e-13 2.074912103988272822e-12 2.313383354552783006e-12 1.863553796055774883e-12 -2.805748249694485339e-13 -1.691659390977976743e-12 2.587237061441981986e-12 3.213363217463542995e-13 1.885308089543470416e-12
-7.046703562648818486e-13 -1.697103973413362351e-12 -4.264083550313050775e-13 1.228365097436475339e-12 1.913282644566234014e-12 7.072911823742981771e-13 -2.820499877716923670e-13 -5.771247483189185633e-13 7.613429310439625986e-13 3.229623008447155733e-13 6.691796229788770369e-13
-6.103068789176674979e-13 -1.145277923412938841e-12 -5.498961768044458597e-13 5.505942793547969678e-13 1.161936573319693492e-12 6.608755067350165879e-14 -2.916567633754613641e-13 5.549038830542747938e-13 -5.665029927558966935e-13 1.477386263114245816e-13 -6.294608201093893647e-14
-5.082545468433107427e-13 -6.808375810304680346e-13 -5.199909815275779126e-13 1.133270083423966610e-13 3.510142641508851608e-13 -1.515983757228973421e-13 -1.344202087705241777e-13 4.417255917382513199e-13 -4.384696242574681100e-13 4.821536834433152616e-13 -7.185665673555202785e-13
-4.054621353699266119e-13 -3.272149101016711836e-13 -3.869272032502456150e-13 -7.461278730650505763e-14 -1.829120017281089595e-13 -9.117387437612327657e-14 3.815998901348413241e-15 -2.077752339689442049e-14 -9.044102215620313961e-14 3.842950427124104232e-13 -8.058749650953103632e-15
-3.089464181992543370e-13 -8.559179744832944606e-14 -2.082163027379006091e-13 -7.782904325081804406e-14 -2.746759763409964878e-13 1.024446596761462793e-14 5.932367462460592946e-14 -6.934573126073417490e-14 -1.282949214939307715e-13 -1.612039927147235786e-13 3.610738474763860987e-13
-2.245306405975586161e-13 5.173880861995991220e-14 -3.303315786845680517e-14 -1.131776604524956090e-15 -1.114242255778579900e-13 3.745798050179066971e-14 8.478001911579606792e-14 -4.922055656720409696e-14 9.980461943817446498e-14 -7.982416788360147973e-14 -1.633601136560614818e-13
-1.543964584132156138e-13 1.117248937728351380e-13 8.455963107383171831e-14 9.402858954386856385e-14 5.896540796771609482e-14 -2.172738634972072243e-14 -3.607472544407490755e-14 -4.122975438221625883e-14 -2.585122625528498634e-14 -3.220547360766618501e-15 1.644655734074097394e-14
-4.853758988309205116e-13 -7.363724424391015112e-13 -2.553082155774214532e-12 1.745007148753761151e-12 7.949292063122707388e-12 7.531874461644817674e-12 -1.467978925815865118e-11 1.218606866489036338e-11 -1.104995136382139963e-10 -3.343433079946137560e-12 4.861643496647203801e-12
-5.596100330130451980e-13 -1.255878986599215376e-12 -1.607613677471444574e-12 2.602194303731018247e-12 5.023142543692471360e-12 9.128793728207026945e-12 -1.750667704280456809e-11 1.418074901114401547e-11 -1.007720031923259201e-10 -5.909748900217507412e-12 7.984804331303385806e-12
-6.442495052486158008e-13 -1.869298317988201553e-12 -4.517830403029519988e-13 3.544993869105075997e-12 1.557584903165089801e-12 1.103472251244125553e-11 -2.045730405621159891e-11 1.577444428735708802e-11 -8.597929991001933799e-11 -7.746610879750805166e-12 1.182620598672169944e-11
-7.384072898494673171e-13 -2.543558120978574459e-12 8.057155075962928459e-13 4.528462707977675377e-12 -2.124893278802994894e-12 1.314097527385345912e-11 -2.336182225311704030e-11 1.667171944617512781e-11 -6.793142314846322196e-11 -9.018842961483422960e-12 1.480560949775567530e-11
-8.350188171567239578e-13 -3.219746918209218483e-12 2.012734939930549132e-12 5.470612153469815350e-12 -5.541284277139492190e-12 1.514083011827172167e-11 -2.576056280739927785e-11 1.684837219124509383e-11 -4.781180073867887810e-11 -9.802510641500114545e-12 1.617038735755165151e-11
-9.218583240917263183e-13 -3.816951093137264985e-12 2.981159437231574509e-12 6.235348014867228694e-12 -8.046232842129598378e-12 1.652028909886457865e-11 -2.680673910901752280e-11 1.619791692606729074e-11 -2.794926504784532222e-11 -1.083321807984715587e-11 1.479123625883474711e-11
-9.794528379599896194e-13 -4.213450919128927389e-12 3.446832092294311930e-12 6.595379682834497716e-12 -8.719850969533956994e-12 1.644405593561747525e-11 -2.496524387022285806e-11 1.388630921496427280e-11 -1.217533850396685857e-11 -1.115892512084864951e-11 1.216015788278378223e-11
-9.972469093940204586e-13 -4.334380911825292520e-12 3.274400600862506844e-12 6.372639784495615871e-12 -7.028017231714514010e-12 1.447060187648911617e-11 -1.938879083095305357e-11 8.446970541445671122e-12 -2.332913864718274049e-12 -8.799412934248539252e-12 1.001282227039610117e-11
-9.888928846498998137e-13 -4.231826331416787819e-12 2.672404413459112614e-12 5.764463089299446222e-12 -4.049989845988163232e-12 1.152633499103969393e-11 -1.232128906442491367e-11 2.260986163463236322e-12 3.560893055205544863e-12 -4.746900616331389373e-12 8.095513957533413298e-12
-9.654226182522291597e-13 -3.956613420276554747e-12 1.892783356034079261e-12 4.973666696279639947e-12 -1.064406637496081174e-12 8.452537197122745790e-12 -6.186945552062942669e-12 -1.572239140669535661e-12 5.994796560182730554e-12 -2.155674535913045146e-12 5.819088855490802025e-12
-9.319351779902229842e-13 -3.545821451630039732e-12 1.127393836510067057e-12 4.107950164396119878e-12 1.037245577456290734e-12 5.845776551116386244e-12 -2.393677459059557624e-12 -2.669810939834622410e-12 6.291562046710535625e-12 -1.042482002605438146e-12 3.503380471799600480e-12
-8.858994461693468560e-13 -3.035592999025198857e-12 4.805986668288808335e-13 3.190773588072073139e-12 2.099064773277383524e-12 3.736862964805847935e-12 -6.673630669579753527e-13 -2.719312606025203310e-12 4.995087053651316373e-12 1.411629983782562083e-13 3.154147406719588739e-12
-8.229392841195690261e-13 -2.453744313904114522e-12 -1.214449395479698066e-14 2.254706998493785366e-12 2.292677624433437950e-12 2.096879561146341139e-12 -2.309440300802881853e-13 -1.952994305977055847e-12 2.724337824112227638e-12 5.783402067196720364e-13 1.931827765650502125e-12
-7.417230800086960945e-13 -1.842034901735728231e-12 -3.466991685463397440e-13 1.358457623940621643e-12 1.951568360609412266e-12 8.304173693091491589e-13 -1.785577475631698010e-13 -7.702734986481642405e-13 7.715371552658551377e-13 5.139103381464902893e-13 7.579540041411491804e-13
-6.454328862855430153e-13 -1.259960334194820339e-12 -4.988230132850937713e-13 6.261418744589898184e-13 1.216269125096248327e-12 9.667081235788984627e-14 -2.146886628668552856e-13 4.785642547853503722e-13 -6.374359584196624817e-13 2.337019907230893044e-13 -1.452384554745962919e-14
-5.403346844633179477e-13 -7.628063102397020664e-13 -4.918813687668815757e-13 1.403834013243173192e-13 3.899674227048544390e-13 -1.744681947345248701e-13 -1.041817952847801399e-13 4.478678098578526337e-13 -5.119919409702712985e-13 4.948950961196206624e-13 -7.444120048861104390e-13
-4.335065191875001854e-13 -3.786794132324466443e-13 -3.746540863452863195e-13 -8.113624692887195488e-14 -1.724952628731007278e-13 -1.253462386426892450e-13 -1.025038174714678123e-14 -3.438139105985136574e-14 -1.009267816829404230e-13 3.904989565572688759e-13 -4.450534865386422009e-14
-3.323188543704264714e-13 -1.124430502291189749e-13 -2.035032955246824548e-13 -9.942359345570226115e-14 -2.774261727554846096e-13 1.280410335671564953e-15 3.573220589105626743e-14 -1.116835099466702728e-13 -1.628924838359291069e-13 -1.951930438752157420e-13 3.775252518913142326e-13
-2.430539226378124924e-13 4.213385340804690492e-14 -2.828877219099074024e-14 -2.510812674394925168e-14 -1.090012159569732020e-13 5.210723391112211298e-14 8.166634860878909862e-14 -8.671295119719905394e-14 9.484146322936790754e-14 -9.425963618552589463e-14 -1.877070554828389866e-13
-1.682808311848801165e-13 1.127737904901495170e-13 9.233825565870672500e-14 7.639393711227365763e-14 7.017789991881572091e-14 2.168061518488290557e-15 -2.765871862819870649e-14 -4.072654519052550045e-14 -1.650534935527610052e-14 4.047916481305382133e-15 8.706043950486148786e-15
-4.919560865038831148e-13 -7.119098242353907164e-13 -2.674955357461012702e-12 1.689866197620878890e-12 8.379598098514430545e-12 7.569353814913426294e-12 -1.466732363592314761e-11 1.142914267169398834e-11 -1.137808436485146754e-10 -2.080473707585363382e-12 3.817042310890654871e-12
-5.673926578923650738e-13 -1.237152437191297879e-12 -1.723110972495222660e-12 2.563650685780410131e-12 5.424885102183612948e-12 9.182085110575348332e-12 -1.758649233948515820e-11 1.354931046983638927e-11 -1.043763036002561977e-10 -4.780567949107062692e-12 7.003988836973222530e-12
-6.536453598813391377e-13 -1.861987861539964208e-12 -5.462551887470982503e-13 3.532766594608877981e-12 1.880351004247818754e-12 1.112545994147040201e-11 -2.067258231423309572e-11 1.533174605454870023e-11 -8.968171917773408598e-11 -6.806604234650811236e-12 1.110458224647674011e-11
-7.502738176455697679e-13 -2.554575863916901663e-12 7.487056861096287237e-13 4.552154289682596620e-12 -1.935621280397517595e-12 1.330295784634207007e-11 -2.376466127098014836e-11 1.643226264712194220e-11 -7.149353281189417281e-11 -8.253153800539289851e-12 1.451732253404920406e-11
-8.506932138666785918e-13 -3.257266305715358598e-12 2.010892177604271702e-12 5.541832174636766402e-12 -5.544316679244867192e-12 1.542333396390678395e-11 -2.642524722619338083e-11 1.680872701589682153e-11 -5.097747743372233675e-11 -9.165804439783544483e-12 1.637659020849681087e-11
-9.429648019163345323e-13 -3.890044963579130103e-12 3.052816325367293446e-12 6.368748600039494137e-12 -8.303466801756906710e-12 1.698823335413743193e-11 -2.782948605855626390e-11 1.637179741521573966e-11 -3.037191273615009006e-11 -1.031407636860024369e-11 1.532144228504471741e-11
-1.006849718441856375e-12 -4.327727546869886743e-12 3.600194005188236056e-12 6.804347040989527742e-12 -9.264666988932935538e-12 1.713142378723771901e-11 -2.640736543884638890e-11 1.436265797247867893e-11 -1.361185125726541926e-11 -1.093638358044437389e-11 1.269576213104292357e-11
-1.028896466769105562e-12 -4.480026997996718534e-12 3.479815266566893360e-12 6.631805564090577496e-12 -7.725561551969452957e-12 1.526426686325703318e-11 -2.097988013885614377e-11 9.054650091904811124e-12 -2.983601866228468340e-12 -8.841819292471689075e-12 1.043397985423278644e-11
-1.021997578574730791e-12 -4.393508406910437092e-12 2.885058389548153425e-12 6.027873946383852826e-12 -4.682435960901037743e-12 1.225889671220114457e-11 -1.363354800231745661e-11 2.584040898888106969e-12 3.319426341354759023e-12 -4.665496791423440859e-12 8.444249075531185624e-12
-9.987450164598348714e-13 -4.125712434282322337e-12 2.086370639491860295e-12 5.221346126844658756e-12 -1.520520249855177366e-12 9.047575286813084876e-12 -7.037335954056476827e-12 -1.643726615381474948e-12 6.031967656050270470e-12 -1.829702811999864485e-12 6.079680546905612360e-12
-9.650876003957494869e-13 -3.713307552236281026e-12 1.288112858271898901e-12 4.329468656929777230e-12 7.750212590563576319e-13 6.287684816403361180e-12 -2.809652194607647458e-12 -2.952263394465127451e-12 6.448968267822275892e-12 -6.546331389409627657e-13 3.654189623240362259e-12
-9.190590201481793531e-13 -3.195408274415795035e-12 6.073708382681296353e-13 3.382940451904101491e-12 1.988664833718925609e-12 4.047435921974399944e-12 -7.770032357640122164e-13 -2.981928472759919701e-12 5.191455492712359879e-12 4.213411165264129415e-13 3.219028553659859245e-12
-8.559765918285079112e-13 -2.600387983528517703e-12 8.544988371644842844e-14 2.411363791543809852e-12 2.274424947441339672e-12 2.300287305425301279e-12 -1.880570690783500435e-13 -2.180512191739218261e-12 2.843783528267914578e-12 8.021536949292991226e-13 1.972220544022988547e-12
-7.739994834632647459e-13 -1.968303129176849503e-12 -2.772033613897411501e-13 1.471823198310714539e-12 1.984764145033482080e-12 9.378064184347694376e-13 -8.854367624346096769e-14 -9.383766978021823236e-13 7.804411859606914328e-13 6.801207819725347734e-13 8.350983306756861298e-13
-6.760315972103156258e-13 -1.359887387927392551e-12 -4.542723592637519229e-13 6.919997993684333301e-13 1.263498784006855375e-12 1.234244601060946962e-13 -1.476283771216518999e-13 4.120848594850015668e-13 -6.993144002524101365e-13 3.085388016401138973e-13 2.761608864866839223e-14
-5.682811312583750266e-13 -8.342412122011280738e-13 -4.673332990810670392e-13 1.639938207531925630e-13 4.238358738154610365e-13 -1.943364715965988352e-13 -7.776179446098386432e-14 4.532315523557395658e-13 -5.760858797065386002e-13 5.059475040372919162e-13 -7.669493906741645684e-13
-4.579384922559041143e-13 -4.235417704915518797e-13 -3.639068887635495685e-13 -8.679054860371351304e-14 -1.634520327591291420e-13 -1.551138907452457338e-13 -2.241673904788349807e-14 -4.618856006054277463e-14 -1.100914304679839782e-13 3.958673001470962953e-13 -7.624987084110408469e-14
-3.526819208261996234e-13 -1.358572868666495426e-13 -1.993532438644265924e-13 -1.182280689710386116e-13 -2.798449158986588089e-13 -6.578558223234140065e-15 1.518388856809322553e-14 -1.485081463466605030e-13 -1.929914753861404579e-13 -2.247642511664067287e-13 3.919286011977136807e-13
-2.591934002046659840e-13 3.375067749870554479e-14 -2.412451823153047034e-14 -4.600236885918746608e-14 -1.069020201241230540e-13 6.482312103962014918e-14 7.893841238227541673e-14 -1.193408080915557322e-13 9.051492555879289192e-14 -1.068239589156945674e-13 -2.088890226238701985e-13
-1.803794823589054229e-13 1.136778502419871819e-13 9.913525130246817611e-14 6.101842330818074457e-14 7.994003624226008442e-14 2.297011714190360965e-14 -2.033805333041405752e-14 -4.023830935022349119e-14 -8.382853935055582558e-15 1.036664105253172421e-14 1.971761660118032537e-15
-4.979225942947572464e-13 -6.897286327525475797e-13 -2.785462449842872366e-12 1.639867787849482490e-12 8.769773037093407850e-12 7.603337777757471317e-12 -1.465602057678302852e-11 1.074280891480511217e-11 -1.167561510451628470e-10 -9.353001301377980487e-13 2.869862450532826142e-12
-5.744494614825615191e-13 -1.220172358582797746e-12 -1.827836786548364832e-12 2.528701712401800270e-12 5.789160444718002049e-12 9.230406444901944133e-12 -1.765886391746711454e-11 1.297676097929826825e-11 -1.076444606080520724e-10 -3.756696374869921269e-12 6.114645893767961143e-12
-6.621649405801955302e-13 -1.855359190928647703e-12 -6.319166984735521903e-13 3.521679656058815052e-12 2.173015373385209068e-12 1.120773503815091927e-11 -2.086778333923511319e-11 1.493033461745116478e-11 -9.303884431187888659e-11 -5.954264234373132216e-12 1.045025837235292976e-11
-7.610336521784818506e-13 -2.564566072535728388e-12 6.970127007116561555e-13 4.573636351626333818e-12 -1.764001118657165734e-12 1.344983363880924186e-11 -2.412993080968604628e-11 1.621513799111285669e-11 -7.472343386737932781e-11 -7.558874130037925385e-12 1.425592168373947807e-11
-8.649057887527181745e-13 -3.291286568876659651e-12 2.009221274273120413e-12 5.606410090260325724e-12 -5.547066271147558143e-12 1.567949100329697838e-11 -2.702794200354349350e-11 1.677277920286773733e-11 -5.384791756050020003e-11 -8.588478554140611029e-12 1.656356218373016536e-11
-9.621028524660060886e-13 -3.956321970795674174e-12 3.117790365693811789e-12 6.489708011042111825e-12 -8.536710666813074266e-12 1.741253630359838261e-11 -2.875684982573242894e-11 1.652946149182370030e-11 -3.256862005718810284e-11 -9.843350708505152299e-12 1.580220033794895596e-11
-1.031691517624098425e-12 -4.431346534948092189e-12 3.739253115852082815e-12 6.993825734640311678e-12 -9.758672504682058642e-12 1.775468650169766315e-11 -2.771499220973886273e-11 1.479458159374000685e-11 -1.491439232951407158e-11 -1.073459663510554235e-11 1.318141497189662687e-11
-1.057594330798737853e-12 -4.612089873988870574e-12 3.666072599692200596e-12 6.866801086936946078e-12 -8.358051663037820945e-12 1.598391325874396283e-11 -2.242258166489777578e-11 9.605656369790255362e-12 -3.573605580220311024e-12 -8.880270738444203351e-12 1.081585953671173328e-11
-1.052014870673086136e-12 -4.540111728235392075e-12 3.077879883655744891e-12 6.266718645144395487e-12 -5.255899047259574165e-12 1.292313844599254552e-11 -1.482342338451451877e-11 2.876966990279971363e-12 3.100479231737019441e-12 -4.591684827811838568e-12 8.760460541179785980e-12
-1.028959709393590181e-12 -4.279040977565599290e-12 2.261903634780802836e-12 5.445926540025048004e-12 -1.934095915586507398e-12 9.587119086599149347e-12 -7.808417476850096189e-12 -1.708547029761555664e-12 6.065672105247039212e-12 -1.534131787408835113e-12 6.315968998450445976e-12
-9.951481697804107794e-13 -3.865173605500891868e-12 1.433842943904002572e-12 4.530327947398986879e-12 5.372524313274685620e-13 6.688379948231504201e-12 -3.186832416835876240e-12 -3.208373827886084630e-12 6.591694508119881087e-12 -3.029557423472598272e-13 3.790934048208780166e-12
-9.491260741275893816e-13 -3.340318897224274507e-12 7.223200164394474684e-13 3.557185498004821722e-12 1.888560978132107212e-12 4.329044306051584253e-12 -8.764181865537687702e-13 -3.220052322997827832e-12 5.369510266220852627e-12 6.753893379192755919e-13 3.277858770994752730e-12
-8.859327822854066028e-13 -2.733355407658183663e-12 1.739424400723857039e-13 2.553410498283590139e-12 2.257874541622846438e-12 2.484724890758250633e-12 -1.491698306727097852e-13 -2.386811357014533172e-12 2.952089516971817875e-12 1.005093943584544254e-12 2.008846219970141796e-12
-8.032657329339949593e-13 -2.082795360764369612e-12 -2.141888535892476603e-13 1.574616101452605875e-12 2.014864028415206667e-12 1.035180179879247767e-12 -6.924479343087313037e-15 -1.090802294253122983e-12 7.885148113863340770e-13 8.308301453873267643e-13 9.050480384889699952e-13
-7.037766187094444443e-13 -1.450495070022268113e-12 -4.138765759020563023e-13 7.517156998316946892e-13 1.306323719568330787e-12 1.476830187176275805e-13 -8.682225133789518464e-14 3.518054498739836898e-13 -7.554219558480202566e-13 3.763961987412995165e-13 6.582597915672115974e-14
-5.936212434541784833e-13 -8.990139706951734646e-13 -4.450746239542874834e-13 1.854022920906632804e-13 4.545456921227020354e-13 -2.123517964807079337e-13 -5.380576783514736143e-14 4.580950633019317262e-13 -6.342023060707199943e-13 5.159691437354402097e-13 -7.873849018489880028e-13
-4.800918967329358813e-13 -4.642201864126751462e-13 -3.541619923330767867e-13 -9.191751944461984048e-14 -1.552521908908057831e-13 -1.821053591899554868e-13 -3.344843830455875692e-14 -5.689457052342228231e-14 -1.184013684059493480e-13 4.007349810017885111e-13 -1.050338437231204093e-13
-3.711458920755468701e-13 -1.570878713415544071e-13 -1.955902321928978840e-13 -1.352788058897828085e-13 -2.820380834129102207e-13 -1.370458659143200059e-14 -3.448056401082882106e-15 -1.818984512145007413e-13 -2.202833815458867607e-13 -2.515775956638233563e-13 4.049886693885881917e-13
-2.738276818850267479e-13 2.614933085328285402e-14 -2.034862907647678040e-14 -6.494797744332103024e-14 -1.049985994229107678e-13 7.635310113487293851e-14 7.646488763693229701e-14 -1.489257328152535037e-13 8.659188850613154217e-14 -1.182165110020977172e-13 -2.280955201493955195e-13
-1.913497922033383769e-13 1.144975955567244872e-13 1.052983477698089214e-13 4.707685656262479677e-14 8.879173838906490691e-14 4.183213617202298851e-14 -1.370012655656914635e-14 -3.979560594368584583e-14 -1.017877402359390237e-15 1.609606950361463931e-14 -4.134468329208134140e-15
-5.035634980618440604e-13 -6.687579124875112857e-13 -2.889938953291718701e-12 1.592597889582457375e-12 9.138655363398050671e-12 7.635467169377178760e-12 -1.464533434848233264e-11 1.009392973948515414e-11 -1.195690900794767138e-10 1.473790760796797112e-13 1.974372055210008568e-12
-5.811211614696824449e-13 -1.204118916274151597e-12 -1.926847507333162304e-12 2.495659973267751598e-12 6.133556566652982246e-12 9.276090789567520128e-12 -1.772728603718956879e-11 1.243545663957403672e-11 -1.107342678745733340e-10 -2.788699483312573570e-12 5.273836141947260494e-12
-6.702195910603456125e-13 -1.849092259984957189e-12 -7.129034914035618575e-13 3.511197753697073788e-12 2.449708473193858804e-12 1.128552022175916158e-11 -2.105233186194807271e-11 1.455082899159736962e-11 -9.621276453843020325e-11 -5.148438102282746603e-12 9.831642237527292092e-12
-7.712063014460964807e-13 -2.574011095976930435e-12 6.481407030885331741e-13 4.593946095486427998e-12 -1.601746606305153697e-12 1.358869413147720052e-11 -2.447526687345955502e-11 1.600986225479395865e-11 -7.777707288218481926e-11 -6.902482665163505225e-12 1.400878599172720578e-11
-8.783427555561984719e-13 -3.323450279624061699e-12 2.007641555518664908e-12 5.667463862473085100e-12 -5.549665812698997649e-12 1.592166905072808757e-11 -2.759774654451612862e-11 1.673879313344523839e-11 -5.656171213454671938e-11 -8.042658476494165573e-12 1.674033073212032349e-11
-9.801965020571450737e-13 -4.018982111754622536e-12 3.179218645182489092e-12 6.604066429739997857e-12 -8.757225956476398005e-12 1.781368420861972452e-11 -2.963360553218877308e-11 1.667852153092438990e-11 -3.464544874688458825e-11 -9.398313472726388420e-12 1.625672248067367023e-11
-1.055177651085941540e-12 -4.529310831555558104e-12 3.870723497914546299e-12 7.172964204182289562e-12 -1.022571916967490980e-11 1.834393654659895070e-11 -2.895125922088634350e-11 1.520293429541690947e-11 -1.614585117791386708e-11 -1.054382160014795619e-11 1.364056478392382611e-11
-1.084726096077073462e-12 -4.736945819690379285e-12 3.842165504513484560e-12 7.088972442901306867e-12 -8.956025546920363376e-12 1.666428713780839361e-11 -2.378655213624764520e-11 1.012659315336129625e-11 -4.131411632926353400e-12 -8.916623813962071425e-12 1.117689929546585528e-11
-1.080394060238725622e-12 -4.678714618606205479e-12 3.260178730272790133e-12 6.492529119903805175e-12 -5.798067126948497551e-12 1.355113120441198562e-11 -1.594836493087154380e-11 3.153907529685370328e-12 2.893480496063178663e-12 -4.521900928271025629e-12 9.059415726460943275e-12
-1.057525527242190665e-12 -4.424002081310788809e-12 2.427857449874313237e-12 5.658251159242855484e-12 -2.325101945053049753e-12 1.009721892202036038e-11 -8.537419566892976839e-12 -1.769830066900308214e-12 6.097537236765659817e-12 -1.254690654217673734e-12 6.539362725431262077e-12
-1.023568274903004857e-12 -4.008752030159456086e-12 1.571620252613845161e-12 4.720225952115889694e-12 3.124591155438236712e-13 7.067208360065386120e-12 -3.543429173695944015e-12 -3.450507812108882062e-12 6.726631897490194143e-12 2.952992799545256572e-14 3.920216061522315511e-12
-9.775523099655682136e-13 -3.477321462901322755e-12 8.309961922283115145e-13 3.721921649891601072e-12 1.793919986647564415e-12 4.595284767733391302e-12 -9.704078682678339607e-13 -3.445181287199032277e-12 5.537848241295069176e-12 9.155736489407009077e-13 3.333478507985226809e-12
-9.142542046378820079e-13 -2.859066538435061721e-12 2.576057838330445204e-13 2.687705437377364271e-12 2.242227324068540811e-12 2.659097354939251679e-12 -1.124047452502409830e-13 -2.581852371776220787e-12 3.054485035295462498e-12 1.196959344339539464e-12 2.043473160951593204e-12
-8.309348657308700875e-13 -2.191039526509813080e-12 -1.546131712536440250e-13 1.671799394058407565e-12 2.043321302143862079e-12 1.127240063966734192e-12 7.024059767779201495e-14 -1.234909726590738069e-12 7.961478432578805092e-13 9.733150028833792304e-13 9.711804534087894585e-13
-7.300075399279260832e-13 -1.536158113019745802e-12 -3.756852697983341780e-13 8.081727863592767097e-13 1.346811614351125718e-12 1.706177401479913276e-13 -2.933443526860130969e-14 2.948156060549600487e-13 -8.084676119773031597e-13 4.405504844221473793e-13 1.019506808886415493e-13
-6.175784959878792070e-13 -9.602519525862381318e-13 -4.240306484684849239e-13 2.056424611092179566e-13 4.835796153521755236e-13 -2.293839897134420268e-13 -3.115706863590197557e-14 4.626931629266910301e-13 -6.891472049377889790e-13 5.254438829002374890e-13 -8.067052070867861486e-13
-5.010363464412595510e-13 -5.026787013057779966e-13 -3.449488940579476461e-13 -9.676470142170243607e-14 -1.474998305059094185e-13 -2.076238501981397247e-13 -4.387811606767160275e-14 -6.701633297121884408e-14 -1.262578167143411395e-13 4.053370229714572500e-13 -1.322470186780263127e-13
-3.886022481682088530e-13 -1.771598611316097598e-13 -1.920325754687882925e-13 -1.513990506131454813e-13 -2.841115654824851544e-13 -2.044173359632975473e-14 -2.106321953920905493e-14 -2.134665815744784768e-13 -2.460859147949035349e-13 -2.769276833019566500e-13 4.173360240275374563e-13
-2.876633420853196359e-13 1.896280462501558272e-14 -1.677879760965941330e-14 -8.285968696016522474e-14 -1.031990521330569150e-13 8.725386757470972997e-14 7.412634799892997326e-14 -1.768961500982814993e-13 8.288293929536649008e-14 -1.289873491514969933e-13 -2.462538813950126825e-13
-2.017214307028918588e-13 1.152726057653322281e-13 1.111251119635632581e-13 3.389610849863168877e-14 9.716038576898000704e-14 5.966481777983677075e-14 -7.424444484605558881e-15 -3.937706173339748095e-14 5.945177895701960467e-15 2.151283179119744453e-14 -9.907469354947039980e-15
-5.092757409064608169e-13 -6.475219806716216076e-13 -2.995736744998979570e-12 1.544730180505451950e-12 9.512202852473760997e-12 7.668002892924403770e-12 -1.463451297307860213e-11 9.436844349240264589e-12 -1.224176036487838056e-10 1.243750657827746854e-12 1.067556615086475242e-12
-5.878772367533690641e-13 -1.187862449972782557e-12 -2.027110392047124165e-12 2.462200363267842881e-12 6.482308180606828332e-12 9.322352892170408561e-12 -1.779657347326396717e-11 1.188730655706499302e-11 -1.138631511604931607e-10 -1.808460574697749779e-12 4.422392877227815640e-12
-6.783761066632847152e-13 -1.842746072588078411e-12 -7.949145041940060033e-13 3.500583289066718343e-12 2.729900841934766880e-12 1.136428913454034912e-11 -2.123921432264769261e-11 1.416652385103175383e-11 -9.942682454131335313e-11 -4.332420886263777705e-12 9.205202617359790191e-12
-7.815076016354623867e-13 -2.583575568110223305e-12 5.986506333716896345e-13 4.614512691325617670e-12 -1.437440101207054463e-12 1.372931075746610497e-11 -2.482497031519064321e-11 1.580199044599123724e-11 -8.086933050793841254e-11 -6.237789979458543695e-12 1.375852483517411492e-11
-8.919496562893361686e-13 -3.356020756621873326e-12 2.006041858312425278e-12 5.729289766225728895e-12 -5.552298229615620022e-12 1.616690986282816144e-11 -2.817475726046840305e-11 1.670437724941497286e-11 -5.930982739244004463e-11 -7.489935546788873298e-12 1.691933482723759577e-11
-9.985189774846186066e-13 -4.082434699715166627e-12 3.241423792685160567e-12 6.719871110572170721e-12 -8.980530047776611147e-12 1.821990533060040270e-11 -3.052144934882998513e-11 1.682946669428399526e-11 -3.674854257222102081e-11 -8.947647960587498023e-12 1.671699285100229316e-11
-1.078960807786778935e-12 -4.628514058040990777e-12 4.003856553065573248e-12 7.354368193077464864e-12 -1.069867245744360799e-11 1.894063868958667983e-11 -3.020316099269735762e-11 1.561645133152913622e-11 -1.739288398022738320e-11 -1.035063387992243723e-11 1.410552134892865877e-11
-1.112200989994919718e-12 -4.863380787281218274e-12 4.020485412418070087e-12 7.313953544481165236e-12 -9.561561857778202817e-12 1.735326553563975671e-11 -2.516777240265508384e-11 1.065411809469858406e-11 -4.696272120315242160e-12 -8.953436637198443334e-12 1.154250503381666512e-11
-1.109132154310172781e-12 -4.819070385074761580e-12 3.444783065022595866e-12 6.721195363353940618e-12 -6.347091871650631034e-12 1.418706603075710939e-11 -1.708753333322103417e-11 3.434350467282812087e-12 2.683863898468446486e-12 -4.451234488702991598e-12 9.362151723362044490e-12
-1.086452609839870326e-12 -4.570796471921215440e-12 2.595910041593649011e-12 5.873260994935295216e-12 -2.721052930766199385e-12 1.061376986300907054e-11 -9.275641165211754634e-12 -1.831888135309830027e-12 6.129805358275486283e-12 -9.717154981268715665e-13 6.765581657095502868e-12
-1.052347801984304504e-12 -4.154146255312338758e-12 1.711139996711887915e-12 4.912525549533960189e-12 8.482289435120368467e-14 7.450827720500212965e-12 -3.904535721169422910e-12 -3.695704004612852639e-12 6.863275806131058876e-12 3.662204622477251532e-13 4.051133072147877697e-12
-1.006338045299116238e-12 -3.616056665850039409e-12 9.410467686370438694e-13 3.888741178828588622e-12 1.698082093859621795e-12 4.864892306269125928e-12 -1.065586214138210141e-12 -3.673157401413404265e-12 5.708315144656765928e-12 1.158795511388992539e-12 3.389801653784683001e-12
-9.429338009401621290e-13 -2.986367506546398343e-12 3.423271971622598377e-13 2.823698771115351305e-12 2.226382219872358802e-12 2.835675064299749392e-12 -7.517470089092790317e-14 -2.779360021762301585e-12 3.158175524165962048e-12 1.391251219215907916e-12 2.078538020129889141e-12
-8.589539231389295853e-13 -2.300652629255973698e-12 -9.428405000859930938e-14 1.770211739578195949e-12 2.072138467822109561e-12 1.220464206528036524e-12 1.483815623106771320e-13 -1.380839649845321063e-12 8.038774081361614472e-13 1.117601831010208146e-12 1.038149228533146013e-12
-7.565701970590424244e-13 -1.622904515197296493e-12 -3.370109676793424281e-13 8.653438716201663125e-13 1.387811549417022054e-12 1.938425113081574368e-13 2.888041497348168350e-14 2.371050257766811879e-13 -8.621841233190635034e-13 5.055161134365552842e-13 1.385322427809928739e-13
-6.418387299173701230e-13 -1.022264395999516303e-12 -4.027205350072852987e-13 2.261386025178375509e-13 5.129807233835345075e-13 -2.466315848595442538e-13 -8.221936945384458661e-15 4.673494135456970391e-13 -7.447869782822237624e-13 5.350384467054329446e-13 -8.262698513797864225e-13
-5.222456753824149762e-13 -5.416235914760528523e-13 -3.356192799867070158e-13 -1.016731845019248979e-13 -1.396494279289234736e-13 -2.334650672271027801e-13 -5.443969537916226830e-14 -7.726610283691799901e-14 -1.342136235714791892e-13 4.099972657989195772e-13 -1.598043519068755226e-13
-4.062793704455516295e-13 -1.974856963926638505e-13 -1.884299259278151241e-13 -1.677231640682261205e-13 -2.862112703463284008e-13 -2.726408362934076512e-14 -3.890115728122376636e-14 -2.454339462449842294e-13 -2.722147662733448435e-13 -3.025983671993136372e-13 4.298395325719745147e-13
-3.016739784331880287e-13 1.168539217819021262e-14 -1.316381936729362285e-14 -1.009979214250497675e-13 -1.013767464070829342e-13 9.829249330163877892e-14 7.175823342413743766e-14 -2.052203023082532089e-13 7.912708391678069730e-14 -1.398944034140995129e-13 -2.646418869200204256e-13
-2.122242367315620357e-13 1.160574173280255720e-13 1.170255657931151164e-13 2.054866677614194801e-14 1.056348693527558785e-13 7.772302489094217645e-14 -1.069395415376391984e-15 -3.895322429556675706e-14 1.299629322864158292e-14 2.699809852883357301e-14 -1.575348009499613590e-14
-5.168527410684099359e-13 -6.193535952713207911e-13 -3.136072144688615544e-12 1.481236094678970502e-12 1.000769463286796668e-11 7.711159878869329530e-12 -1.462015896888389682e-11 8.565253939050094393e-12 -1.261960122907929269e-10 2.698031900141961088e-12 -1.352880294619553984e-13
-5.968388276566653616e-13 -1.166299072810540624e-12 -2.160104018547729452e-12 2.417817889443372682e-12 6.944909491324603501e-12 9.383717223180719983e-12 -1.788847974066541096e-11 1.116021330207810756e-11 -1.180134559974107886e-10 -5.082234278203950704e-13 3.292996612974954614e-12
-6.891953105573213492e-13 -1.834328177301959308e-12 -9.036979491359364465e-13 3.486503740821166383e-12 3.101561794304588239e-12 1.146877209903300386e-11 -2.148710442029684140e-11 1.365676259353174159e-11 -1.036901119681945624e-10 -3.250015477445632316e-12 8.374262264727084034e-12
-7.951717534021065510e-13 -2.596262354975326019e-12 5.330045684613162510e-13 4.641793236846462295e-12 -1.219495863864277747e-12 1.391583157376145595e-11 -2.528883417821743590e-11 1.552625904587604338e-11 -8.497105326416277700e-11 -5.356108877650924074e-12 1.342656611683479031e-11
-9.099985193635940492e-13 -3.399223841007335789e-12 2.003919941301145100e-12 5.811298689088551229e-12 -5.555789997346255252e-12 1.649220935054174846e-11 -2.894013268289807450e-11 1.665872632749798967e-11 -6.295506276813986051e-11 -6.756776642041488428e-12 1.715677467263034290e-11
-1.022822810994844190e-12 -4.166601336498662328e-12 3.323935762981036675e-12 6.873480140872257019e-12 -9.276731588620971802e-12 1.875873702676489202e-11 -3.169912909896153526e-11 1.702968779120315941e-11 -3.953818976290205647e-11 -8.349863038914793345e-12 1.732751813116260966e-11
-1.110507957780587169e-12 -4.760102101855443544e-12 4.180450792002496822e-12 7.594991375185113690e-12 -1.132602098320024288e-11 1.973213378974583941e-11 -3.186374513768373854e-11 1.616496068722637630e-11 -1.904700968364444600e-11 -1.009438017745609811e-11 1.472226262826114847e-11
-1.148645041985311263e-12 -5.031090353172420536e-12 4.257017717466923383e-12 7.612379554219962531e-12 -1.036477503256190395e-11 1.826716040302620242e-11 -2.699989096512419992e-11 1.135385314838774212e-11 -5.445530880064774204e-12 -9.002266978799824225e-12 1.202746248524930007e-11
-1.147251777173439676e-12 -5.005245183937053961e-12 3.689651343196948076e-12 7.024509526659236312e-12 -7.075345322738446468e-12 1.503060129332120816e-11 -1.859858238613953696e-11 3.806343786546774390e-12 2.405818123798461666e-12 -4.357499044484557402e-12 9.763715654324102641e-12
-1.124822916387169401e-12 -4.765511778814050410e-12 2.818823272893873125e-12 6.158460626614152847e-12 -3.246261811657963437e-12 1.129894846237171184e-11 -1.025485463756385923e-11 -1.914205012573565485e-12 6.172607383620258370e-12 -5.963633198624466430e-13 7.065649585571840430e-12
-1.090522383628260021e-12 -4.347004313785162832e-12 1.896205854158407063e-12 5.167601203048367150e-12 -2.171249963171118572e-13 7.959679326799328546e-12 -4.383525223804700259e-12 -4.020944305956532527e-12 7.044527014154372096e-12 8.128233627043803414e-13 4.224787840537347613e-12
-1.044520861871744985e-12 -3.800081869405273830e-12 1.087023271201794048e-12 4.110018815025747544e-12 1.570957994718472447e-12 5.222513018869168185e-12 -1.191835457941629489e-12 -3.975556143140655535e-12 5.934430837970136529e-12 1.481416963989487757e-12 3.464511447447685122e-12
-9.809758294725588467e-13 -3.155225778050741519e-12 4.547058507887942780e-13 3.004087024315881118e-12 2.205364493720295991e-12 3.069896431357974772e-12 -2.579093716458106504e-14 -3.041343892478723232e-12 3.295715693637240656e-12 1.648969527415974566e-12 2.125049775770616876e-12
-8.961197803576793155e-13 -2.446048845298137181e-12 -1.426053349876414130e-14 1.900750719773148267e-12 2.110362975214580675e-12 1.344121298862566149e-12 2.520315848094564656e-13 -1.574408284486799712e-12 8.141302835780054698e-13 1.308990983373671132e-12 1.126979908894217383e-12
-7.918042132435207922e-13 -1.737969213801844823e-12 -2.857114693730526837e-13 9.411784137827771201e-13 1.442195881861166414e-12 2.246489911775904553e-13 1.060994583438365809e-13 1.605548709272643691e-13 -9.334363485666533387e-13 5.916897221508683866e-13 1.870558274326992820e-13
-6.740186986085249388e-13 -1.104520753972306540e-12 -3.744537514064670789e-13 2.533256935524412899e-13 5.519798005691163389e-13 -2.695096442015890934e-13 2.220035086047826366e-14 4.735256936296541479e-13 -8.185903129232749709e-13 5.477651485246994716e-13 -8.522213588197124581e-13
-5.503787734891448400e-13 -5.932820111473740301e-13 -3.232440205912672298e-13 -1.081840381177740599e-13 -1.292362674717534217e-13 -2.677421297114198739e-13 -6.844909414397210100e-14 -9.086190220353904021e-14 -1.447665974701754364e-13 4.161788413391301926e-13 -1.963577554001353078e-13
-4.297271757304955103e-13 -2.244468849670059161e-13 -1.836511942238796636e-13 -1.893762718264124948e-13 -2.889964222665085975e-13 -3.631358458967131505e-14 -6.256227609379792915e-14 -2.878370325617454449e-13 -3.068733612555044524e-13 -3.366492261467841790e-13 4.464248018983455525e-13
-3.202583762682723129e-13 2.032274031141394414e-15 -8.368734256429777093e-15 -1.250573685986458095e-13 -9.895955038329818094e-14 1.129346699203680856e-13 6.861704967048371517e-14 -2.427908522534708200e-13 7.414513244014432116e-14 -1.543620571671858918e-13 -2.890326427334523227e-13
-2.261556757300208634e-13 1.170984300291823689e-13 1.248522182480717234e-13 2.843962961451538804e-15 1.168758415964892981e-13 1.016763198412140462e-13 7.360254538929712581e-15 -3.839102545391401009e-14 2.234923974483018459e-14 3.427402637926122188e-14 -2.350791654824984919e-14
-4.935381862484380689e-13 -7.041290031991655264e-13 -2.704782551487446406e-12 1.664348482850362854e-12 8.505574658024011748e-12 7.576631261431532782e-12 -1.461492688452904313e-11 1.102535137169065601e-11 -1.145283935157701572e-10 -1.477321701731898282e-12 3.283869801533509761e-12
-5.692640871339170195e-13 -1.229681042692933923e-12 -1.753999941355580280e-12 2.539281487154844865e-12 5.556394311887235650e-12 9.190576206287827189e-12 -1.754778379311159241e-11 1.313936929475562199e-11 -1.052602651035936811e-10 -4.155388536098494410e-12 6.405719969681798033e-12
-6.558324636904297804e-13 -1.856256900111905901e-12 -5.749673790407558070e-13 3.513987841667706721e-12 2.002582040797179585e-12 1.113743306111621800e-11 -2.066586819030358615e-11 1.497417312130158055e-11 -9.067892559806652096e-11 -6.235961435272296424e-12 1.052026478625606191e-11
-7.529121659145942036e-13 -2.552305631075303492e-12 7.263796078210424236e-13 4.542133309143667456e-12 -1.838836970408026523e-12 1.332507762886790972e-11 -2.380449229087010041e-11 1.615209697875787191e-11 -7.253961373664810359e-11 -7.761910548890641248e-12 1.404171254993929008e-11
-8.540817756513304624e-13 -3.260643087373003031e-12 1.999900824593449274e-12 5.543898057636326155e-12 -5.491349636394656697e-12 1.546534043577453180e-11 -2.653197347484187650e-11 1.661656322937711575e-11 -5.202850411327939543e-11 -8.757891624245596019e-12 1.611155825722415549e-11
-9.476500058284962547e-13 -3.901951099948024318e-12 3.059684607335769649e-12 6.386706208371969482e-12 -8.316495341186068765e-12 1.707166215177311376e-11 -2.803508583394952580e-11 1.625705558858601956e-11 -3.132762193465887134e-11 -9.952168381931100502e-12 1.528051204462877484e-11
-1.013636319151276913e-12 -4.352247909300856934e-12 3.634022041034252622e-12 6.845783210020787207e-12 -9.378913601895743400e-12 1.729133641279861832e-11 -2.677550729016467846e-11 1.434432769009603043e-11 -1.432849469413246294e-11 -1.061914672719281114e-11 1.281345384627466841e-11
-1.038322368020751349e-12 -4.520481444325402228e-12 3.546762810169533465e-12 6.707601043576213929e-12 -7.974189328307210247e-12 1.553013675435456636e-11 -2.157874730323369657e-11 9.236217531906009950e-12 -3.314394759056052805e-12 -8.731492640725811624e-12 1.052909411411030242e-11
-1.032498382411559457e-12 -4.442412854010312044e-12 2.964818069507539294e-12 6.116803577221835793e-12 -4.966607615474159612e-12 1.254595990735378623e-11 -1.425482971602791238e-11 2.807185388957042339e-12 3.172140926634973352e-12 -4.660768679980790696e-12 8.535153619322828538e-12
-1.009635038268082526e-12 -4.179793549107764474e-12 2.166929627555816964e-12 5.310244582429951554e-12 -1.771857479091212733e-12 9.308106530585864668e-12 -7.541895864611148331e-12 -1.544527144130086311e-12 5.990953392424465458e-12 -1.749427477659598831e-12 6.157296968358359155e-12
-9.757619150649967760e-13 -3.768923344704603758e-12 1.359281747098098183e-12 4.410684882434130185e-12 5.984139673032243951e-13 6.490700115492445282e-12 -3.125675947525063238e-12 -3.013336684566888097e-12 6.476060467620747246e-12 -4.744776546989838184e-13 3.708459983429158373e-12
-9.296106029165363078e-13 -3.250213017897272580e-12 6.673060798184401260e-13 3.454907583658163773e-12 1.882981152692929274e-12 4.195254169530904244e-12 -9.261977004238045698e-13 -3.064946777241153718e-12 5.242239282673285691e-12 5.501632122879456937e-13 3.225492006433552073e-12
-8.665301407844797806e-13 -2.652981726932329107e-12 1.353504391466769615e-13 2.473684534877531922e-12 2.218697035931741222e-12 2.404621475431104028e-12 -2.251059970013559517e-13 -2.242443288100792189e-12 2.880911154550164592e-12 8.799024025633271891e-13 1.946715370226846934e-12
-7.844743427140821692e-13 -2.016683792049413813e-12 -2.359343253599080899e-13 1.521465876385478877e-12 1.961812967160594259e-12 1.004246937504956153e-12 -6.217304077911682929e-14 -9.887692919278198963e-13 7.653335324822979218e-13 7.340889251563155683e-13 8.301033236640626867e-13
-6.862736289157136173e-13 -1.401579933626470848e-12 -4.217820389751532936e-13 7.265111128138531828e-13 1.258747472443329140e-12 1.527550943158510304e-13 -1.048093444456865212e-13 3.758010583721668773e-13 -7.207408910098633755e-13 3.470744146815920081e-13 2.832451704126850761e-14
-5.780021238161805226e-13 -8.669216949029874608e-13 -4.427841867052877426e-13 1.816069629614313846e-13 4.246388466306375859e-13 -1.948541850594516833e-13 -4.316981797531408282e-14 4.529446028415684798e-13 -6.083038995640481226e-13 5.083475897961503571e-13 -7.638087766381502758e-13
-4.668108434054127222e-13 -4.463615626274045164e-13 -3.468963108772350730e-13 -8.379341546105293599e-14 -1.642509922334860460e-13 -1.728320990360344226e-13 -1.321600116335910855e-14 -4.713661870850710892e-14 -9.587436334999682360e-14 4.042976667856491761e-13 -8.799342413667102392e-14
-3.604329508207401719e-13 -1.494367895800269404e-13 -1.883257045401454637e-13 -1.246566606840726277e-13 -2.829190429361884956e-13 -2.176930744501178794e-14 5.771966002900177426e-15 -1.599732123376103301e-13 -1.832701282066538022e-13 -2.199516833399473948e-13 4.006950776224746363e-13
-2.656394409117767604e-13 2.720316109497324801e-14 -1.662285175869957265e-14 -5.624139975289685265e-14 -1.069699293557769034e-13 6.251738345797734406e-14 7.407376378819133697e-14 -1.310274937783539230e-13 8.640518582443879422e-14 -9.556430442974628497e-14 -2.165718692304059651e-13
-1.854689681200922466e-13 1.119295820196971709e-13 1.050266124243886124e-13 5.164939156333386051e-14 8.344290838673665043e-14 2.977630869281303451e-14 -1.787415673663126725e-14 -3.501422267363034334e-14 -5.318388585046184932e-15 1.815927761092995100e-14 1.037412806043313431e-15
-5.006603602344989334e-13 -6.759455635207128310e-13 -2.836955990476883444e-12 1.593283008099063477e-12 8.991786358209521921e-12 7.615805877317627680e-12 -1.455574757810014476e-11 9.999446503569768784e-12 -1.180384400751413627e-10 1.685339378748880490e-13 1.888331881952509760e-12
-5.776908756964303738e-13 -1.206720015204583677e-12 -1.881588132281551370e-12 2.483386527271150788e-12 6.023283563359928357e-12 9.244677774123907560e-12 -1.758004696388765996e-11 1.221225071861963787e-11 -1.091713427981265482e-10 -2.599110235646654132e-12 5.000590780319927942e-12
-6.659423937056733946e-13 -1.844726926916761049e-12 -6.824104005575260397e-13 3.485788791314468613e-12 2.393136530674696546e-12 1.122710101920456652e-11 -2.084394422592138283e-11 1.425542132377564528e-11 -9.477835217387070215e-11 -4.889062409163746279e-12 9.346979188004746739e-12
-7.655674616123985367e-13 -2.559742358328456587e-12 6.570656521937864420e-13 4.552914650178406553e-12 -1.586467734464258573e-12 1.348548604489322789e-11 -2.418701179747930257e-11 1.567916909354084670e-11 -7.656423943756330859e-11 -6.637155348095419169e-12 1.333805595795401034e-11
-8.707048334489608832e-13 -3.296086222332831023e-12 1.988469297240993904e-12 5.606770000501050468e-12 -5.444709462402925249e-12 1.574786403582167539e-11 -2.720158413946827391e-11 1.639756845474028117e-11 -5.571576001121935203e-11 -7.821955847032222932e-12 1.602401273998990418e-11
-9.701292945655322529e-13 -3.975830427775509909e-12 3.127801379152665635e-12 6.517816236402374583e-12 -8.549088534366032218e-12 1.755119325890462102e-11 -2.910362723990942736e-11 1.629616280957656672e-11 -3.429260021113611976e-11 -9.165507667128311456e-12 1.567953419074915487e-11
-1.043424112451306165e-12 -4.472979122774836583e-12 3.796781463633934908e-12 7.063049766913855281e-12 -9.950082328846485245e-12 1.802796520277033089e-11 -2.835042940604708453e-11 1.472974461653030792e-11 -1.623314849601886382e-11 -1.012676443182389319e-11 1.337015134902920975e-11
-1.074212102608842959e-12 -4.682865931538169946e-12 3.784842432073998558e-12 6.999561579285797050e-12 -8.800696564857454130e-12 1.645599417111497745e-11 -2.349511872433315210e-11 9.915617284394964475e-12 -4.190824803915889229e-12 -8.650861254200917592e-12 1.097502779686557949e-11
-1.070708879703705145e-12 -4.626740244575015799e-12 3.221819336243403314e-12 6.425783045369665330e-12 -5.774989173881103463e-12 1.344295957141637657e-11 -1.596327662658545591e-11 3.293103272714827574e-12 2.826766573159599597e-12 -4.583471946754928019e-12 8.916837922694194676e-12
-1.048414289210360731e-12 -4.375283421277878560e-12 2.408545560121921710e-12 5.605905657769269471e-12 -2.400547281890510173e-12 1.006380403886725311e-11 -8.750477640965641540e-12 -1.506957941606229265e-12 5.982260994764681581e-12 -1.398411846765955999e-12 6.452268160779224896e-12
-1.014212574798161316e-12 -3.964584174186106827e-12 1.564153951960114334e-12 4.677031369306962453e-12 2.048305917895498244e-13 7.062204830800131382e-12 -3.787136530946371576e-12 -3.304415075999032791e-12 6.637321402545717639e-12 2.135722748429685337e-14 3.887780988357348051e-12
-9.679483703205570831e-13 -3.438579613889730328e-12 8.326578299506945098e-13 3.687374821255502634e-12 1.685705499112323243e-12 4.602475832012333985e-12 -1.169418128211531765e-12 -3.367544088885302095e-12 5.458333675724792706e-12 9.141804575489329736e-13 3.287987934832229463e-12
-9.047424394511703639e-13 -2.827894700616567692e-12 2.660702048416632757e-13 2.666523551691610062e-12 2.148420280027631233e-12 2.678303014300838968e-12 -2.294643527318500540e-13 -2.492612943748627257e-12 3.018546340947571868e-12 1.142894693817650766e-12 1.958435504213445703e-12
-8.219511629526469344e-13 -2.170208526184395264e-12 -1.374052516882141890e-13 1.665357244179873515e-12 1.966840292277280949e-12 1.159952943635719024e-12 3.547845956493370997e-14 -1.176479209815903523e-12 7.603870934066011918e-13 9.238695071046178240e-13 8.894322482599833379e-13
-7.220858997893352752e-13 -1.526325810842951878e-12 -3.528269066088337703e-13 8.156074689570465265e-13 1.293431106671525975e-12 2.048596804867375330e-13 -8.716937841825811066e-15 2.866783861957876749e-13 -7.986716053509118124e-13 4.446523085882123463e-13 6.607099777609213116e-14
-6.110540847438331319e-13 -9.589266689538593586e-13 -3.982974975881332352e-13 2.187642069630568739e-13 4.533515369570840751e-13 -2.111179510439458478e-13 1.175577442877135595e-14 4.578744355681913546e-13 -6.938162512201020283e-13 5.188072066515288280e-13 -7.819597137742653398e-13
-4.960627945035447822e-13 -5.064469778930982191e-13 -3.212235313174806888e-13 -8.537411262254540910e-14 -1.578331785538736968e-13 -2.141937038625596384e-13 -1.361961669616242601e-14 -5.692302488087286836e-14 -9.225940576608683421e-14 4.146759489201340782e-13 -1.263851464000707022e-13
-3.851542380660781565e-13 -1.824622592186037728e-13 -1.739149946014705542e-13 -1.465330290114617691e-13 -2.883518465859322172e-13 -4.301143637711993322e-14 -2.024825132210414583e-14 -2.007940953543928175e-13 -2.004280093160631261e-13 -2.413516600001995306e-13 4.221217974885220413e-13
-2.855278984906881018e-13 1.369995525121810017e-14 -5.576966164592748467e-15 -8.365600344245561072e-14 -1.056173815307134633e-13 7.052948863953420053e-14 6.684855842627396028e-14 -1.687330716914671914e-13 7.954434181233877101e-14 -9.708932454536606346e-14 -2.407130270165445288e-13
-2.006287924107838191e-13 1.109499090516502896e-13 1.167073886487161987e-13 2.964326747834601649e-14 9.485968139996333350e-14 5.354460997088695711e-14 -9.696463854532384442e-15 -2.877003514227155661e-14 3.582959662324204525e-15 2.977868035191048827e-14 -4.679883706567062677e-15
-5.071187714373147887e-13 -6.503871431930995272e-13 -2.956803887973509510e-12 1.528816492424616883e-12 9.432712712089036691e-12 7.651334318996522988e-12 -1.450199383414309214e-11 9.068689877161749019e-12 -1.212211695275070793e-10 1.661614087523743438e-12 6.221633988116570953e-13
-5.853324202826269100e-13 -1.185895521828953914e-12 -1.997279296187923756e-12 2.432665048573156603e-12 6.446715440800281422e-12 9.293744802229189837e-12 -1.760917623003887060e-11 1.137087310298384905e-11 -1.127177315674065719e-10 -1.186966939561870854e-12 3.725401696395269303e-12
-6.751102362796864269e-13 -1.834266424422379106e-12 -7.798366199361613515e-13 3.460175275325040382e-12 2.747372906540308585e-12 1.130841641299696666e-11 -2.100528068344733716e-11 1.360288829204944069e-11 -9.849564732137455414e-11 -3.666620561554368480e-12 8.281767218968017396e-12
-7.770433180156147606e-13 -2.566479416894004265e-12 5.942108660443553718e-13 4.562648303819703963e-12 -1.357520234134191375e-12 1.363093949523055110e-11 -2.453374490388343367e-11 1.524957589167179998e-11 -8.021388722005248173e-11 -5.616163968877646571e-12 1.269857883299363911e-11
-8.857783667381058641e-13 -3.328218063143678007e-12 1.978097690515649795e-12 5.663742066315501677e-12 -5.402306594006316213e-12 1.600403991859483486e-11 -2.780866231555332730e-11 1.619833635583523631e-11 -5.905961624564721788e-11 -6.972295139022441374e-12 1.594323587506111107e-11
-9.905127834913843832e-13 -4.042814872195903166e-12 3.189558673872329505e-12 6.636671746421251177e-12 -8.759891132477572171e-12 1.798598372019793684e-11 -3.007246957317347611e-11 1.633113771916774672e-11 -3.698182584367468251e-11 -8.451451539168638552e-12 1.604026892404882919e-11
-1.070434491555693887e-12 -4.582446354951853366e-12 3.944355126551296439e-12 7.260026733828238005e-12 -1.046788850472197151e-11 1.869585673414029003e-11 -2.977842638307051679e-11 1.507875056774763710e-11 -1.796116391661472556e-11 -9.679533487708063437e-12 1.387432161087799365e-11
-1.106757816152475540e-12 -4.830112534273313990e-12 4.000739842623641616e-12 7.264287879338291221e-12 -9.550153833618277915e-12 1.729556488307001995e-11 -2.523297205774737810e-11 1.053126250668290034e-11 -4.986420503643361798e-12 -8.576884663636363972e-12 1.137920400862481970e-11
-1.105364151084862136e-12 -4.793909520434952814e-12 3.454936797780722469e-12 6.706018635505424959e-12 -6.508337013111147942e-12 1.425662494260096749e-11 -1.751326723651233239e-11 3.733999558725167124e-12 2.513336846067335447e-12 -4.513191084948093587e-12 9.262832510150461586e-12
-1.083586711736862020e-12 -4.552581573307837747e-12 2.627731531247987006e-12 5.874084571841349200e-12 -2.971059925971505072e-12 1.074940848812875892e-11 -9.847387338114168464e-12 -1.472391063987849482e-12 5.974227010911775230e-12 -1.080242250437723882e-12 6.719686805704005452e-12
-1.049087870560868712e-12 -4.142047156034975329e-12 1.750031078412327408e-12 4.918639924603900130e-12 -1.524939761720858090e-13 7.580793356748758579e-12 -4.387861250596373150e-12 -3.567950883362255638e-12 6.783564267824944762e-12 4.709054344040607266e-13 4.050371944711191897e-12
-1.002720651089273642e-12 -3.609431082623725175e-12 9.826911895844436519e-13 3.898253308351522185e-12 1.506465980794095896e-12 4.972034100736501456e-12 -1.390691364607221793e-12 -3.641957715104559362e-12 5.654296653303617936e-12 1.244575882551118328e-12 3.344698480506323641e-12
-9.393999561558159056e-13 -2.986544368715889112e-12 3.846830101928837195e-13 2.841455016042168167e-12 2.084465564413354954e-12 2.926676817584662649e-12 -2.338175105657913005e-13 -2.719375792362303413e-12 3.143378378084996905e-12 1.381395821128239742e-12 1.969090795921796118e-12
-8.559417235658556930e-13 -2.309466273152994270e-12 -4.798837042763774414e-14 1.795900383306136813e-12 1.971239254862316235e-12 1.301305185741728133e-12 1.238387696532410932e-13 -1.346577309993771756e-12 7.559148305103701940e-13 1.095864777869837368e-12 9.431030514900396900e-13
-7.545670064855665116e-13 -1.639488083454537324e-12 -2.902329884785017786e-13 8.964562278173141997e-13 1.324783349801417129e-12 2.522353297538460280e-13 7.840282994304192736e-14 2.059137439916533321e-13 -8.695851710144234577e-13 5.330447529447146486e-13 1.003192705087586508e-13
-6.410324067663876130e-13 -1.042399484550922784e-12 -3.578956624373405031e-13 2.525048152756370952e-13 4.793242676113544452e-13 -2.257968813805613510e-13 6.160714246625864789e-14 4.623750385131818040e-13 -7.714141549235608748e-13 5.282239876358730232e-13 -7.984847688883314906e-13
-5.225955400893396309e-13 -5.609709835502642196e-13 -2.978879867952591377e-13 -8.677703733182222981e-14 -1.520487194977748693e-13 -2.516853213150234503e-13 -1.390656132237076828e-14 -6.571946046294557733e-14 -8.903484010354073254e-14 4.239773863067787219e-13 -1.612281603762219664e-13
-4.075785494800353343e-13 -2.124392547137354442e-13 -1.608012682113741616e-13 -1.663609343644707079e-13 -2.933048331506237424e-13 -6.230944147673952544e-14 -4.383160178336227645e-14 -2.377491457195367105e-13 -2.159186808609184524e-13 -2.607787901493644170e-13 4.415450544088425158e-13
-3.035694937346164283e-13 1.436013351047750486e-15 4.474928570613582111e-15 -1.085212716920886427e-13 -1.044133386853742681e-13 7.775694082643979968e-14 6.026480904254524922e-14 -2.028852183552275209e-13 7.337617199925634412e-14 -9.850156600665116282e-14 -2.625706040664454418e-13
-2.143817402325362081e-13 1.100518529513450626e-13 1.273247046517118383e-13 9.672668697691963868e-15 1.052043375345664973e-13 7.508106175456352895e-14 -2.295146390040378723e-15 -2.306967164468619243e-14 1.159799171203538680e-14 4.027933335883718736e-14 -9.810738394074355385e-15
-5.132247344827894642e-13 -6.262234960827708284e-13 -3.070111450464635348e-12 1.467868041114929085e-12 9.849576849479231563e-12 7.684923904236108405e-12 -1.445117353801194900e-11 8.188726466731947257e-12 -1.242302111886549201e-10 3.073213923891549537e-12 -5.749077856164408364e-13
-5.925569508035243858e-13 -1.166207462002449332e-12 -2.106656966155499843e-12 2.384711540583201756e-12 6.847039809624062815e-12 9.340134146744892504e-12 -1.763671585540768601e-11 1.057541111459444141e-11 -1.160705869420021950e-10 1.481129265135768763e-13 2.519802181820160565e-12
-6.837777717143243733e-13 -1.824376772169186100e-12 -8.719460992145760603e-13 3.435959539234489468e-12 3.082277908085440141e-12 1.138529426664116774e-11 -2.115781269422346683e-11 1.298596526744111365e-11 -1.020100823771001001e-10 -2.510889763003099772e-12 7.274685955405425030e-12
-7.878929144369760372e-13 -2.572848821051609670e-12 5.347861890505530942e-13 4.571850772948316416e-12 -1.141066848270074435e-12 1.376845526581161372e-11 -2.486155610450979709e-11 1.484342643270664492e-11 -8.366436655988550676e-11 -4.650890091058240428e-12 1.209399922654929588e-11
-9.000293077569621801e-13 -3.358596406442088052e-12 1.968292082829526499e-12 5.717605054761546732e-12 -5.362217733338210438e-12 1.624623578111334419e-11 -2.838261104434292771e-11 1.600997674240450384e-11 -6.222099168218001574e-11 -6.169002081611390138e-12 1.586686715839681237e-11
-1.009783905443718823e-12 -4.106143844111824176e-12 3.247945751872636416e-12 6.749041078058263533e-12 -8.959189818910607145e-12 1.839704681291751137e-11 -3.098844027878601832e-11 1.636420397832344364e-11 -3.952429515571226611e-11 -7.776362854381931362e-12 1.638131765138671556e-11
-1.095970861277832079e-12 -4.685939745486822587e-12 4.083875405026533369e-12 7.446254281067934589e-12 -1.095743698082160959e-11 1.932730011369914644e-11 -3.112849476177763534e-11 1.540871057808318448e-11 -1.959487814560628836e-11 -9.256708812756196744e-12 1.435097830937186762e-11
-1.137527446246945491e-12 -4.969323600938506412e-12 4.204855307670670014e-12 7.514567545546752162e-12 -1.025871174757934461e-11 1.808931857315049271e-11 -2.687598732289749564e-11 1.111331075887275209e-11 -5.738598987006761677e-12 -8.506945118197788305e-12 1.176132353048372827e-11
-1.138128216322665452e-12 -4.951956040918680088e-12 3.675332582024473624e-12 6.970961219628392818e-12 -7.201664621828438954e-12 1.502588699809933867e-11 -1.897867181816020527e-11 4.150835269228862457e-12 2.217011593981387997e-12 -4.446745586901835010e-12 9.589945493352406803e-12
-1.116839706170343019e-12 -4.720204217310808559e-12 2.834956093899804343e-12 6.127628436440046926e-12 -3.510438576158487167e-12 1.139759815780470794e-11 -1.088443652256691934e-11 -1.439710567188127762e-12 5.966631457279775466e-12 -7.794357943116772991e-13 6.972511889949636438e-12
-1.082059953024262699e-12 -4.309825634783047659e-12 1.925764525466633922e-12 5.147063427090895332e-12 -4.903186422239631439e-13 8.071081490002992419e-12 -4.955803246030267955e-12 -3.817105022613669998e-12 6.921826373135316521e-12 8.959209122593397222e-13 4.204089993315177555e-12
-1.035595340283773847e-12 -3.770958851489839183e-12 1.124536934494051727e-12 4.097623742724111058e-12 1.337007913845661279e-12 5.321424850228394070e-12 -1.599889288579446217e-12 -3.901396050770376224e-12 5.839565546640467115e-12 1.556940981281923789e-12 3.398314220669689603e-12
-9.721661441802929346e-13 -3.136536213136119377e-12 4.968228820953534885e-13 3.006840127202995442e-12 2.024000982510728085e-12 3.161496375505243510e-12 -2.379331095627795457e-13 -2.933763746798558145e-12 3.261398086138371374e-12 1.606881473647240578e-12 1.979164607512840903e-12
-8.880773525979495086e-13 -2.441124451633586134e-12 3.654885625225866845e-14 1.919319527257170382e-12 1.975398156937302462e-12 1.434943559013083115e-12 2.073770832885361348e-13 -1.507392822393691737e-12 7.516866278491954193e-13 1.258473928630462823e-12 9.938449333805120667e-13
-7.852755554600871675e-13 -1.746474868834919816e-12 -2.310549431795260213e-13 9.728929113641777956e-13 1.354424639143744041e-12 2.970255972583440719e-13 1.607683007204650832e-13 1.295565873375836667e-13 -9.366288447352124563e-13 6.166134475363955288e-13 1.326985477634718477e-13
-6.693747529369833429e-13 -1.121317024862615328e-12 -3.196986345889757919e-13 2.844041325010252944e-13 5.038796151377861258e-13 -2.396747534118203790e-13 1.087380235352229471e-13 4.666300348680700458e-13 -8.447773887247348711e-13 5.371268761350536296e-13 -8.141080196967365029e-13
-5.476803416910122927e-13 -6.125195072966605652e-13 -2.758259085901050668e-13 -8.810340157537993307e-14 -1.465799298952936135e-13 -2.871309474785666931e-13 -1.417784659770631320e-14 -7.403585682446653416e-14 -8.598624568407756728e-14 4.327712253905482806e-13 -1.941697226604105267e-13
-4.287791222251477793e-13 -2.407803468070184746e-13 -1.484031834716993581e-13 -1.851067919438618588e-13 -2.979875256262057237e-13 -8.055431663894648614e-14 -6.612796244667222238e-14 -2.726874861134892235e-13 -2.305639955711583407e-13 -2.791457438734643236e-13 4.599083459150213170e-13
-3.206265237319387159e-13 -1.015866122263184416e-14 1.397827179580865216e-14 -1.320295934387686614e-13 -1.032750029070117396e-13 8.458997661868593780e-14 5.404034771205768197e-14 -2.351736151887053061e-13 6.754461153040872125e-14 -9.983673884982994592e-14 -2.832353700914218610e-13
-2.273841627132998262e-13 1.092028055061485153e-13 1.373626129690471279e-13 -9.208095337872749725e-15 1.149844654413016176e-13 9.544222699564542915e-14 4.702266602388929968e-15 -1.768038801255477150e-14 1.917562751823673653e-14 5.020694497868592733e-14 -1.466159202923982178e-14
-5.194079180946254825e-13 -6.017542572687831568e-13 -3.184851985419688865e-12 1.406148789733804403e-12 1.027171296368149841e-11 7.718938288109082858e-12 -1.439971052918927736e-11 7.297634376358626765e-12 -1.272773074458410203e-10 4.502665913029060662e-12 -1.787118032691091644e-12
-5.998728481308969292e-13 -1.146270412078538914e-12 -2.217417908278649405e-12 2.336151576286426600e-12 7.252426981098304548e-12 9.387110165166586005e-12 -1.766460376638040263e-11 9.769889114768033089e-12 -1.194658450399730647e-10 1.500077216859568795e-12 1.298955748272082224e-12
-6.925549232750114932e-13 -1.814362047805088086e-12 -9.652204642019106457e-13 3.411437552487661330e-12 3.421418370029765379e-12 1.146314437466520356e-11 -2.131227373806138074e-11 1.236124016924819562e-11 -1.055689636154514881e-10 -1.340542723147141094e-12 6.254868383814760790e-12
-7.988797229619159972e-13 -2.579298777305916838e-12 4.746099828467784922e-13 4.581169623106740434e-12 -9.218760299685338921e-13 1.390771016332291345e-11 -2.519351305046477160e-11 1.443214050113589853e-11 -8.715848325151239097e-11 -3.673408633117058131e-12 1.148177365068216061e-11
-9.144604768342322093e-13 -3.389358936888941933e-12 1.958362465914227112e-12 5.772149234682037346e-12 -5.321621878400375485e-12 1.649149463358328353e-11 -2.896381835856445835e-11 1.581923499048592480e-11 -6.542234824647786699e-11 -5.355549975458321593e-12 1.578953262424271168e-11
-1.029298744431646856e-12 -4.170273721562294617e-12 3.307071236560002000e-12 6.862831516326853578e-12 -9.161008985840105570e-12 1.881330851747062431e-11 -3.191599503687960170e-11 1.639768841714635193e-11 -4.209891844463682872e-11 -7.092736489725249860e-12 1.672667953625136411e-11
-1.121830183066279589e-12 -4.790741990970423515e-12 4.225160161621308245e-12 7.634837001450542887e-12 -1.145317665447907796e-11 1.996672919993754668e-11 -3.249563711870306034e-11 1.574284350984814943e-11 -2.124925355246355529e-11 -8.828536778178707690e-12 1.483366316617211953e-11
-1.168686212152534439e-12 -5.110295235135922880e-12 4.411552170153937503e-12 7.768012436177515441e-12 -1.097623061726300969e-11 1.889311066828402574e-11 -2.853978139328133432e-11 1.170272003037629397e-11 -6.500290084953281351e-12 -8.436121064014120196e-12 1.214827562249607290e-11
-1.171306640498824022e-12 -5.112001336255094382e-12 3.898515656906291832e-12 7.239254466503128889e-12 -7.903760572583217526e-12 1.580487771922701957e-11 -2.046260900727207113e-11 4.572942597446011183e-12 1.916938789678895329e-12 -4.379459768798535942e-12 9.921195392797895061e-12
-1.150513242910085094e-12 -4.889946743045136013e-12 3.044801374071054056e-12 6.384378807067187219e-12 -4.056638614295327237e-12 1.205398532088927803e-11 -1.193460101043715437e-11 -1.406616768143107592e-12 5.958939844150387084e-12 -4.748251133971382750e-13 7.228534389921869123e-12
-1.115449025172262282e-12 -4.479725966094468144e-12 2.103720429765025304e-12 5.378375744677017149e-12 -8.324156931195729995e-13 8.567570175278207047e-12 -5.530927862864762133e-12 -4.069410152276527678e-12 7.061837044558819705e-12 1.326311455534041922e-12 4.359752075675711103e-12
-1.068885787457566093e-12 -3.934529421777360343e-12 1.268176567328126603e-12 4.299515565313005492e-12 1.165406752602270949e-12 5.675234257618215778e-12 -1.811732886769912990e-12 -4.164115438538969973e-12 6.027177489377472531e-12 1.873256483933025976e-12 3.452608025599344697e-12
-1.005346718001086180e-12 -3.288424967042890741e-12 6.103809591479647901e-13 3.174316822691397812e-12 1.962771719875557452e-12 3.399285637992451208e-12 -2.421007575034666374e-13 -3.150863012386625252e-12 3.380910359973948926e-12 1.835218787244213819e-12 1.989365819956584937e-12
-9.206193929088413503e-13 -2.574447678317212837e-12 1.221552042970237373e-13 2.044299522418751204e-12 1.979609655478379315e-12 1.570272023590847229e-12 2.919718852716767028e-13 -1.670242128640465269e-12 7.474049521007391209e-13 1.423139556955673797e-12 1.045228535221004265e-12
-8.163724677925731714e-13 -1.854814689469066825e-12 -1.711284877828749781e-13 1.050296270647738264e-12 1.384440794435826593e-12 3.423823161612695367e-13 2.441754271947388313e-13 5.223376062386508086e-14 -1.004520403128082314e-12 7.012390146677559253e-13 1.654873177020883582e-13
-6.980755376928622681e-13 -1.201232615681676329e-12 -2.810185383677765428e-13 3.167068724705587139e-13 5.287455080273291908e-13 -2.537281354364197986e-13 1.564649571758322052e-13 4.709388430753855910e-13 -9.190684291143462232e-13 5.461423572217891718e-13 -8.299288538270179704e-13
-5.730823845271531496e-13 -6.647199524123702628e-13 -2.534848167269816841e-13 -8.944654001283545301e-14 -1.410419778549520395e-13 -3.230248456768766353e-13 -1.445256274952776440e-14 -8.245742858615903659e-14 -8.289909643749934630e-14 4.416762779488150879e-13 -2.275278887058379195e-13
-4.502478133327558769e-13 -2.694798616555653210e-13 -1.358483032147266313e-13 -2.040897237280886740e-13 -3.027294389328544264e-13 -9.902993021279334408e-14 -8.870629965629637561e-14 -3.080676830262225830e-13 -2.453945259331147764e-13 -2.977449798935270408e-13 4.785038733888709234e-13
-3.378992697404771787e-13 -2.189997077313341924e-14 2.360180144799256434e-14 -1.558352190987485015e-13 -1.021222708707108846e-13 9.150942811626910601e-14 4.773716715698251783e-14 -2.678703553629293223e-13 6.163930075595618168e-14 -1.011887972842240388e-13 -3.041614782772546819e-13
-2.405510235947951335e-13 1.083430203605646992e-13 1.475274682170440895e-13 -2.832763971911179921e-14 1.248882801952325401e-13 1.160608948437439303e-13 1.178817414345436832e-14 -1.222294744402195054e-14 2.684909580622407699e-14 6.026010863990586008e-14 -1.957379320781995361e-14
-5.276095972760102140e-13 -5.692970542833746854e-13 -3.337049480026225973e-12 1.324281336253808839e-12 1.083165508858108215e-11 7.764056641902627225e-12 -1.433144746151896100e-11 6.115645958434128388e-12 -1.313191259420352586e-10 6.398761406000049176e-12 -3.395053383604068268e-12
-6.095770145548014656e-13 -1.119824927595611159e-12 -2.364336674974621246e-12 2.271739249105233463e-12 7.790152483625874664e-12 9.449421469266252163e-12 -1.770159566548895004e-11 8.701405077621587960e-12 -1.239694825419817244e-10 3.293389211132029377e-12 -3.204350647657035093e-13
-7.041973692590597566e-13 -1.801078024476454960e-12 -1.088944174020594112e-12 3.378910382214977075e-12 3.871270975364631231e-12 1.156640859131467121e-11 -2.151715847225207278e-11 1.153257404361245387e-11 -1.102896389053589118e-10 2.118632084551618078e-13 4.902132150055355128e-12
-8.134531667344565439e-13 -2.587854316977063558e-12 3.947893003984021987e-13 4.593530605009900623e-12 -6.311305375283631114e-13 1.409242471593984041e-11 -2.563383708782696908e-11 1.388659059412064380e-11 -9.179325165723896310e-11 -2.376829104577083928e-12 1.066968750694588500e-11
-9.336026900215729735e-13 -3.430163871962353090e-12 1.945191333303846118e-12 5.844499320566460955e-12 -5.267773538135205545e-12 1.681681805094547058e-11 -2.973476035561069523e-11 1.556622574119284482e-11 -6.966878520502840520e-11 -4.276547054393815294e-12 1.568695229208267755e-11
-1.055184187672244557e-12 -4.255338748474240325e-12 3.385498190485295868e-12 7.013768756136662726e-12 -9.428711865269362708e-12 1.936545853672057546e-11 -3.314634933486606270e-11 1.644210382626533327e-11 -4.551402553026864565e-11 -6.185940824021259811e-12 1.718478454423045724e-11
-1.156131260647677818e-12 -4.929756849241924095e-12 4.412567218687625269e-12 7.884982406440213340e-12 -1.211075016433289205e-11 2.081489942118827476e-11 -3.430908204939884066e-11 1.618605388137211991e-11 -2.344369854080590640e-11 -8.260588312521462145e-12 1.547392012426966054e-11
-1.210016733313545077e-12 -5.297286951291551847e-12 4.685725064821213439e-12 8.104194217056986899e-12 -1.192798297123026565e-11 1.995930007632176558e-11 -3.074671976109119826e-11 1.248454150632078886e-11 -7.510634656874688110e-12 -8.342176552351180041e-12 1.266154792833196824e-11
-1.215316135820976340e-12 -5.324293295571312978e-12 4.194556675309761318e-12 7.595131838080969597e-12 -8.835055207407322186e-12 1.683816936359209446e-11 -2.243097635264845473e-11 5.132846538854069526e-12 1.518907449121178134e-12 -4.290208547338069502e-12 1.036058156791284976e-11
-1.195179479910522226e-12 -5.115101586157358227e-12 3.323150484879650864e-12 6.724945139265291433e-12 -4.781145235394498342e-12 1.292464956968077349e-11 -1.332759088907942370e-11 -1.362719523907992144e-12 5.948737310167567584e-12 -7.077450976205711574e-14 7.568135238738380838e-12
-1.159737934331478893e-12 -4.705090130268934686e-12 2.339769902396304852e-12 5.685199790907093458e-12 -1.286190063443593592e-12 9.226137210843306787e-12 -6.293801469236872471e-12 -4.404080097881721726e-12 7.247554092484791197e-12 1.897202661009433013e-12 4.566229925518323952e-12
-1.113043875592771527e-12 -4.151497479273283694e-12 1.458707247996148281e-12 4.567314818497743445e-12 9.377865242079416448e-13 6.144544474503105727e-12 -2.092732664905949356e-12 -4.512599368799697698e-12 6.276035207003154655e-12 2.292832939463730121e-12 3.524626001618022844e-12
-1.049359064707845371e-12 -3.489897688139080005e-12 7.610099832267458770e-13 3.396466156913028446e-12 1.881554211621424939e-12 3.714701022691488857e-12 -2.476289309280603514e-13 -3.438834166586345916e-12 3.539437323969163908e-12 2.138096641518584401e-12 2.002897210473554805e-12
-9.637847573270330592e-13 -2.751294170052410279e-12 2.357076788838613554e-13 2.210079141081310084e-12 1.985195994599898567e-12 1.749778361529925053e-12 4.041825953719940307e-13 -1.886253465870531931e-12 7.417255266419006586e-13 1.641560153195258363e-12 1.113386274442908029e-12
-8.576209433081108417e-13 -1.998521961405672535e-12 -9.163908708280380887e-14 1.152967897151206412e-12 1.424255700639635557e-12 4.025457011161167372e-13 3.548107460275531158e-13 -5.033104344521885138e-14 -1.094575108643417385e-12 8.134905331972365812e-13 2.089799564036004918e-13
-7.361456716186725348e-13 -1.307236589783817843e-12 -2.297113544757277905e-13 3.595548170989062722e-13 5.617288525736865601e-13 -2.723692332388683798e-13 2.197723116370351206e-13 4.766542584378912327e-13 -1.017611722605169479e-12 5.581009352133720361e-13 -8.509143871492611471e-13
-6.067769047610139057e-13 -7.339611927621127117e-13 -2.238504926083146382e-13 -9.122814496641523072e-14 -1.336961656351914353e-13 -3.706362793786138229e-13 -1.481695977907941363e-14 -9.362821598256972726e-14 -7.880414970036605361e-14 4.534883780964074824e-13 -2.717758024431543544e-13
-4.787249421815835980e-13 -3.075483110882538903e-13 -1.191948919537810791e-13 -2.292696190179416158e-13 -3.090193462125058842e-13 -1.235368936459381352e-13 -1.186553177029716484e-13 -3.549977180506153567e-13 -2.650664715487985016e-13 -3.224159222379821625e-13 5.031698965461298781e-13
-3.608106904303364413e-13 -3.747422180506988344e-14 3.636692496129543463e-14 -1.874121729712118149e-13 -1.005932303531760465e-13 1.006877292433633336e-13 3.937631815629121658e-14 -3.112409212583605031e-13 5.380620582126145000e-14 -1.029822341628724842e-13 -3.319188984160096453e-13
-2.580161961072712481e-13 1.072025590213627952e-13 1.610106326583252007e-13 -5.368874467283726441e-14 1.380251876724113869e-13 1.434105109733123756e-13 2.118727075686167614e-14 -4.983929596536604590e-15 3.702756192177492891e-14 7.359511985732727760e-14 -2.608957868824011212e-14
-5.082944395537045620e-13 -6.442278631474914273e-13 -2.978231851521998373e-12 1.505931251387798982e-12 9.531771323269239924e-12 7.657064011009104269e-12 -1.444800858668896106e-11 8.694831776573490824e-12 -1.217512394463031451e-10 2.208519535985653735e-12 1.222359891696739096e-13
-5.867345886112018280e-13 -1.179655996855028774e-12 -2.019927713399909649e-12 2.409087702694428635e-12 6.554162655750056291e-12 9.300400939608475676e-12 -1.756043578608176354e-11 1.096722107525932557e-11 -1.133557218739313503e-10 -5.865583638677963973e-13 3.134522407064059048e-12
-6.767407422428253538e-13 -1.829026424313414938e-12 -8.015085526016008187e-13 3.440015798550065999e-12 2.851622561115668600e-12 1.131662652860808552e-11 -2.097874072297392847e-11 1.322916949708052699e-11 -9.924068503925694419e-11 -3.092120651369033116e-12 7.669217624026262363e-12
-7.789789706254994489e-13 -2.563542200592897716e-12 5.765325474977840248e-13 4.548981509437836679e-12 -1.269529391295402114e-12 1.364489716363707782e-11 -2.454263800937273927e-11 1.493954959668647346e-11 -8.102348584805073853e-11 -5.106487939544853083e-12 1.215379506444685293e-11
-8.882193768558607547e-13 -3.329230438968058373e-12 1.968098088275975963e-12 5.659402184558925353e-12 -5.345421399776065545e-12 1.603039284424389321e-11 -2.786869110022222431e-11 1.596842228113786960e-11 -5.989906420896070928e-11 -6.542811312839251101e-12 1.556661372573911837e-11
-9.938599306330417347e-13 -4.049990057817191842e-12 3.192204480782055315e-12 6.644731866223767558e-12 -8.751999509674442297e-12 1.803917370157543765e-11 -3.020840687546881464e-11 1.617843242849078453e-11 -3.779521690422752908e-11 -8.083980029315043066e-12 1.587728821862785805e-11
-1.075349924418420958e-12 -4.598954498146905079e-12 3.967121983569198248e-12 7.285264315775823506e-12 -1.053622295161745697e-11 1.880420424016586398e-11 -3.003703619995700806e-11 1.499670584262028216e-11 -1.863000861097005282e-11 -9.334475072055305692e-12 1.389864367966231783e-11
-1.114083266058885112e-12 -4.860486811712701973e-12 4.053420840977042383e-12 7.319989644444998311e-12 -9.743575700844025845e-12 1.750330025164618443e-11 -2.571496940674038491e-11 1.062737703384447219e-11 -5.336107353520919777e-12 -8.393257968519534841e-12 1.142930078473794723e-11
-1.114065844631752866e-12 -4.833533782698175417e-12 3.524488770167571441e-12 6.780572806705277160e-12 -6.766517668366255442e-12 1.451004027591432861e-11 -1.808992961607734453e-11 3.947180453486516205e-12 2.369266491188898025e-12 -4.496249618042291181e-12 9.320642209471349496e-12
-1.092767102646463941e-12 -4.597115266726255375e-12 2.700623723429730880e-12 5.951005154046535782e-12 -3.217457861882240963e-12 1.099142664801168907e-11 -1.035758315864800627e-11 -1.333098673774808680e-12 5.919913237025331025e-12 -1.034414506103956788e-12 6.775103310082484661e-12
-1.058152436436699190e-12 -4.188923304908825972e-12 1.816631934555874179e-12 4.990806680620990253e-12 -3.395399090651734364e-13 7.777823904729510470e-12 -4.739596508397575664e-12 -3.572522911183415104e-12 6.803725482948710048e-12 6.096029184937874859e-13 4.092145269547217107e-12
-1.011621406793507432e-12 -3.656176109303682888e-12 1.040070052650382667e-12 3.962475352452591361e-12 1.383503846018193771e-12 5.119424816985013228e-12 -1.587768485831608354e-12 -3.707972300923818690e-12 5.693672435747235893e-12 1.376613186945441588e-12 3.351143155225394843e-12
-9.482123647877505517e-13 -3.031585692286884859e-12 4.326091125707645381e-13 2.897314911245842234e-12 2.013992801628619252e-12 3.030978970015035913e-12 -3.069381888150948604e-13 -2.756278949423864911e-12 3.175479244625188070e-12 1.442118996900571558e-12 1.944806013437649806e-12
-8.646980998721624825e-13 -2.351731393821132195e-12 -7.252683526144093948e-15 1.841732035183435896e-12 1.934526891408717643e-12 1.371405339603817408e-12 1.256677547037963517e-13 -1.372683685260599001e-12 7.445279212507940517e-13 1.127453622919765038e-12 9.232810885816601244e-13
-7.631713950043163702e-13 -1.676904984392925346e-12 -2.568747034638005206e-13 9.300687969055177406e-13 1.309448121350425992e-12 2.895692892447675017e-13 1.122863246863981473e-13 1.811021190447571750e-13 -9.093060846284365996e-13 5.559258442349459017e-13 1.016627043526250008e-13
-6.492933441073462299e-13 -1.072870019132177903e-12 -3.311518001351590973e-13 2.716797786819631961e-13 4.726213132206373969e-13 -2.189647592370658950e-13 9.593514412381928859e-14 4.646116637746518276e-13 -8.027041213543306577e-13 5.238425021360102060e-13 -8.012806880541175969e-13
-5.302550223690133840e-13 -5.832850115063197847e-13 -2.778732381767245242e-13 -8.097194007590398062e-14 -1.564394363673842249e-13 -2.649059883332302141e-13 2.745900600372860431e-15 -5.908091401352484853e-14 -8.140423649459760586e-14 4.215097043240588002e-13 -1.724097641852133188e-13
-4.143852997964112091e-13 -2.264224261564540018e-13 -1.467585336108098270e-13 -1.705179863900099649e-13 -2.985660852001813947e-13 -7.911220264398236970e-14 -5.040300328418968502e-14 -2.404467118428346098e-13 -2.017897323433304557e-13 -2.569170111169463134e-13 4.504718490547735910e-13
-3.093435940609544055e-13 -5.879539036131319091e-15 1.436225645088517515e-14 -1.174718589244864002e-13 -1.065395998439866529e-13 7.123653120352291485e-14 5.342751932812795990e-14 -2.079336117740826409e-13 7.354488181218721282e-14 -9.109506751595490056e-14 -2.642676167086296050e-13
-2.190329996488672743e-13 1.075381362787552939e-13 1.347246710552302132e-13 4.757847885263367701e-16 1.071600752681734669e-13 7.875030018719631586e-14 -1.901807992686631080e-15 -1.385791649912425081e-14 9.561709568752936139e-15 4.331501052001899031e-14 -5.662927246758862027e-15
-5.152271602171242814e-13 -6.153898551667479017e-13 -3.106337683148288168e-12 1.426029634350774699e-12 1.002279391713133233e-11 7.694661262051697363e-12 -1.434805533419401263e-11 7.498999427923561556e-12 -1.251182670682794601e-10 4.075614736122522285e-12 -1.498683158731118388e-12
-5.949499682907625783e-13 -1.155003667938425478e-12 -2.145380743219323366e-12 2.340748542793045195e-12 7.037561019846470045e-12 9.351210098391845529e-12 -1.753958565586072964e-11 9.820411663210676894e-12 -1.171509130854355897e-10 1.262926952595511824e-12 1.414500423174415340e-12
-6.865504409261424021e-13 -1.814652433459818194e-12 -9.095361204981605591e-13 3.397382049519105325e-12 3.269907149962770934e-12 1.139809103807590446e-11 -2.109758991485028783e-11 1.227783286493155157e-11 -1.032903446309289404e-10 -1.433452332472725466e-12 6.113146106891046024e-12
-7.911588993588760609e-13 -2.566843549227517539e-12 5.034409387241189204e-13 4.544328667937762885e-12 -9.793543578757584188e-13 1.378960395046221704e-11 -2.486220069407398037e-11 1.424897248517887409e-11 -8.507479171497299681e-11 -3.689478235011017110e-12 1.104265091843479767e-11
-9.041186715680950198e-13 -3.359146164737536568e-12 1.949533350110825228e-12 5.706178481635232267e-12 -5.252626115208972666e-12 1.628662800250310154e-11 -2.847139465966063124e-11 1.556199530444200577e-11 -6.370323733577271962e-11 -5.356537654562835262e-12 1.511557690305580342e-11
-1.015392890594134946e-12 -4.117120385750649473e-12 3.250489984174024906e-12 6.759097168453212936e-12 -8.933545115628522327e-12 1.848124925791878681e-11 -3.120892836715051547e-11 1.605875714056062733e-11 -4.098890099105173233e-11 -7.083016760036279697e-12 1.602772653210129428e-11
-1.104312716851185014e-12 -4.713082435276206652e-12 4.121463941084238158e-12 7.486113502613840953e-12 -1.106544386507558028e-11 1.950720767244984126e-11 -3.156539587049936160e-11 1.522750042448085625e-11 -2.082658037931485369e-11 -8.597609934145151043e-12 1.435919548157568950e-11
-1.150286945650622740e-12 -5.021589587326095350e-12 4.297245305085603547e-12 7.610070150594079047e-12 -1.059794023696775422e-11 1.845322643227419609e-11 -2.772996285561395238e-11 1.126063901711926917e-11 -6.399453931257889525e-12 -8.136265157663196329e-12 1.183594691167803340e-11
-1.153580284857937850e-12 -5.021813459455285859e-12 3.801005742219267485e-12 7.103918210156829630e-12 -7.674146679885822734e-12 1.548538007301914724e-11 -2.003948362366499938e-11 4.545645549191270179e-12 1.947437958653972917e-12 -4.409620370773083402e-12 9.683138722487761146e-12
-1.133223561148206669e-12 -4.799237285307535274e-12 2.968045728420798573e-12 6.266195226626453338e-12 -3.969573963211667226e-12 1.184215501042519924e-11 -1.184103706995003947e-11 -1.162661067176993913e-12 5.860236105599959684e-12 -7.071504236380397643e-13 7.065753205865854871e-12
-1.098264251902586330e-12 -4.393574664490718887e-12 2.048457637086401401e-12 5.277926142153415709e-12 -8.450043870621139315e-13 8.436784440164646890e-12 -5.628761066272073796e-12 -3.803468917693008712e-12 6.955083963683246072e-12 1.139963279925512382e-12 4.276556081422258005e-12
-1.051469415095687740e-12 -3.854752645665220002e-12 1.230736891009232853e-12 4.214236771549907799e-12 1.099916830429470165e-12 5.596388206184412132e-12 -1.986867040893686078e-12 -4.015917667199660962e-12 5.907519146103293265e-12 1.803351621191710860e-12 3.409867036336440208e-12
-9.878512770798285255e-13 -3.217499197094874152e-12 5.857829322671980244e-13 3.108533855753561464e-12 1.885808195612553040e-12 3.356499264440815794e-12 -3.885321208263190335e-13 -2.993193462306405478e-12 3.319079720472678012e-12 1.714187088382552160e-12 1.932581631185974043e-12
-9.036778113325184668e-13 -2.517570554561304179e-12 1.127106302531794742e-13 2.003452656694958172e-12 1.900861527890052044e-12 1.567541467783788666e-12 2.017462495555112664e-13 -1.547400730730669585e-12 7.304780860468446428e-13 1.309615936735335647e-12 9.515647825934957749e-13
-8.006409271248838508e-13 -1.814689071558606833e-12 -1.680779225666634105e-13 1.035426791941085781e-12 1.321233828291986383e-12 3.698252542431820721e-13 2.209628262166561751e-13 8.778411814939860183e-14 -1.014730391614619197e-12 6.535065287570591108e-13 1.341361433835979317e-13
-6.841837695581386699e-13 -1.177391858477711042e-12 -2.686385078521353519e-13 3.209203723108752329e-13 4.883807279614759262e-13 -2.241740320591028717e-13 1.731207579613613917e-13 4.716663128926003362e-13 -9.024999221354964585e-13 5.264346523417154651e-13 -8.208455924689977930e-13
-5.614777004947867184e-13 -6.540242229654746529e-13 -2.370793243113083745e-13 -7.614097296670412439e-14 -1.562684525437440006e-13 -3.102604281900328120e-13 1.938385359993286060e-14 -5.806661015163604570e-14 -7.379352170001986723e-14 4.236831071122419774e-13 -2.143406287194007423e-13
-4.411024914357394714e-13 -2.671083874963127131e-13 -1.208944283247778852e-13 -1.919685846806848171e-13 -3.085754540564758340e-13 -1.126628901293289429e-13 -7.739195264067141606e-14 -2.744022301830407079e-13 -1.999751871109334944e-13 -2.722976994760695818e-13 4.750319922072234263e-13
-3.311359145316474748e-13 -2.416549954768100492e-14 3.341082674196776542e-14 -1.482802285466818540e-13 -1.079800934579836241e-13 7.085442524657595786e-14 4.053697110574025946e-14 -2.425882070664869947e-13 6.961164448227468361e-14 -8.663911956165699728e-14 -2.847810639554938405e-13
-2.358950964314614858e-13 1.041764239420724079e-13 1.517751013047542623e-13 -2.638636468964713130e-14 1.180844379105309645e-13 1.011005866744871699e-13 4.820167763037764504e-15 9.463043400013738224e-16 1.349396761194556280e-14 5.446747153561578685e-14 -5.251567138668561333e-15
-5.217819110538953452e-13 -5.881229106504235316e-13 -3.227451741271873455e-12 1.350462818787662057e-12 1.048706965645268800e-11 7.730214189952611549e-12 -1.425347384298867622e-11 6.367950360387343910e-12 -1.283015489105014049e-10 5.841452039364892706e-12 -3.031893660621238177e-12
-6.027175395746613402e-13 -1.131692778602093064e-12 -2.263986600079738096e-12 2.276102624756015511e-12 7.494651779305015447e-12 9.399257731276846798e-12 -1.751975928263959986e-11 8.735515565668196444e-12 -1.207390063645461436e-10 3.012393832840392700e-12 -2.127416381237364864e-13
-6.958254566208548732e-13 -1.801057971529253390e-12 -1.011667606028614582e-12 3.357031043340173892e-12 3.665458630254433033e-12 1.147512273498160141e-11 -2.120982129249060937e-11 1.137760169794674918e-11 -1.071190830238536219e-10 1.358294265599284497e-13 4.640613832557839539e-12
-8.026748226868349667e-13 -2.569959635966012820e-12 4.343380746532290595e-13 4.539887063356942429e-12 -7.049117924549416152e-13 1.392642182880257410e-11 -2.516420968217589974e-11 1.359529582519637588e-11 -8.890525617702964816e-11 -2.348657999033841198e-12 9.990664667243365065e-12
-9.191509526552876512e-13 -3.387424459645824071e-12 1.931980919038245320e-12 5.750364383365668352e-12 -5.164791813238337542e-12 1.652888350881708793e-11 -2.904111982931724631e-11 1.517705695278342905e-11 -6.730018286152282963e-11 -4.233946453303554711e-12 1.468770848650261462e-11
-1.035751298911687038e-12 -4.180583265054967657e-12 3.305593147559060345e-12 6.867192396229968571e-12 -9.105091689719389091e-12 1.889918831515422408e-11 -3.215479846173722375e-11 1.594508627123304386e-11 -4.400890724166806108e-11 -6.135847776020991979e-12 1.616876384908662747e-11
-1.131695421330338318e-12 -4.820978921567142001e-12 4.267381159983556838e-12 7.675979118459740657e-12 -1.156570317509406806e-11 2.017181976095893650e-11 -3.301032236757128519e-11 1.544529203541238584e-11 -2.290409420969360803e-11 -7.900291118304140051e-12 1.479374460862692971e-11
-1.184515704715572927e-12 -5.173897804118264425e-12 4.527764723740173217e-12 7.884289092964855151e-12 -1.140559993600729539e-11 1.935127304820421628e-11 -2.963494828735995856e-11 1.185878677660432322e-11 -7.405804224875665044e-12 -7.892335318593708703e-12 1.222013759340837652e-11
-1.190945563364270204e-12 -5.199845488472334374e-12 4.062509025669555921e-12 7.409672450631122724e-12 -8.532550318274155478e-12 1.640777480968388059e-11 -2.188341471247912444e-11 5.111556222024944683e-12 1.548348751566637314e-12 -4.327299444859471982e-12 1.002564731524705617e-11
-1.171481172772031474e-12 -4.990365424421373080e-12 3.220972276854918856e-12 6.564270434874841865e-12 -4.681080025097508859e-12 1.264682360797615174e-11 -1.324454343300791853e-11 -1.001029089501711353e-12 5.803713703809724332e-12 -3.978450668292139636e-13 7.340433574215478662e-12
-1.136197490443257363e-12 -4.587103837956326935e-12 2.267746255943289633e-12 5.549477772841838350e-12 -1.323364656179431749e-12 9.060187700959420332e-12 -6.470447618866608029e-12 -4.021255861457631468e-12 7.098186425255456663e-12 1.641189228219723546e-12 4.450844981377495163e-12
-1.089152226116475047e-12 -4.042539595097073954e-12 1.411098947557708968e-12 4.452348318941224271e-12 8.314220757312069534e-13 6.047649388280646083e-12 -2.364988852193211784e-12 -4.306959285173235095e-12 6.109729705057313085e-12 2.207040818609631855e-12 3.465449469926156963e-12
-1.025335511335241230e-12 -3.393313084592737596e-12 7.306835219105058453e-13 3.308302667555691827e-12 1.764354704758925298e-12 3.664491508597487415e-12 -4.661692992252380426e-13 -3.217080597615265964e-12 3.454928577269408468e-12 1.971420763627118939e-12 1.920973285443158783e-12
-9.405385387158144525e-13 -2.674405596314720535e-12 2.262028028581768365e-13 2.156416710692172471e-12 1.868850361464045409e-12 1.753152156209116446e-12 2.734066704865783925e-13 -1.712428946134360839e-12 7.172189248966686956e-13 1.481726541856973553e-12 9.782355203909121872e-13
-8.360737229659396703e-13 -1.945000701502433726e-12 -8.405669570236526583e-14 1.135095872421479234e-12 1.332257545405495989e-12 4.458411579390369833e-13 3.236317346913507388e-13 -2.989123319224803880e-16 -1.114533373818048395e-12 7.455896216072099101e-13 1.648098825539302921e-13
-7.171782299453121813e-13 -1.276255155278550977e-12 -2.094737207596043911e-13 3.675236224930624508e-13 5.032072952001936087e-13 -2.290168825398756140e-13 2.461075972182668524e-13 4.783801174756424334e-13 -9.968673932743742601e-13 5.287993841262385337e-13 -8.394397183546265947e-13
-5.910046623487786931e-13 -7.209438330922062944e-13 -1.984529241427176668e-13 -7.153873380183295744e-14 -1.561572945688718659e-13 -3.531040353005805585e-13 3.517290310756050080e-14 -5.695785604291494092e-14 -6.670520089593619561e-14 4.255364092131078895e-13 -2.539832214572680716e-13
-4.663696019728458874e-13 -3.056066839725052956e-13 -9.639207640723895219e-14 -2.122339912301286389e-13 -3.180701040307160558e-13 -1.444082229235963456e-13 -1.028888368426951830e-13 -3.064148885927307804e-13 -1.981016824090755699e-13 -2.869095494808396866e-13 4.981533576817931671e-13
-3.517464154332372202e-13 -4.147507278313142199e-14 5.145945821659033069e-14 -1.774110790600035243e-13 -1.093681830874134348e-13 7.045246406185924441e-14 2.832256592846588305e-14 -2.753284745616907333e-13 6.596682292474329400e-14 -8.244495845188594750e-14 -3.041449018063244171e-13
-2.518435974543662792e-13 1.009868158938769022e-13 1.679248431714897256e-13 -5.179721348105912542e-14 1.284014127368310845e-13 1.222082869154187659e-13 1.116161070689833008e-14 1.501561447588071610e-14 1.712677739676595889e-14 6.495836338403665458e-14 -4.823947353266268625e-15
-5.284195581648436821e-13 -5.605111277959566467e-13 -3.350097498661493131e-12 1.273940328313734716e-12 1.095721697537154819e-11 7.766216746381984443e-12 -1.415769620203917709e-11 5.222597194563599358e-12 -1.315250889206003409e-10 7.629621449478068407e-12 -4.584494296125066811e-12
-6.105833453668857842e-13 -1.108087082140707426e-12 -2.384092435676153977e-12 2.210639145626809469e-12 7.957523251906101267e-12 9.447913010023773848e-12 -1.749968216884858015e-11 7.636899054804349573e-12 -1.243724773619580619e-10 4.783985787749725430e-12 -1.860563027467147794e-12
-7.052177710934474296e-13 -1.787291583677043494e-12 -1.115090723089090467e-12 3.316169727716356762e-12 4.066012551943588295e-12 1.155312863189940735e-11 -2.132347203099083355e-11 1.046598552924216726e-11 -1.109962425155118889e-10 1.724957503951140200e-12 3.149458806401573687e-12
-8.143363849890235545e-13 -2.573115130899406346e-12 3.643612837473216881e-13 4.535389286559464257e-12 -4.269984197772023097e-13 1.406497000799989231e-11 -2.547003810130978204e-11 1.293335227702654536e-11 -9.278416356828663322e-11 -9.908807409299732099e-13 8.925374205027466808e-12
-9.343733432142134458e-13 -3.416060382906104751e-12 1.914206506582683300e-12 5.795109092825316699e-12 -5.075846692179029259e-12 1.677420275936671389e-11 -2.961805017000585171e-11 1.478725037967070586e-11 -7.094261806192204448e-11 -3.097158118091523062e-12 1.425442892223578460e-11
-1.056367174904689302e-12 -4.244848743380231600e-12 3.361393186772180723e-12 6.976654677080932811e-12 -9.278807770146543655e-12 1.932241294280604853e-11 -3.311263073885006181e-11 1.582997783309445456e-11 -4.706710676065162808e-11 -5.176700179398938465e-12 1.631158482846159840e-11
-1.159424428011872704e-12 -4.930239947657355615e-12 4.415143757510480732e-12 7.868245917173295190e-12 -1.207228913985129841e-11 2.084483703251082476e-11 -3.447352248984750115e-11 1.566583800154473463e-11 -2.500788184169781086e-11 -7.194153483204335958e-12 1.523378936924590174e-11
-1.219177346335999585e-12 -5.328132224839883510e-12 4.761199464070192812e-12 8.161976013808361070e-12 -1.222347390636807705e-11 2.026067703587037984e-11 -3.156402559591663203e-11 1.246449916146410206e-11 -8.424881581512804578e-12 -7.645320558107007247e-12 1.260918703841435145e-11
-1.228783391213970346e-12 -5.380129044116543269e-12 4.327319476136335209e-12 7.719293488765657334e-12 -9.401809974445278351e-12 1.734183484313641333e-11 -2.375066553997787654e-11 5.684623826647233509e-12 1.144212361813553364e-12 -4.243937426015895242e-12 1.037248752842255283e-11
-1.210222618857737007e-12 -5.183910713444121937e-12 3.477097524536055864e-12 6.866115326046299017e-12 -5.401584327857971786e-12 1.346166864931749517e-11 -1.466579959310754152e-11 -8.373529918694910820e-13 5.746476476750579487e-12 -8.462800182031337168e-14 7.618587756520185815e-12
-1.174610461183186873e-12 -4.783080526651564393e-12 2.489808163560670940e-12 5.824463649418335004e-12 -1.807774629350603813e-12 9.691474988006277906e-12 -7.322778773034146431e-12 -4.241797102119265711e-12 7.243098667702213735e-12 2.148754056665391107e-12 4.627338069545746383e-12
-1.127311602244358788e-12 -4.232701439312224636e-12 1.593741998325676354e-12 4.693471203839670701e-12 5.595317340718535843e-13 6.504617558559473536e-12 -2.747892676730193095e-12 -4.601681634015240725e-12 6.314497570474772363e-12 2.615835373276651634e-12 3.521734840572867878e-12
-1.063293799350543846e-12 -3.571350446570306809e-12 8.774166334242491731e-13 3.510597905857327719e-12 1.641365221392790125e-12 3.976378854277570474e-12 -5.447883360879908739e-13 -3.443799177783621347e-12 3.592495480722526458e-12 2.231907609330989247e-12 1.909218131637058477e-12
-9.778654345277210906e-13 -2.833224091836324982e-12 3.411302828908900983e-13 2.311315263085197146e-12 1.836434357495409645e-12 1.941110217029810789e-12 3.459733628096042131e-13 -1.879544232280618682e-12 7.037920783944434430e-13 1.656013786992599308e-12 1.005243556310521004e-12
-8.719546285462366594e-13 -2.076960350246036419e-12 1.027126856630919792e-15 1.236025443033936573e-12 1.343420676567447010e-12 5.228184159980210776e-13 4.275990713356505080e-13 -8.949590698669973786e-14 -1.215598539593935377e-12 8.388372663548209142e-13 1.958715448619463585e-13
-7.505899630554860259e-13 -1.376368751645342418e-12 -1.495606912056371850e-13 4.147162524425812775e-13 5.182213702796748243e-13 -2.339209792813993406e-13 3.200174829344768230e-13 4.851788298688460606e-13 -1.092428306383388582e-12 5.311940220068674336e-13 -8.582689995313376256e-13
-6.209050443395300608e-13 -7.887097589275916595e-13 -1.593380254083040562e-13 -6.687829123123302874e-14 -1.560447308292090869e-13 -3.964894748483417658e-13 5.116163284225901613e-14 -5.583507970129494135e-14 -5.952723589154921283e-14 4.274131494107746162e-13 -2.941271642554266084e-13
-4.919562593708005008e-13 -3.445918588676642525e-13 -7.157984927597552026e-14 -2.327556893318363438e-13 -3.276848304903185020e-13 -1.765550310799582589e-13 -1.287081738033147387e-13 -3.388324030870231556e-13 -1.962044838659920834e-13 -3.017061919583582041e-13 5.215671332488597641e-13
-3.726175722147221218e-13 -5.900355591468656564e-14 6.973634628461912409e-14 -2.069103402134098599e-13 -1.107738275528104887e-13 7.004541934502964765e-14 1.595368817364803464e-14 -3.084828000851161126e-13 6.227590626383698409e-14 -7.819775481668412828e-14 -3.237536293026731869e-13
-2.679937952059263527e-13 9.775686964807678090e-14 1.842788268311543967e-13 -7.752942698817206672e-14 1.388488637711890255e-13 1.435829309896370574e-13 1.758325229845829194e-14 2.926285572354970680e-14 2.080553037648124353e-14 7.558193093789229078e-14 -4.390919538307925750e-15
-5.372240601055989232e-13 -5.238854996823680263e-13 -3.512780869507045349e-12 1.172437129708578171e-12 1.158084352588864580e-11 7.813972310151636055e-12 -1.403065202465156607e-11 3.703344368331418487e-12 -1.358009510978327435e-10 1.000153739000161260e-11 -6.643940216773790378e-12
-6.210169374516819919e-13 -1.076775324275376767e-12 -2.543406729149684518e-12 2.123805164170993744e-12 8.571498761511691704e-12 9.512451767687725544e-12 -1.747305089776983611e-11 6.179640028853367291e-12 -1.291920921820837150e-10 7.133912575225038075e-12 -4.046314443969640982e-12
-7.176761994500269321e-13 -1.769031169196001664e-12 -1.252276237303822930e-12 3.261969267204375327e-12 4.597326993800655767e-12 1.165659949459831990e-11 -2.147422396700426624e-11 9.256772963211175034e-12 -1.161390977504093091e-10 3.832855221125500508e-12 1.171517367557698852e-12
-8.298048553918244842e-13 -2.577300734882469302e-12 2.715406232448864491e-13 4.529423214252578964e-12 -5.836044017861028872e-14 1.424874713466145562e-11 -2.587570397437792259e-11 1.205531776693132881e-11 -9.792933730224237686e-11 8.101418596290282387e-13 7.512320490651167890e-12
-9.545650715290399113e-13 -3.454044481512934841e-12 1.890629650952607318e-12 5.854460678649546775e-12 -4.957865505007184746e-12 1.709960629174315417e-11 -3.038331897882146138e-11 1.427019175120952749e-11 -7.577412343869280394e-11 -1.589266104644230715e-12 1.367970557789397897e-11
-1.083713087836143299e-12 -4.330093637972726308e-12 3.435409106107155328e-12 7.121850835814315438e-12 -9.509233332096562374e-12 1.988379892607440254e-11 -3.438314662875161772e-11 1.567729233470069385e-11 -5.112365316527277603e-11 -3.904439587180033004e-12 1.650102960751041645e-11
-1.196205547685219334e-12 -5.075169152045911678e-12 4.611143341714076061e-12 8.123278065047138097e-12 -1.274424970422706274e-11 2.173756027642491744e-11 -3.641438316969167302e-11 1.595838102982441530e-11 -2.779844933106020565e-11 -6.257497760090462321e-12 1.581748640468280821e-11
-1.265154254300183178e-12 -5.532716354001727127e-12 5.070838796280889684e-12 8.530313617058703725e-12 -1.330834220658299238e-11 2.146695525768532510e-11 -3.412284871132376716e-11 1.326794588966406309e-11 -9.776635958615844513e-12 -7.317668019342263062e-12 1.312524137655532039e-11
-1.278973348961816101e-12 -5.619266028281829663e-12 4.678577094921609836e-12 8.129990077329542773e-12 -1.055483877794794648e-11 1.858081805776502640e-11 -2.622747896663945195e-11 6.444768910752270350e-12 6.081459582821095055e-13 -4.133361940362849055e-12 1.083255346330422948e-11
-1.261611180319227727e-12 -5.440638713646573498e-12 3.816834662709847674e-12 7.266497250396265774e-12 -6.357296706902086005e-12 1.454251922903592737e-11 -1.655102373537703816e-11 -6.202449579766644282e-13 5.670554201225608540e-12 3.308385333749103101e-13 7.987545158342359881e-12
-1.225563316772579285e-12 -5.043033655057221773e-12 2.784362010424154723e-12 6.189218454436456058e-12 -2.450319866123301827e-12 1.052884552537189014e-11 -8.453352777943887039e-12 -4.534333861584382890e-12 7.435317400773810076e-12 2.822013033473200106e-12 4.861447190969611141e-12
-1.177928077452652827e-12 -4.484941471693077026e-12 1.836008732759310019e-12 5.013308469501123108e-12 1.988829993467890128e-13 7.110762637254192248e-12 -3.255795160706655423e-12 -4.992615867428916653e-12 6.586111748574402172e-12 3.158080596364246113e-12 3.596394527431713065e-12
-1.113643541382622127e-12 -3.807507968764839610e-12 1.072050656486527648e-12 3.778932269457401620e-12 1.478225915791435179e-12 4.390081584521154914e-12 -6.490724971511184899e-13 -3.744529864436633702e-12 3.774970994313177506e-12 2.577430185776036415e-12 1.893625517026776310e-12
-1.027377666851707814e-12 -3.043888763345180233e-12 4.935757504843002874e-13 2.516780329012361024e-12 1.793436174050974121e-12 2.190427042483790548e-12 4.422293960979612849e-13 -2.101214175278679569e-12 6.859820482127412267e-13 1.887196969477838102e-12 1.041068344841956945e-12
-9.195488282323691791e-13 -2.251998125040950918e-12 1.138864979071950147e-13 1.369903394486879378e-12 1.358228003398939477e-12 6.249248408281773429e-13 5.655064651586398318e-13 -2.078111920073889761e-13 -1.349656351152794768e-12 9.625255331280234961e-13 2.370732629737756564e-13
-7.949089308088411953e-13 -1.509164354695477510e-12 -7.008909920302061060e-14 4.773148801985305593e-13 5.381367786622578722e-13 -2.404260146493939218e-13 4.180551940654128332e-13 4.941969767283498906e-13 -1.219185006209214829e-12 5.343703876190854280e-13 -8.832450851328124381e-13
-6.605663830911096810e-13 -8.785978192240103019e-13 -1.074540980494692461e-13 -6.069645076880511189e-14 -1.558954207525434543e-13 -4.540380578204105120e-13 7.236987111488240973e-14 -5.434577388830524164e-14 -5.000602973128537608e-14 4.299025500264005857e-13 -3.473760663465226588e-13
-5.258956614434789491e-13 -3.963037141696112166e-13 -3.866768966899320706e-14 -2.599766800227371785e-13 -3.404382770337063602e-13 -2.191961400661038966e-13 -1.629562134814092850e-13 -3.818325902974036414e-13 -1.936879463270642651e-13 -3.213331870188819151e-13 5.526243178910381541e-13
-4.003021021112169764e-13 -8.225419889824148501e-14 9.397971042168645125e-14 -2.460396125138991568e-13 -1.126383435803088661e-13 6.950549519732842664e-14 -4.530002184311323887e-16 -3.524603297166593112e-13 5.738009270108339300e-14 -7.256405482263062487e-14 -3.497636108425293061e-13
-2.894162126187803666e-13 9.347250993821678702e-14 2.059715559002306559e-13 -1.116619018253175559e-13 1.527068771755584708e-13 1.719353112050537670e-13 2.610123385380722024e-14 4.816109793037144892e-14 2.568520944132427975e-14 8.967355395977754947e-14 -3.816530127957075564e-15
-5.226210684744460235e-13 -5.833478792545842132e-13 -3.241888977277332681e-12 1.329981413585092701e-12 1.056342751724442459e-11 7.734748682594512394e-12 -1.419923663971086240e-11 6.022879540888019521e-12 -1.286527670930527177e-10 6.335168211417904510e-12 -3.503518657277017261e-12
-6.037302514114485475e-13 -1.126548122257094543e-12 -2.279641033434303449e-12 2.253408288045929520e-12 7.581468509592542901e-12 9.404527326676636724e-12 -1.746386075456460021e-11 8.340625474491347322e-12 -1.211733595279153915e-10 3.585408332048171345e-12 -7.988540450110627798e-13
-6.969975048013333427e-13 -1.796314898124064279e-12 -1.027159198229667064e-12 3.335682207504978433e-12 3.754136920321731652e-12 1.148072547086133580e-11 -2.116699921844914166e-11 1.098847640429865568e-11 -1.076489442436834622e-10 7.145113544779718553e-13 3.998225296129723425e-12
-8.040348153937670832e-13 -2.566596332818228309e-12 4.210075827853404237e-13 4.523107330799124744e-12 -6.250160538564747858e-13 1.393426530007714335e-11 -2.514768379307229684e-11 1.325694591920444471e-11 -8.951199346603365068e-11 -1.819223260276831603e-12 9.381796116402706032e-12
-9.208212660050304536e-13 -3.386639128419160853e-12 1.923411776633808125e-12 5.740606297613484975e-12 -5.105512227865695939e-12 1.654318670819451929e-11 -2.906292953345051083e-11 1.491090444903007939e-11 -6.795687442193424079e-11 -3.778324290933460773e-12 1.420980073037385388e-11
-1.038014407776453834e-12 -4.184042547494997686e-12 3.305437623477611182e-12 6.867020223739002015e-12 -9.080899940885314784e-12 1.892889500907820200e-11 -3.223402776441067700e-11 1.575579569402945104e-11 -4.469203887684590324e-11 -5.754024810153928479e-12 1.589027669719312509e-11
-1.135086686658665097e-12 -4.831153441823715908e-12 4.281727325101422363e-12 7.688531536816975637e-12 -1.159815986734530359e-11 2.023968070682721197e-11 -3.318225032929647433e-11 1.531659172652761968e-11 -2.351735495768933505e-11 -7.541687302932925982e-12 1.471143942192442277e-11
-1.189908165073076840e-12 -5.195167445566123002e-12 4.566811562926536913e-12 7.920971097930752921e-12 -1.154259678671739493e-11 1.950151741910730427e-11 -2.999651575717646377e-11 1.186670643828437966e-11 -7.788240161309462164e-12 -7.635711427493184566e-12 1.222345872035728702e-11
-1.198109908845978698e-12 -5.231538774678166804e-12 4.123277956698616647e-12 7.471048692504993023e-12 -8.765639001613881504e-12 1.663099524263768159e-11 -2.241600854020534780e-11 5.297835642776956185e-12 1.404235491904395774e-12 -4.276094604765955830e-12 1.004483767775152756e-11
-1.179220423320160704e-12 -5.026913432830647836e-12 3.287394909911412387e-12 6.631168556555308487e-12 -4.922532813163551157e-12 1.287311027283762671e-11 -1.375872670668566750e-11 -8.279363760390637865e-13 5.744775339072526302e-12 -3.800067537914572154e-13 7.369127124063693424e-12
-1.143986349425541410e-12 -4.626727309641768755e-12 2.331347426539013842e-12 5.614657827626054678e-12 -1.524102192503417403e-12 9.256147950064489314e-12 -6.864891785699439111e-12 -3.961213351017161700e-12 7.111590019930582829e-12 1.730035834556838256e-12 4.476680458542630351e-12
-1.096702810247416515e-12 -4.082423055891731268e-12 1.466571131982388791e-12 4.510479541445381838e-12 6.901815026993110189e-13 6.197654191345616331e-12 -2.612980867193004492e-12 -4.347600885414513573e-12 6.140140106017214077e-12 2.338210549758999136e-12 3.475403883599045046e-12
-1.032714833607395590e-12 -3.431976578674155462e-12 7.773689537843237852e-13 3.358972918688334698e-12 1.677895783946393457e-12 3.771260777834633526e-12 -5.801344186891800097e-13 -3.231671638041104800e-12 3.485753451260920661e-12 2.018516794444166227e-12 1.897248223711795851e-12
-9.478689390978337212e-13 -2.711379118752598874e-12 2.666336884311533926e-13 2.199167896328391040e-12 1.817792549236244642e-12 1.827979570535346977e-12 2.455422351640351455e-13 -1.714349848359041256e-12 7.096224447936310764e-13 1.492320317289543793e-12 9.502888334645944524e-13
-8.433071589659644825e-13 -1.978699406542453079e-12 -4.972705090492260954e-14 1.168033886969905308e-12 1.305705487560091882e-12 4.913227726564797474e-13 3.435386374065413533e-13 -6.469341883050047051e-15 -1.164061199672094453e-12 7.464151549278384217e-13 1.632550493870484610e-13
-7.242045011678242886e-13 -1.304787305930757152e-12 -1.808574365408176981e-13 3.883145400311383759e-13 4.889733149749720317e-13 -2.141581790208322885e-13 2.765759619181418616e-13 4.843066370767628825e-13 -1.024598914585690955e-12 5.162725429093296737e-13 -8.503782222536163193e-13
-5.976357899104141578e-13 -7.428522178953458018e-13 -1.756263302989322355e-13 -6.282914176521560640e-14 -1.651748305095055114e-13 -3.600505935601319642e-13 5.644547826177355360e-14 -3.684230428751237205e-14 -6.994369006806728090e-14 4.040540370372233334e-13 -2.634317504875169177e-13
-4.723750291566197451e-13 -3.201918379288376848e-13 -7.938873173836733030e-14 -2.137444112487796692e-13 -3.257535267865753888e-13 -1.613068461782356834e-13 -1.060249819691017303e-13 -2.985633253129584563e-13 -1.713161510909873567e-13 -2.892434524049799306e-13 4.983005196345300216e-13
-3.569493520717257823e-13 -4.967576767996430663e-14 6.385117849976486876e-14 -1.848233625692967089e-13 -1.139301286232715820e-13 6.026417509647405317e-14 1.967126786040695307e-14 -2.754835260000668826e-13 7.336040722645063724e-14 -7.891810766680657866e-14 -3.018823671704692634e-13
-2.561268543072706512e-13 9.765595809095165429e-14 1.770855801598547423e-13 -6.074645423401926139e-14 1.286435034944014717e-13 1.223676068001504029e-13 9.755849795608660809e-15 2.876865321215459488e-14 7.897517550816174659e-15 6.299415787133563858e-14 3.997346371345265036e-15
-5.296202168731541948e-13 -5.529895899957733565e-13 -3.370003117408169625e-12 1.238518070641596214e-12 1.107577409416016840e-11 7.772858233528045360e-12 -1.405641309125270240e-11 4.615069416184587290e-12 -1.319938950033728620e-10 8.487523810693852291e-12 -5.418982791830200430e-12
-6.120440062268900112e-13 -1.099550958519469613e-12 -2.406519202296688449e-12 2.169897896093671740e-12 8.097498256355005674e-12 9.455251234423945959e-12 -1.738931861927377847e-11 6.924182572720179118e-12 -1.249759620345713413e-10 5.804572971755329395e-12 -2.920715066168691496e-12
-7.068906275234184492e-13 -1.778856281331105331e-12 -1.138296844376589417e-12 3.276171707823289184e-12 4.214325157968389071e-12 1.155924525296863705e-11 -2.122905065636212102e-11 9.747648838488091987e-12 -1.117703360011695742e-10 2.775340656988792589e-12 1.960598022445967593e-12
-8.162247838953535510e-13 -2.566236259188885312e-12 3.431282552260551888e-13 4.501888987772455983e-12 -2.873771269910655273e-13 1.407129504547092038e-11 -2.541446577575903478e-11 1.229775826197184528e-11 -9.371220329334879010e-11 -2.026748684151075352e-14 7.770832186440294767e-12
-9.366281551968193102e-13 -3.412511553988971928e-12 1.898755712738552980e-12 5.772123286211474472e-12 -4.963766009392787797e-12 1.678587976879980454e-11 -2.961977190520649228e-11 1.427643504463669669e-11 -7.198714741214099796e-11 -2.257347772845033952e-12 1.331367436871724604e-11
-1.059414729205673130e-12 -4.247213558628171996e-12 3.357405761758298797e-12 6.968248977981739866e-12 -9.217822676640165793e-12 1.935189441548625688e-11 -3.320174317491938348e-11 1.545472593073490376e-11 -4.820753210059917065e-11 -4.474288087953733626e-12 1.572667727238564300e-11
-1.164192027139905408e-12 -4.942705013983465224e-12 4.433245534071888251e-12 7.879313786089797250e-12 -1.209975428174361101e-11 2.093156349095616630e-11 -3.471025910291687780e-11 1.539021511474820646e-11 -2.608132953994144058e-11 -6.526014692417524378e-12 1.501837917200925014e-11
-1.227381981369034541e-12 -5.359188668756558624e-12 4.821694634189414452e-12 8.214050374506431200e-12 -1.243343979465629315e-11 2.049143303644035477e-11 -3.213780156949805980e-11 1.242500369782786954e-11 -9.127472478661247498e-12 -7.137363171109446066e-12 1.257968299572450504e-11
-1.240386480437241852e-12 -5.430470741687527539e-12 4.429883406948900419e-12 7.819358566089890645e-12 -9.804979960544562468e-12 1.772101595873859250e-11 -2.468176326149704220e-11 6.009323460124465381e-12 8.827627281241947575e-13 -4.135728284239637333e-12 1.037962338075676396e-11
-1.222939955536170205e-12 -5.243106409760846948e-12 3.591925627495465293e-12 6.978471639685663196e-12 -5.835039895193622307e-12 1.385751910030452080e-11 -1.559872723057198648e-11 -4.981874528213671242e-13 5.633034052311132327e-12 -7.298830570149923857e-14 7.652635433332272078e-12
-1.187487641089556399e-12 -4.848333825495212988e-12 2.601866217743030124e-12 5.935669135364379397e-12 -2.179366396554816754e-12 1.004178388409786539e-11 -8.062770660103171841e-12 -4.094822502528769431e-12 7.258967304023823496e-12 2.282624523512981703e-12 4.664382256669107791e-12
-1.139715364679470930e-12 -4.298888732953009327e-12 1.692226811148099837e-12 4.792944950361675031e-12 2.922226148746631095e-13 6.775061250620915702e-12 -3.227290588123445392e-12 -4.656989664434006573e-12 6.361690573801856808e-12 2.848889224741803678e-12 3.538859259106902408e-12
-1.075356457861359292e-12 -3.635963328417640174e-12 9.608581131833474428e-13 3.597818460702169016e-12 1.473693599515440396e-12 4.170100453740040624e-12 -7.760802617036638853e-13 -3.454539244807046459e-12 3.646004362252846782e-12 2.306993939258226412e-12 1.862322733243423534e-12
-9.898638225851136237e-13 -2.895804890747239095e-12 4.141948685841006670e-13 2.386042522174452449e-12 1.733990042844852759e-12 2.079215526198620595e-12 2.786752301219171458e-13 -1.867681414477058581e-12 6.910967362414890140e-13 1.661976877784533457e-12 9.469898408906035302e-13
-8.838533035519923120e-13 -2.134961829041404813e-12 6.403990483353094524e-14 1.295006989137351142e-12 1.287552155952828634e-12 6.100415983143315320e-13 4.563993880664575687e-13 -9.135083820784626684e-14 -1.307880463064010497e-12 8.294380526944027460e-13 1.886424665763894268e-13
-7.622489443853856856e-13 -1.426409528125646445e-12 -9.619144686764619498e-14 4.533750448098854407e-13 4.874011098962986302e-13 -2.022651066595966836e-13 3.741510937138927397e-13 4.973236831459872756e-13 -1.140565749974196878e-12 5.046810653835120675e-13 -8.802611133161617665e-13
-6.320296945177397377e-13 -8.278978801791877622e-13 -1.159584957154042146e-13 -4.929081875298190364e-14 -1.750730792819560657e-13 -4.060000138064354419e-13 9.272182910608972570e-14 -1.279263784192519289e-14 -6.830805406490623655e-14 3.799863138542111580e-13 -3.105828639955389244e-13
-5.021452390112132512e-13 -3.712557036579324847e-13 -3.878902938146303961e-14 -2.338760929729079159e-13 -3.429470634977709512e-13 -2.076634702665015379e-13 -1.324964314628190723e-13 -3.190900662399040186e-13 -1.414912509405748875e-13 -3.072671299616411769e-13 5.182276092059062260e-13
-3.815468501278097283e-13 -7.438873756859679706e-14 9.373127831702570917e-14 -2.194196952018281049e-13 -1.203214956107896553e-13 4.924270749799221200e-14 -7.070490546230504032e-16 -3.061042636827812515e-13 7.874619382966320476e-14 -7.169833995411145215e-14 -3.177193069846420399e-13
-2.754275361541444892e-13 9.115675547764689438e-14 2.018655860748329627e-13 -9.358898861276614955e-14 1.382399732622489932e-13 1.418261094127274313e-13 1.394586636254209896e-14 5.612666575184625532e-14 7.433084626314010773e-16 7.099783655372854180e-14 1.392705364365213323e-14
-5.367082181304312439e-13 -5.222448593679353225e-13 -3.499734929336210511e-12 1.145870801250306418e-12 1.159464842803642127e-11 7.811459389174953063e-12 -1.391169519195359881e-11 3.188945823329678865e-12 -1.353772341916657820e-10 1.066776037545473849e-11 -7.359542126168041201e-12
-6.204633915773978062e-13 -1.072208697966415833e-12 -2.534998236618388434e-12 2.085292160827061875e-12 8.620126345290970893e-12 9.506631153026865616e-12 -1.731371045019299885e-11 5.489094839287208486e-12 -1.288266088545582125e-10 8.052774429461785119e-12 -5.070695023901853667e-12
-7.169095103253318127e-13 -1.761171995173423542e-12 -1.250835079845125957e-12 3.215857313650194697e-12 4.680431275743618820e-12 1.163877759647516373e-11 -2.129173011993737784e-11 8.490174861324162700e-12 -1.159438129360299871e-10 4.863529872974337578e-12 -1.045180928939979220e-13
-8.285695763613951269e-13 -2.565866615750376242e-12 2.642690354218538044e-13 4.480351472144166641e-12 5.464088242226625547e-14 1.421007159359726619e-11 -2.568448314074272796e-11 1.132550080184200543e-11 -9.796568627718080740e-11 1.802787440241868633e-12 6.137663604584974469e-12
-9.526355691537870595e-13 -3.438706446693738055e-12 1.873792527835848254e-12 5.803992921028414935e-12 -4.820116203913730035e-12 1.703164999071370293e-11 -3.018354860506019921e-11 1.363309947302732029e-11 -7.606871050517417386e-11 -7.158505000666200582e-13 1.240442955425012995e-11
-1.081086212332921861e-12 -4.311179579357077719e-12 3.410034964679274167e-12 7.070721435217312309e-12 -9.356376234160408134e-12 1.978023847283818090e-11 -3.418163039901777094e-11 1.514918495025104640e-11 -5.176802340304642433e-11 -3.177302939100986145e-12 1.555946230263336718e-11
-1.193665853963253676e-12 -5.055664508859141176e-12 4.586682726612918950e-12 8.072482823631630379e-12 -1.260760723872798300e-11 2.163217347174315960e-11 -3.625756639535123537e-11 1.546430085718089741e-11 -2.867852736673192132e-11 -5.496724557467183784e-12 1.532796926205322285e-11
-1.265330234252979808e-12 -5.525281013984237717e-12 5.079804468108843521e-12 8.510800467896674455e-12 -1.333545567443920117e-11 2.149382147632092165e-11 -3.430610411502012544e-11 1.298974908245880060e-11 -1.048469231366041116e-11 -6.631666537952309644e-12 1.293981379299415033e-11
-1.283204543296766036e-12 -5.631943096419437752e-12 4.740443102984743225e-12 8.172114546170095807e-12 -1.085774680950302249e-11 1.882508877038662693e-11 -2.697690751281441889e-11 6.729724363746332799e-12 3.543072355393575357e-13 -3.992864523955247258e-12 1.071825803449337870e-11
-1.267222229223701740e-12 -5.462073115203570916e-12 3.900420416064921339e-12 7.330262651963924102e-12 -6.759587125262082397e-12 1.485479675218171211e-11 -1.746317279010924611e-11 -1.636891532167421232e-13 5.519773542568657890e-12 2.378345975766810824e-13 7.939560899140131882e-12
-1.231550725389245985e-12 -5.072791144293379196e-12 2.875939250711781579e-12 6.260852680878212665e-12 -2.843507057807523725e-12 1.083783891448819400e-11 -9.277119956412729742e-12 -4.229428080223176021e-12 7.408150693603889420e-12 2.841976617245452008e-12 4.854396498566880098e-12
-1.183282529451843876e-12 -4.518143260849797132e-12 1.920854268216948011e-12 5.079087066864637324e-12 -1.112468080797640356e-13 7.360171795705245906e-12 -3.850390156433939042e-12 -4.970027523048154014e-12 6.586137721591632118e-12 3.366169520806318808e-12 3.603161004602306851e-12
-1.118547205452903354e-12 -3.842581919661351155e-12 1.146773829555152727e-12 3.839776352025648125e-12 1.266547343828930491e-12 4.574296671759252274e-12 -9.752269674621659603e-13 -3.680118224770478443e-12 3.808412574649563599e-12 2.599183298345434529e-12 1.826897702414121474e-12
-1.032399004639111958e-12 -3.082613330118257820e-12 5.637121880816270987e-13 2.575360491732041325e-12 1.648879280965375075e-12 2.333859080944149149e-12 3.118088666960522410e-13 -2.022747623822103574e-12 6.724033312526707140e-13 1.833645107753027330e-12 9.435366970438759579e-13
-9.249209611467377798e-13 -2.293250501380754712e-12 1.793266434662753692e-13 1.423654909661551443e-12 1.269003746652225465e-12 7.304361517155502394e-13 5.705067631340154700e-13 -1.771035769343041723e-13 -1.453594596358408741e-12 9.133047832884623097e-13 2.142038031444114413e-13
-8.007831685751278978e-13 -1.549619232174882210e-12 -1.038209983981580064e-14 5.193175012053399048e-13 4.857053782712645710e-13 -1.901023114862279994e-13 4.729188168753380131e-13 5.105665444847501852e-13 -1.258043598446924191e-12 4.928440019599068548e-13 -9.105809088033044627e-13
-6.668671910713367012e-13 -9.140640325409738243e-13 -5.546815985870917355e-14 -3.553935233940146826e-14 -1.851665251722930741e-13 -4.524748555815829492e-13 1.294922954343790339e-13 1.173097076213626023e-14 -6.671495563179213389e-14 3.553752976772014217e-13 -3.583710254792654406e-13
-5.323004380691214800e-13 -4.230035494424144264e-13 2.384546432820678186e-15 -2.542393916786611767e-13 -3.604055895382155935e-13 -2.546039832330097373e-13 -1.592740091146218589e-13 -3.397834950311827504e-13 -1.112616302671064288e-13 -3.256136040429984935e-13 5.383474785800429213e-13
-4.064634965692038543e-13 -9.944096112720858015e-14 1.240390514735451184e-13 -2.544532912158193288e-13 -1.268286043066919793e-13 3.804252711382524554e-14 -2.135921540388055751e-14 -3.370861148057210321e-13 8.423428956874920148e-14 -6.439239955565709446e-14 -3.337350102850075205e-13
-2.949796145209297665e-13 8.455953553486682514e-14 2.269983472614351613e-13 -1.268607169111521160e-13 1.479365596883014795e-13 1.615016822906979003e-13 1.816163907365877315e-14 8.382090537197657851e-14 -6.560100043986094665e-15 7.914937315020002668e-14 2.405398151162900424e-14
-5.461100919862520513e-13 -4.814635350604655207e-13 -3.671817591754263218e-12 1.022978901783482705e-12 1.228290889058618782e-11 7.862661863011521349e-12 -1.371973424563833052e-11 1.297265274903803179e-12 -1.398650618654465979e-10 1.355973349785491955e-11 -9.933595573323334253e-12
-6.316312788471367893e-13 -1.035940577497433818e-12 -2.705419153069388879e-12 1.973066948061186841e-12 9.313365973416244806e-12 9.574784007290187912e-12 -1.721342005233560545e-11 3.585523811746686488e-12 -1.339342963770861229e-10 1.103489953491848028e-11 -7.922534299930070348e-12
-7.301990497674537163e-13 -1.737714687450020554e-12 -1.400111335815947255e-12 3.135853331562914910e-12 5.298697378668114381e-12 1.174427321332364150e-11 -2.137487124605966264e-11 6.822199462311630460e-12 -1.214797182155333168e-10 7.633406866223343997e-12 -2.843789793505616621e-12
-8.449443168967202163e-13 -2.565376302603157184e-12 1.596662839938871765e-13 4.451783050873273297e-12 5.083104091791049265e-13 1.439415164021650410e-11 -2.604264746722079817e-11 1.003585063265527531e-11 -1.036077155195617820e-10 4.220977260002575415e-12 3.971348376418484602e-12
-9.738685911582950778e-13 -3.473452642155974511e-12 1.840680130583447991e-12 5.846266373543305271e-12 -4.629572029090818074e-12 1.735765171381405540e-11 -3.093136977610837353e-11 1.277974749113439423e-11 -8.148269674055549762e-11 1.328867385114815695e-12 1.119836245239947542e-11
-1.109832334542384078e-12 -4.396027258621284914e-12 3.479844930712505129e-12 7.206645947436372077e-12 -9.540160493681429732e-12 2.034841511970838815e-11 -3.548140105580418020e-11 1.474390034593093379e-11 -5.649083436266237945e-11 -1.456917974843830338e-12 1.533766012013715499e-11
-1.232761388978204150e-12 -5.205499544310253228e-12 4.790209373069385578e-12 8.328711745265138769e-12 -1.328124840323446044e-11 2.256149704347224347e-11 -3.830999096627196517e-11 1.556257182966035480e-11 -3.212357843701255740e-11 -4.131423441498820641e-12 1.573862478784669064e-11
-1.315666665208969330e-12 -5.745594077980376869e-12 5.422174059318476794e-12 8.904424401419706336e-12 -1.453193394497947303e-11 2.282343885299872488e-11 -3.718224736180091516e-11 1.373885515915225821e-11 -1.228497553072636203e-11 -5.960885618288413583e-12 1.341750900617610898e-11
-1.340000530007032538e-12 -5.899185947069927264e-12 5.152384774091223183e-12 8.640027445662062953e-12 -1.225418859027994351e-11 2.028958530631658208e-11 -3.002129984910242102e-11 7.685299587768721560e-12 -3.466621506341918513e-13 -3.803362991840271372e-12 1.116743970722017740e-11
-1.325960417294088185e-12 -5.752521334063081290e-12 4.309623092594561098e-12 7.796895571192103432e-12 -7.985952093232225439e-12 1.617763493197958201e-11 -1.993626518199758717e-11 2.800058647052765084e-13 5.369539225810283708e-12 6.501253982112380284e-13 8.320152961422651312e-12
-1.289998169878699567e-12 -5.370522383061415664e-12 3.239483216099491059e-12 6.692192146343437209e-12 -3.724455933369096516e-12 1.189376550303929537e-11 -1.088789266065072494e-11 -4.407975538948584511e-12 7.606034885772708797e-12 3.583928770235037953e-12 5.106440743411014705e-12
-1.241072161855560587e-12 -4.808973261635630713e-12 2.224116984200074317e-12 5.458640058714060059e-12 -6.464285187872399461e-13 8.136291232938506621e-12 -4.676900110299523934e-12 -5.385256347188663039e-12 6.883855469659415737e-12 4.052315572921966108e-12 3.688454005913128868e-12
-1.175837539565899088e-12 -4.116650991957319678e-12 1.393381589765929389e-12 4.160721212151638175e-12 9.917783485785681678e-13 5.110442437941600928e-12 -1.239384969807451213e-12 -3.979337288617053633e-12 4.023838824694577772e-12 2.986757650257917121e-12 1.779908197167541941e-12
-1.088819764335922587e-12 -3.330405241617258198e-12 7.620393225291504879e-13 2.826481167884174096e-12 1.535984173866144065e-12 2.671630830873547874e-12 3.557589490585849476e-13 -2.228435076132745219e-12 6.476074793679263770e-13 2.061354298297843603e-12 9.389562759138392323e-13
-9.793951241404976079e-13 -2.503212389764002180e-12 3.322486501098279679e-13 1.594299845725751077e-12 1.244400221779608724e-12 8.901334163485120388e-13 7.218644010390362201e-13 -2.908502291613878858e-13 -1.646876996706019612e-12 1.024549741804592939e-12 2.481096171013586319e-13
-8.518968607665993463e-13 -1.713050649974179916e-12 1.034396432707982090e-13 6.067868224121348254e-13 4.834560753184982591e-13 -1.739689799375371824e-13 6.039291867615482083e-13 5.281325285665680725e-13 -1.413872001075971394e-12 4.771427370015083578e-13 -9.507985791156582747e-13
-7.130773617219946478e-13 -1.028359059596801569e-12 2.476920029275034323e-14 -1.729872988302120571e-14 -1.985549694425374170e-13 -5.141213731660695169e-13 1.782664524180319737e-13 4.426029409264700823e-14 -6.460179194669297335e-14 3.227300319307444480e-13 -4.217595963295597918e-13
-5.722997787957975013e-13 -4.916444401034311723e-13 5.699920501107654866e-14 -2.812502733767859270e-13 -3.835634384995256911e-13 -3.168681904651919847e-13 -1.947931061560160426e-13 -3.672322769579811324e-13 -7.116357325674911073e-14 -3.499492714769724143e-13 5.650354632089555706e-13
-4.395141631921267087e-13 -1.326714640778803553e-13 1.642407743758749188e-13 -3.009235777210195490e-13 -1.354599539946472883e-13 2.318605613469864668e-14 -4.875326569332820207e-14 -3.781819672055455880e-13 9.151396994707741503e-14 -5.470144052141276387e-14 -3.549790272569668054e-13
-3.209144539305012897e-13 7.580865805994450154e-14 2.603356794242765883e-13 -1.709939754718776699e-13 1.607985890818675574e-13 1.876003305400635481e-13 2.375364726724174887e-14 1.205559078578483987e-13 -1.624770114233902693e-14 8.996197322397694183e-14 3.748683804884079682e-14
-5.370663871735848442e-13 -5.195085096051556571e-13 -3.504552916531741022e-12 1.129892888037027015e-12 1.163739161483272776e-11 7.814122738466049004e-12 -1.386107468123034245e-11 2.905722999911490440e-12 -1.354813154871889566e-10 1.105721751859837553e-11 -7.763312771926855552e-12
-6.209131092047204527e-13 -1.068776220362047033e-12 -2.540953842284388213e-12 2.065487226575564123e-12 8.674961965922479521e-12 9.509616670963389835e-12 -1.725340170370147587e-11 5.137148303972744519e-12 -1.289783629609238023e-10 8.543940524302629737e-12 -5.609523556127528747e-12
-7.174189859762402212e-13 -1.757360036351222751e-12 -1.257604638616964099e-12 3.194587408581537742e-12 4.743304900574689582e-12 1.164063152611912036e-11 -2.123159469738872035e-11 8.111202566761921158e-12 -1.161669254641198748e-10 5.401326505493483725e-12 -7.431729723764756734e-13
-8.291043899118235777e-13 -2.562192405473751566e-12 2.572946777566872115e-13 4.460880282861716826e-12 1.185615879359446899e-13 1.420955594312890385e-11 -2.563725276821617833e-11 1.097715429568763200e-11 -9.827514157030502596e-11 2.316096869879948312e-12 5.490425226847454717e-12
-9.532165309125554137e-13 -3.435733882657444542e-12 1.867696309304985905e-12 5.788120469356445615e-12 -4.762367870073669334e-12 1.702956522974333977e-11 -3.015612412099192230e-11 1.334112422185154018e-11 -7.645295901746489802e-11 -2.606359626153727425e-13 1.183734961168689198e-11
-1.081841247701897456e-12 -4.309799454954114500e-12 3.406656047466317600e-12 7.060181131165295937e-12 -9.314144027805339461e-12 1.977921893766927839e-11 -3.418500916511420202e-11 1.492549453419111058e-11 -5.223473285969853147e-11 -2.798532954048390220e-12 1.515669247733191295e-11
-1.194958100086447950e-12 -5.057483787767739279e-12 4.590227405072788539e-12 8.068951401182446471e-12 -1.259594815416064982e-11 2.164738575167790910e-11 -3.631479072352371587e-11 1.529128489102636490e-11 -2.916830027744093545e-11 -5.149683711381646205e-12 1.511095551859543284e-11
-1.267965878709223613e-12 -5.534027004769488558e-12 5.099832654155992894e-12 8.522168989220209777e-12 -1.339560222866438796e-11 2.156452926906999307e-11 -3.449747945134511303e-11 1.289769473789777821e-11 -1.086444892351963307e-11 -6.316614280688543817e-12 1.286585278503185355e-11
-1.287849338292659183e-12 -5.651127464195551955e-12 4.785177545047467131e-12 8.211287650431319859e-12 -1.103784598261905679e-11 1.899071063898622781e-11 -2.740464299108229381e-11 6.853756159808541569e-12 2.160427701435851802e-13 -3.886720582399775351e-12 1.067853053515164640e-11
-1.272590543816656544e-12 -5.486089476653575042e-12 3.953999140897496763e-12 7.379766528929700608e-12 -6.976372587511054623e-12 1.504441382309292045e-11 -1.794244130642975444e-11 3.531893749186550619e-14 5.460742728872026361e-12 2.255186812891441146e-13 7.931769335757265612e-12
-1.237159589477884281e-12 -5.100274094017679137e-12 2.931127303929013305e-12 6.312207415401433278e-12 -3.047240577956550888e-12 1.101811388551563735e-11 -9.698701611669370901e-12 -4.095481939005445835e-12 7.406676741119734116e-12 2.866233908242330370e-12 4.859767733313119819e-12
-1.188595016394379605e-12 -4.546478140950637609e-12 1.969847025251761014e-12 5.125443712039845788e-12 -2.649178858787554216e-13 7.502665294870784380e-12 -4.143339430226472103e-12 -4.964518732967913383e-12 6.608303060325776939e-12 3.472947119096156318e-12 3.613435625790638756e-12
-1.123638020726763062e-12 -3.870635432681452350e-12 1.188987165920317661e-12 3.880702848683929638e-12 1.163708804578951187e-12 4.678733862421723193e-12 -1.138647664423200643e-12 -3.667966748198399326e-12 3.839129956425749824e-12 2.629611918642514420e-12 1.800758733606842914e-12
-1.037428874159250586e-12 -3.110243006839235528e-12 6.009195445129563462e-13 2.611189338440902119e-12 1.582271920453596222e-12 2.410158130342905413e-12 2.438715602031346585e-13 -1.994085449997073603e-12 6.726604538115669185e-13 1.818846936761914493e-12 9.071524885845990263e-13
-9.299172796920727524e-13 -2.319681399300415700e-12 2.122261586471294778e-13 1.453174597774039187e-12 1.229207393097727172e-12 7.826043474703494150e-13 5.656764318439869965e-13 -1.576832394841642458e-13 -1.499446777239918053e-12 8.878234076764577140e-13 1.992807702974294755e-13
-8.057446855442086239e-13 -1.573406078917480946e-12 1.821890768630843042e-14 5.404557216777712992e-13 4.624662238662450572e-13 -1.655236085698846716e-13 4.922834976169302172e-13 5.209320128561143130e-13 -1.280304258949857481e-12 4.721196894150673426e-13 -9.263751001378076998e-13
-6.717019830246107772e-13 -9.335902319422653499e-13 -3.112403223153184068e-14 -2.405751474791692270e-14 -1.997883376039156746e-13 -4.506320068994733145e-13 1.513706848678872421e-13 4.607695000737946977e-14 -7.728633595734496067e-14 3.128693326944225195e-13 -3.683624417996967906e-13
-5.368378516767546092e-13 -4.371576939539751546e-13 2.168558788954232598e-14 -2.521605243263207215e-13 -3.709836975451761524e-13 -2.680302239741382163e-13 -1.577652909091274031e-13 -3.214113238343194489e-13 -8.076026960440419466e-14 -3.357814197326304579e-13 5.295010564953064281e-13
-4.105442524866090411e-13 -1.081535849999484054e-13 1.386177520012276643e-13 -2.591975635244319398e-13 -1.341505327985438954e-13 2.509842329685232340e-14 -3.039432539324314232e-14 -3.329169237161754018e-13 9.633084694754607339e-14 -6.176809543574981982e-14 -3.285449298860838809e-13
-2.984672578879691962e-13 8.032700581502049188e-14 2.378120224919980067e-13 -1.345618057503785346e-13 1.455964186791191520e-13 1.574785665091924928e-13 1.416463513300242496e-14 9.656282515812086722e-14 -2.166961908468690332e-14 7.912730511089396283e-14 3.795840857662305933e-14
-5.446149944476931149e-13 -4.855421211238041684e-13 -3.640716213747853749e-12 1.019176967494838615e-12 1.220733185426726656e-11 7.856187840453997105e-12 -1.366094384451219942e-11 1.161297540376679414e-12 -1.390111364940741558e-10 1.367663655735991887e-11 -1.016123781543068675e-11
-6.299064189877331837e-13 -1.037521406800402072e-12 -2.676955790979521037e-12 1.958713222670134819e-12 9.261571406990116915e-12 9.565088838949703216e-12 -1.711248864825409309e-11 3.307998208277731909e-12 -1.330293431800933175e-10 1.134358146734147889e-11 -8.367964653312508254e-12
-7.280965476645587615e-13 -1.735469833503590550e-12 -1.378238558962035601e-12 3.110582843691187868e-12 5.281509175845267623e-12 1.172361943071584282e-11 -2.122992363361225330e-11 6.428142601675466042e-12 -1.206169345172911933e-10 8.095401026768316870e-12 -3.529585957956392821e-12
-8.421634625716451276e-13 -2.557970765242873447e-12 1.705798729576338604e-13 4.417933662952374931e-12 5.325033852142364648e-13 1.435001417373631859e-11 -2.585895681940612618e-11 9.613553179363757174e-12 -1.028981965604407601e-10 4.719396358681547879e-12 3.128837014119070054e-12
-9.700300191903307657e-13 -3.459132035497033834e-12 1.836450858318365329e-12 5.803023559529087613e-12 -4.555483898542790208e-12 1.727661042723303351e-11 -3.069620094401442471e-11 1.237021527748105138e-11 -8.098242743744292497e-11 1.797495289432942438e-12 1.029137145184061987e-11
-1.104564039116127951e-12 -4.373080204368383119e-12 3.456716395943793223e-12 7.152224003244655816e-12 -9.408984357778328113e-12 2.021193505583751170e-11 -3.517875222433583960e-11 1.437048592103697906e-11 -5.632528403682723680e-11 -1.070727259179206143e-12 1.453473302277872757e-11
-1.226122577003664595e-12 -5.173647193146904219e-12 4.749346667026715454e-12 8.260242599717269260e-12 -1.309616194583986123e-11 2.237172511049048228e-11 -3.793885664315708805e-11 1.517767754944170944e-11 -3.231442969580513840e-11 -3.733665906600435433e-12 1.516848964556817623e-11
-1.309074685169455656e-12 -5.711003911250624097e-12 5.381646680118071689e-12 8.833251232081778022e-12 -1.436753802767822267e-11 2.265007107379403575e-11 -3.688549380222232204e-11 1.336026247588687502e-11 -1.264999657843075912e-11 -5.457899908063947049e-12 1.313500763739413708e-11
-1.336074065810633794e-12 -5.875143598606658286e-12 5.146861556105322185e-12 8.608988505197708121e-12 -1.229279501792939325e-11 2.028269122451896073e-11 -3.017943499044148498e-11 7.704357398447895559e-12 -4.716786548414975096e-13 -3.612774432307707627e-12 1.096866379296747644e-11
-1.323133190763295835e-12 -5.733205588833774051e-12 4.323756726148048207e-12 7.788719271530526167e-12 -8.145885182463191214e-12 1.625782185572456012e-11 -2.034832476928204556e-11 5.913824265429017039e-13 5.283459695685226819e-12 5.264728454234306090e-13 8.208821971778710785e-12
-1.287771331052850544e-12 -5.356657929951446128e-12 3.268190942240671214e-12 6.696529046748760745e-12 -3.942509752059898826e-12 1.202014403297852457e-11 -1.139251461824524204e-11 -4.076681068292170842e-12 7.554504366098559857e-12 3.451076283175754768e-12 5.055464535407328514e-12
-1.238386776600317708e-12 -4.798583978523701167e-12 2.254304090171177975e-12 5.465086633580214198e-12 -8.429345954760444730e-13 8.250996442978796299e-12 -5.100883850269939742e-12 -5.266007162706326706e-12 6.860881497139927108e-12 4.106418221112797564e-12 3.689333570278951105e-12
-1.172804534968107183e-12 -4.109698677339354610e-12 1.423022349900479098e-12 4.169769231912018406e-12 8.389368260183794354e-13 5.203080709098925426e-12 -1.528183834373852882e-12 -3.881143375430926050e-12 4.038503817122416113e-12 2.959426422905167925e-12 1.737184662066252963e-12
-1.085845964353823182e-12 -3.328743303026337305e-12 7.925354968304533141e-13 2.841420118920367794e-12 1.421178340270514293e-12 2.752043977445379269e-12 1.952628843318443527e-13 -2.115879464734063131e-12 6.565482359282786385e-13 1.973810504197745652e-12 8.633665612606792932e-13
-9.767987489247315673e-13 -2.508070786806026046e-12 3.645303076232433969e-13 1.615270956865913907e-12 1.165099384502058155e-12 9.625075752076220499e-13 6.698877034308960485e-13 -2.185263183780693490e-13 -1.693883624968673887e-12 9.412851656277705876e-13 2.060567249462467252e-13
-8.500196277149797721e-13 -1.723570269217750087e-12 1.360830453195261912e-13 6.302856574893782322e-13 4.340154487349964871e-13 -1.245990064949994481e-13 6.098686497335768918e-13 5.474488523129415851e-13 -1.424471456464535957e-12 4.352292850611567641e-13 -9.746491233808977441e-13
-7.121033114452703603e-13 -1.041828947528157556e-12 5.666078212244447138e-14 2.673720562473806549e-15 -2.269592135418088885e-13 -4.939969530698016213e-13 2.111078166643714201e-13 1.100875847208954963e-13 -8.801419414899484538e-14 2.384213631767366710e-13 -4.288264048680929511e-13
-5.721934423588788844e-13 -5.049444483269650224e-13 8.461571959129498693e-14 -2.699716521560024974e-13 -4.008130183684131737e-13 -3.287392992806135022e-13 -1.826262761788509375e-13 -3.213967132614210102e-13 -1.923244486019129768e-14 -3.676135068495318547e-13 5.390934139695740331e-13
-4.401219855270686029e-13 -1.430973821083889789e-13 1.854854488908995073e-13 -2.993981279876452016e-13 -1.492157343919802556e-13 -2.100440042226760139e-16 -6.081316095114584466e-14 -3.593786777196420934e-13 1.141327398846300906e-13 -5.167718168768872097e-14 -3.383573486948018585e-13
-3.219935818892264079e-13 6.889659443808793013e-14 2.753553371142360460e-13 -1.763887239045089515e-13 1.523600564743776901e-13 1.724912627223929167e-13 1.357788164446617562e-14 1.364714120478027457e-13 -4.566184572416154442e-14 8.912437124279695217e-14 6.464409992654730236e-14
-5.546282321231513562e-13 -4.404844735630827834e-13 -3.821324228179629499e-12 8.722809341716664738e-13 1.296338870537936657e-11 7.912000896007420444e-12 -1.339536062690627321e-11 -1.153290603647811742e-12 -1.436931447067237308e-10 1.715204083175309420e-11 -1.334325542667962943e-11
-6.418361619221809455e-13 -9.960591275116725362e-13 -2.857346657249544399e-12 1.817028546480977536e-12 1.003977064597876335e-11 9.638693620680942338e-12 -1.692540391924547775e-11 8.807031850721864267e-13 -1.384026108365155034e-10 1.505848891430802837e-11 -1.202883886297172803e-11
-7.422605640928875604e-13 -1.706427677955922347e-12 -1.538240871021924065e-12 2.999081398471751285e-12 5.995537676203573225e-12 1.183373138620699906e-11 -2.122748194607370266e-11 4.194270137655976595e-12 -1.265194673432737009e-10 1.167078917542137837e-11 -7.228299739683226962e-12
-8.594864688499343507e-13 -2.552364753647671578e-12 5.557189023202574964e-14 4.360888912610430822e-12 1.081724312671135535e-12 1.453635352386511948e-11 -2.615281934568957360e-11 7.803353903676989575e-12 -1.090304685641443470e-10 7.909293251508230535e-12 -6.649898700911959178e-15
-9.923329901015629792e-13 -3.490162829013104868e-12 1.795021036461641502e-12 5.822719495889771209e-12 -4.280910174367076657e-12 1.760432233842678842e-11 -3.141241418781367375e-11 1.108103053994902451e-11 -8.699082856472153045e-11 4.529508032482529433e-12 8.237828245935302776e-12
-1.134705262621840524e-12 -4.457014286989685966e-12 3.523133877936465294e-12 7.274254163415645325e-12 -9.534643180267349692e-12 2.078591794639944514e-11 -3.649678782669215262e-11 1.363321059840451498e-11 -6.175172054126457818e-11 1.222890931283299255e-12 1.370717890168189278e-11
-1.267461081703566547e-12 -5.327729088791374982e-12 4.960423045625735761e-12 8.513938369497774946e-12 -1.375955263229643636e-11 2.333250135416707719e-11 -4.009305354428587583e-11 1.502622335431608433e-11 -3.648859165416433201e-11 -1.854117508673733458e-12 1.524269997350046943e-11
-1.363603912563774497e-12 -5.945751809517419376e-12 5.755471207758020536e-12 9.245838432917862903e-12 -1.565664210112345770e-11 2.408993517707103718e-11 -4.005300716294387002e-11 1.397301051269793239e-11 -1.501974343545316858e-11 -4.317435696604487169e-12 1.349066019424072096e-11
-1.400048782077117989e-12 -6.172313745545940296e-12 5.626705621195379402e-12 9.136542549305460323e-12 -1.395768960965058397e-11 2.199670252877425430e-11 -3.386081886073741751e-11 8.832255635670031397e-12 -1.384701150835925790e-12 -3.248103633998586415e-12 1.135269931053827846e-11
-1.390189372466214718e-12 -6.061048120117520830e-12 4.814389836964497846e-12 8.331309646492649361e-12 -9.697925959388883797e-12 1.786796643315624661e-11 -2.354137437944973368e-11 1.329792156786020675e-12 5.048154934545479353e-12 9.256863980012396313e-13 8.575932941779450676e-12
-1.354921630293262607e-12 -5.696803258911133514e-12 3.715484578168571531e-12 7.206473129698542465e-12 -5.130933124168623723e-12 1.335001103235561329e-11 -1.364131353701517541e-11 -4.050656936859654646e-12 7.750529380333600951e-12 4.226494127169217397e-12 5.314863160306897457e-12
-1.304449146684047469e-12 -5.133063631526880350e-12 2.631808634842121968e-12 5.915770313001086995e-12 -1.610442853390242333e-12 9.244279701858646255e-12 -6.372765289532823237e-12 -5.665199931745614770e-12 7.196082370880252331e-12 4.946611368964664926e-12 3.789979505980889925e-12
-1.238036508276162599e-12 -4.426880314591564543e-12 1.733627708884891797e-12 4.553347570860300301e-12 4.074971122182248215e-13 5.899146347650999592e-12 -2.046255226375279329e-12 -4.163747236579748164e-12 4.303178327284605895e-12 3.397175666363999133e-12 1.652813420675076333e-12
-1.150082148402307222e-12 -3.618643736814456856e-12 1.046844227821946881e-12 3.146933125569180625e-12 1.207053524464870292e-12 3.205930567593811911e-12 1.299446647804776923e-13 -2.277052751002463989e-12 6.353701386902340673e-13 2.179135986915407114e-12 8.050905818481988920e-13
-1.038997096991074034e-12 -2.758029492976329676e-12 5.666770226713635526e-13 1.830389481956463682e-12 1.079761112191543897e-12 1.201440143717309059e-12 8.076773737814160877e-13 -2.988554024136808884e-13 -1.951760475890192577e-12 1.011877582459286501e-12 2.148140762129633828e-13
-9.087600057360994645e-13 -1.922823303703750838e-12 2.925331515246894230e-13 7.495305601709391538e-13 3.960821462766214545e-13 -7.008811674369801826e-14 7.656727710448792133e-13 5.828228880353818324e-13 -1.615956595810346726e-12 3.860228082711453562e-13 -1.038707904997258112e-12
-7.657053871507530149e-13 -1.185466104715411105e-12 1.732051316565033239e-13 3.819709837082208859e-14 -2.631306290541634091e-13 -5.513984272754722373e-13 2.903227118670251481e-13 1.952157302095480622e-13 -1.023304254670933239e-13 1.393339285219974880e-13 -5.091653502083717460e-13
-6.191024227002348822e-13 -5.949167711191538279e-13 1.681817864391003669e-13 -2.935552482858981973e-13 -4.404635772149007600e-13 -4.092271225479475454e-13 -2.155706159996503258e-13 -3.212600615008879201e-13 6.237802063407908590e-14 -4.100176076608792540e-13 5.516935010861612959e-13
-4.793664114200292311e-13 -1.894902817486515688e-13 2.477322464094536031e-13 -3.527125699650332901e-13 -1.692639132532690052e-13 -3.381084332075080899e-14 -1.011836163283093147e-13 -3.944407183533463424e-13 1.377255803740118777e-13 -3.829708257543244784e-14 -3.513118404226288261e-13
-3.532103040161933452e-13 5.370763861754185087e-14 3.252203916566361178e-13 -2.318843084981667717e-13 1.612872371749456943e-13 1.923592331400161774e-13 1.274970397058368504e-14 1.893331507412238927e-13 -7.753114073280335934e-14 1.024990111606052898e-13 1.001770320612132459e-13
-5.526579747584790456e-13 -4.481036900296495667e-13 -3.783015602660180997e-12 8.875879697605612595e-13 1.283321106031806174e-11 7.902831121606979449e-12 -1.339635494289908701e-11 -9.538788064149497179e-13 -1.426815661423277250e-10 1.680218465526961433e-11 -1.311107913337025254e-11
-6.395216573537161509e-13 -1.001996156104094886e-12 -2.819994196730680088e-12 1.825712078439815521e-12 9.919402867437625614e-12 9.626313289609505931e-12 -1.689358211743163183e-11 1.009016965926228282e-12 -1.372735366967358912e-10 1.479401403016342394e-11 -1.187572167197552230e-11
-7.394958460733622795e-13 -1.708903007588923529e-12 -1.506251680825768962e-12 2.997488260952935359e-12 5.901672005264518487e-12 1.181232019817768962e-11 -2.114750498663512669e-11 4.218811030738633011e-12 -1.253358460060590171e-10 1.153042417218801853e-11 -7.229621443765184369e-12
-8.560029862437735625e-13 -2.549410567073439259e-12 7.687406318717037531e-14 4.347930233971918954e-12 1.029591475649295484e-12 1.449407287207650572e-11 -2.601686860108372251e-11 7.754044059054802714e-12 -1.078989385841763821e-10 7.850948826643888901e-12 -1.722925849330910887e-13
-9.877117012579858185e-13 -3.479297376209762578e-12 1.799858779539014334e-12 5.795789305285297469e-12 -4.273957638405135868e-12 1.752619072476578235e-11 -3.120053609688272021e-11 1.097692165174307855e-11 -8.598710519875195367e-11 4.516555986058819131e-12 7.903763221674199261e-12
-1.128393701989632630e-12 -4.435340625180364065e-12 3.505138057720576511e-12 7.229606405718126172e-12 -9.449717834806174265e-12 2.064942493249106828e-11 -3.617876387644013703e-11 1.348886627204772204e-11 -6.099143167263935670e-11 1.214129658116024749e-12 1.327795795378612090e-11
-1.259028595013968462e-12 -5.292841761716219410e-12 4.915035867397359229e-12 8.446738434544427449e-12 -1.358047895422215937e-11 2.311841432434229277e-11 -3.963763749736508209e-11 1.482210474811734534e-11 -3.608565801442201273e-11 -1.838972937671924591e-12 1.482761149716717754e-11
-1.353419344393571687e-12 -5.898784738022451336e-12 5.688272009148211556e-12 9.155524405721894522e-12 -1.540191047082311113e-11 2.381610344102213973e-11 -3.949121318505427445e-11 1.366197453000948130e-11 -1.496149219863537287e-11 -4.142502249975785434e-12 1.322132348993929993e-11
-1.390282013004458964e-12 -6.123739161822021522e-12 5.566591917026589903e-12 9.054118281019388885e-12 -1.377199178218807672e-11 2.178408893473671604e-11 -3.349471069262830932e-11 8.662387437819696768e-12 -1.373922673108297509e-12 -3.118309743750454708e-12 1.115540711644408397e-11
-1.380979195425235396e-12 -6.012674800334746433e-12 4.767144225989847050e-12 8.264899056862236956e-12 -9.614501808968300791e-12 1.773281975795235348e-11 -2.342391086594987326e-11 1.428168790862086575e-12 5.031037400496730491e-12 8.180987640560202446e-13 8.450098740488790749e-12
-1.346150486876166426e-12 -5.649907347041053972e-12 3.682546897918118596e-12 7.151864587084729488e-12 -5.133325968646754485e-12 1.328064880815353997e-11 -1.371201462404573498e-11 -3.828138785917459691e-12 7.696323422732028708e-12 4.038154554683473925e-12 5.245049772677591095e-12
-1.295591412217454756e-12 -5.089074000444824988e-12 2.608086979066192414e-12 5.870168309682225048e-12 -1.652108889283743177e-12 9.209662864255485867e-12 -6.515868225512983618e-12 -5.508834938060206138e-12 7.153381697802164685e-12 4.854765943470479801e-12 3.775470054592486057e-12
-1.229056643848046446e-12 -4.386876800304599319e-12 1.717364716386119922e-12 4.516541845686780510e-12 3.513672552096658666e-13 5.886081733124396808e-12 -2.202747252529259524e-12 -4.070302037006479024e-12 4.289824726155051392e-12 3.344403938906091141e-12 1.642157608793430309e-12
-1.141142028747563455e-12 -3.584238814445543143e-12 1.036364219811299838e-12 3.121516775031280562e-12 1.153252371291085627e-12 3.208851943615870033e-12 7.660388327847053562e-15 -2.178880244830304383e-12 6.548762604761491463e-13 2.097311626744476056e-12 7.663567245572110923e-13
-1.030429128290379864e-12 -2.731774585974117942e-12 5.627687856973789093e-13 1.818507489577712764e-12 1.034423904818139032e-12 1.223031083477948283e-12 7.348582292293073708e-13 -2.285906352227094249e-13 -1.936506165188381421e-12 9.418425625877235728e-13 1.781020861772334518e-13
-9.009358285119714999e-13 -1.905743981028306298e-12 2.939274032366545961e-13 7.504810328831444651e-13 3.653403474404503316e-13 -3.934326749594954131e-14 7.357168236400709515e-13 6.002110719825159474e-13 -1.611015397053952532e-12 3.552434573247011679e-13 -1.044700278249442053e-12
-7.589562986267977014e-13 -1.176839397687820887e-12 1.791003110252963231e-13 4.706047497179733908e-14 -2.802192286520158324e-13 -5.262252170224803819e-13 2.929467230672834176e-13 2.298417852412713873e-13 -1.167830557810228032e-13 8.998174631761429521e-14 -5.116866876651445292e-13
-6.136207109061048213e-13 -5.928684419613027930e-13 1.759255178097983406e-13 -2.823539804486816352e-13 -4.488986425372016197e-13 -4.008225176236663610e-13 -2.034004301399395398e-13 -2.915297816615155347e-13 7.385609893750167021e-14 -4.257149332160270469e-13 5.293962813193749473e-13
-4.751894308291277302e-13 -1.909241269718051558e-13 2.545364430369382635e-13 -3.442236634664358580e-13 -1.772927603491154577e-13 -4.211410612904710712e-14 -1.025457027625267401e-13 -3.783799564819192741e-13 1.443948914966420497e-13 -3.943321867610379398e-14 -3.392238771180157068e-13
-3.502545076564647509e-13 5.073095792221700194e-14 3.299391333533501653e-13 -2.278889050270185393e-13 1.531609451105768176e-13 1.797744706260528036e-13 4.668676564337216219e-15 1.842198441039146648e-13 -8.942903170512835131e-14 1.084954284767478683e-13 1.162708153410086450e-13
-5.633381055037683991e-13 -3.983570592465883381e-13 -3.971557072761045861e-12 7.118692279277142267e-13 1.366522045983373645e-11 7.965223130640254244e-12 -1.304159104647599266e-11 -3.781565329064879569e-12 -1.475457604144902323e-10 2.097579542593342175e-11 -1.706576073395845670e-11
-6.522925909635273224e-13 -9.547464429858219471e-13 -3.009391026030321863e-12 1.647549254367774303e-12 1.079477407836314632e-11 9.708310135368229886e-12 -1.659775252402173965e-11 -2.073063055786311550e-12 -1.428974961831891191e-10 1.941327525328488884e-11 -1.659218432646981045e-11
-7.546392885192715965e-13 -1.673489178203114851e-12 -1.675567689727587470e-12 2.845068201736815021e-12 6.728244705026859283e-12 1.193107567823729332e-11 -2.103085713641103437e-11 1.243421486509260595e-12 -1.315882462672002922e-10 1.614654277702366745e-11 -1.222669437922043541e-11
-8.743847861225764541e-13 -2.537869178932486807e-12 -4.681707329551017243e-14 4.252410111840333677e-12 1.693651148928972576e-12 1.468621925437084171e-11 -2.621889505159516738e-11 5.238362373715945951e-12 -1.145302008509358084e-10 1.207384237424711452e-11 -4.653038172497269625e-12
-1.011186955133936167e-12 -3.505880669820903426e-12 1.751984384795415333e-12 5.783703150959196986e-12 -3.895671016520540325e-12 1.785798879801055554e-11 -3.186356275613123432e-11 9.083597762254091188e-12 -9.263250520733580554e-11 8.192098861995173399e-12 4.636759487165757875e-12
-1.160019364512613607e-12 -4.517794914044970514e-12 3.570023609681031717e-12 7.330136721536233927e-12 -9.499183831214177496e-12 2.123013814718223630e-11 -3.750113466794828169e-11 1.228178347764841562e-11 -6.719496316207695980e-11 4.307404223699687444e-12 1.152134067560834797e-11
-1.302687203102448703e-12 -5.450871788016894985e-12 5.135392847855481777e-12 8.692619493841823997e-12 -1.421914993156838437e-11 2.410828542482510244e-11 -4.188935222455051165e-11 1.432405358731754345e-11 -4.111723234308948378e-11 7.197245829336002280e-13 1.430017866667471370e-11
-1.412251289811210387e-12 -6.147800958396648056e-12 6.095542712841589693e-12 9.581515678916429669e-12 -1.677034355231794126e-11 2.536134070115647469e-11 -4.294588876377042883e-11 1.403667200259689854e-11 -1.806722600366412906e-11 -2.352347233686215718e-12 1.328189529187919502e-11
-1.462355779979041865e-12 -6.454046265457929423e-12 6.125713756283990039e-12 9.644596756120828827e-12 -1.573962104067500366e-11 2.378151584894808986e-11 -3.791001112171043900e-11 9.915547949413146173e-12 -2.601150208308511652e-12 -2.415041953863471947e-12 1.137079871065855100e-11
-1.458155354544592546e-12 -6.385139262440203860e-12 5.360849877912771176e-12 8.900714652224508594e-12 -1.158674862384722698e-11 1.970966167422917269e-11 -2.756149255245309153e-11 2.561894102171618957e-12 4.691308095695508243e-12 1.211488843222310730e-12 8.753205019213338446e-12
-1.424115695111483482e-12 -6.040977349527414569e-12 4.238627379734869657e-12 7.761122520521914165e-12 -6.742587070508856567e-12 1.497671707749903739e-11 -1.685692941079132901e-11 -3.461167177336552453e-12 7.884010036605104949e-12 4.805046981202250598e-12 5.487340006027033754e-12
-1.372018329377619219e-12 -5.476830112772761458e-12 3.083861635539539422e-12 6.413145113361853938e-12 -2.753968765981053010e-12 1.050472609309361096e-11 -8.455795559036667315e-12 -5.800464958859912694e-12 7.547566783143603708e-12 5.839802083679350706e-12 3.886417821153873361e-12
-1.304174538918548188e-12 -4.757009816210126823e-12 2.113561221102204222e-12 4.981525272464756226e-12 -3.186864676214759447e-13 6.811547068319016399e-12 -3.148308405878959847e-12 -4.314316186068231097e-12 4.630000666463264088e-12 3.866710798680402007e-12 1.516403434752753296e-12
-1.214923317420870939e-12 -3.925384590317502176e-12 1.364488973241359279e-12 3.497128874362474191e-12 7.819728705605567842e-13 3.828505250497619715e-12 -2.729148014522561613e-13 -2.249460044508528069e-12 6.591286613542401196e-13 2.255104680926790111e-12 6.333088877952118128e-13
-1.101970770079727003e-12 -3.030716560798310422e-12 8.298471675286317015e-13 2.091626937402046845e-12 8.499290744965702915e-13 1.579179904251678344e-12 8.029047900678968671e-13 -2.280701155715608434e-13 -2.256721931899263075e-12 9.308515774866365082e-13 1.330038924972251322e-13
-9.688536897792840253e-13 -2.149535554284345231e-12 5.069484241754724595e-13 9.128930893733739791e-13 2.669921207196171722e-13 8.193667290745307436e-14 8.947951815433559178e-13 6.785156743458191317e-13 -1.868159582626785129e-12 2.388244708748928908e-13 -1.138541249523069619e-12
-8.214751809968307254e-13 -1.357968024758264533e-12 3.448654826645023647e-13 1.082027300801365389e-13 -3.557059663613748711e-13 -5.642602483695853141e-13 3.988742285934362714e-13 3.961253573651710296e-13 -1.566703526601054921e-13 -1.177259315209318097e-13 -6.279714679293562940e-13
-6.689372492278023644e-13 -7.113320386580021928e-13 3.001183561163473209e-13 -2.972436277566215239e-13 -5.158243763668021830e-13 -4.943544003037044554e-13 -2.307419927785954940e-13 -2.463767258826712182e-13 1.970916257205727132e-13 -5.107897761720206775e-13 5.108395383876228654e-13
-5.220555555434093945e-13 -2.557940054181290391e-13 3.488283025990774850e-13 -4.031270906386665106e-13 -2.168867207005447160e-13 -9.810476568761178202e-14 -1.587209668488253346e-13 -4.014950537757464590e-13 1.866652711667881172e-13 -2.480437940531401266e-14 -3.428467038216819287e-13
-3.880685760925529836e-13 2.566589090780772011e-14 4.046433615031058493e-13 -2.964624322222540979e-13 1.524260829358708767e-13 1.882619779936259861e-13 -9.275761829617885582e-15 2.456334474282847287e-13 -1.468360352266457173e-13 1.381608639903993582e-13 1.864477644149682021e-13
-5.749621513108207927e-13 -3.419484780572552528e-13 -4.169274356325960419e-12 4.913625350651411475e-13 1.460758043723632456e-11 8.039322494875530830e-12 -1.254726150958014458e-11 -7.412423890977527735e-12 -1.526238510115239365e-10 2.622992159231429606e-11 -2.228317805601365198e-11
-6.662659090178056085e-13 -8.991691395016172417e-13 -3.208537537849857989e-12 1.411101626376791283e-12 1.181402180051643940e-11 9.805974645542518283e-12 -1.612674980314879670e-11 -6.207662889993353271e-12 -1.488174239589279709e-10 2.547192244104385396e-11 -2.307509217839630426e-11
-7.712006076155241664e-13 -1.628726162788124490e-12 -1.853988307008361741e-12 2.624456688048240622e-12 7.725663888040966672e-12 1.206772704724256418e-11 -2.072048845980865904e-11 -2.972972335983084587e-12 -1.382588384474763908e-10 2.248670626118784222e-11 -1.946807417003633053e-11
-8.943014991222527155e-13 -2.517465200921456818e-12 -1.778271290229424392e-13 4.089674631789597145e-12 2.536397471665416173e-12 1.489289702031931205e-11 -2.625337501294304661e-11 1.490645194813275011e-12 -1.217958218907851860e-10 1.808143153260321367e-11 -1.154077153086190425e-11
-1.036326994163679940e-12 -3.525728148940398907e-12 1.700307013784856600e-12 5.714135657552028976e-12 -3.352517252577591284e-12 1.820026951030280885e-11 -3.241888980686311925e-11 6.113888347727887702e-12 -1.001468121756716871e-10 1.353901956171485853e-11 -8.558539381496183822e-13
-1.193695276818481201e-12 -4.597661649827587533e-12 3.637728138980405127e-12 7.388916246989314036e-12 -9.421777943327239309e-12 2.182293188147437059e-11 -3.880309501192452026e-11 1.021939218474970341e-11 -7.449608469321443675e-11 8.850936006247806199e-12 7.973854358708120960e-12
-1.349466169743281462e-12 -5.613836011422554801e-12 5.372469887407988641e-12 8.918589917370928785e-12 -1.480384243139981950e-11 2.513470666578007863e-11 -4.425918723456551273e-11 1.320157636709421958e-11 -4.743554048221331051e-11 4.471135102453182900e-12 1.249660963151439204e-11
-1.476823482635972168e-12 -6.415575433498752292e-12 6.551238534049068548e-12 1.001709258175485458e-11 -1.822503888655549770e-11 2.703959231057428761e-11 -4.677496234908442152e-11 1.395768635239766216e-11 -2.236006269225601416e-11 5.541515866698637961e-13 1.257824000759399818e-11
-1.545749405738754330e-12 -6.830094971512443035e-12 6.800172073649030770e-12 1.031391898163348198e-11 -1.811895673857837241e-11 2.617055686609100401e-11 -4.335176562909646806e-11 1.120042346658966095e-11 -4.445884545583142130e-12 -9.590078705910654936e-13 1.113067091445022086e-11
-1.551236234434243690e-12 -6.826482565795326480e-12 6.123517221408384362e-12 9.682163777171662706e-12 -1.425327078559705723e-11 2.228888551282877742e-11 -3.328195013468291894e-11 4.329366291836257715e-12 4.185262913027652319e-12 1.685241339574480686e-12 8.841750584553471081e-12
-1.519448034042933563e-12 -6.511475063003304683e-12 4.976951836099140919e-12 8.532864754938269438e-12 -9.085982892066276971e-12 1.730092176445837228e-11 -2.159699051280522070e-11 -2.414086672530208292e-12 8.065590838424520389e-12 5.490226168727452192e-12 5.634875168556934263e-12
-1.465492120687519992e-12 -5.949341107086560918e-12 3.730215946173683738e-12 7.112921373273284639e-12 -4.480903752609696838e-12 1.234828274758379123e-11 -1.168648614238947592e-11 -5.723985820944086415e-12 8.060092529797090260e-12 6.937075312910045993e-12 3.975643870711769312e-12
-1.395349210935933997e-12 -5.211346487361699678e-12 2.657927545792643521e-12 5.584630663962793569e-12 -1.453057346872955730e-12 8.163644108877666732e-12 -4.988206665453448679e-12 -4.439696391475747577e-12 5.110680069953416150e-12 4.562187342468118298e-12 1.341096498694946495e-12
-1.303886756327429796e-12 -4.347198702140635132e-12 1.818851267670204159e-12 3.990213996225019613e-12 9.909749603415083446e-14 4.755475815461968433e-12 -1.053997263137381625e-12 -2.115788178590425080e-12 7.416531040493387405e-13 2.315973475696841770e-12 3.750009744317259851e-13
-1.188213980719316501e-12 -3.406887617888100294e-12 1.207580055963889437e-12 2.462579385508677628e-12 4.604124778379897045e-13 2.157463115887134323e-12 6.471195855025265766e-13 -2.666829384982869511e-14 -2.646291951408599262e-12 7.369998271253872594e-13 -2.288215185082190012e-14
-1.051091255905729525e-12 -2.464408161423059458e-12 8.166100711193551947e-13 1.150257742101358860e-12 3.985460870389491119e-14 3.440927741938850154e-13 9.930245049877235159e-13 8.765070962922130988e-13 -2.254167259902815154e-12 -3.586694830445118225e-14 -1.285341922273118891e-12
-8.978778968316093733e-13 -1.600238793109257906e-12 5.953490236228462896e-13 2.169681164988258000e-13 -5.153848665771857106e-13 -5.445282566622508899e-13 5.112127779747119132e-13 7.107018568655298649e-13 -2.346867552423811027e-13 -5.259300770472858541e-13 -8.318302382738616292e-13
-7.374347976608139699e-13 -8.780057875895409923e-13 4.963117900793197504e-13 -2.907289533218573391e-13 -6.407292889012672119e-13 -5.875637448707048379e-13 -2.574463169102608283e-13 -9.132799338661485012e-14 3.710540782548589255e-13 -7.192636163727677132e-13 4.156545371015172965e-13
-5.809751595102286285e-13 -3.536522640336419353e-13 5.016613777832363681e-13 -4.649295888188509154e-13 -2.977426324355826197e-13 -1.822376653726166427e-13 -2.436533150647496950e-13 -3.921179266083349279e-13 2.822221202645360909e-13 -2.368808834263052751e-14 -3.670914587933124349e-13
-4.364556851897527822e-13 -1.848601624337786735e-14 5.262791936571820899e-13 -3.827362097863964155e-13 1.268352905161604953e-13 1.768644494535694903e-13 -5.509312455331365374e-14 3.109057381514703132e-13 -2.249784887538211288e-13 2.088429634076681188e-13 2.977986970768535854e-13
0.000000000000000000e+00 0.000000000000000000e+00 0.000000000000000000e+00 0.000000000000000000e+00 0.000000000000000000e+00 0.000000000000000000e+00 0.000000000000000000e+00 0.000000000000000000e+00 0.000000000000000000e+00 0.000000000000000000e+00 0.000000000000000000e+00
0.000000000000000000e+00 0.000000000000000000e+00 0.000000000000000000e+00 0.000000000000000000e+00 0.000000000000000000e+00 0.000000000000000000e+00 0.000000000000000000e+00 0.000000000000000000e+00 0.000000000000000000e+00 0.000000000000000000e+00 0.000000000000000000e+00
0.000000000000000000e+00 0.000000000000000000e+00 0.000000000000000000e+00 0.000000000000000000e+00 0.000000000000000000e+00 0.000000000000000000e+00 0.000000000000000000e+00 0.000000000000000000e+00 0.000000000000000000e+00 0.000000000000000000e+00 0.000000000000000000e+00
0.000000000000000000e+00 0.000000000000000000e+00 0.000000000000000000e+00 0.000000000000000000e+00 0.000000000000000000e+00 0.000000000000000000e+00 0.000000000000000000e+00 0.000000000000000000e+00 0.000000000000000000e+00 0.000000000000000000e+00 0.000000000000000000e+00
0.000000000000000000e+00 0.000000000000000000e+00 0.000000000000000000e+00 0.000000000000000000e+00 0.000000000000000000e+00 0.000000000000000000e+00 0.000000000000000000e+00 0.000000000000000000e+00 0.000000000000000000e+00 0.000000000000000000e+00 0.000000000000000000e+00
0.000000000000000000e+00 0.000000000000000000e+00 0.000000000000000000e+00 0.000000000000000000e+00 0.000000000000000000e+00 0.000000000000000000e+00 0.000000000000000000e+00 0.000000000000000000e+00 0.000000000000000000e+00 0.000000000000000000e+00 0.000000000000000000e+00
0.000000000000000000e+00 0.000000000000000000e+00 0.000000000000000000e+00 0.000000000000000000e+00 0.000000000000000000e+00 0.000000000000000000e+00 0.000000000000000000e+00 0.000000000000000000e+00 0.000000000000000000e+00 0.000000000000000000e+00 0.000000000000000000e+00
0.000000000000000000e+00 0.000000000000000000e+00 0.000000000000000000e+00 0.000000000000000000e+00 0.000000000000000000e+00 0.000000000000000000e+00 0.000000000000000000e+00 0.000000000000000000e+00 0.000000000000000000e+00 0.000000000000000000e+00 0.000000000000000000e+00
0.000000000000000000e+00 0.000000000000000000e+00 0.000000000000000000e+00 0.000000000000000000e+00 0.000000000000000000e+00 0.000000000000000000e+00 0.000000000000000000e+00 0.000000000000000000e+00 0.000000000000000000e+00 0.000000000000000000e+00 0.000000000000000000e+00
0.000000000000000000e+00 0.000000000000000000e+00 0.000000000000000000e+00 0.000000000000000000e+00 0.000000000000000000e+00 0.000000000000000000e+00 0.000000000000000000e+00 0.000000000000000000e+00 0.000000000000000000e+00 0.000000000000000000e+00 0.000000000000000000e+00
0.000000000000000000e+00 0.000000000000000000e+00 0.000000000000000000e+00 0.000000000000000000e+00 0.000000000000000000e+00 0.000000000000000000e+00 0.000000000000000000e+00 0.000000000000000000e+00 0.000000000000000000e+00 0.000000000000000000e+00 0.000000000000000000e+00
0.000000000000000000e+00 0.000000000000000000e+00 0.000000000000000000e+00 0.000000000000000000e+00 0.000000000000000000e+00 0.000000000000000000e+00 0.000000000000000000e+00 0.000000000000000000e+00 0.000000000000000000e+00 0.000000000000000000e+00 0.000000000000000000e+00
0.000000000000000000e+00 0.000000000000000000e+00 0.000000000000000000e+00 0.000000000000000000e+00 0.000000000000000000e+00 0.000000000000000000e+00 0.000000000000000000e+00 0.000000000000000000e+00 0.000000000000000000e+00 0.000000000000000000e+00 0.000000000000000000e+00
0.000000000000000000e+00 0.000000000000000000e+00 0.000000000000000000e+00 0.000000000000000000e+00 0.000000000000000000e+00 0.000000000000000000e+00 0.000000000000000000e+00 0.000000000000000000e+00 0.000000000000000000e+00 0.000000000000000000e+00 0.000000000000000000e+00
0.000000000000000000e+00 0.000000000000000000e+00 0.000000000000000000e+00 0.000000000000000000e+00 0.000000000000000000e+00 0.000000000000000000e+00 0.000000000000000000e+00 0.000000000000000000e+00 0.000000000000000000e+00 0.000000000000000000e+00 0.000000000000000000e+00
0.000000000000000000e+00 0.000000000000000000e+00 0.000000000000000000e+00 0.000000000000000000e+00 0.000000000000000000e+00 0.000000000000000000e+00 0.000000000000000000e+00 0.000000000000000000e+00 0.000000000000000000e+00 0.000000000000000000e+00 0.000000000000000000e+00
0.000000000000000000e+00 0.000000000000000000e+00 0.000000000000000000e+00 0.000000000000000000e+00 0.000000000000000000e+00 0.000000000000000000e+00 0.000000000000000000e+00 0.000000000000000000e+00 0.000000000000000000e+00 0.000000000000000000e+00 0.000000000000000000e+00
0.000000000000000000e+00 0.000000000000000000e+00 0.000000000000000000e+00 0.000000000000000000e+00 0.000000000000000000e+00 0.000000000000000000e+00 0.000000000000000000e+00 0.000000000000000000e+00 0.000000000000000000e+00 0.000000000000000000e+00 0.000000000000000000e+00
0.000000000000000000e+00 0.000000000000000000e+00 0.000000000000000000e+00 0.000000000000000000e+00 0.000000000000000000e+00 0.000000000000000000e+00 0.000000000000000000e+00 0.000000000000000000e+00 0.000000000000000000e+00 0.000000000000000000e+00 0.000000000000000000e+00
0.000000000000000000e+00 0.000000000000000000e+00 0.000000000000000000e+00 0.000000000000000000e+00 0.000000000000000000e+00 0.000000000000000000e+00 0.000000000000000000e+00 0.000000000000000000e+00 0.000000000000000000e+00 0.000000000000000000e+00 0.000000000000000000e+00
0.000000000000000000e+00 0.000000000000000000e+00 0.000000000000000000e+00 0.000000000000000000e+00 0.000000000000000000e+00 0.000000000000000000e+00 0.000000000000000000e+00 0.000000000000000000e+00 0.000000000000000000e+00 0.000000000000000000e+00 0.000000000000000000e+00
0.000000000000000000e+00 0.000000000000000000e+00 0.000000000000000000e+00 0.000000000000000000e+00 0.000000000000000000e+00 0.000000000000000000e+00 0.000000000000000000e+00 0.000000000000000000e+00 0.000000000000000000e+00 0.000000000000000000e+00 0.000000000000000000e+00
0.000000000000000000e+00 0.000000000000000000e+00 0.000000000000000000e+00 0.000000000000000000e+00 0.000000000000000000e+00 0.000000000000000000e+00 0.000000000000000000e+00 0.000000000000000000e+00 0.000000000000000000e+00 0.000000000000000000e+00 0.000000000000000000e+00
0.000000000000000000e+00 0.000000000000000000e+00 0.000000000000000000e+00 0.000000000000000000e+00 0.000000000000000000e+00 0.000000000000000000e+00 0.000000000000000000e+00 0.000000000000000000e+00 0.000000000000000000e+00 0.000000000000000000e+00 0.000000000000000000e+00
0.000000000000000000e+00 0.000000000000000000e+00 0.000000000000000000e+00 0.000000000000000000e+00 0.000000000000000000e+00 0.000000000000000000e+00 0.000000000000000000e+00 0.000000000000000000e+00 0.000000000000000000e+00 0.000000000000000000e+00 0.000000000000000000e+00
0.000000000000000000e+00 0.000000000000000000e+00 0.000000000000000000e+00 0.000000000000000000e+00 0.000000000000000000e+00 0.000000000000000000e+00 0.000000000000000000e+00 0.000000000000000000e+00 0.000000000000000000e+00 0.000000000000000000e+00 0.000000000000000000e+00
0.000000000000000000e+00 0.000000000000000000e+00 0.000000000000000000e+00 0.000000000000000000e+00 0.000000000000000000e+00 0.000000000000000000e+00 0.000000000000000000e+00 0.000000000000000000e+00 0.000000000000000000e+00 0.000000000000000000e+00 0.000000000000000000e+00
0.000000000000000000e+00 0.000000000000000000e+00 0.000000000000000000e+00 0.000000000000000000e+00 0.000000000000000000e+00 0.000000000000000000e+00 0.000000000000000000e+00 0.000000000000000000e+00 0.000000000000000000e+00 0.000000000000000000e+00 0.000000000000000000e+00
0.000000000000000000e+00 0.000000000000000000e+00 0.000000000000000000e+00 0.000000000000000000e+00 0.000000000000000000e+00 0.000000000000000000e+00 0.000000000000000000e+00 0.000000000000000000e+00 0.000000000000000000e+00 0.000000000000000000e+00 0.000000000000000000e+00
0.000000000000000000e+00 0.000000000000000000e+00 0.000000000000000000e+00 0.000000000000000000e+00 0.000000000000000000e+00 0.000000000000000000e+00 0.000000000000000000e+00 0.000000000000000000e+00 0.000000000000000000e+00 0.000000000000000000e+00 0.000000000000000000e+00
0.000000000000000000e+00 0.000000000000000000e+00 0.000000000000000000e+00 0.000000000000000000e+00 0.000000000000000000e+00 0.000000000000000000e+00 0.000000000000000000e+00 0.000000000000000000e+00 0.000000000000000000e+00 0.000000000000000000e+00 0.000000000000000000e+00
0.000000000000000000e+00 0.000000000000000000e+00 0.000000000000000000e+00 0.000000000000000000e+00 0.000000000000000000e+00 0.000000000000000000e+00 0.000000000000000000e+00 0.000000000000000000e+00 0.000000000000000000e+00 0.000000000000000000e+00 0.000000000000000000e+00
0.000000000000000000e+00 0.000000000000000000e+00 0.000000000000000000e+00 0.000000000000000000e+00 0.000000000000000000e+00 0.000000000000000000e+00 0.000000000000000000e+00 0.000000000000000000e+00 0.000000000000000000e+00 0.000000000000000000e+00 0.000000000000000000e+00
0.000000000000000000e+00 0.000000000000000000e+00 0.000000000000000000e+00 0.000000000000000000e+00 0.000000000000000000e+00 0.000000000000000000e+00 0.000000000000000000e+00 0.000000000000000000e+00 0.000000000000000000e+00 0.000000000000000000e+00 0.000000000000000000e+00
0.000000000000000000e+00 0.000000000000000000e+00 0.000000000000000000e+00 0.000000000000000000e+00 0.000000000000000000e+00 0.000000000000000000e+00 0.000000000000000000e+00 0.000000000000000000e+00 0.000000000000000000e+00 0.000000000000000000e+00 0.000000000000000000e+00
0.000000000000000000e+00 0.000000000000000000e+00 0.000000000000000000e+00 0.000000000000000000e+00 0.000000000000000000e+00 0.000000000000000000e+00 0.000000000000000000e+00 0.000000000000000000e+00 0.000000000000000000e+00 0.000000000000000000e+00 0.000000000000000000e+00
0.000000000000000000e+00 0.000000000000000000e+00 0.000000000000000000e+00 0.000000000000000000e+00 0.000000000000000000e+00 0.000000000000000000e+00 0.000000000000000000e+00 0.000000000000000000e+00 0.000000000000000000e+00 0.000000000000000000e+00 0.000000000000000000e+00
0.000000000000000000e+00 0.000000000000000000e+00 0.000000000000000000e+00 0.000000000000000000e+00 0.000000000000000000e+00 0.000000000000000000e+00 0.000000000000000000e+00 0.000000000000000000e+00 0.000000000000000000e+00 0.000000000000000000e+00 0.000000000000000000e+00
0.000000000000000000e+00 0.000000000000000000e+00 0.000000000000000000e+00 0.000000000000000000e+00 0.000000000000000000e+00 0.000000000000000000e+00 0.000000000000000000e+00 0.000000000000000000e+00 0.000000000000000000e+00 0.000000000000000000e+00 0.000000000000000000e+00
0.000000000000000000e+00 0.000000000000000000e+00 0.000000000000000000e+00 0.000000000000000000e+00 0.000000000000000000e+00 0.000000000000000000e+00 0.000000000000000000e+00 0.000000000000000000e+00 0.000000000000000000e+00 0.000000000000000000e+00 0.000000000000000000e+00
0.000000000000000000e+00 0.000000000000000000e+00 0.000000000000000000e+00 0.000000000000000000e+00 0.000000000000000000e+00 0.000000000000000000e+00 0.000000000000000000e+00 0.000000000000000000e+00 0.000000000000000000e+00 0.000000000000000000e+00 0.000000000000000000e+00
0.000000000000000000e+00 0.000000000000000000e+00 0.000000000000000000e+00 0.000000000000000000e+00 0.000000000000000000e+00 0.000000000000000000e+00 0.000000000000000000e+00 0.000000000000000000e+00 0.000000000000000000e+00 0.000000000000000000e+00 0.000000000000000000e+00
0.000000000000000000e+00 0.000000000000000000e+00 0.000000000000000000e+00 0.000000000000000000e+00 0.000000000000000000e+00 0.000000000000000000e+00 0.000000000000000000e+00 0.000000000000000000e+00 0.000000000000000000e+00 0.000000000000000000e+00 0.000000000000000000e+00
0.000000000000000000e+00 0.000000000000000000e+00 0.000000000000000000e+00 0.000000000000000000e+00 0.000000000000000000e+00 0.000000000000000000e+00 0.000000000000000000e+00 0.000000000000000000e+00 0.000000000000000000e+00 0.000000000000000000e+00 0.000000000000000000e+00
0.000000000000000000e+00 0.000000000000000000e+00 0.000000000000000000e+00 0.000000000000000000e+00 0.000000000000000000e+00 0.000000000000000000e+00 0.000000000000000000e+00 0.000000000000000000e+00 0.000000000000000000e+00 0.000000000000000000e+00 0.000000000000000000e+00
0.000000000000000000e+00 0.000000000000000000e+00 0.000000000000000000e+00 0.000000000000000000e+00 0.000000000000000000e+00 0.000000000000000000e+00 0.000000000000000000e+00 0.000000000000000000e+00 0.000000000000000000e+00 0.000000000000000000e+00 0.000000000000000000e+00
0.000000000000000000e+00 0.000000000000000000e+00 0.000000000000000000e+00 0.000000000000000000e+00 0.000000000000000000e+00 0.000000000000000000e+00 0.000000000000000000e+00 0.000000000000000000e+00 0.000000000000000000e+00 0.000000000000000000e+00 0.000000000000000000e+00
0.000000000000000000e+00 0.000000000000000000e+00 0.000000000000000000e+00 0.000000000000000000e+00 0.000000000000000000e+00 0.000000000000000000e+00 0.000000000000000000e+00 0.000000000000000000e+00 0.000000000000000000e+00 0.000000000000000000e+00 0.000000000000000000e+00
0.000000000000000000e+00 0.000000000000000000e+00 0.000000000000000000e+00 0.000000000000000000e+00 0.000000000000000000e+00 0.000000000000000000e+00 0.000000000000000000e+00 0.000000000000000000e+00 0.000000000000000000e+00 0.000000000000000000e+00 0.000000000000000000e+00
0.000000000000000000e+00 0.000000000000000000e+00 0.000000000000000000e+00 0.000000000000000000e+00 0.000000000000000000e+00 0.000000000000000000e+00 0.000000000000000000e+00 0.000000000000000000e+00 0.000000000000000000e+00 0.000000000000000000e+00 0.000000000000000000e+00
0.000000000000000000e+00 0.000000000000000000e+00 0.000000000000000000e+00 0.000000000000000000e+00 0.000000000000000000e+00 0.000000000000000000e+00 0.000000000000000000e+00 0.000000000000000000e+00 0.000000000000000000e+00 0.000000000000000000e+00 0.000000000000000000e+00
0.000000000000000000e+00 0.000000000000000000e+00 0.000000000000000000e+00 0.000000000000000000e+00 0.000000000000000000e+00 0.000000000000000000e+00 0.000000000000000000e+00 0.000000000000000000e+00 0.000000000000000000e+00 0.000000000000000000e+00 0.000000000000000000e+00
0.000000000000000000e+00 0.000000000000000000e+00 0.000000000000000000e+00 0.000000000000000000e+00 0.000000000000000000e+00 0.000000000000000000e+00 0.000000000000000000e+00 0.000000000000000000e+00 0.000000000000000000e+00 0.000000000000000000e+00 0.000000000000000000e+00
0.000000000000000000e+00 0.000000000000000000e+00 0.000000000000000000e+00 0.000000000000000000e+00 0.000000000000000000e+00 0.000000000000000000e+00 0.000000000000000000e+00 0.000000000000000000e+00 0.000000000000000000e+00 0.000000000000000000e+00 0.000000000000000000e+00
0.000000000000000000e+00 0.000000000000000000e+00 0.000000000000000000e+00 0.000000000000000000e+00 0.000000000000000000e+00 0.000000000000000000e+00 0.000000000000000000e+00 0.000000000000000000e+00 0.000000000000000000e+00 0.000000000000000000e+00 0.000000000000000000e+00
0.000000000000000000e+00 0.000000000000000000e+00 0.000000000000000000e+00 0.000000000000000000e+00 0.000000000000000000e+00 0.000000000000000000e+00 0.000000000000000000e+00 0.000000000000000000e+00 0.000000000000000000e+00 0.000000000000000000e+00 0.000000000000000000e+00
0.000000000000000000e+00 0.000000000000000000e+00 0.000000000000000000e+00 0.000000000000000000e+00 0.000000000000000000e+00 0.000000000000000000e+00 0.000000000000000000e+00 0.000000000000000000e+00 0.000000000000000000e+00 0.000000000000000000e+00 0.000000000000000000e+00
0.000000000000000000e+00 0.000000000000000000e+00 0.000000000000000000e+00 0.000000000000000000e+00 0.000000000000000000e+00 0.000000000000000000e+00 0.000000000000000000e+00 0.000000000000000000e+00 0.000000000000000000e+00 0.000000000000000000e+00 0.000000000000000000e+00
0.000000000000000000e+00 0.000000000000000000e+00 0.000000000000000000e+00 0.000000000000000000e+00 0.000000000000000000e+00 0.000000000000000000e+00 0.000000000000000000e+00 0.000000000000000000e+00 0.000000000000000000e+00 0.000000000000000000e+00 0.000000000000000000e+00
0.000000000000000000e+00 0.000000000000000000e+00 0.000000000000000000e+00 0.000000000000000000e+00 0.000000000000000000e+00 0.000000000000000000e+00 0.000000000000000000e+00 0.000000000000000000e+00 0.000000000000000000e+00 0.000000000000000000e+00 0.000000000000000000e+00
0.000000000000000000e+00 0.000000000000000000e+00 0.000000000000000000e+00 0.000000000000000000e+00 0.000000000000000000e+00 0.000000000000000000e+00 0.000000000000000000e+00 0.000000000000000000e+00 0.000000000000000000e+00 0.000000000000000000e+00 0.000000000000000000e+00
0.000000000000000000e+00 0.000000000000000000e+00 0.000000000000000000e+00 0.000000000000000000e+00 0.000000000000000000e+00 0.000000000000000000e+00 0.000000000000000000e+00 0.000000000000000000e+00 0.000000000000000000e+00 0.000000000000000000e+00 0.000000000000000000e+00
0.000000000000000000e+00 0.000000000000000000e+00 0.000000000000000000e+00 0.000000000000000000e+00 0.000000000000000000e+00 0.000000000000000000e+00 0.000000000000000000e+00 0.000000000000000000e+00 0.000000000000000000e+00 0.000000000000000000e+00 0.000000000000000000e+00
0.000000000000000000e+00 0.000000000000000000e+00 0.000000000000000000e+00 0.000000000000000000e+00 0.000000000000000000e+00 0.000000000000000000e+00 0.000000000000000000e+00 0.000000000000000000e+00 0.000000000000000000e+00 0.000000000000000000e+00 0.000000000000000000e+00
0.000000000000000000e+00 0.000000000000000000e+00 0.000000000000000000e+00 0.000000000000000000e+00 0.000000000000000000e+00 0.000000000000000000e+00 0.000000000000000000e+00 0.000000000000000000e+00 0.000000000000000000e+00 0.000000000000000000e+00 0.000000000000000000e+00
0.000000000000000000e+00 0.000000000000000000e+00 0.000000000000000000e+00 0.000000000000000000e+00 0.000000000000000000e+00 0.000000000000000000e+00 0.000000000000000000e+00 0.000000000000000000e+00 0.000000000000000000e+00 0.000000000000000000e+00 0.000000000000000000e+00
0.000000000000000000e+00 0.000000000000000000e+00 0.000000000000000000e+00 0.000000000000000000e+00 0.000000000000000000e+00 0.000000000000000000e+00 0.000000000000000000e+00 0.000000000000000000e+00 0.000000000000000000e+00 0.000000000000000000e+00 0.000000000000000000e+00
0.000000000000000000e+00 0.000000000000000000e+00 0.000000000000000000e+00 0.000000000000000000e+00 0.000000000000000000e+00 0.000000000000000000e+00 0.000000000000000000e+00 0.000000000000000000e+00 0.000000000000000000e+00 0.000000000000000000e+00 0.000000000000000000e+00
0.000000000000000000e+00 0.000000000000000000e+00 0.000000000000000000e+00 0.000000000000000000e+00 0.000000000000000000e+00 0.000000000000000000e+00 0.000000000000000000e+00 0.000000000000000000e+00 0.000000000000000000e+00 0.000000000000000000e+00 0.000000000000000000e+00
0.000000000000000000e+00 0.000000000000000000e+00 0.000000000000000000e+00 0.000000000000000000e+00 0.000000000000000000e+00 0.000000000000000000e+00 0.000000000000000000e+00 0.000000000000000000e+00 0.000000000000000000e+00 0.000000000000000000e+00 0.000000000000000000e+00
0.000000000000000000e+00 0.000000000000000000e+00 0.000000000000000000e+00 0.000000000000000000e+00 0.000000000000000000e+00 0.000000000000000000e+00 0.000000000000000000e+00 0.000000000000000000e+00 0.000000000000000000e+00 0.000000000000000000e+00 0.000000000000000000e+00
0.000000000000000000e+00 0.000000000000000000e+00 0.000000000000000000e+00 0.000000000000000000e+00 0.000000000000000000e+00 0.000000000000000000e+00 0.000000000000000000e+00 0.000000000000000000e+00 0.000000000000000000e+00 0.000000000000000000e+00 0.000000000000000000e+00
0.000000000000000000e+00 0.000000000000000000e+00 0.000000000000000000e+00 0.000000000000000000e+00 0.000000000000000000e+00 0.000000000000000000e+00 0.000000000000000000e+00 0.000000000000000000e+00 0.000000000000000000e+00 0.000000000000000000e+00 0.000000000000000000e+00
0.000000000000000000e+00 0.000000000000000000e+00 0.000000000000000000e+00 0.000000000000000000e+00 0.000000000000000000e+00 0.000000000000000000e+00 0.000000000000000000e+00 0.000000000000000000e+00 0.000000000000000000e+00 0.000000000000000000e+00 0.000000000000000000e+00
0.000000000000000000e+00 0.000000000000000000e+00 0.000000000000000000e+00 0.000000000000000000e+00 0.000000000000000000e+00 0.000000000000000000e+00 0.000000000000000000e+00 0.000000000000000000e+00 0.000000000000000000e+00 0.000000000000000000e+00 0.000000000000000000e+00
0.000000000000000000e+00 0.000000000000000000e+00 0.000000000000000000e+00 0.000000000000000000e+00 0.000000000000000000e+00 0.000000000000000000e+00 0.000000000000000000e+00 0.000000000000000000e+00 0.000000000000000000e+00 0.000000000000000000e+00 0.000000000000000000e+00
0.000000000000000000e+00 0.000000000000000000e+00 0.000000000000000000e+00 0.000000000000000000e+00 0.000000000000000000e+00 0.000000000000000000e+00 0.000000000000000000e+00 0.000000000000000000e+00 0.000000000000000000e+00 0.000000000000000000e+00 0.000000000000000000e+00
0.000000000000000000e+00 0.000000000000000000e+00 0.000000000000000000e+00 0.000000000000000000e+00 0.000000000000000000e+00 0.000000000000000000e+00 0.000000000000000000e+00 0.000000000000000000e+00 0.000000000000000000e+00 0.000000000000000000e+00 0.000000000000000000e+00
0.000000000000000000e+00 0.000000000000000000e+00 0.000000000000000000e+00 0.000000000000000000e+00 0.000000000000000000e+00 0.000000000000000000e+00 0.000000000000000000e+00 0.000000000000000000e+00 0.000000000000000000e+00 0.000000000000000000e+00 0.000000000000000000e+00
0.000000000000000000e+00 0.000000000000000000e+00 0.000000000000000000e+00 0.000000000000000000e+00 0.000000000000000000e+00 0.000000000000000000e+00 0.000000000000000000e+00 0.000000000000000000e+00 0.000000000000000000e+00 0.000000000000000000e+00 0.000000000000000000e+00
0.000000000000000000e+00 0.000000000000000000e+00 0.000000000000000000e+00 0.000000000000000000e+00 0.000000000000000000e+00 0.000000000000000000e+00 0.000000000000000000e+00 0.000000000000000000e+00 0.000000000000000000e+00 0.000000000000000000e+00 0.000000000000000000e+00
0.000000000000000000e+00 0.000000000000000000e+00 0.000000000000000000e+00 0.000000000000000000e+00 0.000000000000000000e+00 0.000000000000000000e+00 0.000000000000000000e+00 0.000000000000000000e+00 0.000000000000000000e+00 0.000000000000000000e+00 0.000000000000000000e+00
0.000000000000000000e+00 0.000000000000000000e+00 0.000000000000000000e+00 0.000000000000000000e+00 0.000000000000000000e+00 0.000000000000000000e+00 0.000000000000000000e+00 0.000000000000000000e+00 0.000000000000000000e+00 0.000000000000000000e+00 0.000000000000000000e+00
0.000000000000000000e+00 0.000000000000000000e+00 0.000000000000000000e+00 0.000000000000000000e+00 0.000000000000000000e+00 0.000000000000000000e+00 0.000000000000000000e+00 0.000000000000000000e+00 0.000000000000000000e+00 0.000000000000000000e+00 0.000000000000000000e+00
0.000000000000000000e+00 0.000000000000000000e+00 0.000000000000000000e+00 0.000000000000000000e+00 0.000000000000000000e+00 0.000000000000000000e+00 0.000000000000000000e+00 0.000000000000000000e+00 0.000000000000000000e+00 0.000000000000000000e+00 0.000000000000000000e+00
0.000000000000000000e+00 0.000000000000000000e+00 0.000000000000000000e+00 0.000000000000000000e+00 0.000000000000000000e+00 0.000000000000000000e+00 0.000000000000000000e+00 0.000000000000000000e+00 0.000000000000000000e+00 0.000000000000000000e+00 0.000000000000000000e+00
0.000000000000000000e+00 0.000000000000000000e+00 0.000000000000000000e+00 0.000000000000000000e+00 0.000000000000000000e+00 0.000000000000000000e+00 0.000000000000000000e+00 0.000000000000000000e+00 0.000000000000000000e+00 0.000000000000000000e+00 0.000000000000000000e+00
0.000000000000000000e+00 0.000000000000000000e+00 0.000000000000000000e+00 0.000000000000000000e+00 0.000000000000000000e+00 0.000000000000000000e+00 0.000000000000000000e+00 0.000000000000000000e+00 0.000000000000000000e+00 0.000000000000000000e+00 0.000000000000000000e+00
0.000000000000000000e+00 0.000000000000000000e+00 0.000000000000000000e+00 0.000000000000000000e+00 0.000000000000000000e+00 0.000000000000000000e+00 0.000000000000000000e+00 0.000000000000000000e+00 0.000000000000000000e+00 0.000000000000000000e+00 0.000000000000000000e+00
0.000000000000000000e+00 0.000000000000000000e+00 0.000000000000000000e+00 0.000000000000000000e+00 0.000000000000000000e+00 0.000000000000000000e+00 0.000000000000000000e+00 0.000000000000000000e+00 0.000000000000000000e+00 0.000000000000000000e+00 0.000000000000000000e+00
0.000000000000000000e+00 0.000000000000000000e+00 0.000000000000000000e+00 0.000000000000000000e+00 0.000000000000000000e+00 0.000000000000000000e+00 0.000000000000000000e+00 0.000000000000000000e+00 0.000000000000000000e+00 0.000000000000000000e+00 0.000000000000000000e+00
0.000000000000000000e+00 0.000000000000000000e+00 0.000000000000000000e+00 0.000000000000000000e+00 0.000000000000000000e+00 0.000000000000000000e+00 0.000000000000000000e+00 0.000000000000000000e+00 0.000000000000000000e+00 0.000000000000000000e+00 0.000000000000000000e+00
0.000000000000000000e+00 0.000000000000000000e+00 0.000000000000000000e+00 0.000000000000000000e+00 0.000000000000000000e+00 0.000000000000000000e+00 0.000000000000000000e+00 0.000000000000000000e+00 0.000000000000000000e+00 0.000000000000000000e+00 0.000000000000000000e+00
0.000000000000000000e+00 0.000000000000000000e+00 0.000000000000000000e+00 0.000000000000000000e+00 0.000000000000000000e+00 0.000000000000000000e+00 0.000000000000000000e+00 0.000000000000000000e+00 0.000000000000000000e+00 0.000000000000000000e+00 0.000000000000000000e+00
0.000000000000000000e+00 0.000000000000000000e+00 0.000000000000000000e+00 0.000000000000000000e+00 0.000000000000000000e+00 0.000000000000000000e+00 0.000000000000000000e+00 0.000000000000000000e+00 0.000000000000000000e+00 0.000000000000000000e+00 0.000000000000000000e+00
0.000000000000000000e+00 0.000000000000000000e+00 0.000000000000000000e+00 0.000000000000000000e+00 0.000000000000000000e+00 0.000000000000000000e+00 0.000000000000000000e+00 0.000000000000000000e+00 0.000000000000000000e+00 0.000000000000000000e+00 0.000000000000000000e+00
0.000000000000000000e+00 0.000000000000000000e+00 0.000000000000000000e+00 0.000000000000000000e+00 0.000000000000000000e+00 0.000000000000000000e+00 0.000000000000000000e+00 0.000000000000000000e+00 0.000000000000000000e+00 0.000000000000000000e+00 0.000000000000000000e+00
0.000000000000000000e+00 0.000000000000000000e+00 0.000000000000000000e+00 0.000000000000000000e+00 0.000000000000000000e+00 0.000000000000000000e+00 0.000000000000000000e+00 0.000000000000000000e+00 0.000000000000000000e+00 0.000000000000000000e+00 0.000000000000000000e+00
0.000000000000000000e+00 0.000000000000000000e+00 0.000000000000000000e+00 0.000000000000000000e+00 0.000000000000000000e+00 0.000000000000000000e+00 0.000000000000000000e+00 0.000000000000000000e+00 0.000000000000000000e+00 0.000000000000000000e+00 0.000000000000000000e+00
0.000000000000000000e+00 0.000000000000000000e+00 0.000000000000000000e+00 0.000000000000000000e+00 0.000000000000000000e+00 0.000000000000000000e+00 0.000000000000000000e+00 0.000000000000000000e+00 0.000000000000000000e+00 0.000000000000000000e+00 0.000000000000000000e+00
0.000000000000000000e+00 0.000000000000000000e+00 0.000000000000000000e+00 0.000000000000000000e+00 0.000000000000000000e+00 0.000000000000000000e+00 0.000000000000000000e+00 0.000000000000000000e+00 0.000000000000000000e+00 0.000000000000000000e+00 0.000000000000000000e+00
0.000000000000000000e+00 0.000000000000000000e+00 0.000000000000000000e+00 0.000000000000000000e+00 0.000000000000000000e+00 0.000000000000000000e+00 0.000000000000000000e+00 0.000000000000000000e+00 0.000000000000000000e+00 0.000000000000000000e+00 0.000000000000000000e+00
0.000000000000000000e+00 0.000000000000000000e+00 0.000000000000000000e+00 0.000000000000000000e+00 0.000000000000000000e+00 0.000000000000000000e+00 0.000000000000000000e+00 0.000000000000000000e+00 0.000000000000000000e+00 0.000000000000000000e+00 0.000000000000000000e+00
0.000000000000000000e+00 0.000000000000000000e+00 0.000000000000000000e+00 0.000000000000000000e+00 0.000000000000000000e+00 0.000000000000000000e+00 0.000000000000000000e+00 0.000000000000000000e+00 0.000000000000000000e+00 0.000000000000000000e+00 0.000000000000000000e+00
0.000000000000000000e+00 0.000000000000000000e+00 0.000000000000000000e+00 0.000000000000000000e+00 0.000000000000000000e+00 0.000000000000000000e+00 0.000000000000000000e+00 0.000000000000000000e+00 0.000000000000000000e+00 0.000000000000000000e+00 0.000000000000000000e+00
0.000000000000000000e+00 0.000000000000000000e+00 0.000000000000000000e+00 0.000000000000000000e+00 0.000000000000000000e+00 0.000000000000000000e+00 0.000000000000000000e+00 0.000000000000000000e+00 0.000000000000000000e+00 0.000000000000000000e+00 0.000000000000000000e+00
0.000000000000000000e+00 0.000000000000000000e+00 0.000000000000000000e+00 0.000000000000000000e+00 0.000000000000000000e+00 0.000000000000000000e+00 0.000000000000000000e+00 0.000000000000000000e+00 0.000000000000000000e+00 0.000000000000000000e+00 0.000000000000000000e+00
0.000000000000000000e+00 0.000000000000000000e+00 0.000000000000000000e+00 0.000000000000000000e+00 0.000000000000000000e+00 0.000000000000000000e+00 0.000000000000000000e+00 0.000000000000000000e+00 0.000000000000000000e+00 0.000000000000000000e+00 0.000000000000000000e+00
0.000000000000000000e+00 0.000000000000000000e+00 0.000000000000000000e+00 0.000000000000000000e+00 0.000000000000000000e+00 0.000000000000000000e+00 0.000000000000000000e+00 0.000000000000000000e+00 0.000000000000000000e+00 0.000000000000000000e+00 0.000000000000000000e+00
0.000000000000000000e+00 0.000000000000000000e+00 0.000000000000000000e+00 0.000000000000000000e+00 0.000000000000000000e+00 0.000000000000000000e+00 0.000000000000000000e+00 0.000000000000000000e+00 0.000000000000000000e+00 0.000000000000000000e+00 0.000000000000000000e+00
0.000000000000000000e+00 0.000000000000000000e+00 0.000000000000000000e+00 0.000000000000000000e+00 0.000000000000000000e+00 0.000000000000000000e+00 0.000000000000000000e+00 0.000000000000000000e+00 0.000000000000000000e+00 0.000000000000000000e+00 0.000000000000000000e+00
0.000000000000000000e+00 0.000000000000000000e+00 0.000000000000000000e+00 0.000000000000000000e+00 0.000000000000000000e+00 0.000000000000000000e+00 0.000000000000000000e+00 0.000000000000000000e+00 0.000000000000000000e+00 0.000000000000000000e+00 0.000000000000000000e+00
0.000000000000000000e+00 0.000000000000000000e+00 0.000000000000000000e+00 0.000000000000000000e+00 0.000000000000000000e+00 0.000000000000000000e+00 0.000000000000000000e+00 0.000000000000000000e+00 0.000000000000000000e+00 0.000000000000000000e+00 0.000000000000000000e+00
0.000000000000000000e+00 0.000000000000000000e+00 0.000000000000000000e+00 0.000000000000000000e+00 0.000000000000000000e+00 0.000000000000000000e+00 0.000000000000000000e+00 0.000000000000000000e+00 0.000000000000000000e+00 0.000000000000000000e+00 0.000000000000000000e+00
0.000000000000000000e+00 0.000000000000000000e+00 0.000000000000000000e+00 0.000000000000000000e+00 0.000000000000000000e+00 0.000000000000000000e+00 0.000000000000000000e+00 0.000000000000000000e+00 0.000000000000000000e+00 0.000000000000000000e+00 0.000000000000000000e+00
0.000000000000000000e+00 0.000000000000000000e+00 0.000000000000000000e+00 0.000000000000000000e+00 0.000000000000000000e+00 0.000000000000000000e+00 0.000000000000000000e+00 0.000000000000000000e+00 0.000000000000000000e+00 0.000000000000000000e+00 0.000000000000000000e+00
0.000000000000000000e+00 0.000000000000000000e+00 0.000000000000000000e+00 0.000000000000000000e+00 0.000000000000000000e+00 0.000000000000000000e+00 0.000000000000000000e+00 0.000000000000000000e+00 0.000000000000000000e+00 0.000000000000000000e+00 0.000000000000000000e+00
0.000000000000000000e+00 0.000000000000000000e+00 0.000000000000000000e+00 0.000000000000000000e+00 0.000000000000000000e+00 0.000000000000000000e+00 0.000000000000000000e+00 0.000000000000000000e+00 0.000000000000000000e+00 0.000000000000000000e+00 0.000000000000000000e+00
0.000000000000000000e+00 0.000000000000000000e+00 0.000000000000000000e+00 0.000000000000000000e+00 0.000000000000000000e+00 0.000000000000000000e+00 0.000000000000000000e+00 0.000000000000000000e+00 0.000000000000000000e+00 0.000000000000000000e+00 0.000000000000000000e+00
0.000000000000000000e+00 0.000000000000000000e+00 0.000000000000000000e+00 0.000000000000000000e+00 0.000000000000000000e+00 0.000000000000000000e+00 0.000000000000000000e+00 0.000000000000000000e+00 0.000000000000000000e+00 0.000000000000000000e+00 0.000000000000000000e+00
0.000000000000000000e+00 0.000000000000000000e+00 0.000000000000000000e+00 0.000000000000000000e+00 0.000000000000000000e+00 0.000000000000000000e+00 0.000000000000000000e+00 0.000000000000000000e+00 0.000000000000000000e+00 0.000000000000000000e+00 0.000000000000000000e+00
0.000000000000000000e+00 0.000000000000000000e+00 0.000000000000000000e+00 0.000000000000000000e+00 0.000000000000000000e+00 0.000000000000000000e+00 0.000000000000000000e+00 0.000000000000000000e+00 0.000000000000000000e+00 0.000000000000000000e+00 0.000000000000000000e+00
0.000000000000000000e+00 0.000000000000000000e+00 0.000000000000000000e+00 0.000000000000000000e+00 0.000000000000000000e+00 0.000000000000000000e+00 0.000000000000000000e+00 0.000000000000000000e+00 0.000000000000000000e+00 0.000000000000000000e+00 0.000000000000000000e+00
0.000000000000000000e+00 0.000000000000000000e+00 0.000000000000000000e+00 0.000000000000000000e+00 0.000000000000000000e+00 0.000000000000000000e+00 0.000000000000000000e+00 0.000000000000000000e+00 0.000000000000000000e+00 0.000000000000000000e+00 0.000000000000000000e+00
0.000000000000000000e+00 0.000000000000000000e+00 0.000000000000000000e+00 0.000000000000000000e+00 0.000000000000000000e+00 0.000000000000000000e+00 0.000000000000000000e+00 0.000000000000000000e+00 0.000000000000000000e+00 0.000000000000000000e+00 0.000000000000000000e+00
0.000000000000000000e+00 0.000000000000000000e+00 0.000000000000000000e+00 0.000000000000000000e+00 0.000000000000000000e+00 0.000000000000000000e+00 0.000000000000000000e+00 0.000000000000000000e+00 0.000000000000000000e+00 0.000000000000000000e+00 0.000000000000000000e+00
0.000000000000000000e+00 0.000000000000000000e+00 0.000000000000000000e+00 0.000000000000000000e+00 0.000000000000000000e+00 0.000000000000000000e+00 0.000000000000000000e+00 0.000000000000000000e+00 0.000000000000000000e+00 0.000000000000000000e+00 0.000000000000000000e+00
0.000000000000000000e+00 0.000000000000000000e+00 0.000000000000000000e+00 0.000000000000000000e+00 0.000000000000000000e+00 0.000000000000000000e+00 0.000000000000000000e+00 0.000000000000000000e+00 0.000000000000000000e+00 0.000000000000000000e+00 0.000000000000000000e+00
0.000000000000000000e+00 0.000000000000000000e+00 0.000000000000000000e+00 0.000000000000000000e+00 0.000000000000000000e+00 0.000000000000000000e+00 0.000000000000000000e+00 0.000000000000000000e+00 0.000000000000000000e+00 0.000000000000000000e+00 0.000000000000000000e+00
0.000000000000000000e+00 0.000000000000000000e+00 0.000000000000000000e+00 0.000000000000000000e+00 0.000000000000000000e+00 0.000000000000000000e+00 0.000000000000000000e+00 0.000000000000000000e+00 0.000000000000000000e+00 0.000000000000000000e+00 0.000000000000000000e+00
0.000000000000000000e+00 0.000000000000000000e+00 0.000000000000000000e+00 0.000000000000000000e+00 0.000000000000000000e+00 0.000000000000000000e+00 0.000000000000000000e+00 0.000000000000000000e+00 0.000000000000000000e+00 0.000000000000000000e+00 0.000000000000000000e+00
0.000000000000000000e+00 0.000000000000000000e+00 0.000000000000000000e+00 0.000000000000000000e+00 0.000000000000000000e+00 0.000000000000000000e+00 0.000000000000000000e+00 0.000000000000000000e+00 0.000000000000000000e+00 0.000000000000000000e+00 0.000000000000000000e+00
0.000000000000000000e+00 0.000000000000000000e+00 0.000000000000000000e+00 0.000000000000000000e+00 0.000000000000000000e+00 0.000000000000000000e+00 0.000000000000000000e+00 0.000000000000000000e+00 0.000000000000000000e+00 0.000000000000000000e+00 0.000000000000000000e+00
0.000000000000000000e+00 0.000000000000000000e+00 0.000000000000000000e+00 0.000000000000000000e+00 0.000000000000000000e+00 0.000000000000000000e+00 0.000000000000000000e+00 0.000000000000000000e+00 0.000000000000000000e+00 0.000000000000000000e+00 0.000000000000000000e+00
0.000000000000000000e+00 0.000000000000000000e+00 0.000000000000000000e+00 0.000000000000000000e+00 0.000000000000000000e+00 0.000000000000000000e+00 0.000000000000000000e+00 0.000000000000000000e+00 0.000000000000000000e+00 0.000000000000000000e+00 0.000000000000000000e+00
0.000000000000000000e+00 0.000000000000000000e+00 0.000000000000000000e+00 0.000000000000000000e+00 0.000000000000000000e+00 0.000000000000000000e+00 0.000000000000000000e+00 0.000000000000000000e+00 0.000000000000000000e+00 0.000000000000000000e+00 0.000000000000000000e+00
0.000000000000000000e+00 0.000000000000000000e+00 0.000000000000000000e+00 0.000000000000000000e+00 0.000000000000000000e+00 0.000000000000000000e+00 0.000000000000000000e+00 0.000000000000000000e+00 0.000000000000000000e+00 0.000000000000000000e+00 0.000000000000000000e+00
0.000000000000000000e+00 0.000000000000000000e+00 0.000000000000000000e+00 0.000000000000000000e+00 0.000000000000000000e+00 0.000000000000000000e+00 0.000000000000000000e+00 0.000000000000000000e+00 0.000000000000000000e+00 0.000000000000000000e+00 0.000000000000000000e+00
0.000000000000000000e+00 0.000000000000000000e+00 0.000000000000000000e+00 0.000000000000000000e+00 0.000000000000000000e+00 0.000000000000000000e+00 0.000000000000000000e+00 0.000000000000000000e+00 0.000000000000000000e+00 0.000000000000000000e+00 0.000000000000000000e+00
0.000000000000000000e+00 0.000000000000000000e+00 0.000000000000000000e+00 0.000000000000000000e+00 0.000000000000000000e+00 0.000000000000000000e+00 0.000000000000000000e+00 0.000000000000000000e+00 0.000000000000000000e+00 0.000000000000000000e+00 0.000000000000000000e+00
0.000000000000000000e+00 0.000000000000000000e+00 0.000000000000000000e+00 0.000000000000000000e+00 0.000000000000000000e+00 0.000000000000000000e+00 0.000000000000000000e+00 0.000000000000000000e+00 0.000000000000000000e+00 0.000000000000000000e+00 0.000000000000000000e+00
0.000000000000000000e+00 0.000000000000000000e+00 0.000000000000000000e+00 0.000000000000000000e+00 0.000000000000000000e+00 0.000000000000000000e+00 0.000000000000000000e+00 0.000000000000000000e+00 0.000000000000000000e+00 0.000000000000000000e+00 0.000000000000000000e+00
0.000000000000000000e+00 0.000000000000000000e+00 0.000000000000000000e+00 0.000000000000000000e+00 0.000000000000000000e+00 0.000000000000000000e+00 0.000000000000000000e+00 0.000000000000000000e+00 0.000000000000000000e+00 0.000000000000000000e+00 0.000000000000000000e+00
0.000000000000000000e+00 0.000000000000000000e+00 0.000000000000000000e+00 0.000000000000000000e+00 0.000000000000000000e+00 0.000000000000000000e+00 0.000000000000000000e+00 0.000000000000000000e+00 0.000000000000000000e+00 0.000000000000000000e+00 0.000000000000000000e+00
0.000000000000000000e+00 0.000000000000000000e+00 0.000000000000000000e+00 0.000000000000000000e+00 0.000000000000000000e+00 0.000000000000000000e+00 0.000000000000000000e+00 0.000000000000000000e+00 0.000000000000000000e+00 0.000000000000000000e+00 0.000000000000000000e+00
0.000000000000000000e+00 0.000000000000000000e+00 0.000000000000000000e+00 0.000000000000000000e+00 0.000000000000000000e+00 0.000000000000000000e+00 0.000000000000000000e+00 0.000000000000000000e+00 0.000000000000000000e+00 0.000000000000000000e+00 0.000000000000000000e+00
0.000000000000000000e+00 0.000000000000000000e+00 0.000000000000000000e+00 0.000000000000000000e+00 0.000000000000000000e+00 0.000000000000000000e+00 0.000000000000000000e+00 0.000000000000000000e+00 0.000000000000000000e+00 0.000000000000000000e+00 0.000000000000000000e+00
0.000000000000000000e+00 0.000000000000000000e+00 0.000000000000000000e+00 0.000000000000000000e+00 0.000000000000000000e+00 0.000000000000000000e+00 0.000000000000000000e+00 0.000000000000000000e+00 0.000000000000000000e+00 0.000000000000000000e+00 0.000000000000000000e+00
0.000000000000000000e+00 0.000000000000000000e+00 0.000000000000000000e+00 0.000000000000000000e+00 0.000000000000000000e+00 0.000000000000000000e+00 0.000000000000000000e+00 0.000000000000000000e+00 0.000000000000000000e+00 0.000000000000000000e+00 0.000000000000000000e+00
0.000000000000000000e+00 0.000000000000000000e+00 0.000000000000000000e+00 0.000000000000000000e+00 0.000000000000000000e+00 0.000000000000000000e+00 0.000000000000000000e+00 0.000000000000000000e+00 0.000000000000000000e+00 0.000000000000000000e+00 0.000000000000000000e+00
0.000000000000000000e+00 0.000000000000000000e+00 0.000000000000000000e+00 0.000000000000000000e+00 0.000000000000000000e+00 0.000000000000000000e+00 0.000000000000000000e+00 0.000000000000000000e+00 0.000000000000000000e+00 0.000000000000000000e+00 0.000000000000000000e+00
0.000000000000000000e+00 0.000000000000000000e+00 0.000000000000000000e+00 0.000000000000000000e+00 0.000000000000000000e+00 0.000000000000000000e+00 0.000000000000000000e+00 0.000000000000000000e+00 0.000000000000000000e+00 0.000000000000000000e+00 0.000000000000000000e+00
0.000000000000000000e+00 0.000000000000000000e+00 0.000000000000000000e+00 0.000000000000000000e+00 0.000000000000000000e+00 0.000000000000000000e+00 0.000000000000000000e+00 0.000000000000000000e+00 0.000000000000000000e+00 0.000000000000000000e+00 0.000000000000000000e+00
0.000000000000000000e+00 0.000000000000000000e+00 0.000000000000000000e+00 0.000000000000000000e+00 0.000000000000000000e+00 0.000000000000000000e+00 0.000000000000000000e+00 0.000000000000000000e+00 0.000000000000000000e+00 0.000000000000000000e+00 0.000000000000000000e+00
0.000000000000000000e+00 0.000000000000000000e+00 0.000000000000000000e+00 0.000000000000000000e+00 0.000000000000000000e+00 0.000000000000000000e+00 0.000000000000000000e+00 0.000000000000000000e+00 0.000000000000000000e+00 0.000000000000000000e+00 0.000000000000000000e+00
0.000000000000000000e+00 0.000000000000000000e+00 0.000000000000000000e+00 0.000000000000000000e+00 0.000000000000000000e+00 0.000000000000000000e+00 0.000000000000000000e+00 0.000000000000000000e+00 0.000000000000000000e+00 0.000000000000000000e+00 0.000000000000000000e+00
0.000000000000000000e+00 0.000000000000000000e+00 0.000000000000000000e+00 0.000000000000000000e+00 0.000000000000000000e+00 0.000000000000000000e+00 0.000000000000000000e+00 0.000000000000000000e+00 0.000000000000000000e+00 0.000000000000000000e+00 0.000000000000000000e+00
0.000000000000000000e+00 0.000000000000000000e+00 0.000000000000000000e+00 0.000000000000000000e+00 0.000000000000000000e+00 0.000000000000000000e+00 0.000000000000000000e+00 0.000000000000000000e+00 0.000000000000000000e+00 0.000000000000000000e+00 0.000000000000000000e+00
0.000000000000000000e+00 0.000000000000000000e+00 0.000000000000000000e+00 0.000000000000000000e+00 0.000000000000000000e+00 0.000000000000000000e+00 0.000000000000000000e+00 0.000000000000000000e+00 0.000000000000000000e+00 0.000000000000000000e+00 0.000000000000000000e+00
0.000000000000000000e+00 0.000000000000000000e+00 0.000000000000000000e+00 0.000000000000000000e+00 0.000000000000000000e+00 0.000000000000000000e+00 0.000000000000000000e+00 0.000000000000000000e+00 0.000000000000000000e+00 0.000000000000000000e+00 0.000000000000000000e+00
0.000000000000000000e+00 0.000000000000000000e+00 0.000000000000000000e+00 0.000000000000000000e+00 0.000000000000000000e+00 0.000000000000000000e+00 0.000000000000000000e+00 0.000000000000000000e+00 0.000000000000000000e+00 0.000000000000000000e+00 0.000000000000000000e+00
0.000000000000000000e+00 0.000000000000000000e+00 0.000000000000000000e+00 0.000000000000000000e+00 0.000000000000000000e+00 0.000000000000000000e+00 0.000000000000000000e+00 0.000000000000000000e+00 0.000000000000000000e+00 0.000000000000000000e+00 0.000000000000000000e+00
0.000000000000000000e+00 0.000000000000000000e+00 0.000000000000000000e+00 0.000000000000000000e+00 0.000000000000000000e+00 0.000000000000000000e+00 0.000000000000000000e+00 0.000000000000000000e+00 0.000000000000000000e+00 0.000000000000000000e+00 0.000000000000000000e+00
0.000000000000000000e+00 0.000000000000000000e+00 0.000000000000000000e+00 0.000000000000000000e+00 0.000000000000000000e+00 0.000000000000000000e+00 0.000000000000000000e+00 0.000000000000000000e+00 0.000000000000000000e+00 0.000000000000000000e+00 0.000000000000000000e+00
0.000000000000000000e+00 0.000000000000000000e+00 0.000000000000000000e+00 0.000000000000000000e+00 0.000000000000000000e+00 0.000000000000000000e+00 0.000000000000000000e+00 0.000000000000000000e+00 0.000000000000000000e+00 0.000000000000000000e+00 0.000000000000000000e+00
0.000000000000000000e+00 0.000000000000000000e+00 0.000000000000000000e+00 0.000000000000000000e+00 0.000000000000000000e+00 0.000000000000000000e+00 0.000000000000000000e+00 0.000000000000000000e+00 0.000000000000000000e+00 0.000000000000000000e+00 0.000000000000000000e+00
0.000000000000000000e+00 0.000000000000000000e+00 0.000000000000000000e+00 0.000000000000000000e+00 0.000000000000000000e+00 0.000000000000000000e+00 0.000000000000000000e+00 0.000000000000000000e+00 0.000000000000000000e+00 0.000000000000000000e+00 0.000000000000000000e+00
0.000000000000000000e+00 0.000000000000000000e+00 0.000000000000000000e+00 0.000000000000000000e+00 0.000000000000000000e+00 0.000000000000000000e+00 0.000000000000000000e+00 0.000000000000000000e+00 0.000000000000000000e+00 0.000000000000000000e+00 0.000000000000000000e+00
0.000000000000000000e+00 0.000000000000000000e+00 0.000000000000000000e+00 0.000000000000000000e+00 0.000000000000000000e+00 0.000000000000000000e+00 0.000000000000000000e+00 0.000000000000000000e+00 0.000000000000000000e+00 0.000000000000000000e+00 0.000000000000000000e+00
0.000000000000000000e+00 0.000000000000000000e+00 0.000000000000000000e+00 0.000000000000000000e+00 0.000000000000000000e+00 0.000000000000000000e+00 0.000000000000000000e+00 0.000000000000000000e+00 0.000000000000000000e+00 0.000000000000000000e+00 0.000000000000000000e+00
0.000000000000000000e+00 0.000000000000000000e+00 0.000000000000000000e+00 0.000000000000000000e+00 0.000000000000000000e+00 0.000000000000000000e+00 0.000000000000000000e+00 0.000000000000000000e+00 0.000000000000000000e+00 0.000000000000000000e+00 0.000000000000000000e+00
0.000000000000000000e+00 0.000000000000000000e+00 0.000000000000000000e+00 0.000000000000000000e+00 0.000000000000000000e+00 0.000000000000000000e+00 0.000000000000000000e+00 0.000000000000000000e+00 0.000000000000000000e+00 0.000000000000000000e+00 0.000000000000000000e+00
0.000000000000000000e+00 0.000000000000000000e+00 0.000000000000000000e+00 0.000000000000000000e+00 0.000000000000000000e+00 0.000000000000000000e+00 0.000000000000000000e+00 0.000000000000000000e+00 0.000000000000000000e+00 0.000000000000000000e+00 0.000000000000000000e+00
0.000000000000000000e+00 0.000000000000000000e+00 0.000000000000000000e+00 0.000000000000000000e+00 0.000000000000000000e+00 0.000000000000000000e+00 0.000000000000000000e+00 0.000000000000000000e+00 0.000000000000000000e+00 0.000000000000000000e+00 0.000000000000000000e+00
0.000000000000000000e+00 0.000000000000000000e+00 0.000000000000000000e+00 0.000000000000000000e+00 0.000000000000000000e+00 0.000000000000000000e+00 0.000000000000000000e+00 0.000000000000000000e+00 0.000000000000000000e+00 0.000000000000000000e+00 0.000000000000000000e+00
0.000000000000000000e+00 0.000000000000000000e+00 0.000000000000000000e+00 0.000000000000000000e+00 0.000000000000000000e+00 0.000000000000000000e+00 0.000000000000000000e+00 0.000000000000000000e+00 0.000000000000000000e+00 0.000000000000000000e+00 0.000000000000000000e+00
0.000000000000000000e+00 0.000000000000000000e+00 0.000000000000000000e+00 0.000000000000000000e+00 0.000000000000000000e+00 0.000000000000000000e+00 0.000000000000000000e+00 0.000000000000000000e+00 0.000000000000000000e+00 0.000000000000000000e+00 0.000000000000000000e+00
0.000000000000000000e+00 0.000000000000000000e+00 0.000000000000000000e+00 0.000000000000000000e+00 0.000000000000000000e+00 0.000000000000000000e+00 0.000000000000000000e+00 0.000000000000000000e+00 0.000000000000000000e+00 0.000000000000000000e+00 0.000000000000000000e+00
0.000000000000000000e+00 0.000000000000000000e+00 0.000000000000000000e+00 0.000000000000000000e+00 0.000000000000000000e+00 0.000000000000000000e+00 0.000000000000000000e+00 0.000000000000000000e+00 0.000000000000000000e+00 0.000000000000000000e+00 0.000000000000000000e+00
0.000000000000000000e+00 0.000000000000000000e+00 0.000000000000000000e+00 0.000000000000000000e+00 0.000000000000000000e+00 0.000000000000000000e+00 0.000000000000000000e+00 0.000000000000000000e+00 0.000000000000000000e+00 0.000000000000000000e+00 0.000000000000000000e+00
0.000000000000000000e+00 0.000000000000000000e+00 0.000000000000000000e+00 0.000000000000000000e+00 0.000000000000000000e+00 0.000000000000000000e+00 0.000000000000000000e+00 0.000000000000000000e+00 0.000000000000000000e+00 0.000000000000000000e+00 0.000000000000000000e+00
0.000000000000000000e+00 0.000000000000000000e+00 0.000000000000000000e+00 0.000000000000000000e+00 0.000000000000000000e+00 0.000000000000000000e+00 0.000000000000000000e+00 0.000000000000000000e+00 0.000000000000000000e+00 0.000000000000000000e+00 0.000000000000000000e+00
0.000000000000000000e+00 0.000000000000000000e+00 0.000000000000000000e+00 0.000000000000000000e+00 0.000000000000000000e+00 0.000000000000000000e+00 0.000000000000000000e+00 0.000000000000000000e+00 0.000000000000000000e+00 0.000000000000000000e+00 0.000000000000000000e+00
0.000000000000000000e+00 0.000000000000000000e+00 0.000000000000000000e+00 0.000000000000000000e+00 0.000000000000000000e+00 0.000000000000000000e+00 0.000000000000000000e+00 0.000000000000000000e+00 0.000000000000000000e+00 0.000000000000000000e+00 0.000000000000000000e+00
0.000000000000000000e+00 0.000000000000000000e+00 0.000000000000000000e+00 0.000000000000000000e+00 0.000000000000000000e+00 0.000000000000000000e+00 0.000000000000000000e+00 0.000000000000000000e+00 0.000000000000000000e+00 0.000000000000000000e+00 0.000000000000000000e+00
0.000000000000000000e+00 0.000000000000000000e+00 0.000000000000000000e+00 0.000000000000000000e+00 0.000000000000000000e+00 0.000000000000000000e+00 0.000000000000000000e+00 0.000000000000000000e+00 0.000000000000000000e+00 0.000000000000000000e+00 0.000000000000000000e+00
0.000000000000000000e+00 0.000000000000000000e+00 0.000000000000000000e+00 0.000000000000000000e+00 0.000000000000000000e+00 0.000000000000000000e+00 0.000000000000000000e+00 0.000000000000000000e+00 0.000000000000000000e+00 0.000000000000000000e+00 0.000000000000000000e+00
0.000000000000000000e+00 0.000000000000000000e+00 0.000000000000000000e+00 0.000000000000000000e+00 0.000000000000000000e+00 0.000000000000000000e+00 0.000000000000000000e+00 0.000000000000000000e+00 0.000000000000000000e+00 0.000000000000000000e+00 0.000000000000000000e+00
0.000000000000000000e+00 0.000000000000000000e+00 0.000000000000000000e+00 0.000000000000000000e+00 0.000000000000000000e+00 0.000000000000000000e+00 0.000000000000000000e+00 0.000000000000000000e+00 0.000000000000000000e+00 0.000000000000000000e+00 0.000000000000000000e+00
0.000000000000000000e+00 0.000000000000000000e+00 0.000000000000000000e+00 0.000000000000000000e+00 0.000000000000000000e+00 0.000000000000000000e+00 0.000000000000000000e+00 0.000000000000000000e+00 0.000000000000000000e+00 0.000000000000000000e+00 0.000000000000000000e+00
0.000000000000000000e+00 0.000000000000000000e+00 0.000000000000000000e+00 0.000000000000000000e+00 0.000000000000000000e+00 0.000000000000000000e+00 0.000000000000000000e+00 0.000000000000000000e+00 0.000000000000000000e+00 0.000000000000000000e+00 0.000000000000000000e+00
0.000000000000000000e+00 0.000000000000000000e+00 0.000000000000000000e+00 0.000000000000000000e+00 0.000000000000000000e+00 0.000000000000000000e+00 0.000000000000000000e+00 0.000000000000000000e+00 0.000000000000000000e+00 0.000000000000000000e+00 0.000000000000000000e+00
0.000000000000000000e+00 0.000000000000000000e+00 0.000000000000000000e+00 0.000000000000000000e+00 0.000000000000000000e+00 0.000000000000000000e+00 0.000000000000000000e+00 0.000000000000000000e+00 0.000000000000000000e+00 0.000000000000000000e+00 0.000000000000000000e+00
0.000000000000000000e+00 0.000000000000000000e+00 0.000000000000000000e+00 0.000000000000000000e+00 0.000000000000000000e+00 0.000000000000000000e+00 0.000000000000000000e+00 0.000000000000000000e+00 0.000000000000000000e+00 0.000000000000000000e+00 0.000000000000000000e+00
0.000000000000000000e+00 0.000000000000000000e+00 0.000000000000000000e+00 0.000000000000000000e+00 0.000000000000000000e+00 0.000000000000000000e+00 0.000000000000000000e+00 0.000000000000000000e+00 0.000000000000000000e+00 0.000000000000000000e+00 0.000000000000000000e+00
0.000000000000000000e+00 0.000000000000000000e+00 0.000000000000000000e+00 0.000000000000000000e+00 0.000000000000000000e+00 0.000000000000000000e+00 0.000000000000000000e+00 0.000000000000000000e+00 0.000000000000000000e+00 0.000000000000000000e+00 0.000000000000000000e+00
0.000000000000000000e+00 0.000000000000000000e+00 0.000000000000000000e+00 0.000000000000000000e+00 0.000000000000000000e+00 0.000000000000000000e+00 0.000000000000000000e+00 0.000000000000000000e+00 0.000000000000000000e+00 0.000000000000000000e+00 0.000000000000000000e+00
0.000000000000000000e+00 0.000000000000000000e+00 0.000000000000000000e+00 0.000000000000000000e+00 0.000000000000000000e+00 0.000000000000000000e+00 0.000000000000000000e+00 0.000000000000000000e+00 0.000000000000000000e+00 0.000000000000000000e+00 0.000000000000000000e+00
0.000000000000000000e+00 0.000000000000000000e+00 0.000000000000000000e+00 0.000000000000000000e+00 0.000000000000000000e+00 0.000000000000000000e+00 0.000000000000000000e+00 0.000000000000000000e+00 0.000000000000000000e+00 0.000000000000000000e+00 0.000000000000000000e+00
0.000000000000000000e+00 0.000000000000000000e+00 0.000000000000000000e+00 0.000000000000000000e+00 0.000000000000000000e+00 0.000000000000000000e+00 0.000000000000000000e+00 0.000000000000000000e+00 0.000000000000000000e+00 0.000000000000000000e+00 0.000000000000000000e+00
0.000000000000000000e+00 0.000000000000000000e+00 0.000000000000000000e+00 0.000000000000000000e+00 0.000000000000000000e+00 0.000000000000000000e+00 0.000000000000000000e+00 0.000000000000000000e+00 0.000000000000000000e+00 0.000000000000000000e+00 0.000000000000000000e+00
0.000000000000000000e+00 0.000000000000000000e+00 0.000000000000000000e+00 0.000000000000000000e+00 0.000000000000000000e+00 0.000000000000000000e+00 0.000000000000000000e+00 0.000000000000000000e+00 0.000000000000000000e+00 0.000000000000000000e+00 0.000000000000000000e+00
0.000000000000000000e+00 0.000000000000000000e+00 0.000000000000000000e+00 0.000000000000000000e+00 0.000000000000000000e+00 0.000000000000000000e+00 0.000000000000000000e+00 0.000000000000000000e+00 0.000000000000000000e+00 0.000000000000000000e+00 0.000000000000000000e+00
0.000000000000000000e+00 0.000000000000000000e+00 0.000000000000000000e+00 0.000000000000000000e+00 0.000000000000000000e+00 0.000000000000000000e+00 0.000000000000000000e+00 0.000000000000000000e+00 0.000000000000000000e+00 0.000000000000000000e+00 0.000000000000000000e+00
0.000000000000000000e+00 0.000000000000000000e+00 0.000000000000000000e+00 0.000000000000000000e+00 0.000000000000000000e+00 0.000000000000000000e+00 0.000000000000000000e+00 0.000000000000000000e+00 0.000000000000000000e+00 0.000000000000000000e+00 0.000000000000000000e+00
0.000000000000000000e+00 0.000000000000000000e+00 0.000000000000000000e+00 0.000000000000000000e+00 0.000000000000000000e+00 0.000000000000000000e+00 0.000000000000000000e+00 0.000000000000000000e+00 0.000000000000000000e+00 0.000000000000000000e+00 0.000000000000000000e+00
0.000000000000000000e+00 0.000000000000000000e+00 0.000000000000000000e+00 0.000000000000000000e+00 0.000000000000000000e+00 0.000000000000000000e+00 0.000000000000000000e+00 0.000000000000000000e+00 0.000000000000000000e+00 0.000000000000000000e+00 0.000000000000000000e+00
0.000000000000000000e+00 0.000000000000000000e+00 0.000000000000000000e+00 0.000000000000000000e+00 0.000000000000000000e+00 0.000000000000000000e+00 0.000000000000000000e+00 0.000000000000000000e+00 0.000000000000000000e+00 0.000000000000000000e+00 0.000000000000000000e+00
0.000000000000000000e+00 0.000000000000000000e+00 0.000000000000000000e+00 0.000000000000000000e+00 0.000000000000000000e+00 0.000000000000000000e+00 0.000000000000000000e+00 0.000000000000000000e+00 0.000000000000000000e+00 0.000000000000000000e+00 0.000000000000000000e+00
0.000000000000000000e+00 0.000000000000000000e+00 0.000000000000000000e+00 0.000000000000000000e+00 0.000000000000000000e+00 0.000000000000000000e+00 0.000000000000000000e+00 0.000000000000000000e+00 0.000000000000000000e+00 0.000000000000000000e+00 0.000000000000000000e+00
0.000000000000000000e+00 0.000000000000000000e+00 0.000000000000000000e+00 0.000000000000000000e+00 0.000000000000000000e+00 0.000000000000000000e+00 0.000000000000000000e+00 0.000000000000000000e+00 0.000000000000000000e+00 0.000000000000000000e+00 0.000000000000000000e+00
0.000000000000000000e+00 0.000000000000000000e+00 0.000000000000000000e+00 0.000000000000000000e+00 0.000000000000000000e+00 0.000000000000000000e+00 0.000000000000000000e+00 0.000000000000000000e+00 0.000000000000000000e+00 0.000000000000000000e+00 0.000000000000000000e+00
0.000000000000000000e+00 0.000000000000000000e+00 0.000000000000000000e+00 0.000000000000000000e+00 0.000000000000000000e+00 0.000000000000000000e+00 0.000000000000000000e+00 0.000000000000000000e+00 0.000000000000000000e+00 0.000000000000000000e+00 0.000000000000000000e+00
0.000000000000000000e+00 0.000000000000000000e+00 0.000000000000000000e+00 0.000000000000000000e+00 0.000000000000000000e+00 0.000000000000000000e+00 0.000000000000000000e+00 0.000000000000000000e+00 0.000000000000000000e+00 0.000000000000000000e+00 0.000000000000000000e+00
0.000000000000000000e+00 0.000000000000000000e+00 0.000000000000000000e+00 0.000000000000000000e+00 0.000000000000000000e+00 0.000000000000000000e+00 0.000000000000000000e+00 0.000000000000000000e+00 0.000000000000000000e+00 0.000000000000000000e+00 0.000000000000000000e+00
0.000000000000000000e+00 0.000000000000000000e+00 0.000000000000000000e+00 0.000000000000000000e+00 0.000000000000000000e+00 0.000000000000000000e+00 0.000000000000000000e+00 0.000000000000000000e+00 0.000000000000000000e+00 0.000000000000000000e+00 0.000000000000000000e+00
0.000000000000000000e+00 0.000000000000000000e+00 0.000000000000000000e+00 0.000000000000000000e+00 0.000000000000000000e+00 0.000000000000000000e+00 0.000000000000000000e+00 0.000000000000000000e+00 0.000000000000000000e+00 0.000000000000000000e+00 0.000000000000000000e+00
0.000000000000000000e+00 0.000000000000000000e+00 0.000000000000000000e+00 0.000000000000000000e+00 0.000000000000000000e+00 0.000000000000000000e+00 0.000000000000000000e+00 0.000000000000000000e+00 0.000000000000000000e+00 0.000000000000000000e+00 0.000000000000000000e+00
0.000000000000000000e+00 0.000000000000000000e+00 0.000000000000000000e+00 0.000000000000000000e+00 0.000000000000000000e+00 0.000000000000000000e+00 0.000000000000000000e+00 0.000000000000000000e+00 0.000000000000000000e+00 0.000000000000000000e+00 0.000000000000000000e+00
0.000000000000000000e+00 0.000000000000000000e+00 0.000000000000000000e+00 0.000000000000000000e+00 0.000000000000000000e+00 0.000000000000000000e+00 0.000000000000000000e+00 0.000000000000000000e+00 0.000000000000000000e+00 0.000000000000000000e+00 0.000000000000000000e+00
0.000000000000000000e+00 0.000000000000000000e+00 0.000000000000000000e+00 0.000000000000000000e+00 0.000000000000000000e+00 0.000000000000000000e+00 0.000000000000000000e+00 0.000000000000000000e+00 0.000000000000000000e+00 0.000000000000000000e+00 0.000000000000000000e+00
0.000000000000000000e+00 0.000000000000000000e+00 0.000000000000000000e+00 0.000000000000000000e+00 0.000000000000000000e+00 0.000000000000000000e+00 0.000000000000000000e+00 0.000000000000000000e+00 0.000000000000000000e+00 0.000000000000000000e+00 0.000000000000000000e+00
0.000000000000000000e+00 0.000000000000000000e+00 0.000000000000000000e+00 0.000000000000000000e+00 0.000000000000000000e+00 0.000000000000000000e+00 0.000000000000000000e+00 0.000000000000000000e+00 0.000000000000000000e+00 0.000000000000000000e+00 0.000000000000000000e+00
0.000000000000000000e+00 0.000000000000000000e+00 0.000000000000000000e+00 0.000000000000000000e+00 0.000000000000000000e+00 0.000000000000000000e+00 0.000000000000000000e+00 0.000000000000000000e+00 0.000000000000000000e+00 0.000000000000000000e+00 0.000000000000000000e+00
0.000000000000000000e+00 0.000000000000000000e+00 0.000000000000000000e+00 0.000000000000000000e+00 0.000000000000000000e+00 0.000000000000000000e+00 0.000000000000000000e+00 0.000000000000000000e+00 0.000000000000000000e+00 0.000000000000000000e+00 0.000000000000000000e+00
0.000000000000000000e+00 0.000000000000000000e+00 0.000000000000000000e+00 0.000000000000000000e+00 0.000000000000000000e+00 0.000000000000000000e+00 0.000000000000000000e+00 0.000000000000000000e+00 0.000000000000000000e+00 0.000000000000000000e+00 0.000000000000000000e+00
0.000000000000000000e+00 0.000000000000000000e+00 0.000000000000000000e+00 0.000000000000000000e+00 0.000000000000000000e+00 0.000000000000000000e+00 0.000000000000000000e+00 0.000000000000000000e+00 0.000000000000000000e+00 0.000000000000000000e+00 0.000000000000000000e+00
0.000000000000000000e+00 0.000000000000000000e+00 0.000000000000000000e+00 0.000000000000000000e+00 0.000000000000000000e+00 0.000000000000000000e+00 0.000000000000000000e+00 0.000000000000000000e+00 0.000000000000000000e+00 0.000000000000000000e+00 0.000000000000000000e+00
0.000000000000000000e+00 0.000000000000000000e+00 0.000000000000000000e+00 0.000000000000000000e+00 0.000000000000000000e+00 0.000000000000000000e+00 0.000000000000000000e+00 0.000000000000000000e+00 0.000000000000000000e+00 0.000000000000000000e+00 0.000000000000000000e+00
0.000000000000000000e+00 0.000000000000000000e+00 0.000000000000000000e+00 0.000000000000000000e+00 0.000000000000000000e+00 0.000000000000000000e+00 0.000000000000000000e+00 0.000000000000000000e+00 0.000000000000000000e+00 0.000000000000000000e+00 0.000000000000000000e+00
0.000000000000000000e+00 0.000000000000000000e+00 0.000000000000000000e+00 0.000000000000000000e+00 0.000000000000000000e+00 0.000000000000000000e+00 0.000000000000000000e+00 0.000000000000000000e+00 0.000000000000000000e+00 0.000000000000000000e+00 0.000000000000000000e+00
0.000000000000000000e+00 0.000000000000000000e+00 0.000000000000000000e+00 0.000000000000000000e+00 0.000000000000000000e+00 0.000000000000000000e+00 0.000000000000000000e+00 0.000000000000000000e+00 0.000000000000000000e+00 0.000000000000000000e+00 0.000000000000000000e+00
0.000000000000000000e+00 0.000000000000000000e+00 0.000000000000000000e+00 0.000000000000000000e+00 0.000000000000000000e+00 0.000000000000000000e+00 0.000000000000000000e+00 0.000000000000000000e+00 0.000000000000000000e+00 0.000000000000000000e+00 0.000000000000000000e+00
0.000000000000000000e+00 0.000000000000000000e+00 0.000000000000000000e+00 0.000000000000000000e+00 0.000000000000000000e+00 0.000000000000000000e+00 0.000000000000000000e+00 0.000000000000000000e+00 0.000000000000000000e+00 0.000000000000000000e+00 0.000000000000000000e+00
0.000000000000000000e+00 0.000000000000000000e+00 0.000000000000000000e+00 0.000000000000000000e+00 0.000000000000000000e+00 0.000000000000000000e+00 0.000000000000000000e+00 0.000000000000000000e+00 0.000000000000000000e+00 0.000000000000000000e+00 0.000000000000000000e+00
0.000000000000000000e+00 0.000000000000000000e+00 0.000000000000000000e+00 0.000000000000000000e+00 0.000000000000000000e+00 0.000000000000000000e+00 0.000000000000000000e+00 0.000000000000000000e+00 0.000000000000000000e+00 0.000000000000000000e+00 0.000000000000000000e+00
0.000000000000000000e+00 0.000000000000000000e+00 0.000000000000000000e+00 0.000000000000000000e+00 0.000000000000000000e+00 0.000000000000000000e+00 0.000000000000000000e+00 0.000000000000000000e+00 0.000000000000000000e+00 0.000000000000000000e+00 0.000000000000000000e+00
0.000000000000000000e+00 0.000000000000000000e+00 0.000000000000000000e+00 0.000000000000000000e+00 0.000000000000000000e+00 0.000000000000000000e+00 0.000000000000000000e+00 0.000000000000000000e+00 0.000000000000000000e+00 0.000000000000000000e+00 0.000000000000000000e+00
0.000000000000000000e+00 0.000000000000000000e+00 0.000000000000000000e+00 0.000000000000000000e+00 0.000000000000000000e+00 0.000000000000000000e+00 0.000000000000000000e+00 0.000000000000000000e+00 0.000000000000000000e+00 0.000000000000000000e+00 0.000000000000000000e+00
0.000000000000000000e+00 0.000000000000000000e+00 0.000000000000000000e+00 0.000000000000000000e+00 0.000000000000000000e+00 0.000000000000000000e+00 0.000000000000000000e+00 0.000000000000000000e+00 0.000000000000000000e+00 0.000000000000000000e+00 0.000000000000000000e+00
0.000000000000000000e+00 0.000000000000000000e+00 0.000000000000000000e+00 0.000000000000000000e+00 0.000000000000000000e+00 0.000000000000000000e+00 0.000000000000000000e+00 0.000000000000000000e+00 0.000000000000000000e+00 0.000000000000000000e+00 0.000000000000000000e+00
0.000000000000000000e+00 0.000000000000000000e+00 0.000000000000000000e+00 0.000000000000000000e+00 0.000000000000000000e+00 0.000000000000000000e+00 0.000000000000000000e+00 0.000000000000000000e+00 0.000000000000000000e+00 0.000000000000000000e+00 0.000000000000000000e+00
0.000000000000000000e+00 0.000000000000000000e+00 0.000000000000000000e+00 0.000000000000000000e+00 0.000000000000000000e+00 0.000000000000000000e+00 0.000000000000000000e+00 0.000000000000000000e+00 0.000000000000000000e+00 0.000000000000000000e+00 0.000000000000000000e+00
0.000000000000000000e+00 0.000000000000000000e+00 0.000000000000000000e+00 0.000000000000000000e+00 0.000000000000000000e+00 0.000000000000000000e+00 0.000000000000000000e+00 0.000000000000000000e+00 0.000000000000000000e+00 0.000000000000000000e+00 0.000000000000000000e+00
0.000000000000000000e+00 0.000000000000000000e+00 0.000000000000000000e+00 0.000000000000000000e+00 0.000000000000000000e+00 0.000000000000000000e+00 0.000000000000000000e+00 0.000000000000000000e+00 0.000000000000000000e+00 0.000000000000000000e+00 0.000000000000000000e+00
0.000000000000000000e+00 0.000000000000000000e+00 0.000000000000000000e+00 0.000000000000000000e+00 0.000000000000000000e+00 0.000000000000000000e+00 0.000000000000000000e+00 0.000000000000000000e+00 0.000000000000000000e+00 0.000000000000000000e+00 0.000000000000000000e+00
0.000000000000000000e+00 0.000000000000000000e+00 0.000000000000000000e+00 0.000000000000000000e+00 0.000000000000000000e+00 0.000000000000000000e+00 0.000000000000000000e+00 0.000000000000000000e+00 0.000000000000000000e+00 0.000000000000000000e+00 0.000000000000000000e+00
0.000000000000000000e+00 0.000000000000000000e+00 0.000000000000000000e+00 0.000000000000000000e+00 0.000000000000000000e+00 0.000000000000000000e+00 0.000000000000000000e+00 0.000000000000000000e+00 0.000000000000000000e+00 0.000000000000000000e+00 0.000000000000000000e+00
0.000000000000000000e+00 0.000000000000000000e+00 0.000000000000000000e+00 0.000000000000000000e+00 0.000000000000000000e+00 0.000000000000000000e+00 0.000000000000000000e+00 0.000000000000000000e+00 0.000000000000000000e+00 0.000000000000000000e+00 0.000000000000000000e+00
0.000000000000000000e+00 0.000000000000000000e+00 0.000000000000000000e+00 0.000000000000000000e+00 0.000000000000000000e+00 0.000000000000000000e+00 0.000000000000000000e+00 0.000000000000000000e+00 0.000000000000000000e+00 0.000000000000000000e+00 0.000000000000000000e+00
0.000000000000000000e+00 0.000000000000000000e+00 0.000000000000000000e+00 0.000000000000000000e+00 0.000000000000000000e+00 0.000000000000000000e+00 0.000000000000000000e+00 0.000000000000000000e+00 0.000000000000000000e+00 0.000000000000000000e+00 0.000000000000000000e+00
0.000000000000000000e+00 0.000000000000000000e+00 0.000000000000000000e+00 0.000000000000000000e+00 0.000000000000000000e+00 0.000000000000000000e+00 0.000000000000000000e+00 0.000000000000000000e+00 0.000000000000000000e+00 0.000000000000000000e+00 0.000000000000000000e+00
0.000000000000000000e+00 0.000000000000000000e+00 0.000000000000000000e+00 0.000000000000000000e+00 0.000000000000000000e+00 0.000000000000000000e+00 0.000000000000000000e+00 0.000000000000000000e+00 0.000000000000000000e+00 0.000000000000000000e+00 0.000000000000000000e+00
0.000000000000000000e+00 0.000000000000000000e+00 0.000000000000000000e+00 0.000000000000000000e+00 0.000000000000000000e+00 0.000000000000000000e+00 0.000000000000000000e+00 0.000000000000000000e+00 0.000000000000000000e+00 0.000000000000000000e+00 0.000000000000000000e+00
0.000000000000000000e+00 0.000000000000000000e+00 0.000000000000000000e+00 0.000000000000000000e+00 0.000000000000000000e+00 0.000000000000000000e+00 0.000000000000000000e+00 0.000000000000000000e+00 0.000000000000000000e+00 0.000000000000000000e+00 0.000000000000000000e+00
0.000000000000000000e+00 0.000000000000000000e+00 0.000000000000000000e+00 0.000000000000000000e+00 0.000000000000000000e+00 0.000000000000000000e+00 0.000000000000000000e+00 0.000000000000000000e+00 0.000000000000000000e+00 0.000000000000000000e+00 0.000000000000000000e+00
0.000000000000000000e+00 0.000000000000000000e+00 0.000000000000000000e+00 0.000000000000000000e+00 0.000000000000000000e+00 0.000000000000000000e+00 0.000000000000000000e+00 0.000000000000000000e+00 0.000000000000000000e+00 0.000000000000000000e+00 0.000000000000000000e+00
0.000000000000000000e+00 0.000000000000000000e+00 0.000000000000000000e+00 0.000000000000000000e+00 0.000000000000000000e+00 0.000000000000000000e+00 0.000000000000000000e+00 0.000000000000000000e+00 0.000000000000000000e+00 0.000000000000000000e+00 0.000000000000000000e+00
0.000000000000000000e+00 0.000000000000000000e+00 0.000000000000000000e+00 0.000000000000000000e+00 0.000000000000000000e+00 0.000000000000000000e+00 0.000000000000000000e+00 0.000000000000000000e+00 0.000000000000000000e+00 0.000000000000000000e+00 0.000000000000000000e+00
0.000000000000000000e+00 0.000000000000000000e+00 0.000000000000000000e+00 0.000000000000000000e+00 0.000000000000000000e+00 0.000000000000000000e+00 0.000000000000000000e+00 0.000000000000000000e+00 0.000000000000000000e+00 0.000000000000000000e+00 0.000000000000000000e+00
0.000000000000000000e+00 0.000000000000000000e+00 0.000000000000000000e+00 0.000000000000000000e+00 0.000000000000000000e+00 0.000000000000000000e+00 0.000000000000000000e+00 0.000000000000000000e+00 0.000000000000000000e+00 0.000000000000000000e+00 0.000000000000000000e+00
0.000000000000000000e+00 0.000000000000000000e+00 0.000000000000000000e+00 0.000000000000000000e+00 0.000000000000000000e+00 0.000000000000000000e+00 0.000000000000000000e+00 0.000000000000000000e+00 0.000000000000000000e+00 0.000000000000000000e+00 0.000000000000000000e+00
0.000000000000000000e+00 0.000000000000000000e+00 0.000000000000000000e+00 0.000000000000000000e+00 0.000000000000000000e+00 0.000000000000000000e+00 0.000000000000000000e+00 0.000000000000000000e+00 0.000000000000000000e+00 0.000000000000000000e+00 0.000000000000000000e+00
0.000000000000000000e+00 0.000000000000000000e+00 0.000000000000000000e+00 0.000000000000000000e+00 0.000000000000000000e+00 0.000000000000000000e+00 0.000000000000000000e+00 0.000000000000000000e+00 0.000000000000000000e+00 0.000000000000000000e+00 0.000000000000000000e+00
0.000000000000000000e+00 0.000000000000000000e+00 0.000000000000000000e+00 0.000000000000000000e+00 0.000000000000000000e+00 0.000000000000000000e+00 0.000000000000000000e+00 0.000000000000000000e+00 0.000000000000000000e+00 0.000000000000000000e+00 0.000000000000000000e+00
0.000000000000000000e+00 0.000000000000000000e+00 0.000000000000000000e+00 0.000000000000000000e+00 0.000000000000000000e+00 0.000000000000000000e+00 0.000000000000000000e+00 0.000000000000000000e+00 0.000000000000000000e+00 0.000000000000000000e+00 0.000000000000000000e+00
0.000000000000000000e+00 0.000000000000000000e+00 0.000000000000000000e+00 0.000000000000000000e+00 0.000000000000000000e+00 0.000000000000000000e+00 0.000000000000000000e+00 0.000000000000000000e+00 0.000000000000000000e+00 0.000000000000000000e+00 0.000000000000000000e+00
0.000000000000000000e+00 0.000000000000000000e+00 0.000000000000000000e+00 0.000000000000000000e+00 0.000000000000000000e+00 0.000000000000000000e+00 0.000000000000000000e+00 0.000000000000000000e+00 0.000000000000000000e+00 0.000000000000000000e+00 0.000000000000000000e+00
0.000000000000000000e+00 0.000000000000000000e+00 0.000000000000000000e+00 0.000000000000000000e+00 0.000000000000000000e+00 0.000000000000000000e+00 0.000000000000000000e+00 0.000000000000000000e+00 0.000000000000000000e+00 0.000000000000000000e+00 0.000000000000000000e+00
0.000000000000000000e+00 0.000000000000000000e+00 0.000000000000000000e+00 0.000000000000000000e+00 0.000000000000000000e+00 0.000000000000000000e+00 0.000000000000000000e+00 0.000000000000000000e+00 0.000000000000000000e+00 0.000000000000000000e+00 0.000000000000000000e+00
0.000000000000000000e+00 0.000000000000000000e+00 0.000000000000000000e+00 0.000000000000000000e+00 0.000000000000000000e+00 0.000000000000000000e+00 0.000000000000000000e+00 0.000000000000000000e+00 0.000000000000000000e+00 0.000000000000000000e+00 0.000000000000000000e+00
0.000000000000000000e+00 0.000000000000000000e+00 0.000000000000000000e+00 0.000000000000000000e+00 0.000000000000000000e+00 0.000000000000000000e+00 0.000000000000000000e+00 0.000000000000000000e+00 0.000000000000000000e+00 0.000000000000000000e+00 0.000000000000000000e+00
0.000000000000000000e+00 0.000000000000000000e+00 0.000000000000000000e+00 0.000000000000000000e+00 0.000000000000000000e+00 0.000000000000000000e+00 0.000000000000000000e+00 0.000000000000000000e+00 0.000000000000000000e+00 0.000000000000000000e+00 0.000000000000000000e+00
0.000000000000000000e+00 0.000000000000000000e+00 0.000000000000000000e+00 0.000000000000000000e+00 0.000000000000000000e+00 0.000000000000000000e+00 0.000000000000000000e+00 0.000000000000000000e+00 0.000000000000000000e+00 0.000000000000000000e+00 0.000000000000000000e+00
0.000000000000000000e+00 0.000000000000000000e+00 0.000000000000000000e+00 0.000000000000000000e+00 0.000000000000000000e+00 0.000000000000000000e+00 0.000000000000000000e+00 0.000000000000000000e+00 0.000000000000000000e+00 0.000000000000000000e+00 0.000000000000000000e+00
0.000000000000000000e+00 0.000000000000000000e+00 0.000000000000000000e+00 0.000000000000000000e+00 0.000000000000000000e+00 0.000000000000000000e+00 0.000000000000000000e+00 0.000000000000000000e+00 0.000000000000000000e+00 0.000000000000000000e+00 0.000000000000000000e+00
0.000000000000000000e+00 0.000000000000000000e+00 0.000000000000000000e+00 0.000000000000000000e+00 0.000000000000000000e+00 0.000000000000000000e+00 0.000000000000000000e+00 0.000000000000000000e+00 0.000000000000000000e+00 0.000000000000000000e+00 0.000000000000000000e+00
0.000000000000000000e+00 0.000000000000000000e+00 0.000000000000000000e+00 0.000000000000000000e+00 0.000000000000000000e+00 0.000000000000000000e+00 0.000000000000000000e+00 0.000000000000000000e+00 0.000000000000000000e+00 0.000000000000000000e+00 0.000000000000000000e+00
0.000000000000000000e+00 0.000000000000000000e+00 0.000000000000000000e+00 0.000000000000000000e+00 0.000000000000000000e+00 0.000000000000000000e+00 0.000000000000000000e+00 0.000000000000000000e+00 0.000000000000000000e+00 0.000000000000000000e+00 0.000000000000000000e+00
0.000000000000000000e+00 0.000000000000000000e+00 0.000000000000000000e+00 0.000000000000000000e+00 0.000000000000000000e+00 0.000000000000000000e+00 0.000000000000000000e+00 0.000000000000000000e+00 0.000000000000000000e+00 0.000000000000000000e+00 0.000000000000000000e+00
0.000000000000000000e+00 0.000000000000000000e+00 0.000000000000000000e+00 0.000000000000000000e+00 0.000000000000000000e+00 0.000000000000000000e+00 0.000000000000000000e+00 0.000000000000000000e+00 0.000000000000000000e+00 0.000000000000000000e+00 0.000000000000000000e+00
0.000000000000000000e+00 0.000000000000000000e+00 0.000000000000000000e+00 0.000000000000000000e+00 0.000000000000000000e+00 0.000000000000000000e+00 0.000000000000000000e+00 0.000000000000000000e+00 0.000000000000000000e+00 0.000000000000000000e+00 0.000000000000000000e+00
0.000000000000000000e+00 0.000000000000000000e+00 0.000000000000000000e+00 0.000000000000000000e+00 0.000000000000000000e+00 0.000000000000000000e+00 0.000000000000000000e+00 0.000000000000000000e+00 0.000000000000000000e+00 0.000000000000000000e+00 0.000000000000000000e+00
0.000000000000000000e+00 0.000000000000000000e+00 0.000000000000000000e+00 0.000000000000000000e+00 0.000000000000000000e+00 0.000000000000000000e+00 0.000000000000000000e+00 0.000000000000000000e+00 0.000000000000000000e+00 0.000000000000000000e+00 0.000000000000000000e+00
0.000000000000000000e+00 0.000000000000000000e+00 0.000000000000000000e+00 0.000000000000000000e+00 0.000000000000000000e+00 0.000000000000000000e+00 0.000000000000000000e+00 0.000000000000000000e+00 0.000000000000000000e+00 0.000000000000000000e+00 0.000000000000000000e+00
0.000000000000000000e+00 0.000000000000000000e+00 0.000000000000000000e+00 0.000000000000000000e+00 0.000000000000000000e+00 0.000000000000000000e+00 0.000000000000000000e+00 0.000000000000000000e+00 0.000000000000000000e+00 0.000000000000000000e+00 0.000000000000000000e+00
0.000000000000000000e+00 0.000000000000000000e+00 0.000000000000000000e+00 0.000000000000000000e+00 0.000000000000000000e+00 0.000000000000000000e+00 0.000000000000000000e+00 0.000000000000000000e+00 0.000000000000000000e+00 0.000000000000000000e+00 0.000000000000000000e+00
0.000000000000000000e+00 0.000000000000000000e+00 0.000000000000000000e+00 0.000000000000000000e+00 0.000000000000000000e+00 0.000000000000000000e+00 0.000000000000000000e+00 0.000000000000000000e+00 0.000000000000000000e+00 0.000000000000000000e+00 0.000000000000000000e+00
0.000000000000000000e+00 0.000000000000000000e+00 0.000000000000000000e+00 0.000000000000000000e+00 0.000000000000000000e+00 0.000000000000000000e+00 0.000000000000000000e+00 0.000000000000000000e+00 0.000000000000000000e+00 0.000000000000000000e+00 0.000000000000000000e+00
0.000000000000000000e+00 0.000000000000000000e+00 0.000000000000000000e+00 0.000000000000000000e+00 0.000000000000000000e+00 0.000000000000000000e+00 0.000000000000000000e+00 0.000000000000000000e+00 0.000000000000000000e+00 0.000000000000000000e+00 0.000000000000000000e+00
0.000000000000000000e+00 0.000000000000000000e+00 0.000000000000000000e+00 0.000000000000000000e+00 0.000000000000000000e+00 0.000000000000000000e+00 0.000000000000000000e+00 0.000000000000000000e+00 0.000000000000000000e+00 0.000000000000000000e+00 0.000000000000000000e+00
0.000000000000000000e+00 0.000000000000000000e+00 0.000000000000000000e+00 0.000000000000000000e+00 0.000000000000000000e+00 0.000000000000000000e+00 0.000000000000000000e+00 0.000000000000000000e+00 0.000000000000000000e+00 0.000000000000000000e+00 0.000000000000000000e+00
0.000000000000000000e+00 0.000000000000000000e+00 0.000000000000000000e+00 0.000000000000000000e+00 0.000000000000000000e+00 0.000000000000000000e+00 0.000000000000000000e+00 0.000000000000000000e+00 0.000000000000000000e+00 0.000000000000000000e+00 0.000000000000000000e+00
0.000000000000000000e+00 0.000000000000000000e+00 0.000000000000000000e+00 0.000000000000000000e+00 0.000000000000000000e+00 0.000000000000000000e+00 0.000000000000000000e+00 0.000000000000000000e+00 0.000000000000000000e+00 0.000000000000000000e+00 0.000000000000000000e+00
0.000000000000000000e+00 0.000000000000000000e+00 0.000000000000000000e+00 0.000000000000000000e+00 0.000000000000000000e+00 0.000000000000000000e+00 0.000000000000000000e+00 0.000000000000000000e+00 0.000000000000000000e+00 0.000000000000000000e+00 0.000000000000000000e+00
0.000000000000000000e+00 0.000000000000000000e+00 0.000000000000000000e+00 0.000000000000000000e+00 0.000000000000000000e+00 0.000000000000000000e+00 0.000000000000000000e+00 0.000000000000000000e+00 0.000000000000000000e+00 0.000000000000000000e+00 0.000000000000000000e+00
0.000000000000000000e+00 0.000000000000000000e+00 0.000000000000000000e+00 0.000000000000000000e+00 0.000000000000000000e+00 0.000000000000000000e+00 0.000000000000000000e+00 0.000000000000000000e+00 0.000000000000000000e+00 0.000000000000000000e+00 0.000000000000000000e+00
0.000000000000000000e+00 0.000000000000000000e+00 0.000000000000000000e+00 0.000000000000000000e+00 0.000000000000000000e+00 0.000000000000000000e+00 0.000000000000000000e+00 0.000000000000000000e+00 0.000000000000000000e+00 0.000000000000000000e+00 0.000000000000000000e+00
0.000000000000000000e+00 0.000000000000000000e+00 0.000000000000000000e+00 0.000000000000000000e+00 0.000000000000000000e+00 0.000000000000000000e+00 0.000000000000000000e+00 0.000000000000000000e+00 0.000000000000000000e+00 0.000000000000000000e+00 0.000000000000000000e+00
0.000000000000000000e+00 0.000000000000000000e+00 0.000000000000000000e+00 0.000000000000000000e+00 0.000000000000000000e+00 0.000000000000000000e+00 0.000000000000000000e+00 0.000000000000000000e+00 0.000000000000000000e+00 0.000000000000000000e+00 0.000000000000000000e+00
0.000000000000000000e+00 0.000000000000000000e+00 0.000000000000000000e+00 0.000000000000000000e+00 0.000000000000000000e+00 0.000000000000000000e+00 0.000000000000000000e+00 0.000000000000000000e+00 0.000000000000000000e+00 0.000000000000000000e+00 0.000000000000000000e+00
0.000000000000000000e+00 0.000000000000000000e+00 0.000000000000000000e+00 0.000000000000000000e+00 0.000000000000000000e+00 0.000000000000000000e+00 0.000000000000000000e+00 0.000000000000000000e+00 0.000000000000000000e+00 0.000000000000000000e+00 0.000000000000000000e+00
0.000000000000000000e+00 0.000000000000000000e+00 0.000000000000000000e+00 0.000000000000000000e+00 0.000000000000000000e+00 0.000000000000000000e+00 0.000000000000000000e+00 0.000000000000000000e+00 0.000000000000000000e+00 0.000000000000000000e+00 0.000000000000000000e+00
0.000000000000000000e+00 0.000000000000000000e+00 0.000000000000000000e+00 0.000000000000000000e+00 0.000000000000000000e+00 0.000000000000000000e+00 0.000000000000000000e+00 0.000000000000000000e+00 0.000000000000000000e+00 0.000000000000000000e+00 0.000000000000000000e+00
0.000000000000000000e+00 0.000000000000000000e+00 0.000000000000000000e+00 0.000000000000000000e+00 0.000000000000000000e+00 0.000000000000000000e+00 0.000000000000000000e+00 0.000000000000000000e+00 0.000000000000000000e+00 0.000000000000000000e+00 0.000000000000000000e+00
0.000000000000000000e+00 0.000000000000000000e+00 0.000000000000000000e+00 0.000000000000000000e+00 0.000000000000000000e+00 0.000000000000000000e+00 0.000000000000000000e+00 0.000000000000000000e+00 0.000000000000000000e+00 0.000000000000000000e+00 0.000000000000000000e+00
0.000000000000000000e+00 0.000000000000000000e+00 0.000000000000000000e+00 0.000000000000000000e+00 0.000000000000000000e+00 0.000000000000000000e+00 0.000000000000000000e+00 0.000000000000000000e+00 0.000000000000000000e+00 0.000000000000000000e+00 0.000000000000000000e+00
0.000000000000000000e+00 0.000000000000000000e+00 0.000000000000000000e+00 0.000000000000000000e+00 0.000000000000000000e+00 0.000000000000000000e+00 0.000000000000000000e+00 0.000000000000000000e+00 0.000000000000000000e+00 0.000000000000000000e+00 0.000000000000000000e+00
0.000000000000000000e+00 0.000000000000000000e+00 0.000000000000000000e+00 0.000000000000000000e+00 0.000000000000000000e+00 0.000000000000000000e+00 0.000000000000000000e+00 0.000000000000000000e+00 0.000000000000000000e+00 0.000000000000000000e+00 0.000000000000000000e+00
0.000000000000000000e+00 0.000000000000000000e+00 0.000000000000000000e+00 0.000000000000000000e+00 0.000000000000000000e+00 0.000000000000000000e+00 0.000000000000000000e+00 0.000000000000000000e+00 0.000000000000000000e+00 0.000000000000000000e+00 0.000000000000000000e+00
0.000000000000000000e+00 0.000000000000000000e+00 0.000000000000000000e+00 0.000000000000000000e+00 0.000000000000000000e+00 0.000000000000000000e+00 0.000000000000000000e+00 0.000000000000000000e+00 0.000000000000000000e+00 0.000000000000000000e+00 0.000000000000000000e+00
0.000000000000000000e+00 0.000000000000000000e+00 0.000000000000000000e+00 0.000000000000000000e+00 0.000000000000000000e+00 0.000000000000000000e+00 0.000000000000000000e+00 0.000000000000000000e+00 0.000000000000000000e+00 0.000000000000000000e+00 0.000000000000000000e+00
0.000000000000000000e+00 0.000000000000000000e+00 0.000000000000000000e+00 0.000000000000000000e+00 0.000000000000000000e+00 0.000000000000000000e+00 0.000000000000000000e+00 0.000000000000000000e+00 0.000000000000000000e+00 0.000000000000000000e+00 0.000000000000000000e+00
0.000000000000000000e+00 0.000000000000000000e+00 0.000000000000000000e+00 0.000000000000000000e+00 0.000000000000000000e+00 0.000000000000000000e+00 0.000000000000000000e+00 0.000000000000000000e+00 0.000000000000000000e+00 0.000000000000000000e+00 0.000000000000000000e+00
0.000000000000000000e+00 0.000000000000000000e+00 0.000000000000000000e+00 0.000000000000000000e+00 0.000000000000000000e+00 0.000000000000000000e+00 0.000000000000000000e+00 0.000000000000000000e+00 0.000000000000000000e+00 0.000000000000000000e+00 0.000000000000000000e+00
0.000000000000000000e+00 0.000000000000000000e+00 0.000000000000000000e+00 0.000000000000000000e+00 0.000000000000000000e+00 0.000000000000000000e+00 0.000000000000000000e+00 0.000000000000000000e+00 0.000000000000000000e+00 0.000000000000000000e+00 0.000000000000000000e+00
0.000000000000000000e+00 0.000000000000000000e+00 0.000000000000000000e+00 0.000000000000000000e+00 0.000000000000000000e+00 0.000000000000000000e+00 0.000000000000000000e+00 0.000000000000000000e+00 0.000000000000000000e+00 0.000000000000000000e+00 0.000000000000000000e+00
0.000000000000000000e+00 0.000000000000000000e+00 0.000000000000000000e+00 0.000000000000000000e+00 0.000000000000000000e+00 0.000000000000000000e+00 0.000000000000000000e+00 0.000000000000000000e+00 0.000000000000000000e+00 0.000000000000000000e+00 0.000000000000000000e+00
0.000000000000000000e+00 0.000000000000000000e+00 0.000000000000000000e+00 0.000000000000000000e+00 0.000000000000000000e+00 0.000000000000000000e+00 0.000000000000000000e+00 0.000000000000000000e+00 0.000000000000000000e+00 0.000000000000000000e+00 0.000000000000000000e+00
0.000000000000000000e+00 0.000000000000000000e+00 0.000000000000000000e+00 0.000000000000000000e+00 0.000000000000000000e+00 0.000000000000000000e+00 0.000000000000000000e+00 0.000000000000000000e+00 0.000000000000000000e+00 0.000000000000000000e+00 0.000000000000000000e+00
0.000000000000000000e+00 0.000000000000000000e+00 0.000000000000000000e+00 0.000000000000000000e+00 0.000000000000000000e+00 0.000000000000000000e+00 0.000000000000000000e+00 0.000000000000000000e+00 0.000000000000000000e+00 0.000000000000000000e+00 0.000000000000000000e+00
0.000000000000000000e+00 0.000000000000000000e+00 0.000000000000000000e+00 0.000000000000000000e+00 0.000000000000000000e+00 0.000000000000000000e+00 0.000000000000000000e+00 0.000000000000000000e+00 0.000000000000000000e+00 0.000000000000000000e+00 0.000000000000000000e+00
0.000000000000000000e+00 0.000000000000000000e+00 0.000000000000000000e+00 0.000000000000000000e+00 0.000000000000000000e+00 0.000000000000000000e+00 0.000000000000000000e+00 0.000000000000000000e+00 0.000000000000000000e+00 0.000000000000000000e+00 0.000000000000000000e+00
0.000000000000000000e+00 0.000000000000000000e+00 0.000000000000000000e+00 0.000000000000000000e+00 0.000000000000000000e+00 0.000000000000000000e+00 0.000000000000000000e+00 0.000000000000000000e+00 0.000000000000000000e+00 0.000000000000000000e+00 0.000000000000000000e+00
0.000000000000000000e+00 0.000000000000000000e+00 0.000000000000000000e+00 0.000000000000000000e+00 0.000000000000000000e+00 0.000000000000000000e+00 0.000000000000000000e+00 0.000000000000000000e+00 0.000000000000000000e+00 0.000000000000000000e+00 0.000000000000000000e+00
0.000000000000000000e+00 0.000000000000000000e+00 0.000000000000000000e+00 0.000000000000000000e+00 0.000000000000000000e+00 0.000000000000000000e+00 0.000000000000000000e+00 0.000000000000000000e+00 0.000000000000000000e+00 0.000000000000000000e+00 0.000000000000000000e+00
0.000000000000000000e+00 0.000000000000000000e+00 0.000000000000000000e+00 0.000000000000000000e+00 0.000000000000000000e+00 0.000000000000000000e+00 0.000000000000000000e+00 0.000000000000000000e+00 0.000000000000000000e+00 0.000000000000000000e+00 0.000000000000000000e+00
0.000000000000000000e+00 0.000000000000000000e+00 0.000000000000000000e+00 0.000000000000000000e+00 0.000000000000000000e+00 0.000000000000000000e+00 0.000000000000000000e+00 0.000000000000000000e+00 0.000000000000000000e+00 0.000000000000000000e+00 0.000000000000000000e+00
0.000000000000000000e+00 0.000000000000000000e+00 0.000000000000000000e+00 0.000000000000000000e+00 0.000000000000000000e+00 0.000000000000000000e+00 0.000000000000000000e+00 0.000000000000000000e+00 0.000000000000000000e+00 0.000000000000000000e+00 0.000000000000000000e+00
0.000000000000000000e+00 0.000000000000000000e+00 0.000000000000000000e+00 0.000000000000000000e+00 0.000000000000000000e+00 0.000000000000000000e+00 0.000000000000000000e+00 0.000000000000000000e+00 0.000000000000000000e+00 0.000000000000000000e+00 0.000000000000000000e+00
0.000000000000000000e+00 0.000000000000000000e+00 0.000000000000000000e+00 0.000000000000000000e+00 0.000000000000000000e+00 0.000000000000000000e+00 0.000000000000000000e+00 0.000000000000000000e+00 0.000000000000000000e+00 0.000000000000000000e+00 0.000000000000000000e+00
0.000000000000000000e+00 0.000000000000000000e+00 0.000000000000000000e+00 0.000000000000000000e+00 0.000000000000000000e+00 0.000000000000000000e+00 0.000000000000000000e+00 0.000000000000000000e+00 0.000000000000000000e+00 0.000000000000000000e+00 0.000000000000000000e+00
0.000000000000000000e+00 0.000000000000000000e+00 0.000000000000000000e+00 0.000000000000000000e+00 0.000000000000000000e+00 0.000000000000000000e+00 0.000000000000000000e+00 0.000000000000000000e+00 0.000000000000000000e+00 0.000000000000000000e+00 0.000000000000000000e+00
0.000000000000000000e+00 0.000000000000000000e+00 0.000000000000000000e+00 0.000000000000000000e+00 0.000000000000000000e+00 0.000000000000000000e+00 0.000000000000000000e+00 0.000000000000000000e+00 0.000000000000000000e+00 0.000000000000000000e+00 0.000000000000000000e+00
0.000000000000000000e+00 0.000000000000000000e+00 0.000000000000000000e+00 0.000000000000000000e+00 0.000000000000000000e+00 0.000000000000000000e+00 0.000000000000000000e+00 0.000000000000000000e+00 0.000000000000000000e+00 0.000000000000000000e+00 0.000000000000000000e+00
0.000000000000000000e+00 0.000000000000000000e+00 0.000000000000000000e+00 0.000000000000000000e+00 0.000000000000000000e+00 0.000000000000000000e+00 0.000000000000000000e+00 0.000000000000000000e+00 0.000000000000000000e+00 0.000000000000000000e+00 0.000000000000000000e+00
0.000000000000000000e+00 0.000000000000000000e+00 0.000000000000000000e+00 0.000000000000000000e+00 0.000000000000000000e+00 0.000000000000000000e+00 0.000000000000000000e+00 0.000000000000000000e+00 0.000000000000000000e+00 0.000000000000000000e+00 0.000000000000000000e+00
0.000000000000000000e+00 0.000000000000000000e+00 0.000000000000000000e+00 0.000000000000000000e+00 0.000000000000000000e+00 0.000000000000000000e+00 0.000000000000000000e+00 0.000000000000000000e+00 0.000000000000000000e+00 0.000000000000000000e+00 0.000000000000000000e+00
0.000000000000000000e+00 0.000000000000000000e+00 0.000000000000000000e+00 0.000000000000000000e+00 0.000000000000000000e+00 0.000000000000000000e+00 0.000000000000000000e+00 0.000000000000000000e+00 0.000000000000000000e+00 0.000000000000000000e+00 0.000000000000000000e+00
0.000000000000000000e+00 0.000000000000000000e+00 0.000000000000000000e+00 0.000000000000000000e+00 0.000000000000000000e+00 0.000000000000000000e+00 0.000000000000000000e+00 0.000000000000000000e+00 0.000000000000000000e+00 0.000000000000000000e+00 0.000000000000000000e+00
0.000000000000000000e+00 0.000000000000000000e+00 0.000000000000000000e+00 0.000000000000000000e+00 0.000000000000000000e+00 0.000000000000000000e+00 0.000000000000000000e+00 0.000000000000000000e+00 0.000000000000000000e+00 0.000000000000000000e+00 0.000000000000000000e+00
0.000000000000000000e+00 0.000000000000000000e+00 0.000000000000000000e+00 0.000000000000000000e+00 0.000000000000000000e+00 0.000000000000000000e+00 0.000000000000000000e+00 0.000000000000000000e+00 0.000000000000000000e+00 0.000000000000000000e+00 0.000000000000000000e+00
0.000000000000000000e+00 0.000000000000000000e+00 0.000000000000000000e+00 0.000000000000000000e+00 0.000000000000000000e+00 0.000000000000000000e+00 0.000000000000000000e+00 0.000000000000000000e+00 0.000000000000000000e+00 0.000000000000000000e+00 0.000000000000000000e+00
0.000000000000000000e+00 0.000000000000000000e+00 0.000000000000000000e+00 0.000000000000000000e+00 0.000000000000000000e+00 0.000000000000000000e+00 0.000000000000000000e+00 0.000000000000000000e+00 0.000000000000000000e+00 0.000000000000000000e+00 0.000000000000000000e+00
0.000000000000000000e+00 0.000000000000000000e+00 0.000000000000000000e+00 0.000000000000000000e+00 0.000000000000000000e+00 0.000000000000000000e+00 0.000000000000000000e+00 0.000000000000000000e+00 0.000000000000000000e+00 0.000000000000000000e+00 0.000000000000000000e+00
0.000000000000000000e+00 0.000000000000000000e+00 0.000000000000000000e+00 0.000000000000000000e+00 0.000000000000000000e+00 0.000000000000000000e+00 0.000000000000000000e+00 0.000000000000000000e+00 0.000000000000000000e+00 0.000000000000000000e+00 0.000000000000000000e+00
0.000000000000000000e+00 0.000000000000000000e+00 0.000000000000000000e+00 0.000000000000000000e+00 0.000000000000000000e+00 0.000000000000000000e+00 0.000000000000000000e+00 0.000000000000000000e+00 0.000000000000000000e+00 0.000000000000000000e+00 0.000000000000000000e+00
0.000000000000000000e+00 0.000000000000000000e+00 0.000000000000000000e+00 0.000000000000000000e+00 0.000000000000000000e+00 0.000000000000000000e+00 0.000000000000000000e+00 0.000000000000000000e+00 0.000000000000000000e+00 0.000000000000000000e+00 0.000000000000000000e+00
0.000000000000000000e+00 0.000000000000000000e+00 0.000000000000000000e+00 0.000000000000000000e+00 0.000000000000000000e+00 0.000000000000000000e+00 0.000000000000000000e+00 0.000000000000000000e+00 0.000000000000000000e+00 0.000000000000000000e+00 0.000000000000000000e+00
0.000000000000000000e+00 0.000000000000000000e+00 0.000000000000000000e+00 0.000000000000000000e+00 0.000000000000000000e+00 0.000000000000000000e+00 0.000000000000000000e+00 0.000000000000000000e+00 0.000000000000000000e+00 0.000000000000000000e+00 0.000000000000000000e+00
0.000000000000000000e+00 0.000000000000000000e+00 0.000000000000000000e+00 0.000000000000000000e+00 0.000000000000000000e+00 0.000000000000000000e+00 0.000000000000000000e+00 0.000000000000000000e+00 0.000000000000000000e+00 0.000000000000000000e+00 0.000000000000000000e+00
0.000000000000000000e+00 0.000000000000000000e+00 0.000000000000000000e+00 0.000000000000000000e+00 0.000000000000000000e+00 0.000000000000000000e+00 0.000000000000000000e+00 0.000000000000000000e+00 0.000000000000000000e+00 0.000000000000000000e+00 0.000000000000000000e+00
0.000000000000000000e+00 0.000000000000000000e+00 0.000000000000000000e+00 0.000000000000000000e+00 0.000000000000000000e+00 0.000000000000000000e+00 0.000000000000000000e+00 0.000000000000000000e+00 0.000000000000000000e+00 0.000000000000000000e+00 0.000000000000000000e+00
0.000000000000000000e+00 0.000000000000000000e+00 0.000000000000000000e+00 0.000000000000000000e+00 0.000000000000000000e+00 0.000000000000000000e+00 0.000000000000000000e+00 0.000000000000000000e+00 0.000000000000000000e+00 0.000000000000000000e+00 0.000000000000000000e+00
0.000000000000000000e+00 0.000000000000000000e+00 0.000000000000000000e+00 0.000000000000000000e+00 0.000000000000000000e+00 0.000000000000000000e+00 0.000000000000000000e+00 0.000000000000000000e+00 0.000000000000000000e+00 0.000000000000000000e+00 0.000000000000000000e+00
0.000000000000000000e+00 0.000000000000000000e+00 0.000000000000000000e+00 0.000000000000000000e+00 0.000000000000000000e+00 0.000000000000000000e+00 0.000000000000000000e+00 0.000000000000000000e+00 0.000000000000000000e+00 0.000000000000000000e+00 0.000000000000000000e+00
0.000000000000000000e+00 0.000000000000000000e+00 0.000000000000000000e+00 0.000000000000000000e+00 0.000000000000000000e+00 0.000000000000000000e+00 0.000000000000000000e+00 0.000000000000000000e+00 0.000000000000000000e+00 0.000000000000000000e+00 0.000000000000000000e+00
0.000000000000000000e+00 0.000000000000000000e+00 0.000000000000000000e+00 0.000000000000000000e+00 0.000000000000000000e+00 0.000000000000000000e+00 0.000000000000000000e+00 0.000000000000000000e+00 0.000000000000000000e+00 0.000000000000000000e+00 0.000000000000000000e+00
0.000000000000000000e+00 0.000000000000000000e+00 0.000000000000000000e+00 0.000000000000000000e+00 0.000000000000000000e+00 0.000000000000000000e+00 0.000000000000000000e+00 0.000000000000000000e+00 0.000000000000000000e+00 0.000000000000000000e+00 0.000000000000000000e+00
0.000000000000000000e+00 0.000000000000000000e+00 0.000000000000000000e+00 0.000000000000000000e+00 0.000000000000000000e+00 0.000000000000000000e+00 0.000000000000000000e+00 0.000000000000000000e+00 0.000000000000000000e+00 0.000000000000000000e+00 0.000000000000000000e+00
0.000000000000000000e+00 0.000000000000000000e+00 0.000000000000000000e+00 0.000000000000000000e+00 0.000000000000000000e+00 0.000000000000000000e+00 0.000000000000000000e+00 0.000000000000000000e+00 0.000000000000000000e+00 0.000000000000000000e+00 0.000000000000000000e+00
0.000000000000000000e+00 0.000000000000000000e+00 0.000000000000000000e+00 0.000000000000000000e+00 0.000000000000000000e+00 0.000000000000000000e+00 0.000000000000000000e+00 0.000000000000000000e+00 0.000000000000000000e+00 0.000000000000000000e+00 0.000000000000000000e+00
0.000000000000000000e+00 0.000000000000000000e+00 0.000000000000000000e+00 0.000000000000000000e+00 0.000000000000000000e+00 0.000000000000000000e+00 0.000000000000000000e+00 0.000000000000000000e+00 0.000000000000000000e+00 0.000000000000000000e+00 0.000000000000000000e+00
0.000000000000000000e+00 0.000000000000000000e+00 0.000000000000000000e+00 0.000000000000000000e+00 0.000000000000000000e+00 0.000000000000000000e+00 0.000000000000000000e+00 0.000000000000000000e+00 0.000000000000000000e+00 0.000000000000000000e+00 0.000000000000000000e+00
0.000000000000000000e+00 0.000000000000000000e+00 0.000000000000000000e+00 0.000000000000000000e+00 0.000000000000000000e+00 0.000000000000000000e+00 0.000000000000000000e+00 0.000000000000000000e+00 0.000000000000000000e+00 0.000000000000000000e+00 0.000000000000000000e+00
0.000000000000000000e+00 0.000000000000000000e+00 0.000000000000000000e+00 0.000000000000000000e+00 0.000000000000000000e+00 0.000000000000000000e+00 0.000000000000000000e+00 0.000000000000000000e+00 0.000000000000000000e+00 0.000000000000000000e+00 0.000000000000000000e+00
0.000000000000000000e+00 0.000000000000000000e+00 0.000000000000000000e+00 0.000000000000000000e+00 0.000000000000000000e+00 0.000000000000000000e+00 0.000000000000000000e+00 0.000000000000000000e+00 0.000000000000000000e+00 0.000000000000000000e+00 0.000000000000000000e+00
0.000000000000000000e+00 0.000000000000000000e+00 0.000000000000000000e+00 0.000000000000000000e+00 0.000000000000000000e+00 0.000000000000000000e+00 0.000000000000000000e+00 0.000000000000000000e+00 0.000000000000000000e+00 0.000000000000000000e+00 0.000000000000000000e+00
0.000000000000000000e+00 0.000000000000000000e+00 0.000000000000000000e+00 0.000000000000000000e+00 0.000000000000000000e+00 0.000000000000000000e+00 0.000000000000000000e+00 0.000000000000000000e+00 0.000000000000000000e+00 0.000000000000000000e+00 0.000000000000000000e+00
0.000000000000000000e+00 0.000000000000000000e+00 0.000000000000000000e+00 0.000000000000000000e+00 0.000000000000000000e+00 0.000000000000000000e+00 0.000000000000000000e+00 0.000000000000000000e+00 0.000000000000000000e+00 0.000000000000000000e+00 0.000000000000000000e+00
0.000000000000000000e+00 0.000000000000000000e+00 0.000000000000000000e+00 0.000000000000000000e+00 0.000000000000000000e+00 0.000000000000000000e+00 0.000000000000000000e+00 0.000000000000000000e+00 0.000000000000000000e+00 0.000000000000000000e+00 0.000000000000000000e+00
0.000000000000000000e+00 0.000000000000000000e+00 0.000000000000000000e+00 0.000000000000000000e+00 0.000000000000000000e+00 0.000000000000000000e+00 0.000000000000000000e+00 0.000000000000000000e+00 0.000000000000000000e+00 0.000000000000000000e+00 0.000000000000000000e+00
0.000000000000000000e+00 0.000000000000000000e+00 0.000000000000000000e+00 0.000000000000000000e+00 0.000000000000000000e+00 0.000000000000000000e+00 0.000000000000000000e+00 0.000000000000000000e+00 0.000000000000000000e+00 0.000000000000000000e+00 0.000000000000000000e+00
0.000000000000000000e+00 0.000000000000000000e+00 0.000000000000000000e+00 0.000000000000000000e+00 0.000000000000000000e+00 0.000000000000000000e+00 0.000000000000000000e+00 0.000000000000000000e+00 0.000000000000000000e+00 0.000000000000000000e+00 0.000000000000000000e+00
0.000000000000000000e+00 0.000000000000000000e+00 0.000000000000000000e+00 0.000000000000000000e+00 0.000000000000000000e+00 0.000000000000000000e+00 0.000000000000000000e+00 0.000000000000000000e+00 0.000000000000000000e+00 0.000000000000000000e+00 0.000000000000000000e+00
0.000000000000000000e+00 0.000000000000000000e+00 0.000000000000000000e+00 0.000000000000000000e+00 0.000000000000000000e+00 0.000000000000000000e+00 0.000000000000000000e+00 0.000000000000000000e+00 0.000000000000000000e+00 0.000000000000000000e+00 0.000000000000000000e+00
0.000000000000000000e+00 0.000000000000000000e+00 0.000000000000000000e+00 0.000000000000000000e+00 0.000000000000000000e+00 0.000000000000000000e+00 0.000000000000000000e+00 0.000000000000000000e+00 0.000000000000000000e+00 0.000000000000000000e+00 0.000000000000000000e+00
0.000000000000000000e+00 0.000000000000000000e+00 0.000000000000000000e+00 0.000000000000000000e+00 0.000000000000000000e+00 0.000000000000000000e+00 0.000000000000000000e+00 0.000000000000000000e+00 0.000000000000000000e+00 0.000000000000000000e+00 0.000000000000000000e+00
0.000000000000000000e+00 0.000000000000000000e+00 0.000000000000000000e+00 0.000000000000000000e+00 0.000000000000000000e+00 0.000000000000000000e+00 0.000000000000000000e+00 0.000000000000000000e+00 0.000000000000000000e+00 0.000000000000000000e+00 0.000000000000000000e+00
0.000000000000000000e+00 0.000000000000000000e+00 0.000000000000000000e+00 0.000000000000000000e+00 0.000000000000000000e+00 0.000000000000000000e+00 0.000000000000000000e+00 0.000000000000000000e+00 0.000000000000000000e+00 0.000000000000000000e+00 0.000000000000000000e+00
0.000000000000000000e+00 0.000000000000000000e+00 0.000000000000000000e+00 0.000000000000000000e+00 0.000000000000000000e+00 0.000000000000000000e+00 0.000000000000000000e+00 0.000000000000000000e+00 0.000000000000000000e+00 0.000000000000000000e+00 0.000000000000000000e+00
0.000000000000000000e+00 0.000000000000000000e+00 0.000000000000000000e+00 0.000000000000000000e+00 0.000000000000000000e+00 0.000000000000000000e+00 0.000000000000000000e+00 0.000000000000000000e+00 0.000000000000000000e+00 0.000000000000000000e+00 0.000000000000000000e+00
0.000000000000000000e+00 0.000000000000000000e+00 0.000000000000000000e+00 0.000000000000000000e+00 0.000000000000000000e+00 0.000000000000000000e+00 0.000000000000000000e+00 0.000000000000000000e+00 0.000000000000000000e+00 0.000000000000000000e+00 0.000000000000000000e+00
0.000000000000000000e+00 0.000000000000000000e+00 0.000000000000000000e+00 0.000000000000000000e+00 0.000000000000000000e+00 0.000000000000000000e+00 0.000000000000000000e+00 0.000000000000000000e+00 0.000000000000000000e+00 0.000000000000000000e+00 0.000000000000000000e+00
0.000000000000000000e+00 0.000000000000000000e+00 0.000000000000000000e+00 0.000000000000000000e+00 0.000000000000000000e+00 0.000000000000000000e+00 0.000000000000000000e+00 0.000000000000000000e+00 0.000000000000000000e+00 0.000000000000000000e+00 0.000000000000000000e+00
0.000000000000000000e+00 0.000000000000000000e+00 0.000000000000000000e+00 0.000000000000000000e+00 0.000000000000000000e+00 0.000000000000000000e+00 0.000000000000000000e+00 0.000000000000000000e+00 0.000000000000000000e+00 0.000000000000000000e+00 0.000000000000000000e+00
0.000000000000000000e+00 0.000000000000000000e+00 0.000000000000000000e+00 0.000000000000000000e+00 0.000000000000000000e+00 0.000000000000000000e+00 0.000000000000000000e+00 0.000000000000000000e+00 0.000000000000000000e+00 0.000000000000000000e+00 0.000000000000000000e+00
0.000000000000000000e+00 0.000000000000000000e+00 0.000000000000000000e+00 0.000000000000000000e+00 0.000000000000000000e+00 0.000000000000000000e+00 0.000000000000000000e+00 0.000000000000000000e+00 0.000000000000000000e+00 0.000000000000000000e+00 0.000000000000000000e+00
0.000000000000000000e+00 0.000000000000000000e+00 0.000000000000000000e+00 0.000000000000000000e+00 0.000000000000000000e+00 0.000000000000000000e+00 0.000000000000000000e+00 0.000000000000000000e+00 0.000000000000000000e+00 0.000000000000000000e+00 0.000000000000000000e+00
0.000000000000000000e+00 0.000000000000000000e+00 0.000000000000000000e+00 0.000000000000000000e+00 0.000000000000000000e+00 0.000000000000000000e+00 0.000000000000000000e+00 0.000000000000000000e+00 0.000000000000000000e+00 0.000000000000000000e+00 0.000000000000000000e+00
0.000000000000000000e+00 0.000000000000000000e+00 0.000000000000000000e+00 0.000000000000000000e+00 0.000000000000000000e+00 0.000000000000000000e+00 0.000000000000000000e+00 0.000000000000000000e+00 0.000000000000000000e+00 0.000000000000000000e+00 0.000000000000000000e+00
0.000000000000000000e+00 0.000000000000000000e+00 0.000000000000000000e+00 0.000000000000000000e+00 0.000000000000000000e+00 0.000000000000000000e+00 0.000000000000000000e+00 0.000000000000000000e+00 0.000000000000000000e+00 0.000000000000000000e+00 0.000000000000000000e+00
0.000000000000000000e+00 0.000000000000000000e+00 0.000000000000000000e+00 0.000000000000000000e+00 0.000000000000000000e+00 0.000000000000000000e+00 0.000000000000000000e+00 0.000000000000000000e+00 0.000000000000000000e+00 0.000000000000000000e+00 0.000000000000000000e+00
0.000000000000000000e+00 0.000000000000000000e+00 0.000000000000000000e+00 0.000000000000000000e+00 0.000000000000000000e+00 0.000000000000000000e+00 0.000000000000000000e+00 0.000000000000000000e+00 0.000000000000000000e+00 0.000000000000000000e+00 0.000000000000000000e+00
0.000000000000000000e+00 0.000000000000000000e+00 0.000000000000000000e+00 0.000000000000000000e+00 0.000000000000000000e+00 0.000000000000000000e+00 0.000000000000000000e+00 0.000000000000000000e+00 0.000000000000000000e+00 0.000000000000000000e+00 0.000000000000000000e+00
0.000000000000000000e+00 0.000000000000000000e+00 0.000000000000000000e+00 0.000000000000000000e+00 0.000000000000000000e+00 0.000000000000000000e+00 0.000000000000000000e+00 0.000000000000000000e+00 0.000000000000000000e+00 0.000000000000000000e+00 0.000000000000000000e+00
0.000000000000000000e+00 0.000000000000000000e+00 0.000000000000000000e+00 0.000000000000000000e+00 0.000000000000000000e+00 0.000000000000000000e+00 0.000000000000000000e+00 0.000000000000000000e+00 0.000000000000000000e+00 0.000000000000000000e+00 0.000000000000000000e+00
0.000000000000000000e+00 0.000000000000000000e+00 0.000000000000000000e+00 0.000000000000000000e+00 0.000000000000000000e+00 0.000000000000000000e+00 0.000000000000000000e+00 0.000000000000000000e+00 0.000000000000000000e+00 0.000000000000000000e+00 0.000000000000000000e+00
0.000000000000000000e+00 0.000000000000000000e+00 0.000000000000000000e+00 0.000000000000000000e+00 0.000000000000000000e+00 0.000000000000000000e+00 0.000000000000000000e+00 0.000000000000000000e+00 0.000000000000000000e+00 0.000000000000000000e+00 0.000000000000000000e+00
0.000000000000000000e+00 0.000000000000000000e+00 0.000000000000000000e+00 0.000000000000000000e+00 0.000000000000000000e+00 0.000000000000000000e+00 0.000000000000000000e+00 0.000000000000000000e+00 0.000000000000000000e+00 0.000000000000000000e+00 0.000000000000000000e+00
0.000000000000000000e+00 0.000000000000000000e+00 0.000000000000000000e+00 0.000000000000000000e+00 0.000000000000000000e+00 0.000000000000000000e+00 0.000000000000000000e+00 0.000000000000000000e+00 0.000000000000000000e+00 0.000000000000000000e+00 0.000000000000000000e+00
0.000000000000000000e+00 0.000000000000000000e+00 0.000000000000000000e+00 0.000000000000000000e+00 0.000000000000000000e+00 0.000000000000000000e+00 0.000000000000000000e+00 0.000000000000000000e+00 0.000000000000000000e+00 0.000000000000000000e+00 0.000000000000000000e+00
0.000000000000000000e+00 0.000000000000000000e+00 0.000000000000000000e+00 0.000000000000000000e+00 0.000000000000000000e+00 0.000000000000000000e+00 0.000000000000000000e+00 0.000000000000000000e+00 0.000000000000000000e+00 0.000000000000000000e+00 0.000000000000000000e+00
0.000000000000000000e+00 0.000000000000000000e+00 0.000000000000000000e+00 0.000000000000000000e+00 0.000000000000000000e+00 0.000000000000000000e+00 0.000000000000000000e+00 0.000000000000000000e+00 0.000000000000000000e+00 0.000000000000000000e+00 0.000000000000000000e+00
0.000000000000000000e+00 0.000000000000000000e+00 0.000000000000000000e+00 0.000000000000000000e+00 0.000000000000000000e+00 0.000000000000000000e+00 0.000000000000000000e+00 0.000000000000000000e+00 0.000000000000000000e+00 0.000000000000000000e+00 0.000000000000000000e+00
0.000000000000000000e+00 0.000000000000000000e+00 0.000000000000000000e+00 0.000000000000000000e+00 0.000000000000000000e+00 0.000000000000000000e+00 0.000000000000000000e+00 0.000000000000000000e+00 0.000000000000000000e+00 0.000000000000000000e+00 0.000000000000000000e+00
0.000000000000000000e+00 0.000000000000000000e+00 0.000000000000000000e+00 0.000000000000000000e+00 0.000000000000000000e+00 0.000000000000000000e+00 0.000000000000000000e+00 0.000000000000000000e+00 0.000000000000000000e+00 0.000000000000000000e+00 0.000000000000000000e+00
0.000000000000000000e+00 0.000000000000000000e+00 0.000000000000000000e+00 0.000000000000000000e+00 0.000000000000000000e+00 0.000000000000000000e+00 0.000000000000000000e+00 0.000000000000000000e+00 0.000000000000000000e+00 0.000000000000000000e+00 0.000000000000000000e+00
0.000000000000000000e+00 0.000000000000000000e+00 0.000000000000000000e+00 0.000000000000000000e+00 0.000000000000000000e+00 0.000000000000000000e+00 0.000000000000000000e+00 0.000000000000000000e+00 0.000000000000000000e+00 0.000000000000000000e+00 0.000000000000000000e+00
0.000000000000000000e+00 0.000000000000000000e+00 0.000000000000000000e+00 0.000000000000000000e+00 0.000000000000000000e+00 0.000000000000000000e+00 0.000000000000000000e+00 0.000000000000000000e+00 0.000000000000000000e+00 0.000000000000000000e+00 0.000000000000000000e+00
0.000000000000000000e+00 0.000000000000000000e+00 0.000000000000000000e+00 0.000000000000000000e+00 0.000000000000000000e+00 0.000000000000000000e+00 0.000000000000000000e+00 0.000000000000000000e+00 0.000000000000000000e+00 0.000000000000000000e+00 0.000000000000000000e+00
0.000000000000000000e+00 0.000000000000000000e+00 0.000000000000000000e+00 0.000000000000000000e+00 0.000000000000000000e+00 0.000000000000000000e+00 0.000000000000000000e+00 0.000000000000000000e+00 0.000000000000000000e+00 0.000000000000000000e+00 0.000000000000000000e+00
0.000000000000000000e+00 0.000000000000000000e+00 0.000000000000000000e+00 0.000000000000000000e+00 0.000000000000000000e+00 0.000000000000000000e+00 0.000000000000000000e+00 0.000000000000000000e+00 0.000000000000000000e+00 0.000000000000000000e+00 0.000000000000000000e+00
0.000000000000000000e+00 0.000000000000000000e+00 0.000000000000000000e+00 0.000000000000000000e+00 0.000000000000000000e+00 0.000000000000000000e+00 0.000000000000000000e+00 0.000000000000000000e+00 0.000000000000000000e+00 0.000000000000000000e+00 0.000000000000000000e+00
0.000000000000000000e+00 0.000000000000000000e+00 0.000000000000000000e+00 0.000000000000000000e+00 0.000000000000000000e+00 0.000000000000000000e+00 0.000000000000000000e+00 0.000000000000000000e+00 0.000000000000000000e+00 0.000000000000000000e+00 0.000000000000000000e+00
0.000000000000000000e+00 0.000000000000000000e+00 0.000000000000000000e+00 0.000000000000000000e+00 0.000000000000000000e+00 0.000000000000000000e+00 0.000000000000000000e+00 0.000000000000000000e+00 0.000000000000000000e+00 0.000000000000000000e+00 0.000000000000000000e+00
0.000000000000000000e+00 0.000000000000000000e+00 0.000000000000000000e+00 0.000000000000000000e+00 0.000000000000000000e+00 0.000000000000000000e+00 0.000000000000000000e+00 0.000000000000000000e+00 0.000000000000000000e+00 0.000000000000000000e+00 0.000000000000000000e+00
0.000000000000000000e+00 0.000000000000000000e+00 0.000000000000000000e+00 0.000000000000000000e+00 0.000000000000000000e+00 0.000000000000000000e+00 0.000000000000000000e+00 0.000000000000000000e+00 0.000000000000000000e+00 0.000000000000000000e+00 0.000000000000000000e+00
0.000000000000000000e+00 0.000000000000000000e+00 0.000000000000000000e+00 0.000000000000000000e+00 0.000000000000000000e+00 0.000000000000000000e+00 0.000000000000000000e+00 0.000000000000000000e+00 0.000000000000000000e+00 0.000000000000000000e+00 0.000000000000000000e+00
0.000000000000000000e+00 0.000000000000000000e+00 0.000000000000000000e+00 0.000000000000000000e+00 0.000000000000000000e+00 0.000000000000000000e+00 0.000000000000000000e+00 0.000000000000000000e+00 0.000000000000000000e+00 0.000000000000000000e+00 0.000000000000000000e+00
0.000000000000000000e+00 0.000000000000000000e+00 0.000000000000000000e+00 0.000000000000000000e+00 0.000000000000000000e+00 0.000000000000000000e+00 0.000000000000000000e+00 0.000000000000000000e+00 0.000000000000000000e+00 0.000000000000000000e+00 0.000000000000000000e+00
0.000000000000000000e+00 0.000000000000000000e+00 0.000000000000000000e+00 0.000000000000000000e+00 0.000000000000000000e+00 0.000000000000000000e+00 0.000000000000000000e+00 0.000000000000000000e+00 0.000000000000000000e+00 0.000000000000000000e+00 0.000000000000000000e+00
0.000000000000000000e+00 0.000000000000000000e+00 0.000000000000000000e+00 0.000000000000000000e+00 0.000000000000000000e+00 0.000000000000000000e+00 0.000000000000000000e+00 0.000000000000000000e+00 0.000000000000000000e+00 0.000000000000000000e+00 0.000000000000000000e+00
0.000000000000000000e+00 0.000000000000000000e+00 0.000000000000000000e+00 0.000000000000000000e+00 0.000000000000000000e+00 0.000000000000000000e+00 0.000000000000000000e+00 0.000000000000000000e+00 0.000000000000000000e+00 0.000000000000000000e+00 0.000000000000000000e+00
0.000000000000000000e+00 0.000000000000000000e+00 0.000000000000000000e+00 0.000000000000000000e+00 0.000000000000000000e+00 0.000000000000000000e+00 0.000000000000000000e+00 0.000000000000000000e+00 0.000000000000000000e+00 0.000000000000000000e+00 0.000000000000000000e+00
0.000000000000000000e+00 0.000000000000000000e+00 0.000000000000000000e+00 0.000000000000000000e+00 0.000000000000000000e+00 0.000000000000000000e+00 0.000000000000000000e+00 0.000000000000000000e+00 0.000000000000000000e+00 0.000000000000000000e+00 0.000000000000000000e+00
0.000000000000000000e+00 0.000000000000000000e+00 0.000000000000000000e+00 0.000000000000000000e+00 0.000000000000000000e+00 0.000000000000000000e+00 0.000000000000000000e+00 0.000000000000000000e+00 0.000000000000000000e+00 0.000000000000000000e+00 0.000000000000000000e+00
0.000000000000000000e+00 0.000000000000000000e+00 0.000000000000000000e+00 0.000000000000000000e+00 0.000000000000000000e+00 0.000000000000000000e+00 0.000000000000000000e+00 0.000000000000000000e+00 0.000000000000000000e+00 0.000000000000000000e+00 0.000000000000000000e+00
0.000000000000000000e+00 0.000000000000000000e+00 0.000000000000000000e+00 0.000000000000000000e+00 0.000000000000000000e+00 0.000000000000000000e+00 0.000000000000000000e+00 0.000000000000000000e+00 0.000000000000000000e+00 0.000000000000000000e+00 0.000000000000000000e+00
0.000000000000000000e+00 0.000000000000000000e+00 0.000000000000000000e+00 0.000000000000000000e+00 0.000000000000000000e+00 0.000000000000000000e+00 0.000000000000000000e+00 0.000000000000000000e+00 0.000000000000000000e+00 0.000000000000000000e+00 0.000000000000000000e+00
0.000000000000000000e+00 0.000000000000000000e+00 0.000000000000000000e+00 0.000000000000000000e+00 0.000000000000000000e+00 0.000000000000000000e+00 0.000000000000000000e+00 0.000000000000000000e+00 0.000000000000000000e+00 0.000000000000000000e+00 0.000000000000000000e+00
0.000000000000000000e+00 0.000000000000000000e+00 0.000000000000000000e+00 0.000000000000000000e+00 0.000000000000000000e+00 0.000000000000000000e+00 0.000000000000000000e+00 0.000000000000000000e+00 0.000000000000000000e+00 0.000000000000000000e+00 0.000000000000000000e+00
0.000000000000000000e+00 0.000000000000000000e+00 0.000000000000000000e+00 0.000000000000000000e+00 0.000000000000000000e+00 0.000000000000000000e+00 0.000000000000000000e+00 0.000000000000000000e+00 0.000000000000000000e+00 0.000000000000000000e+00 0.000000000000000000e+00
0.000000000000000000e+00 0.000000000000000000e+00 0.000000000000000000e+00 0.000000000000000000e+00 0.000000000000000000e+00 0.000000000000000000e+00 0.000000000000000000e+00 0.000000000000000000e+00 0.000000000000000000e+00 0.000000000000000000e+00 0.000000000000000000e+00
0.000000000000000000e+00 0.000000000000000000e+00 0.000000000000000000e+00 0.000000000000000000e+00 0.000000000000000000e+00 0.000000000000000000e+00 0.000000000000000000e+00 0.000000000000000000e+00 0.000000000000000000e+00 0.000000000000000000e+00 0.000000000000000000e+00
0.000000000000000000e+00 0.000000000000000000e+00 0.000000000000000000e+00 0.000000000000000000e+00 0.000000000000000000e+00 0.000000000000000000e+00 0.000000000000000000e+00 0.000000000000000000e+00 0.000000000000000000e+00 0.000000000000000000e+00 0.000000000000000000e+00
0.000000000000000000e+00 0.000000000000000000e+00 0.000000000000000000e+00 0.000000000000000000e+00 0.000000000000000000e+00 0.000000000000000000e+00 0.000000000000000000e+00 0.000000000000000000e+00 0.000000000000000000e+00 0.000000000000000000e+00 0.000000000000000000e+00
0.000000000000000000e+00 0.000000000000000000e+00 0.000000000000000000e+00 0.000000000000000000e+00 0.000000000000000000e+00 0.000000000000000000e+00 0.000000000000000000e+00 0.000000000000000000e+00 0.000000000000000000e+00 0.000000000000000000e+00 0.000000000000000000e+00
0.000000000000000000e+00 0.000000000000000000e+00 0.000000000000000000e+00 0.000000000000000000e+00 0.000000000000000000e+00 0.000000000000000000e+00 0.000000000000000000e+00 0.000000000000000000e+00 0.000000000000000000e+00 0.000000000000000000e+00 0.000000000000000000e+00
0.000000000000000000e+00 0.000000000000000000e+00 0.000000000000000000e+00 0.000000000000000000e+00 0.000000000000000000e+00 0.000000000000000000e+00 0.000000000000000000e+00 0.000000000000000000e+00 0.000000000000000000e+00 0.000000000000000000e+00 0.000000000000000000e+00
0.000000000000000000e+00 0.000000000000000000e+00 0.000000000000000000e+00 0.000000000000000000e+00 0.000000000000000000e+00 0.000000000000000000e+00 0.000000000000000000e+00 0.000000000000000000e+00 0.000000000000000000e+00 0.000000000000000000e+00 0.000000000000000000e+00
0.000000000000000000e+00 0.000000000000000000e+00 0.000000000000000000e+00 0.000000000000000000e+00 0.000000000000000000e+00 0.000000000000000000e+00 0.000000000000000000e+00 0.000000000000000000e+00 0.000000000000000000e+00 0.000000000000000000e+00 0.000000000000000000e+00
0.000000000000000000e+00 0.000000000000000000e+00 0.000000000000000000e+00 0.000000000000000000e+00 0.000000000000000000e+00 0.000000000000000000e+00 0.000000000000000000e+00 0.000000000000000000e+00 0.000000000000000000e+00 0.000000000000000000e+00 0.000000000000000000e+00
0.000000000000000000e+00 0.000000000000000000e+00 0.000000000000000000e+00 0.000000000000000000e+00 0.000000000000000000e+00 0.000000000000000000e+00 0.000000000000000000e+00 0.000000000000000000e+00 0.000000000000000000e+00 0.000000000000000000e+00 0.000000000000000000e+00
0.000000000000000000e+00 0.000000000000000000e+00 0.000000000000000000e+00 0.000000000000000000e+00 0.000000000000000000e+00 0.000000000000000000e+00 0.000000000000000000e+00 0.000000000000000000e+00 0.000000000000000000e+00 0.000000000000000000e+00 0.000000000000000000e+00
0.000000000000000000e+00 0.000000000000000000e+00 0.000000000000000000e+00 0.000000000000000000e+00 0.000000000000000000e+00 0.000000000000000000e+00 0.000000000000000000e+00 0.000000000000000000e+00 0.000000000000000000e+00 0.000000000000000000e+00 0.000000000000000000e+00
0.000000000000000000e+00 0.000000000000000000e+00 0.000000000000000000e+00 0.000000000000000000e+00 0.000000000000000000e+00 0.000000000000000000e+00 0.000000000000000000e+00 0.000000000000000000e+00 0.000000000000000000e+00 0.000000000000000000e+00 0.000000000000000000e+00
0.000000000000000000e+00 0.000000000000000000e+00 0.000000000000000000e+00 0.000000000000000000e+00 0.000000000000000000e+00 0.000000000000000000e+00 0.000000000000000000e+00 0.000000000000000000e+00 0.000000000000000000e+00 0.000000000000000000e+00 0.000000000000000000e+00
0.000000000000000000e+00 0.000000000000000000e+00 0.000000000000000000e+00 0.000000000000000000e+00 0.000000000000000000e+00 0.000000000000000000e+00 0.000000000000000000e+00 0.000000000000000000e+00 0.000000000000000000e+00 0.000000000000000000e+00 0.000000000000000000e+00
0.000000000000000000e+00 0.000000000000000000e+00 0.000000000000000000e+00 0.000000000000000000e+00 0.000000000000000000e+00 0.000000000000000000e+00 0.000000000000000000e+00 0.000000000000000000e+00 0.000000000000000000e+00 0.000000000000000000e+00 0.000000000000000000e+00
0.000000000000000000e+00 0.000000000000000000e+00 0.000000000000000000e+00 0.000000000000000000e+00 0.000000000000000000e+00 0.000000000000000000e+00 0.000000000000000000e+00 0.000000000000000000e+00 0.000000000000000000e+00 0.000000000000000000e+00 0.000000000000000000e+00
0.000000000000000000e+00 0.000000000000000000e+00 0.000000000000000000e+00 0.000000000000000000e+00 0.000000000000000000e+00 0.000000000000000000e+00 0.000000000000000000e+00 0.000000000000000000e+00 0.000000000000000000e+00 0.000000000000000000e+00 0.000000000000000000e+00
0.000000000000000000e+00 0.000000000000000000e+00 0.000000000000000000e+00 0.000000000000000000e+00 0.000000000000000000e+00 0.000000000000000000e+00 0.000000000000000000e+00 0.000000000000000000e+00 0.000000000000000000e+00 0.000000000000000000e+00 0.000000000000000000e+00
0.000000000000000000e+00 0.000000000000000000e+00 0.000000000000000000e+00 0.000000000000000000e+00 0.000000000000000000e+00 0.000000000000000000e+00 0.000000000000000000e+00 0.000000000000000000e+00 0.000000000000000000e+00 0.000000000000000000e+00 0.000000000000000000e+00
0.000000000000000000e+00 0.000000000000000000e+00 0.000000000000000000e+00 0.000000000000000000e+00 0.000000000000000000e+00 0.000000000000000000e+00 0.000000000000000000e+00 0.000000000000000000e+00 0.000000000000000000e+00 0.000000000000000000e+00 0.000000000000000000e+00
0.000000000000000000e+00 0.000000000000000000e+00 0.000000000000000000e+00 0.000000000000000000e+00 0.000000000000000000e+00 0.000000000000000000e+00 0.000000000000000000e+00 0.000000000000000000e+00 0.000000000000000000e+00 0.000000000000000000e+00 0.000000000000000000e+00
0.000000000000000000e+00 0.000000000000000000e+00 0.000000000000000000e+00 0.000000000000000000e+00 0.000000000000000000e+00 0.000000000000000000e+00 0.000000000000000000e+00 0.000000000000000000e+00 0.000000000000000000e+00 0.000000000000000000e+00 0.000000000000000000e+00
0.000000000000000000e+00 0.000000000000000000e+00 0.000000000000000000e+00 0.000000000000000000e+00 0.000000000000000000e+00 0.000000000000000000e+00 0.000000000000000000e+00 0.000000000000000000e+00 0.000000000000000000e+00 0.000000000000000000e+00 0.000000000000000000e+00
0.000000000000000000e+00 0.000000000000000000e+00 0.000000000000000000e+00 0.000000000000000000e+00 0.000000000000000000e+00 0.000000000000000000e+00 0.000000000000000000e+00 0.000000000000000000e+00 0.000000000000000000e+00 0.000000000000000000e+00 0.000000000000000000e+00
0.000000000000000000e+00 0.000000000000000000e+00 0.000000000000000000e+00 0.000000000000000000e+00 0.000000000000000000e+00 0.000000000000000000e+00 0.000000000000000000e+00 0.000000000000000000e+00 0.000000000000000000e+00 0.000000000000000000e+00 0.000000000000000000e+00
0.000000000000000000e+00 0.000000000000000000e+00 0.000000000000000000e+00 0.000000000000000000e+00 0.000000000000000000e+00 0.000000000000000000e+00 0.000000000000000000e+00 0.000000000000000000e+00 0.000000000000000000e+00 0.000000000000000000e+00 0.000000000000000000e+00
0.000000000000000000e+00 0.000000000000000000e+00 0.000000000000000000e+00 0.000000000000000000e+00 0.000000000000000000e+00 0.000000000000000000e+00 0.000000000000000000e+00 0.000000000000000000e+00 0.000000000000000000e+00 0.000000000000000000e+00 0.000000000000000000e+00
0.000000000000000000e+00 0.000000000000000000e+00 0.000000000000000000e+00 0.000000000000000000e+00 0.000000000000000000e+00 0.000000000000000000e+00 0.000000000000000000e+00 0.000000000000000000e+00 0.000000000000000000e+00 0.000000000000000000e+00 0.000000000000000000e+00
0.000000000000000000e+00 0.000000000000000000e+00 0.000000000000000000e+00 0.000000000000000000e+00 0.000000000000000000e+00 0.000000000000000000e+00 0.000000000000000000e+00 0.000000000000000000e+00 0.000000000000000000e+00 0.000000000000000000e+00 0.000000000000000000e+00
0.000000000000000000e+00 0.000000000000000000e+00 0.000000000000000000e+00 0.000000000000000000e+00 0.000000000000000000e+00 0.000000000000000000e+00 0.000000000000000000e+00 0.000000000000000000e+00 0.000000000000000000e+00 0.000000000000000000e+00 0.000000000000000000e+00
0.000000000000000000e+00 0.000000000000000000e+00 0.000000000000000000e+00 0.000000000000000000e+00 0.000000000000000000e+00 0.000000000000000000e+00 0.000000000000000000e+00 0.000000000000000000e+00 0.000000000000000000e+00 0.000000000000000000e+00 0.000000000000000000e+00
0.000000000000000000e+00 0.000000000000000000e+00 0.000000000000000000e+00 0.000000000000000000e+00 0.000000000000000000e+00 0.000000000000000000e+00 0.000000000000000000e+00 0.000000000000000000e+00 0.000000000000000000e+00 0.000000000000000000e+00 0.000000000000000000e+00
0.000000000000000000e+00 0.000000000000000000e+00 0.000000000000000000e+00 0.000000000000000000e+00 0.000000000000000000e+00 0.000000000000000000e+00 0.000000000000000000e+00 0.000000000000000000e+00 0.000000000000000000e+00 0.000000000000000000e+00 0.000000000000000000e+00
0.000000000000000000e+00 0.000000000000000000e+00 0.000000000000000000e+00 0.000000000000000000e+00 0.000000000000000000e+00 0.000000000000000000e+00 0.000000000000000000e+00 0.000000000000000000e+00 0.000000000000000000e+00 0.000000000000000000e+00 0.000000000000000000e+00
0.000000000000000000e+00 0.000000000000000000e+00 0.000000000000000000e+00 0.000000000000000000e+00 0.000000000000000000e+00 0.000000000000000000e+00 0.000000000000000000e+00 0.000000000000000000e+00 0.000000000000000000e+00 0.000000000000000000e+00 0.000000000000000000e+00
0.000000000000000000e+00 0.000000000000000000e+00 0.000000000000000000e+00 0.000000000000000000e+00 0.000000000000000000e+00 0.000000000000000000e+00 0.000000000000000000e+00 0.000000000000000000e+00 0.000000000000000000e+00 0.000000000000000000e+00 0.000000000000000000e+00
0.000000000000000000e+00 0.000000000000000000e+00 0.000000000000000000e+00 0.000000000000000000e+00 0.000000000000000000e+00 0.000000000000000000e+00 0.000000000000000000e+00 0.000000000000000000e+00 0.000000000000000000e+00 0.000000000000000000e+00 0.000000000000000000e+00
0.000000000000000000e+00 0.000000000000000000e+00 0.000000000000000000e+00 0.000000000000000000e+00 0.000000000000000000e+00 0.000000000000000000e+00 0.000000000000000000e+00 0.000000000000000000e+00 0.000000000000000000e+00 0.000000000000000000e+00 0.000000000000000000e+00
0.000000000000000000e+00 0.000000000000000000e+00 0.000000000000000000e+00 0.000000000000000000e+00 0.000000000000000000e+00 0.000000000000000000e+00 0.000000000000000000e+00 0.000000000000000000e+00 0.000000000000000000e+00 0.000000000000000000e+00 0.000000000000000000e+00
0.000000000000000000e+00 0.000000000000000000e+00 0.000000000000000000e+00 0.000000000000000000e+00 0.000000000000000000e+00 0.000000000000000000e+00 0.000000000000000000e+00 0.000000000000000000e+00 0.000000000000000000e+00 0.000000000000000000e+00 0.000000000000000000e+00
0.000000000000000000e+00 0.000000000000000000e+00 0.000000000000000000e+00 0.000000000000000000e+00 0.000000000000000000e+00 0.000000000000000000e+00 0.000000000000000000e+00 0.000000000000000000e+00 0.000000000000000000e+00 0.000000000000000000e+00 0.000000000000000000e+00
0.000000000000000000e+00 0.000000000000000000e+00 0.000000000000000000e+00 0.000000000000000000e+00 0.000000000000000000e+00 0.000000000000000000e+00 0.000000000000000000e+00 0.000000000000000000e+00 0.000000000000000000e+00 0.000000000000000000e+00 0.000000000000000000e+00
0.000000000000000000e+00 0.000000000000000000e+00 0.000000000000000000e+00 0.000000000000000000e+00 0.000000000000000000e+00 0.000000000000000000e+00 0.000000000000000000e+00 0.000000000000000000e+00 0.000000000000000000e+00 0.000000000000000000e+00 0.000000000000000000e+00
0.000000000000000000e+00 0.000000000000000000e+00 0.000000000000000000e+00 0.000000000000000000e+00 0.000000000000000000e+00 0.000000000000000000e+00 0.000000000000000000e+00 0.000000000000000000e+00 0.000000000000000000e+00 0.000000000000000000e+00 0.000000000000000000e+00
0.000000000000000000e+00 0.000000000000000000e+00 0.000000000000000000e+00 0.000000000000000000e+00 0.000000000000000000e+00 0.000000000000000000e+00 0.000000000000000000e+00 0.000000000000000000e+00 0.000000000000000000e+00 0.000000000000000000e+00 0.000000000000000000e+00
0.000000000000000000e+00 0.000000000000000000e+00 0.000000000000000000e+00 0.000000000000000000e+00 0.000000000000000000e+00 0.000000000000000000e+00 0.000000000000000000e+00 0.000000000000000000e+00 0.000000000000000000e+00 0.000000000000000000e+00 0.000000000000000000e+00
0.000000000000000000e+00 0.000000000000000000e+00 0.000000000000000000e+00 0.000000000000000000e+00 0.000000000000000000e+00 0.000000000000000000e+00 0.000000000000000000e+00 0.000000000000000000e+00 0.000000000000000000e+00 0.000000000000000000e+00 0.000000000000000000e+00
0.000000000000000000e+00 0.000000000000000000e+00 0.000000000000000000e+00 0.000000000000000000e+00 0.000000000000000000e+00 0.000000000000000000e+00 0.000000000000000000e+00 0.000000000000000000e+00 0.000000000000000000e+00 0.000000000000000000e+00 0.000000000000000000e+00
0.000000000000000000e+00 0.000000000000000000e+00 0.000000000000000000e+00 0.000000000000000000e+00 0.000000000000000000e+00 0.000000000000000000e+00 0.000000000000000000e+00 0.000000000000000000e+00 0.000000000000000000e+00 0.000000000000000000e+00 0.000000000000000000e+00
0.000000000000000000e+00 0.000000000000000000e+00 0.000000000000000000e+00 0.000000000000000000e+00 0.000000000000000000e+00 0.000000000000000000e+00 0.000000000000000000e+00 0.000000000000000000e+00 0.000000000000000000e+00 0.000000000000000000e+00 0.000000000000000000e+00
0.000000000000000000e+00 0.000000000000000000e+00 0.000000000000000000e+00 0.000000000000000000e+00 0.000000000000000000e+00 0.000000000000000000e+00 0.000000000000000000e+00 0.000000000000000000e+00 0.000000000000000000e+00 0.000000000000000000e+00 0.000000000000000000e+00
0.000000000000000000e+00 0.000000000000000000e+00 0.000000000000000000e+00 0.000000000000000000e+00 0.000000000000000000e+00 0.000000000000000000e+00 0.000000000000000000e+00 0.000000000000000000e+00 0.000000000000000000e+00 0.000000000000000000e+00 0.000000000000000000e+00
0.000000000000000000e+00 0.000000000000000000e+00 0.000000000000000000e+00 0.000000000000000000e+00 0.000000000000000000e+00 0.000000000000000000e+00 0.000000000000000000e+00 0.000000000000000000e+00 0.000000000000000000e+00 0.000000000000000000e+00 0.000000000000000000e+00
0.000000000000000000e+00 0.000000000000000000e+00 0.000000000000000000e+00 0.000000000000000000e+00 0.000000000000000000e+00 0.000000000000000000e+00 0.000000000000000000e+00 0.000000000000000000e+00 0.000000000000000000e+00 0.000000000000000000e+00 0.000000000000000000e+00
0.000000000000000000e+00 0.000000000000000000e+00 0.000000000000000000e+00 0.000000000000000000e+00 0.000000000000000000e+00 0.000000000000000000e+00 0.000000000000000000e+00 0.000000000000000000e+00 0.000000000000000000e+00 0.000000000000000000e+00 0.000000000000000000e+00
0.000000000000000000e+00 0.000000000000000000e+00 0.000000000000000000e+00 0.000000000000000000e+00 0.000000000000000000e+00 0.000000000000000000e+00 0.000000000000000000e+00 0.000000000000000000e+00 0.000000000000000000e+00 0.000000000000000000e+00 0.000000000000000000e+00
0.000000000000000000e+00 0.000000000000000000e+00 0.000000000000000000e+00 0.000000000000000000e+00 0.000000000000000000e+00 0.000000000000000000e+00 0.000000000000000000e+00 0.000000000000000000e+00 0.000000000000000000e+00 0.000000000000000000e+00 0.000000000000000000e+00
0.000000000000000000e+00 0.000000000000000000e+00 0.000000000000000000e+00 0.000000000000000000e+00 0.000000000000000000e+00 0.000000000000000000e+00 0.000000000000000000e+00 0.000000000000000000e+00 0.000000000000000000e+00 0.000000000000000000e+00 0.000000000000000000e+00
0.000000000000000000e+00 0.000000000000000000e+00 0.000000000000000000e+00 0.000000000000000000e+00 0.000000000000000000e+00 0.000000000000000000e+00 0.000000000000000000e+00 0.000000000000000000e+00 0.000000000000000000e+00 0.000000000000000000e+00 0.000000000000000000e+00
0.000000000000000000e+00 0.000000000000000000e+00 0.000000000000000000e+00 0.000000000000000000e+00 0.000000000000000000e+00 0.000000000000000000e+00 0.000000000000000000e+00 0.000000000000000000e+00 0.000000000000000000e+00 0.000000000000000000e+00 0.000000000000000000e+00
0.000000000000000000e+00 0.000000000000000000e+00 0.000000000000000000e+00 0.000000000000000000e+00 0.000000000000000000e+00 0.000000000000000000e+00 0.000000000000000000e+00 0.000000000000000000e+00 0.000000000000000000e+00 0.000000000000000000e+00 0.000000000000000000e+00
0.000000000000000000e+00 0.000000000000000000e+00 0.000000000000000000e+00 0.000000000000000000e+00 0.000000000000000000e+00 0.000000000000000000e+00 0.000000000000000000e+00 0.000000000000000000e+00 0.000000000000000000e+00 0.000000000000000000e+00 0.000000000000000000e+00
0.000000000000000000e+00 0.000000000000000000e+00 0.000000000000000000e+00 0.000000000000000000e+00 0.000000000000000000e+00 0.000000000000000000e+00 0.000000000000000000e+00 0.000000000000000000e+00 0.000000000000000000e+00 0.000000000000000000e+00 0.000000000000000000e+00
0.000000000000000000e+00 0.000000000000000000e+00 0.000000000000000000e+00 0.000000000000000000e+00 0.000000000000000000e+00 0.000000000000000000e+00 0.000000000000000000e+00 0.000000000000000000e+00 0.000000000000000000e+00 0.000000000000000000e+00 0.000000000000000000e+00
0.000000000000000000e+00 0.000000000000000000e+00 0.000000000000000000e+00 0.000000000000000000e+00 0.000000000000000000e+00 0.000000000000000000e+00 0.000000000000000000e+00 0.000000000000000000e+00 0.000000000000000000e+00 0.000000000000000000e+00 0.000000000000000000e+00
0.000000000000000000e+00 0.000000000000000000e+00 0.000000000000000000e+00 0.000000000000000000e+00 0.000000000000000000e+00 0.000000000000000000e+00 0.000000000000000000e+00 0.000000000000000000e+00 0.000000000000000000e+00 0.000000000000000000e+00 0.000000000000000000e+00
0.000000000000000000e+00 0.000000000000000000e+00 0.000000000000000000e+00 0.000000000000000000e+00 0.000000000000000000e+00 0.000000000000000000e+00 0.000000000000000000e+00 0.000000000000000000e+00 0.000000000000000000e+00 0.000000000000000000e+00 0.000000000000000000e+00
0.000000000000000000e+00 0.000000000000000000e+00 0.000000000000000000e+00 0.000000000000000000e+00 0.000000000000000000e+00 0.000000000000000000e+00 0.000000000000000000e+00 0.000000000000000000e+00 0.000000000000000000e+00 0.000000000000000000e+00 0.000000000000000000e+00
0.000000000000000000e+00 0.000000000000000000e+00 0.000000000000000000e+00 0.000000000000000000e+00 0.000000000000000000e+00 0.000000000000000000e+00 0.000000000000000000e+00 0.000000000000000000e+00 0.000000000000000000e+00 0.000000000000000000e+00 0.000000000000000000e+00
0.000000000000000000e+00 0.000000000000000000e+00 0.000000000000000000e+00 0.000000000000000000e+00 0.000000000000000000e+00 0.000000000000000000e+00 0.000000000000000000e+00 0.000000000000000000e+00 0.000000000000000000e+00 0.000000000000000000e+00 0.000000000000000000e+00
0.000000000000000000e+00 0.000000000000000000e+00 0.000000000000000000e+00 0.000000000000000000e+00 0.000000000000000000e+00 0.000000000000000000e+00 0.000000000000000000e+00 0.000000000000000000e+00 0.000000000000000000e+00 0.000000000000000000e+00 0.000000000000000000e+00
0.000000000000000000e+00 0.000000000000000000e+00 0.000000000000000000e+00 0.000000000000000000e+00 0.000000000000000000e+00 0.000000000000000000e+00 0.000000000000000000e+00 0.000000000000000000e+00 0.000000000000000000e+00 0.000000000000000000e+00 0.000000000000000000e+00
0.000000000000000000e+00 0.000000000000000000e+00 0.000000000000000000e+00 0.000000000000000000e+00 0.000000000000000000e+00 0.000000000000000000e+00 0.000000000000000000e+00 0.000000000000000000e+00 0.000000000000000000e+00 0.000000000000000000e+00 0.000000000000000000e+00
0.000000000000000000e+00 0.000000000000000000e+00 0.000000000000000000e+00 0.000000000000000000e+00 0.000000000000000000e+00 0.000000000000000000e+00 0.000000000000000000e+00 0.000000000000000000e+00 0.000000000000000000e+00 0.000000000000000000e+00 0.000000000000000000e+00
0.000000000000000000e+00 0.000000000000000000e+00 0.000000000000000000e+00 0.000000000000000000e+00 0.000000000000000000e+00 0.000000000000000000e+00 0.000000000000000000e+00 0.000000000000000000e+00 0.000000000000000000e+00 0.000000000000000000e+00 0.000000000000000000e+00
0.000000000000000000e+00 0.000000000000000000e+00 0.000000000000000000e+00 0.000000000000000000e+00 0.000000000000000000e+00 0.000000000000000000e+00 0.000000000000000000e+00 0.000000000000000000e+00 0.000000000000000000e+00 0.000000000000000000e+00 0.000000000000000000e+00
0.000000000000000000e+00 0.000000000000000000e+00 0.000000000000000000e+00 0.000000000000000000e+00 0.000000000000000000e+00 0.000000000000000000e+00 0.000000000000000000e+00 0.000000000000000000e+00 0.000000000000000000e+00 0.000000000000000000e+00 0.000000000000000000e+00
0.000000000000000000e+00 0.000000000000000000e+00 0.000000000000000000e+00 0.000000000000000000e+00 0.000000000000000000e+00 0.000000000000000000e+00 0.000000000000000000e+00 0.000000000000000000e+00 0.000000000000000000e+00 0.000000000000000000e+00 0.000000000000000000e+00
0.000000000000000000e+00 0.000000000000000000e+00 0.000000000000000000e+00 0.000000000000000000e+00 0.000000000000000000e+00 0.000000000000000000e+00 0.000000000000000000e+00 0.000000000000000000e+00 0.000000000000000000e+00 0.000000000000000000e+00 0.000000000000000000e+00
0.000000000000000000e+00 0.000000000000000000e+00 0.000000000000000000e+00 0.000000000000000000e+00 0.000000000000000000e+00 0.000000000000000000e+00 0.000000000000000000e+00 0.000000000000000000e+00 0.000000000000000000e+00 0.000000000000000000e+00 0.000000000000000000e+00
0.000000000000000000e+00 0.000000000000000000e+00 0.000000000000000000e+00 0.000000000000000000e+00 0.000000000000000000e+00 0.000000000000000000e+00 0.000000000000000000e+00 0.000000000000000000e+00 0.000000000000000000e+00 0.000000000000000000e+00 0.000000000000000000e+00
0.000000000000000000e+00 0.000000000000000000e+00 0.000000000000000000e+00 0.000000000000000000e+00 0.000000000000000000e+00 0.000000000000000000e+00 0.000000000000000000e+00 0.000000000000000000e+00 0.000000000000000000e+00 0.000000000000000000e+00 0.000000000000000000e+00
0.000000000000000000e+00 0.000000000000000000e+00 0.000000000000000000e+00 0.000000000000000000e+00 0.000000000000000000e+00 0.000000000000000000e+00 0.000000000000000000e+00 0.000000000000000000e+00 0.000000000000000000e+00 0.000000000000000000e+00 0.000000000000000000e+00
0.000000000000000000e+00 0.000000000000000000e+00 0.000000000000000000e+00 0.000000000000000000e+00 0.000000000000000000e+00 0.000000000000000000e+00 0.000000000000000000e+00 0.000000000000000000e+00 0.000000000000000000e+00 0.000000000000000000e+00 0.000000000000000000e+00
0.000000000000000000e+00 0.000000000000000000e+00 0.000000000000000000e+00 0.000000000000000000e+00 0.000000000000000000e+00 0.000000000000000000e+00 0.000000000000000000e+00 0.000000000000000000e+00 0.000000000000000000e+00 0.000000000000000000e+00 0.000000000000000000e+00
0.000000000000000000e+00 0.000000000000000000e+00 0.000000000000000000e+00 0.000000000000000000e+00 0.000000000000000000e+00 0.000000000000000000e+00 0.000000000000000000e+00 0.000000000000000000e+00 0.000000000000000000e+00 0.000000000000000000e+00 0.000000000000000000e+00
0.000000000000000000e+00 0.000000000000000000e+00 0.000000000000000000e+00 0.000000000000000000e+00 0.000000000000000000e+00 0.000000000000000000e+00 0.000000000000000000e+00 0.000000000000000000e+00 0.000000000000000000e+00 0.000000000000000000e+00 0.000000000000000000e+00
0.000000000000000000e+00 0.000000000000000000e+00 0.000000000000000000e+00 0.000000000000000000e+00 0.000000000000000000e+00 0.000000000000000000e+00 0.000000000000000000e+00 0.000000000000000000e+00 0.000000000000000000e+00 0.000000000000000000e+00 0.000000000000000000e+00
0.000000000000000000e+00 0.000000000000000000e+00 0.000000000000000000e+00 0.000000000000000000e+00 0.000000000000000000e+00 0.000000000000000000e+00 0.000000000000000000e+00 0.000000000000000000e+00 0.000000000000000000e+00 0.000000000000000000e+00 0.000000000000000000e+00
0.000000000000000000e+00 0.000000000000000000e+00 0.000000000000000000e+00 0.000000000000000000e+00 0.000000000000000000e+00 0.000000000000000000e+00 0.000000000000000000e+00 0.000000000000000000e+00 0.000000000000000000e+00 0.000000000000000000e+00 0.000000000000000000e+00
0.000000000000000000e+00 0.000000000000000000e+00 0.000000000000000000e+00 0.000000000000000000e+00 0.000000000000000000e+00 0.000000000000000000e+00 0.000000000000000000e+00 0.000000000000000000e+00 0.000000000000000000e+00 0.000000000000000000e+00 0.000000000000000000e+00
0.000000000000000000e+00 0.000000000000000000e+00 0.000000000000000000e+00 0.000000000000000000e+00 0.000000000000000000e+00 0.000000000000000000e+00 0.000000000000000000e+00 0.000000000000000000e+00 0.000000000000000000e+00 0.000000000000000000e+00 0.000000000000000000e+00
0.000000000000000000e+00 0.000000000000000000e+00 0.000000000000000000e+00 0.000000000000000000e+00 0.000000000000000000e+00 0.000000000000000000e+00 0.000000000000000000e+00 0.000000000000000000e+00 0.000000000000000000e+00 0.000000000000000000e+00 0.000000000000000000e+00
0.000000000000000000e+00 0.000000000000000000e+00 0.000000000000000000e+00 0.000000000000000000e+00 0.000000000000000000e+00 0.000000000000000000e+00 0.000000000000000000e+00 0.000000000000000000e+00 0.000000000000000000e+00 0.000000000000000000e+00 0.000000000000000000e+00
0.000000000000000000e+00 0.000000000000000000e+00 0.000000000000000000e+00 0.000000000000000000e+00 0.000000000000000000e+00 0.000000000000000000e+00 0.000000000000000000e+00 0.000000000000000000e+00 0.000000000000000000e+00 0.000000000000000000e+00 0.000000000000000000e+00
0.000000000000000000e+00 0.000000000000000000e+00 0.000000000000000000e+00 0.000000000000000000e+00 0.000000000000000000e+00 0.000000000000000000e+00 0.000000000000000000e+00 0.000000000000000000e+00 0.000000000000000000e+00 0.000000000000000000e+00 0.000000000000000000e+00
0.000000000000000000e+00 0.000000000000000000e+00 0.000000000000000000e+00 0.000000000000000000e+00 0.000000000000000000e+00 0.000000000000000000e+00 0.000000000000000000e+00 0.000000000000000000e+00 0.000000000000000000e+00 0.000000000000000000e+00 0.000000000000000000e+00
0.000000000000000000e+00 0.000000000000000000e+00 0.000000000000000000e+00 0.000000000000000000e+00 0.000000000000000000e+00 0.000000000000000000e+00 0.000000000000000000e+00 0.000000000000000000e+00 0.000000000000000000e+00 0.000000000000000000e+00 0.000000000000000000e+00
0.000000000000000000e+00 0.000000000000000000e+00 0.000000000000000000e+00 0.000000000000000000e+00 0.000000000000000000e+00 0.000000000000000000e+00 0.000000000000000000e+00 0.000000000000000000e+00 0.000000000000000000e+00 0.000000000000000000e+00 0.000000000000000000e+00
0.000000000000000000e+00 0.000000000000000000e+00 0.000000000000000000e+00 0.000000000000000000e+00 0.000000000000000000e+00 0.000000000000000000e+00 0.000000000000000000e+00 0.000000000000000000e+00 0.000000000000000000e+00 0.000000000000000000e+00 0.000000000000000000e+00
0.000000000000000000e+00 0.000000000000000000e+00 0.000000000000000000e+00 0.000000000000000000e+00 0.000000000000000000e+00 0.000000000000000000e+00 0.000000000000000000e+00 0.000000000000000000e+00 0.000000000000000000e+00 0.000000000000000000e+00 0.000000000000000000e+00
0.000000000000000000e+00 0.000000000000000000e+00 0.000000000000000000e+00 0.000000000000000000e+00 0.000000000000000000e+00 0.000000000000000000e+00 0.000000000000000000e+00 0.000000000000000000e+00 0.000000000000000000e+00 0.000000000000000000e+00 0.000000000000000000e+00
0.000000000000000000e+00 0.000000000000000000e+00 0.000000000000000000e+00 0.000000000000000000e+00 0.000000000000000000e+00 0.000000000000000000e+00 0.000000000000000000e+00 0.000000000000000000e+00 0.000000000000000000e+00 0.000000000000000000e+00 0.000000000000000000e+00
0.000000000000000000e+00 0.000000000000000000e+00 0.000000000000000000e+00 0.000000000000000000e+00 0.000000000000000000e+00 0.000000000000000000e+00 0.000000000000000000e+00 0.000000000000000000e+00 0.000000000000000000e+00 0.000000000000000000e+00 0.000000000000000000e+00
0.000000000000000000e+00 0.000000000000000000e+00 0.000000000000000000e+00 0.000000000000000000e+00 0.000000000000000000e+00 0.000000000000000000e+00 0.000000000000000000e+00 0.000000000000000000e+00 0.000000000000000000e+00 0.000000000000000000e+00 0.000000000000000000e+00
0.000000000000000000e+00 0.000000000000000000e+00 0.000000000000000000e+00 0.000000000000000000e+00 0.000000000000000000e+00 0.000000000000000000e+00 0.000000000000000000e+00 0.000000000000000000e+00 0.000000000000000000e+00 0.000000000000000000e+00 0.000000000000000000e+00
0.000000000000000000e+00 0.000000000000000000e+00 0.000000000000000000e+00 0.000000000000000000e+00 0.000000000000000000e+00 0.000000000000000000e+00 0.000000000000000000e+00 0.000000000000000000e+00 0.000000000000000000e+00 0.000000000000000000e+00 0.000000000000000000e+00
0.000000000000000000e+00 0.000000000000000000e+00 0.000000000000000000e+00 0.000000000000000000e+00 0.000000000000000000e+00 0.000000000000000000e+00 0.000000000000000000e+00 0.000000000000000000e+00 0.000000000000000000e+00 0.000000000000000000e+00 0.000000000000000000e+00
0.000000000000000000e+00 0.000000000000000000e+00 0.000000000000000000e+00 0.000000000000000000e+00 0.000000000000000000e+00 0.000000000000000000e+00 0.000000000000000000e+00 0.000000000000000000e+00 0.000000000000000000e+00 0.000000000000000000e+00 0.000000000000000000e+00
0.000000000000000000e+00 0.000000000000000000e+00 0.000000000000000000e+00 0.000000000000000000e+00 0.000000000000000000e+00 0.000000000000000000e+00 0.000000000000000000e+00 0.000000000000000000e+00 0.000000000000000000e+00 0.000000000000000000e+00 0.000000000000000000e+00
0.000000000000000000e+00 0.000000000000000000e+00 0.000000000000000000e+00 0.000000000000000000e+00 0.000000000000000000e+00 0.000000000000000000e+00 0.000000000000000000e+00 0.000000000000000000e+00 0.000000000000000000e+00 0.000000000000000000e+00 0.000000000000000000e+00
0.000000000000000000e+00 0.000000000000000000e+00 0.000000000000000000e+00 0.000000000000000000e+00 0.000000000000000000e+00 0.000000000000000000e+00 0.000000000000000000e+00 0.000000000000000000e+00 0.000000000000000000e+00 0.000000000000000000e+00 0.000000000000000000e+00
0.000000000000000000e+00 0.000000000000000000e+00 0.000000000000000000e+00 0.000000000000000000e+00 0.000000000000000000e+00 0.000000000000000000e+00 0.000000000000000000e+00 0.000000000000000000e+00 0.000000000000000000e+00 0.000000000000000000e+00 0.000000000000000000e+00
0.000000000000000000e+00 0.000000000000000000e+00 0.000000000000000000e+00 0.000000000000000000e+00 0.000000000000000000e+00 0.000000000000000000e+00 0.000000000000000000e+00 0.000000000000000000e+00 0.000000000000000000e+00 0.000000000000000000e+00 0.000000000000000000e+00
0.000000000000000000e+00 0.000000000000000000e+00 0.000000000000000000e+00 0.000000000000000000e+00 0.000000000000000000e+00 0.000000000000000000e+00 0.000000000000000000e+00 0.000000000000000000e+00 0.000000000000000000e+00 0.000000000000000000e+00 0.000000000000000000e+00
0.000000000000000000e+00 0.000000000000000000e+00 0.000000000000000000e+00 0.000000000000000000e+00 0.000000000000000000e+00 0.000000000000000000e+00 0.000000000000000000e+00 0.000000000000000000e+00 0.000000000000000000e+00 0.000000000000000000e+00 0.000000000000000000e+00
0.000000000000000000e+00 0.000000000000000000e+00 0.000000000000000000e+00 0.000000000000000000e+00 0.000000000000000000e+00 0.000000000000000000e+00 0.000000000000000000e+00 0.000000000000000000e+00 0.000000000000000000e+00 0.000000000000000000e+00 0.000000000000000000e+00
0.000000000000000000e+00 0.000000000000000000e+00 0.000000000000000000e+00 0.000000000000000000e+00 0.000000000000000000e+00 0.000000000000000000e+00 0.000000000000000000e+00 0.000000000000000000e+00 0.000000000000000000e+00 0.000000000000000000e+00 0.000000000000000000e+00
0.000000000000000000e+00 0.000000000000000000e+00 0.000000000000000000e+00 0.000000000000000000e+00 0.000000000000000000e+00 0.000000000000000000e+00 0.000000000000000000e+00 0.000000000000000000e+00 0.000000000000000000e+00 0.000000000000000000e+00 0.000000000000000000e+00
0.000000000000000000e+00 0.000000000000000000e+00 0.000000000000000000e+00 0.000000000000000000e+00 0.000000000000000000e+00 0.000000000000000000e+00 0.000000000000000000e+00 0.000000000000000000e+00 0.000000000000000000e+00 0.000000000000000000e+00 0.000000000000000000e+00
0.000000000000000000e+00 0.000000000000000000e+00 0.000000000000000000e+00 0.000000000000000000e+00 0.000000000000000000e+00 0.000000000000000000e+00 0.000000000000000000e+00 0.000000000000000000e+00 0.000000000000000000e+00 0.000000000000000000e+00 0.000000000000000000e+00
0.000000000000000000e+00 0.000000000000000000e+00 0.000000000000000000e+00 0.000000000000000000e+00 0.000000000000000000e+00 0.000000000000000000e+00 0.000000000000000000e+00 0.000000000000000000e+00 0.000000000000000000e+00 0.000000000000000000e+00 0.000000000000000000e+00
0.000000000000000000e+00 0.000000000000000000e+00 0.000000000000000000e+00 0.000000000000000000e+00 0.000000000000000000e+00 0.000000000000000000e+00 0.000000000000000000e+00 0.000000000000000000e+00 0.000000000000000000e+00 0.000000000000000000e+00 0.000000000000000000e+00
0.000000000000000000e+00 0.000000000000000000e+00 0.000000000000000000e+00 0.000000000000000000e+00 0.000000000000000000e+00 0.000000000000000000e+00 0.000000000000000000e+00 0.000000000000000000e+00 0.000000000000000000e+00 0.000000000000000000e+00 0.000000000000000000e+00
0.000000000000000000e+00 0.000000000000000000e+00 0.000000000000000000e+00 0.000000000000000000e+00 0.000000000000000000e+00 0.000000000000000000e+00 0.000000000000000000e+00 0.000000000000000000e+00 0.000000000000000000e+00 0.000000000000000000e+00 0.000000000000000000e+00
0.000000000000000000e+00 0.000000000000000000e+00 0.000000000000000000e+00 0.000000000000000000e+00 0.000000000000000000e+00 0.000000000000000000e+00 0.000000000000000000e+00 0.000000000000000000e+00 0.000000000000000000e+00 0.000000000000000000e+00 0.000000000000000000e+00
0.000000000000000000e+00 0.000000000000000000e+00 0.000000000000000000e+00 0.000000000000000000e+00 0.000000000000000000e+00 0.000000000000000000e+00 0.000000000000000000e+00 0.000000000000000000e+00 0.000000000000000000e+00 0.000000000000000000e+00 0.000000000000000000e+00
0.000000000000000000e+00 0.000000000000000000e+00 0.000000000000000000e+00 0.000000000000000000e+00 0.000000000000000000e+00 0.000000000000000000e+00 0.000000000000000000e+00 0.000000000000000000e+00 0.000000000000000000e+00 0.000000000000000000e+00 0.000000000000000000e+00
0.000000000000000000e+00 0.000000000000000000e+00 0.000000000000000000e+00 0.000000000000000000e+00 0.000000000000000000e+00 0.000000000000000000e+00 0.000000000000000000e+00 0.000000000000000000e+00 0.000000000000000000e+00 0.000000000000000000e+00 0.000000000000000000e+00
0.000000000000000000e+00 0.000000000000000000e+00 0.000000000000000000e+00 0.000000000000000000e+00 0.000000000000000000e+00 0.000000000000000000e+00 0.000000000000000000e+00 0.000000000000000000e+00 0.000000000000000000e+00 0.000000000000000000e+00 0.000000000000000000e+00
0.000000000000000000e+00 0.000000000000000000e+00 0.000000000000000000e+00 0.000000000000000000e+00 0.000000000000000000e+00 0.000000000000000000e+00 0.000000000000000000e+00 0.000000000000000000e+00 0.000000000000000000e+00 0.000000000000000000e+00 0.000000000000000000e+00
0.000000000000000000e+00 0.000000000000000000e+00 0.000000000000000000e+00 0.000000000000000000e+00 0.000000000000000000e+00 0.000000000000000000e+00 0.000000000000000000e+00 0.000000000000000000e+00 0.000000000000000000e+00 0.000000000000000000e+00 0.000000000000000000e+00
0.000000000000000000e+00 0.000000000000000000e+00 0.000000000000000000e+00 0.000000000000000000e+00 0.000000000000000000e+00 0.000000000000000000e+00 0.000000000000000000e+00 0.000000000000000000e+00 0.000000000000000000e+00 0.000000000000000000e+00 0.000000000000000000e+00
0.000000000000000000e+00 0.000000000000000000e+00 0.000000000000000000e+00 0.000000000000000000e+00 0.000000000000000000e+00 0.000000000000000000e+00 0.000000000000000000e+00 0.000000000000000000e+00 0.000000000000000000e+00 0.000000000000000000e+00 0.000000000000000000e+00
0.000000000000000000e+00 0.000000000000000000e+00 0.000000000000000000e+00 0.000000000000000000e+00 0.000000000000000000e+00 0.000000000000000000e+00 0.000000000000000000e+00 0.000000000000000000e+00 0.000000000000000000e+00 0.000000000000000000e+00 0.000000000000000000e+00
0.000000000000000000e+00 0.000000000000000000e+00 0.000000000000000000e+00 0.000000000000000000e+00 0.000000000000000000e+00 0.000000000000000000e+00 0.000000000000000000e+00 0.000000000000000000e+00 0.000000000000000000e+00 0.000000000000000000e+00 0.000000000000000000e+00
0.000000000000000000e+00 0.000000000000000000e+00 0.000000000000000000e+00 0.000000000000000000e+00 0.000000000000000000e+00 0.000000000000000000e+00 0.000000000000000000e+00 0.000000000000000000e+00 0.000000000000000000e+00 0.000000000000000000e+00 0.000000000000000000e+00
0.000000000000000000e+00 0.000000000000000000e+00 0.000000000000000000e+00 0.000000000000000000e+00 0.000000000000000000e+00 0.000000000000000000e+00 0.000000000000000000e+00 0.000000000000000000e+00 0.000000000000000000e+00 0.000000000000000000e+00 0.000000000000000000e+00
0.000000000000000000e+00 0.000000000000000000e+00 0.000000000000000000e+00 0.000000000000000000e+00 0.000000000000000000e+00 0.000000000000000000e+00 0.000000000000000000e+00 0.000000000000000000e+00 0.000000000000000000e+00 0.000000000000000000e+00 0.000000000000000000e+00
0.000000000000000000e+00 0.000000000000000000e+00 0.000000000000000000e+00 0.000000000000000000e+00 0.000000000000000000e+00 0.000000000000000000e+00 0.000000000000000000e+00 0.000000000000000000e+00 0.000000000000000000e+00 0.000000000000000000e+00 0.000000000000000000e+00
0.000000000000000000e+00 0.000000000000000000e+00 0.000000000000000000e+00 0.000000000000000000e+00 0.000000000000000000e+00 0.000000000000000000e+00 0.000000000000000000e+00 0.000000000000000000e+00 0.000000000000000000e+00 0.000000000000000000e+00 0.000000000000000000e+00
0.000000000000000000e+00 0.000000000000000000e+00 0.000000000000000000e+00 0.000000000000000000e+00 0.000000000000000000e+00 0.000000000000000000e+00 0.000000000000000000e+00 0.000000000000000000e+00 0.000000000000000000e+00 0.000000000000000000e+00 0.000000000000000000e+00
0.000000000000000000e+00 0.000000000000000000e+00 0.000000000000000000e+00 0.000000000000000000e+00 0.000000000000000000e+00 0.000000000000000000e+00 0.000000000000000000e+00 0.000000000000000000e+00 0.000000000000000000e+00 0.000000000000000000e+00 0.000000000000000000e+00
0.000000000000000000e+00 0.000000000000000000e+00 0.000000000000000000e+00 0.000000000000000000e+00 0.000000000000000000e+00 0.000000000000000000e+00 0.000000000000000000e+00 0.000000000000000000e+00 0.000000000000000000e+00 0.000000000000000000e+00 0.000000000000000000e+00
0.000000000000000000e+00 0.000000000000000000e+00 0.000000000000000000e+00 0.000000000000000000e+00 0.000000000000000000e+00 0.000000000000000000e+00 0.000000000000000000e+00 0.000000000000000000e+00 0.000000000000000000e+00 0.000000000000000000e+00 0.000000000000000000e+00
0.000000000000000000e+00 0.000000000000000000e+00 0.000000000000000000e+00 0.000000000000000000e+00 0.000000000000000000e+00 0.000000000000000000e+00 0.000000000000000000e+00 0.000000000000000000e+00 0.000000000000000000e+00 0.000000000000000000e+00 0.000000000000000000e+00
0.000000000000000000e+00 0.000000000000000000e+00 0.000000000000000000e+00 0.000000000000000000e+00 0.000000000000000000e+00 0.000000000000000000e+00 0.000000000000000000e+00 0.000000000000000000e+00 0.000000000000000000e+00 0.000000000000000000e+00 0.000000000000000000e+00
0.000000000000000000e+00 0.000000000000000000e+00 0.000000000000000000e+00 0.000000000000000000e+00 0.000000000000000000e+00 0.000000000000000000e+00 0.000000000000000000e+00 0.000000000000000000e+00 0.000000000000000000e+00 0.000000000000000000e+00 0.000000000000000000e+00
0.000000000000000000e+00 0.000000000000000000e+00 0.000000000000000000e+00 0.000000000000000000e+00 0.000000000000000000e+00 0.000000000000000000e+00 0.000000000000000000e+00 0.000000000000000000e+00 0.000000000000000000e+00 0.000000000000000000e+00 0.000000000000000000e+00
0.000000000000000000e+00 0.000000000000000000e+00 0.000000000000000000e+00 0.000000000000000000e+00 0.000000000000000000e+00 0.000000000000000000e+00 0.000000000000000000e+00 0.000000000000000000e+00 0.000000000000000000e+00 0.000000000000000000e+00 0.000000000000000000e+00
0.000000000000000000e+00 0.000000000000000000e+00 0.000000000000000000e+00 0.000000000000000000e+00 0.000000000000000000e+00 0.000000000000000000e+00 0.000000000000000000e+00 0.000000000000000000e+00 0.000000000000000000e+00 0.000000000000000000e+00 0.000000000000000000e+00
0.000000000000000000e+00 0.000000000000000000e+00 0.000000000000000000e+00 0.000000000000000000e+00 0.000000000000000000e+00 0.000000000000000000e+00 0.000000000000000000e+00 0.000000000000000000e+00 0.000000000000000000e+00 0.000000000000000000e+00 0.000000000000000000e+00
0.000000000000000000e+00 0.000000000000000000e+00 0.000000000000000000e+00 0.000000000000000000e+00 0.000000000000000000e+00 0.000000000000000000e+00 0.000000000000000000e+00 0.000000000000000000e+00 0.000000000000000000e+00 0.000000000000000000e+00 0.000000000000000000e+00
0.000000000000000000e+00 0.000000000000000000e+00 0.000000000000000000e+00 0.000000000000000000e+00 0.000000000000000000e+00 0.000000000000000000e+00 0.000000000000000000e+00 0.000000000000000000e+00 0.000000000000000000e+00 0.000000000000000000e+00 0.000000000000000000e+00
0.000000000000000000e+00 0.000000000000000000e+00 0.000000000000000000e+00 0.000000000000000000e+00 0.000000000000000000e+00 0.000000000000000000e+00 0.000000000000000000e+00 0.000000000000000000e+00 0.000000000000000000e+00 0.000000000000000000e+00 0.000000000000000000e+00
0.000000000000000000e+00 0.000000000000000000e+00 0.000000000000000000e+00 0.000000000000000000e+00 0.000000000000000000e+00 0.000000000000000000e+00 0.000000000000000000e+00 0.000000000000000000e+00 0.000000000000000000e+00 0.000000000000000000e+00 0.000000000000000000e+00
0.000000000000000000e+00 0.000000000000000000e+00 0.000000000000000000e+00 0.000000000000000000e+00 0.000000000000000000e+00 0.000000000000000000e+00 0.000000000000000000e+00 0.000000000000000000e+00 0.000000000000000000e+00 0.000000000000000000e+00 0.000000000000000000e+00
0.000000000000000000e+00 0.000000000000000000e+00 0.000000000000000000e+00 0.000000000000000000e+00 0.000000000000000000e+00 0.000000000000000000e+00 0.000000000000000000e+00 0.000000000000000000e+00 0.000000000000000000e+00 0.000000000000000000e+00 0.000000000000000000e+00
0.000000000000000000e+00 0.000000000000000000e+00 0.000000000000000000e+00 0.000000000000000000e+00 0.000000000000000000e+00 0.000000000000000000e+00 0.000000000000000000e+00 0.000000000000000000e+00 0.000000000000000000e+00 0.000000000000000000e+00 0.000000000000000000e+00
0.000000000000000000e+00 0.000000000000000000e+00 0.000000000000000000e+00 0.000000000000000000e+00 0.000000000000000000e+00 0.000000000000000000e+00 0.000000000000000000e+00 0.000000000000000000e+00 0.000000000000000000e+00 0.000000000000000000e+00 0.000000000000000000e+00
0.000000000000000000e+00 0.000000000000000000e+00 0.000000000000000000e+00 0.000000000000000000e+00 0.000000000000000000e+00 0.000000000000000000e+00 0.000000000000000000e+00 0.000000000000000000e+00 0.000000000000000000e+00 0.000000000000000000e+00 0.000000000000000000e+00
0.000000000000000000e+00 0.000000000000000000e+00 0.000000000000000000e+00 0.000000000000000000e+00 0.000000000000000000e+00 0.000000000000000000e+00 0.000000000000000000e+00 0.000000000000000000e+00 0.000000000000000000e+00 0.000000000000000000e+00 0.000000000000000000e+00
0.000000000000000000e+00 0.000000000000000000e+00 0.000000000000000000e+00 0.000000000000000000e+00 0.000000000000000000e+00 0.000000000000000000e+00 0.000000000000000000e+00 0.000000000000000000e+00 0.000000000000000000e+00 0.000000000000000000e+00 0.000000000000000000e+00
0.000000000000000000e+00 0.000000000000000000e+00 0.000000000000000000e+00 0.000000000000000000e+00 0.000000000000000000e+00 0.000000000000000000e+00 0.000000000000000000e+00 0.000000000000000000e+00 0.000000000000000000e+00 0.000000000000000000e+00 0.000000000000000000e+00
0.000000000000000000e+00 0.000000000000000000e+00 0.000000000000000000e+00 0.000000000000000000e+00 0.000000000000000000e+00 0.000000000000000000e+00 0.000000000000000000e+00 0.000000000000000000e+00 0.000000000000000000e+00 0.000000000000000000e+00 0.000000000000000000e+00
0.000000000000000000e+00 0.000000000000000000e+00 0.000000000000000000e+00 0.000000000000000000e+00 0.000000000000000000e+00 0.000000000000000000e+00 0.000000000000000000e+00 0.000000000000000000e+00 0.000000000000000000e+00 0.000000000000000000e+00 0.000000000000000000e+00
0.000000000000000000e+00 0.000000000000000000e+00 0.000000000000000000e+00 0.000000000000000000e+00 0.000000000000000000e+00 0.000000000000000000e+00 0.000000000000000000e+00 0.000000000000000000e+00 0.000000000000000000e+00 0.000000000000000000e+00 0.000000000000000000e+00
0.000000000000000000e+00 0.000000000000000000e+00 0.000000000000000000e+00 0.000000000000000000e+00 0.000000000000000000e+00 0.000000000000000000e+00 0.000000000000000000e+00 0.000000000000000000e+00 0.000000000000000000e+00 0.000000000000000000e+00 0.000000000000000000e+00
0.000000000000000000e+00 0.000000000000000000e+00 0.000000000000000000e+00 0.000000000000000000e+00 0.000000000000000000e+00 0.000000000000000000e+00 0.000000000000000000e+00 0.000000000000000000e+00 0.000000000000000000e+00 0.000000000000000000e+00 0.000000000000000000e+00
0.000000000000000000e+00 0.000000000000000000e+00 0.000000000000000000e+00 0.000000000000000000e+00 0.000000000000000000e+00 0.000000000000000000e+00 0.000000000000000000e+00 0.000000000000000000e+00 0.000000000000000000e+00 0.000000000000000000e+00 0.000000000000000000e+00
0.000000000000000000e+00 0.000000000000000000e+00 0.000000000000000000e+00 0.000000000000000000e+00 0.000000000000000000e+00 0.000000000000000000e+00 0.000000000000000000e+00 0.000000000000000000e+00 0.000000000000000000e+00 0.000000000000000000e+00 0.000000000000000000e+00
0.000000000000000000e+00 0.000000000000000000e+00 0.000000000000000000e+00 0.000000000000000000e+00 0.000000000000000000e+00 0.000000000000000000e+00 0.000000000000000000e+00 0.000000000000000000e+00 0.000000000000000000e+00 0.000000000000000000e+00 0.000000000000000000e+00
0.000000000000000000e+00 0.000000000000000000e+00 0.000000000000000000e+00 0.000000000000000000e+00 0.000000000000000000e+00 0.000000000000000000e+00 0.000000000000000000e+00 0.000000000000000000e+00 0.000000000000000000e+00 0.000000000000000000e+00 0.000000000000000000e+00
0.000000000000000000e+00 0.000000000000000000e+00 0.000000000000000000e+00 0.000000000000000000e+00 0.000000000000000000e+00 0.000000000000000000e+00 0.000000000000000000e+00 0.000000000000000000e+00 0.000000000000000000e+00 0.000000000000000000e+00 0.000000000000000000e+00
0.000000000000000000e+00 0.000000000000000000e+00 0.000000000000000000e+00 0.000000000000000000e+00 0.000000000000000000e+00 0.000000000000000000e+00 0.000000000000000000e+00 0.000000000000000000e+00 0.000000000000000000e+00 0.000000000000000000e+00 0.000000000000000000e+00
0.000000000000000000e+00 0.000000000000000000e+00 0.000000000000000000e+00 0.000000000000000000e+00 0.000000000000000000e+00 0.000000000000000000e+00 0.000000000000000000e+00 0.000000000000000000e+00 0.000000000000000000e+00 0.000000000000000000e+00 0.000000000000000000e+00
0.000000000000000000e+00 0.000000000000000000e+00 0.000000000000000000e+00 0.000000000000000000e+00 0.000000000000000000e+00 0.000000000000000000e+00 0.000000000000000000e+00 0.000000000000000000e+00 0.000000000000000000e+00 0.000000000000000000e+00 0.000000000000000000e+00
0.000000000000000000e+00 0.000000000000000000e+00 0.000000000000000000e+00 0.000000000000000000e+00 0.000000000000000000e+00 0.000000000000000000e+00 0.000000000000000000e+00 0.000000000000000000e+00 0.000000000000000000e+00 0.000000000000000000e+00 0.000000000000000000e+00
0.000000000000000000e+00 0.000000000000000000e+00 0.000000000000000000e+00 0.000000000000000000e+00 0.000000000000000000e+00 0.000000000000000000e+00 0.000000000000000000e+00 0.000000000000000000e+00 0.000000000000000000e+00 0.000000000000000000e+00 0.000000000000000000e+00
0.000000000000000000e+00 0.000000000000000000e+00 0.000000000000000000e+00 0.000000000000000000e+00 0.000000000000000000e+00 0.000000000000000000e+00 0.000000000000000000e+00 0.000000000000000000e+00 0.000000000000000000e+00 0.000000000000000000e+00 0.000000000000000000e+00
0.000000000000000000e+00 0.000000000000000000e+00 0.000000000000000000e+00 0.000000000000000000e+00 0.000000000000000000e+00 0.000000000000000000e+00 0.000000000000000000e+00 0.000000000000000000e+00 0.000000000000000000e+00 0.000000000000000000e+00 0.000000000000000000e+00
0.000000000000000000e+00 0.000000000000000000e+00 0.000000000000000000e+00 0.000000000000000000e+00 0.000000000000000000e+00 0.000000000000000000e+00 0.000000000000000000e+00 0.000000000000000000e+00 0.000000000000000000e+00 0.000000000000000000e+00 0.000000000000000000e+00
0.000000000000000000e+00 0.000000000000000000e+00 0.000000000000000000e+00 0.000000000000000000e+00 0.000000000000000000e+00 0.000000000000000000e+00 0.000000000000000000e+00 0.000000000000000000e+00 0.000000000000000000e+00 0.000000000000000000e+00 0.000000000000000000e+00
0.000000000000000000e+00 0.000000000000000000e+00 0.000000000000000000e+00 0.000000000000000000e+00 0.000000000000000000e+00 0.000000000000000000e+00 0.000000000000000000e+00 0.000000000000000000e+00 0.000000000000000000e+00 0.000000000000000000e+00 0.000000000000000000e+00
0.000000000000000000e+00 0.000000000000000000e+00 0.000000000000000000e+00 0.000000000000000000e+00 0.000000000000000000e+00 0.000000000000000000e+00 0.000000000000000000e+00 0.000000000000000000e+00 0.000000000000000000e+00 0.000000000000000000e+00 0.000000000000000000e+00
0.000000000000000000e+00 0.000000000000000000e+00 0.000000000000000000e+00 0.000000000000000000e+00 0.000000000000000000e+00 0.000000000000000000e+00 0.000000000000000000e+00 0.000000000000000000e+00 0.000000000000000000e+00 0.000000000000000000e+00 0.000000000000000000e+00
0.000000000000000000e+00 0.000000000000000000e+00 0.000000000000000000e+00 0.000000000000000000e+00 0.000000000000000000e+00 0.000000000000000000e+00 0.000000000000000000e+00 0.000000000000000000e+00 0.000000000000000000e+00 0.000000000000000000e+00 0.000000000000000000e+00
0.000000000000000000e+00 0.000000000000000000e+00 0.000000000000000000e+00 0.000000000000000000e+00 0.000000000000000000e+00 0.000000000000000000e+00 0.000000000000000000e+00 0.000000000000000000e+00 0.000000000000000000e+00 0.000000000000000000e+00 0.000000000000000000e+00
0.000000000000000000e+00 0.000000000000000000e+00 0.000000000000000000e+00 0.000000000000000000e+00 0.000000000000000000e+00 0.000000000000000000e+00 0.000000000000000000e+00 0.000000000000000000e+00 0.000000000000000000e+00 0.000000000000000000e+00 0.000000000000000000e+00
0.000000000000000000e+00 0.000000000000000000e+00 0.000000000000000000e+00 0.000000000000000000e+00 0.000000000000000000e+00 0.000000000000000000e+00 0.000000000000000000e+00 0.000000000000000000e+00 0.000000000000000000e+00 0.000000000000000000e+00 0.000000000000000000e+00
0.000000000000000000e+00 0.000000000000000000e+00 0.000000000000000000e+00 0.000000000000000000e+00 0.000000000000000000e+00 0.000000000000000000e+00 0.000000000000000000e+00 0.000000000000000000e+00 0.000000000000000000e+00 0.000000000000000000e+00 0.000000000000000000e+00
0.000000000000000000e+00 0.000000000000000000e+00 0.000000000000000000e+00 0.000000000000000000e+00 0.000000000000000000e+00 0.000000000000000000e+00 0.000000000000000000e+00 0.000000000000000000e+00 0.000000000000000000e+00 0.000000000000000000e+00 0.000000000000000000e+00
0.000000000000000000e+00 0.000000000000000000e+00 0.000000000000000000e+00 0.000000000000000000e+00 0.000000000000000000e+00 0.000000000000000000e+00 0.000000000000000000e+00 0.000000000000000000e+00 0.000000000000000000e+00 0.000000000000000000e+00 0.000000000000000000e+00
0.000000000000000000e+00 0.000000000000000000e+00 0.000000000000000000e+00 0.000000000000000000e+00 0.000000000000000000e+00 0.000000000000000000e+00 0.000000000000000000e+00 0.000000000000000000e+00 0.000000000000000000e+00 0.000000000000000000e+00 0.000000000000000000e+00
0.000000000000000000e+00 0.000000000000000000e+00 0.000000000000000000e+00 0.000000000000000000e+00 0.000000000000000000e+00 0.000000000000000000e+00 0.000000000000000000e+00 0.000000000000000000e+00 0.000000000000000000e+00 0.000000000000000000e+00 0.000000000000000000e+00
0.000000000000000000e+00 0.000000000000000000e+00 0.000000000000000000e+00 0.000000000000000000e+00 0.000000000000000000e+00 0.000000000000000000e+00 0.000000000000000000e+00 0.000000000000000000e+00 0.000000000000000000e+00 0.000000000000000000e+00 0.000000000000000000e+00
0.000000000000000000e+00 0.000000000000000000e+00 0.000000000000000000e+00 0.000000000000000000e+00 0.000000000000000000e+00 0.000000000000000000e+00 0.000000000000000000e+00 0.000000000000000000e+00 0.000000000000000000e+00 0.000000000000000000e+00 0.000000000000000000e+00
0.000000000000000000e+00 0.000000000000000000e+00 0.000000000000000000e+00 0.000000000000000000e+00 0.000000000000000000e+00 0.000000000000000000e+00 0.000000000000000000e+00 0.000000000000000000e+00 0.000000000000000000e+00 0.000000000000000000e+00 0.000000000000000000e+00
0.000000000000000000e+00 0.000000000000000000e+00 0.000000000000000000e+00 0.000000000000000000e+00 0.000000000000000000e+00 0.000000000000000000e+00 0.000000000000000000e+00 0.000000000000000000e+00 0.000000000000000000e+00 0.000000000000000000e+00 0.000000000000000000e+00
0.000000000000000000e+00 0.000000000000000000e+00 0.000000000000000000e+00 0.000000000000000000e+00 0.000000000000000000e+00 0.000000000000000000e+00 0.000000000000000000e+00 0.000000000000000000e+00 0.000000000000000000e+00 0.000000000000000000e+00 0.000000000000000000e+00
0.000000000000000000e+00 0.000000000000000000e+00 0.000000000000000000e+00 0.000000000000000000e+00 0.000000000000000000e+00 0.000000000000000000e+00 0.000000000000000000e+00 0.000000000000000000e+00 0.000000000000000000e+00 0.000000000000000000e+00 0.000000000000000000e+00
0.000000000000000000e+00 0.000000000000000000e+00 0.000000000000000000e+00 0.000000000000000000e+00 0.000000000000000000e+00 0.000000000000000000e+00 0.000000000000000000e+00 0.000000000000000000e+00 0.000000000000000000e+00 0.000000000000000000e+00 0.000000000000000000e+00
0.000000000000000000e+00 0.000000000000000000e+00 0.000000000000000000e+00 0.000000000000000000e+00 0.000000000000000000e+00 0.000000000000000000e+00 0.000000000000000000e+00 0.000000000000000000e+00 0.000000000000000000e+00 0.000000000000000000e+00 0.000000000000000000e+00
0.000000000000000000e+00 0.000000000000000000e+00 0.000000000000000000e+00 0.000000000000000000e+00 0.000000000000000000e+00 0.000000000000000000e+00 0.000000000000000000e+00 0.000000000000000000e+00 0.000000000000000000e+00 0.000000000000000000e+00 0.000000000000000000e+00
0.000000000000000000e+00 0.000000000000000000e+00 0.000000000000000000e+00 0.000000000000000000e+00 0.000000000000000000e+00 0.000000000000000000e+00 0.000000000000000000e+00 0.000000000000000000e+00 0.000000000000000000e+00 0.000000000000000000e+00 0.000000000000000000e+00
0.000000000000000000e+00 0.000000000000000000e+00 0.000000000000000000e+00 0.000000000000000000e+00 0.000000000000000000e+00 0.000000000000000000e+00 0.000000000000000000e+00 0.000000000000000000e+00 0.000000000000000000e+00 0.000000000000000000e+00 0.000000000000000000e+00
0.000000000000000000e+00 0.000000000000000000e+00 0.000000000000000000e+00 0.000000000000000000e+00 0.000000000000000000e+00 0.000000000000000000e+00 0.000000000000000000e+00 0.000000000000000000e+00 0.000000000000000000e+00 0.000000000000000000e+00 0.000000000000000000e+00
0.000000000000000000e+00 0.000000000000000000e+00 0.000000000000000000e+00 0.000000000000000000e+00 0.000000000000000000e+00 0.000000000000000000e+00 0.000000000000000000e+00 0.000000000000000000e+00 0.000000000000000000e+00 0.000000000000000000e+00 0.000000000000000000e+00
0.000000000000000000e+00 0.000000000000000000e+00 0.000000000000000000e+00 0.000000000000000000e+00 0.000000000000000000e+00 0.000000000000000000e+00 0.000000000000000000e+00 0.000000000000000000e+00 0.000000000000000000e+00 0.000000000000000000e+00 0.000000000000000000e+00
0.000000000000000000e+00 0.000000000000000000e+00 0.000000000000000000e+00 0.000000000000000000e+00 0.000000000000000000e+00 0.000000000000000000e+00 0.000000000000000000e+00 0.000000000000000000e+00 0.000000000000000000e+00 0.000000000000000000e+00 0.000000000000000000e+00
0.000000000000000000e+00 0.000000000000000000e+00 0.000000000000000000e+00 0.000000000000000000e+00 0.000000000000000000e+00 0.000000000000000000e+00 0.000000000000000000e+00 0.000000000000000000e+00 0.000000000000000000e+00 0.000000000000000000e+00 0.000000000000000000e+00
0.000000000000000000e+00 0.000000000000000000e+00 0.000000000000000000e+00 0.000000000000000000e+00 0.000000000000000000e+00 0.000000000000000000e+00 0.000000000000000000e+00 0.000000000000000000e+00 0.000000000000000000e+00 0.000000000000000000e+00 0.000000000000000000e+00
0.000000000000000000e+00 0.000000000000000000e+00 0.000000000000000000e+00 0.000000000000000000e+00 0.000000000000000000e+00 0.000000000000000000e+00 0.000000000000000000e+00 0.000000000000000000e+00 0.000000000000000000e+00 0.000000000000000000e+00 0.000000000000000000e+00
0.000000000000000000e+00 0.000000000000000000e+00 0.000000000000000000e+00 0.000000000000000000e+00 0.000000000000000000e+00 0.000000000000000000e+00 0.000000000000000000e+00 0.000000000000000000e+00 0.000000000000000000e+00 0.000000000000000000e+00 0.000000000000000000e+00
0.000000000000000000e+00 0.000000000000000000e+00 0.000000000000000000e+00 0.000000000000000000e+00 0.000000000000000000e+00 0.000000000000000000e+00 0.000000000000000000e+00 0.000000000000000000e+00 0.000000000000000000e+00 0.000000000000000000e+00 0.000000000000000000e+00
0.000000000000000000e+00 0.000000000000000000e+00 0.000000000000000000e+00 0.000000000000000000e+00 0.000000000000000000e+00 0.000000000000000000e+00 0.000000000000000000e+00 0.000000000000000000e+00 0.000000000000000000e+00 0.000000000000000000e+00 0.000000000000000000e+00
0.000000000000000000e+00 0.000000000000000000e+00 0.000000000000000000e+00 0.000000000000000000e+00 0.000000000000000000e+00 0.000000000000000000e+00 0.000000000000000000e+00 0.000000000000000000e+00 0.000000000000000000e+00 0.000000000000000000e+00 0.000000000000000000e+00
0.000000000000000000e+00 0.000000000000000000e+00 0.000000000000000000e+00 0.000000000000000000e+00 0.000000000000000000e+00 0.000000000000000000e+00 0.000000000000000000e+00 0.000000000000000000e+00 0.000000000000000000e+00 0.000000000000000000e+00 0.000000000000000000e+00
0.000000000000000000e+00 0.000000000000000000e+00 0.000000000000000000e+00 0.000000000000000000e+00 0.000000000000000000e+00 0.000000000000000000e+00 0.000000000000000000e+00 0.000000000000000000e+00 0.000000000000000000e+00 0.000000000000000000e+00 0.000000000000000000e+00
0.000000000000000000e+00 0.000000000000000000e+00 0.000000000000000000e+00 0.000000000000000000e+00 0.000000000000000000e+00 0.000000000000000000e+00 0.000000000000000000e+00 0.000000000000000000e+00 0.000000000000000000e+00 0.000000000000000000e+00 0.000000000000000000e+00
0.000000000000000000e+00 0.000000000000000000e+00 0.000000000000000000e+00 0.000000000000000000e+00 0.000000000000000000e+00 0.000000000000000000e+00 0.000000000000000000e+00 0.000000000000000000e+00 0.000000000000000000e+00 0.000000000000000000e+00 0.000000000000000000e+00
0.000000000000000000e+00 0.000000000000000000e+00 0.000000000000000000e+00 0.000000000000000000e+00 0.000000000000000000e+00 0.000000000000000000e+00 0.000000000000000000e+00 0.000000000000000000e+00 0.000000000000000000e+00 0.000000000000000000e+00 0.000000000000000000e+00
0.000000000000000000e+00 0.000000000000000000e+00 0.000000000000000000e+00 0.000000000000000000e+00 0.000000000000000000e+00 0.000000000000000000e+00 0.000000000000000000e+00 0.000000000000000000e+00 0.000000000000000000e+00 0.000000000000000000e+00 0.000000000000000000e+00
0.000000000000000000e+00 0.000000000000000000e+00 0.000000000000000000e+00 0.000000000000000000e+00 0.000000000000000000e+00 0.000000000000000000e+00 0.000000000000000000e+00 0.000000000000000000e+00 0.000000000000000000e+00 0.000000000000000000e+00 0.000000000000000000e+00
0.000000000000000000e+00 0.000000000000000000e+00 0.000000000000000000e+00 0.000000000000000000e+00 0.000000000000000000e+00 0.000000000000000000e+00 0.000000000000000000e+00 0.000000000000000000e+00 0.000000000000000000e+00 0.000000000000000000e+00 0.000000000000000000e+00
0.000000000000000000e+00 0.000000000000000000e+00 0.000000000000000000e+00 0.000000000000000000e+00 0.000000000000000000e+00 0.000000000000000000e+00 0.000000000000000000e+00 0.000000000000000000e+00 0.000000000000000000e+00 0.000000000000000000e+00 0.000000000000000000e+00
0.000000000000000000e+00 0.000000000000000000e+00 0.000000000000000000e+00 0.000000000000000000e+00 0.000000000000000000e+00 0.000000000000000000e+00 0.000000000000000000e+00 0.000000000000000000e+00 0.000000000000000000e+00 0.000000000000000000e+00 0.000000000000000000e+00
0.000000000000000000e+00 0.000000000000000000e+00 0.000000000000000000e+00 0.000000000000000000e+00 0.000000000000000000e+00 0.000000000000000000e+00 0.000000000000000000e+00 0.000000000000000000e+00 0.000000000000000000e+00 0.000000000000000000e+00 0.000000000000000000e+00
0.000000000000000000e+00 0.000000000000000000e+00 0.000000000000000000e+00 0.000000000000000000e+00 0.000000000000000000e+00 0.000000000000000000e+00 0.000000000000000000e+00 0.000000000000000000e+00 0.000000000000000000e+00 0.000000000000000000e+00 0.000000000000000000e+00
0.000000000000000000e+00 0.000000000000000000e+00 0.000000000000000000e+00 0.000000000000000000e+00 0.000000000000000000e+00 0.000000000000000000e+00 0.000000000000000000e+00 0.000000000000000000e+00 0.000000000000000000e+00 0.000000000000000000e+00 0.000000000000000000e+00
0.000000000000000000e+00 0.000000000000000000e+00 0.000000000000000000e+00 0.000000000000000000e+00 0.000000000000000000e+00 0.000000000000000000e+00 0.000000000000000000e+00 0.000000000000000000e+00 0.000000000000000000e+00 0.000000000000000000e+00 0.000000000000000000e+00
0.000000000000000000e+00 0.000000000000000000e+00 0.000000000000000000e+00 0.000000000000000000e+00 0.000000000000000000e+00 0.000000000000000000e+00 0.000000000000000000e+00 0.000000000000000000e+00 0.000000000000000000e+00 0.000000000000000000e+00 0.000000000000000000e+00
0.000000000000000000e+00 0.000000000000000000e+00 0.000000000000000000e+00 0.000000000000000000e+00 0.000000000000000000e+00 0.000000000000000000e+00 0.000000000000000000e+00 0.000000000000000000e+00 0.000000000000000000e+00 0.000000000000000000e+00 0.000000000000000000e+00
0.000000000000000000e+00 0.000000000000000000e+00 0.000000000000000000e+00 0.000000000000000000e+00 0.000000000000000000e+00 0.000000000000000000e+00 0.000000000000000000e+00 0.000000000000000000e+00 0.000000000000000000e+00 0.000000000000000000e+00 0.000000000000000000e+00
0.000000000000000000e+00 0.000000000000000000e+00 0.000000000000000000e+00 0.000000000000000000e+00 0.000000000000000000e+00 0.000000000000000000e+00 0.000000000000000000e+00 0.000000000000000000e+00 0.000000000000000000e+00 0.000000000000000000e+00 0.000000000000000000e+00
0.000000000000000000e+00 0.000000000000000000e+00 0.000000000000000000e+00 0.000000000000000000e+00 0.000000000000000000e+00 0.000000000000000000e+00 0.000000000000000000e+00 0.000000000000000000e+00 0.000000000000000000e+00 0.000000000000000000e+00 0.000000000000000000e+00
0.000000000000000000e+00 0.000000000000000000e+00 0.000000000000000000e+00 0.000000000000000000e+00 0.000000000000000000e+00 0.000000000000000000e+00 0.000000000000000000e+00 0.000000000000000000e+00 0.000000000000000000e+00 0.000000000000000000e+00 0.000000000000000000e+00
0.000000000000000000e+00 0.000000000000000000e+00 0.000000000000000000e+00 0.000000000000000000e+00 0.000000000000000000e+00 0.000000000000000000e+00 0.000000000000000000e+00 0.000000000000000000e+00 0.000000000000000000e+00 0.000000000000000000e+00 0.000000000000000000e+00
0.000000000000000000e+00 0.000000000000000000e+00 0.000000000000000000e+00 0.000000000000000000e+00 0.000000000000000000e+00 0.000000000000000000e+00 0.000000000000000000e+00 0.000000000000000000e+00 0.000000000000000000e+00 0.000000000000000000e+00 0.000000000000000000e+00
0.000000000000000000e+00 0.000000000000000000e+00 0.000000000000000000e+00 0.000000000000000000e+00 0.000000000000000000e+00 0.000000000000000000e+00 0.000000000000000000e+00 0.000000000000000000e+00 0.000000000000000000e+00 0.000000000000000000e+00 0.000000000000000000e+00
0.000000000000000000e+00 0.000000000000000000e+00 0.000000000000000000e+00 0.000000000000000000e+00 0.000000000000000000e+00 0.000000000000000000e+00 0.000000000000000000e+00 0.000000000000000000e+00 0.000000000000000000e+00 0.000000000000000000e+00 0.000000000000000000e+00
0.000000000000000000e+00 0.000000000000000000e+00 0.000000000000000000e+00 0.000000000000000000e+00 0.000000000000000000e+00 0.000000000000000000e+00 0.000000000000000000e+00 0.000000000000000000e+00 0.000000000000000000e+00 0.000000000000000000e+00 0.000000000000000000e+00
0.000000000000000000e+00 0.000000000000000000e+00 0.000000000000000000e+00 0.000000000000000000e+00 0.000000000000000000e+00 0.000000000000000000e+00 0.000000000000000000e+00 0.000000000000000000e+00 0.000000000000000000e+00 0.000000000000000000e+00 0.000000000000000000e+00
0.000000000000000000e+00 0.000000000000000000e+00 0.000000000000000000e+00 0.000000000000000000e+00 0.000000000000000000e+00 0.000000000000000000e+00 0.000000000000000000e+00 0.000000000000000000e+00 0.000000000000000000e+00 0.000000000000000000e+00 0.000000000000000000e+00
0.000000000000000000e+00 0.000000000000000000e+00 0.000000000000000000e+00 0.000000000000000000e+00 0.000000000000000000e+00 0.000000000000000000e+00 0.000000000000000000e+00 0.000000000000000000e+00 0.000000000000000000e+00 0.000000000000000000e+00 0.000000000000000000e+00
0.000000000000000000e+00 0.000000000000000000e+00 0.000000000000000000e+00 0.000000000000000000e+00 0.000000000000000000e+00 0.000000000000000000e+00 0.000000000000000000e+00 0.000000000000000000e+00 0.000000000000000000e+00 0.000000000000000000e+00 0.000000000000000000e+00
0.000000000000000000e+00 0.000000000000000000e+00 0.000000000000000000e+00 0.000000000000000000e+00 0.000000000000000000e+00 0.000000000000000000e+00 0.000000000000000000e+00 0.000000000000000000e+00 0.000000000000000000e+00 0.000000000000000000e+00 0.000000000000000000e+00
0.000000000000000000e+00 0.000000000000000000e+00 0.000000000000000000e+00 0.000000000000000000e+00 0.000000000000000000e+00 0.000000000000000000e+00 0.000000000000000000e+00 0.000000000000000000e+00 0.000000000000000000e+00 0.000000000000000000e+00 0.000000000000000000e+00
0.000000000000000000e+00 0.000000000000000000e+00 0.000000000000000000e+00 0.000000000000000000e+00 0.000000000000000000e+00 0.000000000000000000e+00 0.000000000000000000e+00 0.000000000000000000e+00 0.000000000000000000e+00 0.000000000000000000e+00 0.000000000000000000e+00
0.000000000000000000e+00 0.000000000000000000e+00 0.000000000000000000e+00 0.000000000000000000e+00 0.000000000000000000e+00 0.000000000000000000e+00 0.000000000000000000e+00 0.000000000000000000e+00 0.000000000000000000e+00 0.000000000000000000e+00 0.000000000000000000e+00
0.000000000000000000e+00 0.000000000000000000e+00 0.000000000000000000e+00 0.000000000000000000e+00 0.000000000000000000e+00 0.000000000000000000e+00 0.000000000000000000e+00 0.000000000000000000e+00 0.000000000000000000e+00 0.000000000000000000e+00 0.000000000000000000e+00
0.000000000000000000e+00 0.000000000000000000e+00 0.000000000000000000e+00 0.000000000000000000e+00 0.000000000000000000e+00 0.000000000000000000e+00 0.000000000000000000e+00 0.000000000000000000e+00 0.000000000000000000e+00 0.000000000000000000e+00 0.000000000000000000e+00
0.000000000000000000e+00 0.000000000000000000e+00 0.000000000000000000e+00 0.000000000000000000e+00 0.000000000000000000e+00 0.000000000000000000e+00 0.000000000000000000e+00 0.000000000000000000e+00 0.000000000000000000e+00 0.000000000000000000e+00 0.000000000000000000e+00
0.000000000000000000e+00 0.000000000000000000e+00 0.000000000000000000e+00 0.000000000000000000e+00 0.000000000000000000e+00 0.000000000000000000e+00 0.000000000000000000e+00 0.000000000000000000e+00 0.000000000000000000e+00 0.000000000000000000e+00 0.000000000000000000e+00
0.000000000000000000e+00 0.000000000000000000e+00 0.000000000000000000e+00 0.000000000000000000e+00 0.000000000000000000e+00 0.000000000000000000e+00 0.000000000000000000e+00 0.000000000000000000e+00 0.000000000000000000e+00 0.000000000000000000e+00 0.000000000000000000e+00
0.000000000000000000e+00 0.000000000000000000e+00 0.000000000000000000e+00 0.000000000000000000e+00 0.000000000000000000e+00 0.000000000000000000e+00 0.000000000000000000e+00 0.000000000000000000e+00 0.000000000000000000e+00 0.000000000000000000e+00 0.000000000000000000e+00
0.000000000000000000e+00 0.000000000000000000e+00 0.000000000000000000e+00 0.000000000000000000e+00 0.000000000000000000e+00 0.000000000000000000e+00 0.000000000000000000e+00 0.000000000000000000e+00 0.000000000000000000e+00 0.000000000000000000e+00 0.000000000000000000e+00
0.000000000000000000e+00 0.000000000000000000e+00 0.000000000000000000e+00 0.000000000000000000e+00 0.000000000000000000e+00 0.000000000000000000e+00 0.000000000000000000e+00 0.000000000000000000e+00 0.000000000000000000e+00 0.000000000000000000e+00 0.000000000000000000e+00
0.000000000000000000e+00 0.000000000000000000e+00 0.000000000000000000e+00 0.000000000000000000e+00 0.000000000000000000e+00 0.000000000000000000e+00 0.000000000000000000e+00 0.000000000000000000e+00 0.000000000000000000e+00 0.000000000000000000e+00 0.000000000000000000e+00
0.000000000000000000e+00 0.000000000000000000e+00 0.000000000000000000e+00 0.000000000000000000e+00 0.000000000000000000e+00 0.000000000000000000e+00 0.000000000000000000e+00 0.000000000000000000e+00 0.000000000000000000e+00 0.000000000000000000e+00 0.000000000000000000e+00
0.000000000000000000e+00 0.000000000000000000e+00 0.000000000000000000e+00 0.000000000000000000e+00 0.000000000000000000e+00 0.000000000000000000e+00 0.000000000000000000e+00 0.000000000000000000e+00 0.000000000000000000e+00 0.000000000000000000e+00 0.000000000000000000e+00
0.000000000000000000e+00 0.000000000000000000e+00 0.000000000000000000e+00 0.000000000000000000e+00 0.000000000000000000e+00 0.000000000000000000e+00 0.000000000000000000e+00 0.000000000000000000e+00 0.000000000000000000e+00 0.000000000000000000e+00 0.000000000000000000e+00
0.000000000000000000e+00 0.000000000000000000e+00 0.000000000000000000e+00 0.000000000000000000e+00 0.000000000000000000e+00 0.000000000000000000e+00 0.000000000000000000e+00 0.000000000000000000e+00 0.000000000000000000e+00 0.000000000000000000e+00 0.000000000000000000e+00
0.000000000000000000e+00 0.000000000000000000e+00 0.000000000000000000e+00 0.000000000000000000e+00 0.000000000000000000e+00 0.000000000000000000e+00 0.000000000000000000e+00 0.000000000000000000e+00 0.000000000000000000e+00 0.000000000000000000e+00 0.000000000000000000e+00
0.000000000000000000e+00 0.000000000000000000e+00 0.000000000000000000e+00 0.000000000000000000e+00 0.000000000000000000e+00 0.000000000000000000e+00 0.000000000000000000e+00 0.000000000000000000e+00 0.000000000000000000e+00 0.000000000000000000e+00 0.000000000000000000e+00
0.000000000000000000e+00 0.000000000000000000e+00 0.000000000000000000e+00 0.000000000000000000e+00 0.000000000000000000e+00 0.000000000000000000e+00 0.000000000000000000e+00 0.000000000000000000e+00 0.000000000000000000e+00 0.000000000000000000e+00 0.000000000000000000e+00
0.000000000000000000e+00 0.000000000000000000e+00 0.000000000000000000e+00 0.000000000000000000e+00 0.000000000000000000e+00 0.000000000000000000e+00 0.000000000000000000e+00 0.000000000000000000e+00 0.000000000000000000e+00 0.000000000000000000e+00 0.000000000000000000e+00
0.000000000000000000e+00 0.000000000000000000e+00 0.000000000000000000e+00 0.000000000000000000e+00 0.000000000000000000e+00 0.000000000000000000e+00 0.000000000000000000e+00 0.000000000000000000e+00 0.000000000000000000e+00 0.000000000000000000e+00 0.000000000000000000e+00
0.000000000000000000e+00 0.000000000000000000e+00 0.000000000000000000e+00 0.000000000000000000e+00 0.000000000000000000e+00 0.000000000000000000e+00 0.000000000000000000e+00 0.000000000000000000e+00 0.000000000000000000e+00 0.000000000000000000e+00 0.000000000000000000e+00
0.000000000000000000e+00 0.000000000000000000e+00 0.000000000000000000e+00 0.000000000000000000e+00 0.000000000000000000e+00 0.000000000000000000e+00 0.000000000000000000e+00 0.000000000000000000e+00 0.000000000000000000e+00 0.000000000000000000e+00 0.000000000000000000e+00
0.000000000000000000e+00 0.000000000000000000e+00 0.000000000000000000e+00 0.000000000000000000e+00 0.000000000000000000e+00 0.000000000000000000e+00 0.000000000000000000e+00 0.000000000000000000e+00 0.000000000000000000e+00 0.000000000000000000e+00 0.000000000000000000e+00
0.000000000000000000e+00 0.000000000000000000e+00 0.000000000000000000e+00 0.000000000000000000e+00 0.000000000000000000e+00 0.000000000000000000e+00 0.000000000000000000e+00 0.000000000000000000e+00 0.000000000000000000e+00 0.000000000000000000e+00 0.000000000000000000e+00
0.000000000000000000e+00 0.000000000000000000e+00 0.000000000000000000e+00 0.000000000000000000e+00 0.000000000000000000e+00 0.000000000000000000e+00 0.000000000000000000e+00 0.000000000000000000e+00 0.000000000000000000e+00 0.000000000000000000e+00 0.000000000000000000e+00
0.000000000000000000e+00 0.000000000000000000e+00 0.000000000000000000e+00 0.000000000000000000e+00 0.000000000000000000e+00 0.000000000000000000e+00 0.000000000000000000e+00 0.000000000000000000e+00 0.000000000000000000e+00 0.000000000000000000e+00 0.000000000000000000e+00
0.000000000000000000e+00 0.000000000000000000e+00 0.000000000000000000e+00 0.000000000000000000e+00 0.000000000000000000e+00 0.000000000000000000e+00 0.000000000000000000e+00 0.000000000000000000e+00 0.000000000000000000e+00 0.000000000000000000e+00 0.000000000000000000e+00
0.000000000000000000e+00 0.000000000000000000e+00 0.000000000000000000e+00 0.000000000000000000e+00 0.000000000000000000e+00 0.000000000000000000e+00 0.000000000000000000e+00 0.000000000000000000e+00 0.000000000000000000e+00 0.000000000000000000e+00 0.000000000000000000e+00
0.000000000000000000e+00 0.000000000000000000e+00 0.000000000000000000e+00 0.000000000000000000e+00 0.000000000000000000e+00 0.000000000000000000e+00 0.000000000000000000e+00 0.000000000000000000e+00 0.000000000000000000e+00 0.000000000000000000e+00 0.000000000000000000e+00
0.000000000000000000e+00 0.000000000000000000e+00 0.000000000000000000e+00 0.000000000000000000e+00 0.000000000000000000e+00 0.000000000000000000e+00 0.000000000000000000e+00 0.000000000000000000e+00 0.000000000000000000e+00 0.000000000000000000e+00 0.000000000000000000e+00
0.000000000000000000e+00 0.000000000000000000e+00 0.000000000000000000e+00 0.000000000000000000e+00 0.000000000000000000e+00 0.000000000000000000e+00 0.000000000000000000e+00 0.000000000000000000e+00 0.000000000000000000e+00 0.000000000000000000e+00 0.000000000000000000e+00
0.000000000000000000e+00 0.000000000000000000e+00 0.000000000000000000e+00 0.000000000000000000e+00 0.000000000000000000e+00 0.000000000000000000e+00 0.000000000000000000e+00 0.000000000000000000e+00 0.000000000000000000e+00 0.000000000000000000e+00 0.000000000000000000e+00
0.000000000000000000e+00 0.000000000000000000e+00 0.000000000000000000e+00 0.000000000000000000e+00 0.000000000000000000e+00 0.000000000000000000e+00 0.000000000000000000e+00 0.000000000000000000e+00 0.000000000000000000e+00 0.000000000000000000e+00 0.000000000000000000e+00
0.000000000000000000e+00 0.000000000000000000e+00 0.000000000000000000e+00 0.000000000000000000e+00 0.000000000000000000e+00 0.000000000000000000e+00 0.000000000000000000e+00 0.000000000000000000e+00 0.000000000000000000e+00 0.000000000000000000e+00 0.000000000000000000e+00
0.000000000000000000e+00 0.000000000000000000e+00 0.000000000000000000e+00 0.000000000000000000e+00 0.000000000000000000e+00 0.000000000000000000e+00 0.000000000000000000e+00 0.000000000000000000e+00 0.000000000000000000e+00 0.000000000000000000e+00 0.000000000000000000e+00
0.000000000000000000e+00 0.000000000000000000e+00 0.000000000000000000e+00 0.000000000000000000e+00 0.000000000000000000e+00 0.000000000000000000e+00 0.000000000000000000e+00 0.000000000000000000e+00 0.000000000000000000e+00 0.000000000000000000e+00 0.000000000000000000e+00
0.000000000000000000e+00 0.000000000000000000e+00 0.000000000000000000e+00 0.000000000000000000e+00 0.000000000000000000e+00 0.000000000000000000e+00 0.000000000000000000e+00 0.000000000000000000e+00 0.000000000000000000e+00 0.000000000000000000e+00 0.000000000000000000e+00
0.000000000000000000e+00 0.000000000000000000e+00 0.000000000000000000e+00 0.000000000000000000e+00 0.000000000000000000e+00 0.000000000000000000e+00 0.000000000000000000e+00 0.000000000000000000e+00 0.000000000000000000e+00 0.000000000000000000e+00 0.000000000000000000e+00
0.000000000000000000e+00 0.000000000000000000e+00 0.000000000000000000e+00 0.000000000000000000e+00 0.000000000000000000e+00 0.000000000000000000e+00 0.000000000000000000e+00 0.000000000000000000e+00 0.000000000000000000e+00 0.000000000000000000e+00 0.000000000000000000e+00
0.000000000000000000e+00 0.000000000000000000e+00 0.000000000000000000e+00 0.000000000000000000e+00 0.000000000000000000e+00 0.000000000000000000e+00 0.000000000000000000e+00 0.000000000000000000e+00 0.000000000000000000e+00 0.000000000000000000e+00 0.000000000000000000e+00
0.000000000000000000e+00 0.000000000000000000e+00 0.000000000000000000e+00 0.000000000000000000e+00 0.000000000000000000e+00 0.000000000000000000e+00 0.000000000000000000e+00 0.000000000000000000e+00 0.000000000000000000e+00 0.000000000000000000e+00 0.000000000000000000e+00
0.000000000000000000e+00 0.000000000000000000e+00 0.000000000000000000e+00 0.000000000000000000e+00 0.000000000000000000e+00 0.000000000000000000e+00 0.000000000000000000e+00 0.000000000000000000e+00 0.000000000000000000e+00 0.000000000000000000e+00 0.000000000000000000e+00
0.000000000000000000e+00 0.000000000000000000e+00 0.000000000000000000e+00 0.000000000000000000e+00 0.000000000000000000e+00 0.000000000000000000e+00 0.000000000000000000e+00 0.000000000000000000e+00 0.000000000000000000e+00 0.000000000000000000e+00 0.000000000000000000e+00
0.000000000000000000e+00 0.000000000000000000e+00 0.000000000000000000e+00 0.000000000000000000e+00 0.000000000000000000e+00 0.000000000000000000e+00 0.000000000000000000e+00 0.000000000000000000e+00 0.000000000000000000e+00 0.000000000000000000e+00 0.000000000000000000e+00
0.000000000000000000e+00 0.000000000000000000e+00 0.000000000000000000e+00 0.000000000000000000e+00 0.000000000000000000e+00 0.000000000000000000e+00 0.000000000000000000e+00 0.000000000000000000e+00 0.000000000000000000e+00 0.000000000000000000e+00 0.000000000000000000e+00
0.000000000000000000e+00 0.000000000000000000e+00 0.000000000000000000e+00 0.000000000000000000e+00 0.000000000000000000e+00 0.000000000000000000e+00 0.000000000000000000e+00 0.000000000000000000e+00 0.000000000000000000e+00 0.000000000000000000e+00 0.000000000000000000e+00
0.000000000000000000e+00 0.000000000000000000e+00 0.000000000000000000e+00 0.000000000000000000e+00 0.000000000000000000e+00 0.000000000000000000e+00 0.000000000000000000e+00 0.000000000000000000e+00 0.000000000000000000e+00 0.000000000000000000e+00 0.000000000000000000e+00
0.000000000000000000e+00 0.000000000000000000e+00 0.000000000000000000e+00 0.000000000000000000e+00 0.000000000000000000e+00 0.000000000000000000e+00 0.000000000000000000e+00 0.000000000000000000e+00 0.000000000000000000e+00 0.000000000000000000e+00 0.000000000000000000e+00
0.000000000000000000e+00 0.000000000000000000e+00 0.000000000000000000e+00 0.000000000000000000e+00 0.000000000000000000e+00 0.000000000000000000e+00 0.000000000000000000e+00 0.000000000000000000e+00 0.000000000000000000e+00 0.000000000000000000e+00 0.000000000000000000e+00
0.000000000000000000e+00 0.000000000000000000e+00 0.000000000000000000e+00 0.000000000000000000e+00 0.000000000000000000e+00 0.000000000000000000e+00 0.000000000000000000e+00 0.000000000000000000e+00 0.000000000000000000e+00 0.000000000000000000e+00 0.000000000000000000e+00
0.000000000000000000e+00 0.000000000000000000e+00 0.000000000000000000e+00 0.000000000000000000e+00 0.000000000000000000e+00 0.000000000000000000e+00 0.000000000000000000e+00 0.000000000000000000e+00 0.000000000000000000e+00 0.000000000000000000e+00 0.000000000000000000e+00
0.000000000000000000e+00 0.000000000000000000e+00 0.000000000000000000e+00 0.000000000000000000e+00 0.000000000000000000e+00 0.000000000000000000e+00 0.000000000000000000e+00 0.000000000000000000e+00 0.000000000000000000e+00 0.000000000000000000e+00 0.000000000000000000e+00
0.000000000000000000e+00 0.000000000000000000e+00 0.000000000000000000e+00 0.000000000000000000e+00 0.000000000000000000e+00 0.000000000000000000e+00 0.000000000000000000e+00 0.000000000000000000e+00 0.000000000000000000e+00 0.000000000000000000e+00 0.000000000000000000e+00
0.000000000000000000e+00 0.000000000000000000e+00 0.000000000000000000e+00 0.000000000000000000e+00 0.000000000000000000e+00 0.000000000000000000e+00 0.000000000000000000e+00 0.000000000000000000e+00 0.000000000000000000e+00 0.000000000000000000e+00 0.000000000000000000e+00
0.000000000000000000e+00 0.000000000000000000e+00 0.000000000000000000e+00 0.000000000000000000e+00 0.000000000000000000e+00 0.000000000000000000e+00 0.000000000000000000e+00 0.000000000000000000e+00 0.000000000000000000e+00 0.000000000000000000e+00 0.000000000000000000e+00
0.000000000000000000e+00 0.000000000000000000e+00 0.000000000000000000e+00 0.000000000000000000e+00 0.000000000000000000e+00 0.000000000000000000e+00 0.000000000000000000e+00 0.000000000000000000e+00 0.000000000000000000e+00 0.000000000000000000e+00 0.000000000000000000e+00
0.000000000000000000e+00 0.000000000000000000e+00 0.000000000000000000e+00 0.000000000000000000e+00 0.000000000000000000e+00 0.000000000000000000e+00 0.000000000000000000e+00 0.000000000000000000e+00 0.000000000000000000e+00 0.000000000000000000e+00 0.000000000000000000e+00
0.000000000000000000e+00 0.000000000000000000e+00 0.000000000000000000e+00 0.000000000000000000e+00 0.000000000000000000e+00 0.000000000000000000e+00 0.000000000000000000e+00 0.000000000000000000e+00 0.000000000000000000e+00 0.000000000000000000e+00 0.000000000000000000e+00
0.000000000000000000e+00 0.000000000000000000e+00 0.000000000000000000e+00 0.000000000000000000e+00 0.000000000000000000e+00 0.000000000000000000e+00 0.000000000000000000e+00 0.000000000000000000e+00 0.000000000000000000e+00 0.000000000000000000e+00 0.000000000000000000e+00
0.000000000000000000e+00 0.000000000000000000e+00 0.000000000000000000e+00 0.000000000000000000e+00 0.000000000000000000e+00 0.000000000000000000e+00 0.000000000000000000e+00 0.000000000000000000e+00 0.000000000000000000e+00 0.000000000000000000e+00 0.000000000000000000e+00
0.000000000000000000e+00 0.000000000000000000e+00 0.000000000000000000e+00 0.000000000000000000e+00 0.000000000000000000e+00 0.000000000000000000e+00 0.000000000000000000e+00 0.000000000000000000e+00 0.000000000000000000e+00 0.000000000000000000e+00 0.000000000000000000e+00
0.000000000000000000e+00 0.000000000000000000e+00 0.000000000000000000e+00 0.000000000000000000e+00 0.000000000000000000e+00 0.000000000000000000e+00 0.000000000000000000e+00 0.000000000000000000e+00 0.000000000000000000e+00 0.000000000000000000e+00 0.000000000000000000e+00
0.000000000000000000e+00 0.000000000000000000e+00 0.000000000000000000e+00 0.000000000000000000e+00 0.000000000000000000e+00 0.000000000000000000e+00 0.000000000000000000e+00 0.000000000000000000e+00 0.000000000000000000e+00 0.000000000000000000e+00 0.000000000000000000e+00
0.000000000000000000e+00 0.000000000000000000e+00 0.000000000000000000e+00 0.000000000000000000e+00 0.000000000000000000e+00 0.000000000000000000e+00 0.000000000000000000e+00 0.000000000000000000e+00 0.000000000000000000e+00 0.000000000000000000e+00 0.000000000000000000e+00
0.000000000000000000e+00 0.000000000000000000e+00 0.000000000000000000e+00 0.000000000000000000e+00 0.000000000000000000e+00 0.000000000000000000e+00 0.000000000000000000e+00 0.000000000000000000e+00 0.000000000000000000e+00 0.000000000000000000e+00 0.000000000000000000e+00
0.000000000000000000e+00 0.000000000000000000e+00 0.000000000000000000e+00 0.000000000000000000e+00 0.000000000000000000e+00 0.000000000000000000e+00 0.000000000000000000e+00 0.000000000000000000e+00 0.000000000000000000e+00 0.000000000000000000e+00 0.000000000000000000e+00
0.000000000000000000e+00 0.000000000000000000e+00 0.000000000000000000e+00 0.000000000000000000e+00 0.000000000000000000e+00 0.000000000000000000e+00 0.000000000000000000e+00 0.000000000000000000e+00 0.000000000000000000e+00 0.000000000000000000e+00 0.000000000000000000e+00
0.000000000000000000e+00 0.000000000000000000e+00 0.000000000000000000e+00 0.000000000000000000e+00 0.000000000000000000e+00 0.000000000000000000e+00 0.000000000000000000e+00 0.000000000000000000e+00 0.000000000000000000e+00 0.000000000000000000e+00 0.000000000000000000e+00
0.000000000000000000e+00 0.000000000000000000e+00 0.000000000000000000e+00 0.000000000000000000e+00 0.000000000000000000e+00 0.000000000000000000e+00 0.000000000000000000e+00 0.000000000000000000e+00 0.000000000000000000e+00 0.000000000000000000e+00 0.000000000000000000e+00
0.000000000000000000e+00 0.000000000000000000e+00 0.000000000000000000e+00 0.000000000000000000e+00 0.000000000000000000e+00 0.000000000000000000e+00 0.000000000000000000e+00 0.000000000000000000e+00 0.000000000000000000e+00 0.000000000000000000e+00 0.000000000000000000e+00
0.000000000000000000e+00 0.000000000000000000e+00 0.000000000000000000e+00 0.000000000000000000e+00 0.000000000000000000e+00 0.000000000000000000e+00 0.000000000000000000e+00 0.000000000000000000e+00 0.000000000000000000e+00 0.000000000000000000e+00 0.000000000000000000e+00
0.000000000000000000e+00 0.000000000000000000e+00 0.000000000000000000e+00 0.000000000000000000e+00 0.000000000000000000e+00 0.000000000000000000e+00 0.000000000000000000e+00 0.000000000000000000e+00 0.000000000000000000e+00 0.000000000000000000e+00 0.000000000000000000e+00
0.000000000000000000e+00 0.000000000000000000e+00 0.000000000000000000e+00 0.000000000000000000e+00 0.000000000000000000e+00 0.000000000000000000e+00 0.000000000000000000e+00 0.000000000000000000e+00 0.000000000000000000e+00 0.000000000000000000e+00 0.000000000000000000e+00
0.000000000000000000e+00 0.000000000000000000e+00 0.000000000000000000e+00 0.000000000000000000e+00 0.000000000000000000e+00 0.000000000000000000e+00 0.000000000000000000e+00 0.000000000000000000e+00 0.000000000000000000e+00 0.000000000000000000e+00 0.000000000000000000e+00
0.000000000000000000e+00 0.000000000000000000e+00 0.000000000000000000e+00 0.000000000000000000e+00 0.000000000000000000e+00 0.000000000000000000e+00 0.000000000000000000e+00 0.000000000000000000e+00 0.000000000000000000e+00 0.000000000000000000e+00 0.000000000000000000e+00
0.000000000000000000e+00 0.000000000000000000e+00 0.000000000000000000e+00 0.000000000000000000e+00 0.000000000000000000e+00 0.000000000000000000e+00 0.000000000000000000e+00 0.000000000000000000e+00 0.000000000000000000e+00 0.000000000000000000e+00 0.000000000000000000e+00
0.000000000000000000e+00 0.000000000000000000e+00 0.000000000000000000e+00 0.000000000000000000e+00 0.000000000000000000e+00 0.000000000000000000e+00 0.000000000000000000e+00 0.000000000000000000e+00 0.000000000000000000e+00 0.000000000000000000e+00 0.000000000000000000e+00
0.000000000000000000e+00 0.000000000000000000e+00 0.000000000000000000e+00 0.000000000000000000e+00 0.000000000000000000e+00 0.000000000000000000e+00 0.000000000000000000e+00 0.000000000000000000e+00 0.000000000000000000e+00 0.000000000000000000e+00 0.000000000000000000e+00
0.000000000000000000e+00 0.000000000000000000e+00 0.000000000000000000e+00 0.000000000000000000e+00 0.000000000000000000e+00 0.000000000000000000e+00 0.000000000000000000e+00 0.000000000000000000e+00 0.000000000000000000e+00 0.000000000000000000e+00 0.000000000000000000e+00
0.000000000000000000e+00 0.000000000000000000e+00 0.000000000000000000e+00 0.000000000000000000e+00 0.000000000000000000e+00 0.000000000000000000e+00 0.000000000000000000e+00 0.000000000000000000e+00 0.000000000000000000e+00 0.000000000000000000e+00 0.000000000000000000e+00
0.000000000000000000e+00 0.000000000000000000e+00 0.000000000000000000e+00 0.000000000000000000e+00 0.000000000000000000e+00 0.000000000000000000e+00 0.000000000000000000e+00 0.000000000000000000e+00 0.000000000000000000e+00 0.000000000000000000e+00 0.000000000000000000e+00
0.000000000000000000e+00 0.000000000000000000e+00 0.000000000000000000e+00 0.000000000000000000e+00 0.000000000000000000e+00 0.000000000000000000e+00 0.000000000000000000e+00 0.000000000000000000e+00 0.000000000000000000e+00 0.000000000000000000e+00 0.000000000000000000e+00
0.000000000000000000e+00 0.000000000000000000e+00 0.000000000000000000e+00 0.000000000000000000e+00 0.000000000000000000e+00 0.000000000000000000e+00 0.000000000000000000e+00 0.000000000000000000e+00 0.000000000000000000e+00 0.000000000000000000e+00 0.000000000000000000e+00
0.000000000000000000e+00 0.000000000000000000e+00 0.000000000000000000e+00 0.000000000000000000e+00 0.000000000000000000e+00 0.000000000000000000e+00 0.000000000000000000e+00 0.000000000000000000e+00 0.000000000000000000e+00 0.000000000000000000e+00 0.000000000000000000e+00
0.000000000000000000e+00 0.000000000000000000e+00 0.000000000000000000e+00 0.000000000000000000e+00 0.000000000000000000e+00 0.000000000000000000e+00 0.000000000000000000e+00 0.000000000000000000e+00 0.000000000000000000e+00 0.000000000000000000e+00 0.000000000000000000e+00
0.000000000000000000e+00 0.000000000000000000e+00 0.000000000000000000e+00 0.000000000000000000e+00 0.000000000000000000e+00 0.000000000000000000e+00 0.000000000000000000e+00 0.000000000000000000e+00 0.000000000000000000e+00 0.000000000000000000e+00 0.000000000000000000e+00
0.000000000000000000e+00 0.000000000000000000e+00 0.000000000000000000e+00 0.000000000000000000e+00 0.000000000000000000e+00 0.000000000000000000e+00 0.000000000000000000e+00 0.000000000000000000e+00 0.000000000000000000e+00 0.000000000000000000e+00 0.000000000000000000e+00
0.000000000000000000e+00 0.000000000000000000e+00 0.000000000000000000e+00 0.000000000000000000e+00 0.000000000000000000e+00 0.000000000000000000e+00 0.000000000000000000e+00 0.000000000000000000e+00 0.000000000000000000e+00 0.000000000000000000e+00 0.000000000000000000e+00
0.000000000000000000e+00 0.000000000000000000e+00 0.000000000000000000e+00 0.000000000000000000e+00 0.000000000000000000e+00 0.000000000000000000e+00 0.000000000000000000e+00 0.000000000000000000e+00 0.000000000000000000e+00 0.000000000000000000e+00 0.000000000000000000e+00
0.000000000000000000e+00 0.000000000000000000e+00 0.000000000000000000e+00 0.000000000000000000e+00 0.000000000000000000e+00 0.000000000000000000e+00 0.000000000000000000e+00 0.000000000000000000e+00 0.000000000000000000e+00 0.000000000000000000e+00 0.000000000000000000e+00
0.000000000000000000e+00 0.000000000000000000e+00 0.000000000000000000e+00 0.000000000000000000e+00 0.000000000000000000e+00 0.000000000000000000e+00 0.000000000000000000e+00 0.000000000000000000e+00 0.000000000000000000e+00 0.000000000000000000e+00 0.000000000000000000e+00
0.000000000000000000e+00 0.000000000000000000e+00 0.000000000000000000e+00 0.000000000000000000e+00 0.000000000000000000e+00 0.000000000000000000e+00 0.000000000000000000e+00 0.000000000000000000e+00 0.000000000000000000e+00 0.000000000000000000e+00 0.000000000000000000e+00
0.000000000000000000e+00 0.000000000000000000e+00 0.000000000000000000e+00 0.000000000000000000e+00 0.000000000000000000e+00 0.000000000000000000e+00 0.000000000000000000e+00 0.000000000000000000e+00 0.000000000000000000e+00 0.000000000000000000e+00 0.000000000000000000e+00
0.000000000000000000e+00 0.000000000000000000e+00 0.000000000000000000e+00 0.000000000000000000e+00 0.000000000000000000e+00 0.000000000000000000e+00 0.000000000000000000e+00 0.000000000000000000e+00 0.000000000000000000e+00 0.000000000000000000e+00 0.000000000000000000e+00
0.000000000000000000e+00 0.000000000000000000e+00 0.000000000000000000e+00 0.000000000000000000e+00 0.000000000000000000e+00 0.000000000000000000e+00 0.000000000000000000e+00 0.000000000000000000e+00 0.000000000000000000e+00 0.000000000000000000e+00 0.000000000000000000e+00
0.000000000000000000e+00 0.000000000000000000e+00 0.000000000000000000e+00 0.000000000000000000e+00 0.000000000000000000e+00 0.000000000000000000e+00 0.000000000000000000e+00 0.000000000000000000e+00 0.000000000000000000e+00 0.000000000000000000e+00 0.000000000000000000e+00
0.000000000000000000e+00 0.000000000000000000e+00 0.000000000000000000e+00 0.000000000000000000e+00 0.000000000000000000e+00 0.000000000000000000e+00 0.000000000000000000e+00 0.000000000000000000e+00 0.000000000000000000e+00 0.000000000000000000e+00 0.000000000000000000e+00
0.000000000000000000e+00 0.000000000000000000e+00 0.000000000000000000e+00 0.000000000000000000e+00 0.000000000000000000e+00 0.000000000000000000e+00 0.000000000000000000e+00 0.000000000000000000e+00 0.000000000000000000e+00 0.000000000000000000e+00 0.000000000000000000e+00
0.000000000000000000e+00 0.000000000000000000e+00 0.000000000000000000e+00 0.000000000000000000e+00 0.000000000000000000e+00 0.000000000000000000e+00 0.000000000000000000e+00 0.000000000000000000e+00 0.000000000000000000e+00 0.000000000000000000e+00 0.000000000000000000e+00
0.000000000000000000e+00 0.000000000000000000e+00 0.000000000000000000e+00 0.000000000000000000e+00 0.000000000000000000e+00 0.000000000000000000e+00 0.000000000000000000e+00 0.000000000000000000e+00 0.000000000000000000e+00 0.000000000000000000e+00 0.000000000000000000e+00
0.000000000000000000e+00 0.000000000000000000e+00 0.000000000000000000e+00 0.000000000000000000e+00 0.000000000000000000e+00 0.000000000000000000e+00 0.000000000000000000e+00 0.000000000000000000e+00 0.000000000000000000e+00 0.000000000000000000e+00 0.000000000000000000e+00
0.000000000000000000e+00 0.000000000000000000e+00 0.000000000000000000e+00 0.000000000000000000e+00 0.000000000000000000e+00 0.000000000000000000e+00 0.000000000000000000e+00 0.000000000000000000e+00 0.000000000000000000e+00 0.000000000000000000e+00 0.000000000000000000e+00
0.000000000000000000e+00 0.000000000000000000e+00 0.000000000000000000e+00 0.000000000000000000e+00 0.000000000000000000e+00 0.000000000000000000e+00 0.000000000000000000e+00 0.000000000000000000e+00 0.000000000000000000e+00 0.000000000000000000e+00 0.000000000000000000e+00
0.000000000000000000e+00 0.000000000000000000e+00 0.000000000000000000e+00 0.000000000000000000e+00 0.000000000000000000e+00 0.000000000000000000e+00 0.000000000000000000e+00 0.000000000000000000e+00 0.000000000000000000e+00 0.000000000000000000e+00 0.000000000000000000e+00
0.000000000000000000e+00 0.000000000000000000e+00 0.000000000000000000e+00 0.000000000000000000e+00 0.000000000000000000e+00 0.000000000000000000e+00 0.000000000000000000e+00 0.000000000000000000e+00 0.000000000000000000e+00 0.000000000000000000e+00 0.000000000000000000e+00
0.000000000000000000e+00 0.000000000000000000e+00 0.000000000000000000e+00 0.000000000000000000e+00 0.000000000000000000e+00 0.000000000000000000e+00 0.000000000000000000e+00 0.000000000000000000e+00 0.000000000000000000e+00 0.000000000000000000e+00 0.000000000000000000e+00
0.000000000000000000e+00 0.000000000000000000e+00 0.000000000000000000e+00 0.000000000000000000e+00 0.000000000000000000e+00 0.000000000000000000e+00 0.000000000000000000e+00 0.000000000000000000e+00 0.000000000000000000e+00 0.000000000000000000e+00 0.000000000000000000e+00
0.000000000000000000e+00 0.000000000000000000e+00 0.000000000000000000e+00 0.000000000000000000e+00 0.000000000000000000e+00 0.000000000000000000e+00 0.000000000000000000e+00 0.000000000000000000e+00 0.000000000000000000e+00 0.000000000000000000e+00 0.000000000000000000e+00
0.000000000000000000e+00 0.000000000000000000e+00 0.000000000000000000e+00 0.000000000000000000e+00 0.000000000000000000e+00 0.000000000000000000e+00 0.000000000000000000e+00 0.000000000000000000e+00 0.000000000000000000e+00 0.000000000000000000e+00 0.000000000000000000e+00
0.000000000000000000e+00 0.000000000000000000e+00 0.000000000000000000e+00 0.000000000000000000e+00 0.000000000000000000e+00 0.000000000000000000e+00 0.000000000000000000e+00 0.000000000000000000e+00 0.000000000000000000e+00 0.000000000000000000e+00 0.000000000000000000e+00
0.000000000000000000e+00 0.000000000000000000e+00 0.000000000000000000e+00 0.000000000000000000e+00 0.000000000000000000e+00 0.000000000000000000e+00 0.000000000000000000e+00 0.000000000000000000e+00 0.000000000000000000e+00 0.000000000000000000e+00 0.000000000000000000e+00
0.000000000000000000e+00 0.000000000000000000e+00 0.000000000000000000e+00 0.000000000000000000e+00 0.000000000000000000e+00 0.000000000000000000e+00 0.000000000000000000e+00 0.000000000000000000e+00 0.000000000000000000e+00 0.000000000000000000e+00 0.000000000000000000e+00
0.000000000000000000e+00 0.000000000000000000e+00 0.000000000000000000e+00 0.000000000000000000e+00 0.000000000000000000e+00 0.000000000000000000e+00 0.000000000000000000e+00 0.000000000000000000e+00 0.000000000000000000e+00 0.000000000000000000e+00 0.000000000000000000e+00
0.000000000000000000e+00 0.000000000000000000e+00 0.000000000000000000e+00 0.000000000000000000e+00 0.000000000000000000e+00 0.000000000000000000e+00 0.000000000000000000e+00 0.000000000000000000e+00 0.000000000000000000e+00 0.000000000000000000e+00 0.000000000000000000e+00
0.000000000000000000e+00 0.000000000000000000e+00 0.000000000000000000e+00 0.000000000000000000e+00 0.000000000000000000e+00 0.000000000000000000e+00 0.000000000000000000e+00 0.000000000000000000e+00 0.000000000000000000e+00 0.000000000000000000e+00 0.000000000000000000e+00
0.000000000000000000e+00 0.000000000000000000e+00 0.000000000000000000e+00 0.000000000000000000e+00 0.000000000000000000e+00 0.000000000000000000e+00 0.000000000000000000e+00 0.000000000000000000e+00 0.000000000000000000e+00 0.000000000000000000e+00 0.000000000000000000e+00
0.000000000000000000e+00 0.000000000000000000e+00 0.000000000000000000e+00 0.000000000000000000e+00 0.000000000000000000e+00 0.000000000000000000e+00 0.000000000000000000e+00 0.000000000000000000e+00 0.000000000000000000e+00 0.000000000000000000e+00 0.000000000000000000e+00
0.000000000000000000e+00 0.000000000000000000e+00 0.000000000000000000e+00 0.000000000000000000e+00 0.000000000000000000e+00 0.000000000000000000e+00 0.000000000000000000e+00 0.000000000000000000e+00 0.000000000000000000e+00 0.000000000000000000e+00 0.000000000000000000e+00
0.000000000000000000e+00 0.000000000000000000e+00 0.000000000000000000e+00 0.000000000000000000e+00 0.000000000000000000e+00 0.000000000000000000e+00 0.000000000000000000e+00 0.000000000000000000e+00 0.000000000000000000e+00 0.000000000000000000e+00 0.000000000000000000e+00
0.000000000000000000e+00 0.000000000000000000e+00 0.000000000000000000e+00 0.000000000000000000e+00 0.000000000000000000e+00 0.000000000000000000e+00 0.000000000000000000e+00 0.000000000000000000e+00 0.000000000000000000e+00 0.000000000000000000e+00 0.000000000000000000e+00
0.000000000000000000e+00 0.000000000000000000e+00 0.000000000000000000e+00 0.000000000000000000e+00 0.000000000000000000e+00 0.000000000000000000e+00 0.000000000000000000e+00 0.000000000000000000e+00 0.000000000000000000e+00 0.000000000000000000e+00 0.000000000000000000e+00
0.000000000000000000e+00 0.000000000000000000e+00 0.000000000000000000e+00 0.000000000000000000e+00 0.000000000000000000e+00 0.000000000000000000e+00 0.000000000000000000e+00 0.000000000000000000e+00 0.000000000000000000e+00 0.000000000000000000e+00 0.000000000000000000e+00
0.000000000000000000e+00 0.000000000000000000e+00 0.000000000000000000e+00 0.000000000000000000e+00 0.000000000000000000e+00 0.000000000000000000e+00 0.000000000000000000e+00 0.000000000000000000e+00 0.000000000000000000e+00 0.000000000000000000e+00 0.000000000000000000e+00
0.000000000000000000e+00 0.000000000000000000e+00 0.000000000000000000e+00 0.000000000000000000e+00 0.000000000000000000e+00 0.000000000000000000e+00 0.000000000000000000e+00 0.000000000000000000e+00 0.000000000000000000e+00 0.000000000000000000e+00 0.000000000000000000e+00
0.000000000000000000e+00 0.000000000000000000e+00 0.000000000000000000e+00 0.000000000000000000e+00 0.000000000000000000e+00 0.000000000000000000e+00 0.000000000000000000e+00 0.000000000000000000e+00 0.000000000000000000e+00 0.000000000000000000e+00 0.000000000000000000e+00
0.000000000000000000e+00 0.000000000000000000e+00 0.000000000000000000e+00 0.000000000000000000e+00 0.000000000000000000e+00 0.000000000000000000e+00 0.000000000000000000e+00 0.000000000000000000e+00 0.000000000000000000e+00 0.000000000000000000e+00 0.000000000000000000e+00
0.000000000000000000e+00 0.000000000000000000e+00 0.000000000000000000e+00 0.000000000000000000e+00 0.000000000000000000e+00 0.000000000000000000e+00 0.000000000000000000e+00 0.000000000000000000e+00 0.000000000000000000e+00 0.000000000000000000e+00 0.000000000000000000e+00
0.000000000000000000e+00 0.000000000000000000e+00 0.000000000000000000e+00 0.000000000000000000e+00 0.000000000000000000e+00 0.000000000000000000e+00 0.000000000000000000e+00 0.000000000000000000e+00 0.000000000000000000e+00 0.000000000000000000e+00 0.000000000000000000e+00
0.000000000000000000e+00 0.000000000000000000e+00 0.000000000000000000e+00 0.000000000000000000e+00 0.000000000000000000e+00 0.000000000000000000e+00 0.000000000000000000e+00 0.000000000000000000e+00 0.000000000000000000e+00 0.000000000000000000e+00 0.000000000000000000e+00
0.000000000000000000e+00 0.000000000000000000e+00 0.000000000000000000e+00 0.000000000000000000e+00 0.000000000000000000e+00 0.000000000000000000e+00 0.000000000000000000e+00 0.000000000000000000e+00 0.000000000000000000e+00 0.000000000000000000e+00 0.000000000000000000e+00
0.000000000000000000e+00 0.000000000000000000e+00 0.000000000000000000e+00 0.000000000000000000e+00 0.000000000000000000e+00 0.000000000000000000e+00 0.000000000000000000e+00 0.000000000000000000e+00 0.000000000000000000e+00 0.000000000000000000e+00 0.000000000000000000e+00
0.000000000000000000e+00 0.000000000000000000e+00 0.000000000000000000e+00 0.000000000000000000e+00 0.000000000000000000e+00 0.000000000000000000e+00 0.000000000000000000e+00 0.000000000000000000e+00 0.000000000000000000e+00 0.000000000000000000e+00 0.000000000000000000e+00
0.000000000000000000e+00 0.000000000000000000e+00 0.000000000000000000e+00 0.000000000000000000e+00 0.000000000000000000e+00 0.000000000000000000e+00 0.000000000000000000e+00 0.000000000000000000e+00 0.000000000000000000e+00 0.000000000000000000e+00 0.000000000000000000e+00
0.000000000000000000e+00 0.000000000000000000e+00 0.000000000000000000e+00 0.000000000000000000e+00 0.000000000000000000e+00 0.000000000000000000e+00 0.000000000000000000e+00 0.000000000000000000e+00 0.000000000000000000e+00 0.000000000000000000e+00 0.000000000000000000e+00
0.000000000000000000e+00 0.000000000000000000e+00 0.000000000000000000e+00 0.000000000000000000e+00 0.000000000000000000e+00 0.000000000000000000e+00 0.000000000000000000e+00 0.000000000000000000e+00 0.000000000000000000e+00 0.000000000000000000e+00 0.000000000000000000e+00
0.000000000000000000e+00 0.000000000000000000e+00 0.000000000000000000e+00 0.000000000000000000e+00 0.000000000000000000e+00 0.000000000000000000e+00 0.000000000000000000e+00 0.000000000000000000e+00 0.000000000000000000e+00 0.000000000000000000e+00 0.000000000000000000e+00
0.000000000000000000e+00 0.000000000000000000e+00 0.000000000000000000e+00 0.000000000000000000e+00 0.000000000000000000e+00 0.000000000000000000e+00 0.000000000000000000e+00 0.000000000000000000e+00 0.000000000000000000e+00 0.000000000000000000e+00 0.000000000000000000e+00
0.000000000000000000e+00 0.000000000000000000e+00 0.000000000000000000e+00 0.000000000000000000e+00 0.000000000000000000e+00 0.000000000000000000e+00 0.000000000000000000e+00 0.000000000000000000e+00 0.000000000000000000e+00 0.000000000000000000e+00 0.000000000000000000e+00
0.000000000000000000e+00 0.000000000000000000e+00 0.000000000000000000e+00 0.000000000000000000e+00 0.000000000000000000e+00 0.000000000000000000e+00 0.000000000000000000e+00 0.000000000000000000e+00 0.000000000000000000e+00 0.000000000000000000e+00 0.000000000000000000e+00
0.000000000000000000e+00 0.000000000000000000e+00 0.000000000000000000e+00 0.000000000000000000e+00 0.000000000000000000e+00 0.000000000000000000e+00 0.000000000000000000e+00 0.000000000000000000e+00 0.000000000000000000e+00 0.000000000000000000e+00 0.000000000000000000e+00
0.000000000000000000e+00 0.000000000000000000e+00 0.000000000000000000e+00 0.000000000000000000e+00 0.000000000000000000e+00 0.000000000000000000e+00 0.000000000000000000e+00 0.000000000000000000e+00 0.000000000000000000e+00 0.000000000000000000e+00 0.000000000000000000e+00
0.000000000000000000e+00 0.000000000000000000e+00 0.000000000000000000e+00 0.000000000000000000e+00 0.000000000000000000e+00 0.000000000000000000e+00 0.000000000000000000e+00 0.000000000000000000e+00 0.000000000000000000e+00 0.000000000000000000e+00 0.000000000000000000e+00
0.000000000000000000e+00 0.000000000000000000e+00 0.000000000000000000e+00 0.000000000000000000e+00 0.000000000000000000e+00 0.000000000000000000e+00 0.000000000000000000e+00 0.000000000000000000e+00 0.000000000000000000e+00 0.000000000000000000e+00 0.000000000000000000e+00
0.000000000000000000e+00 0.000000000000000000e+00 0.000000000000000000e+00 0.000000000000000000e+00 0.000000000000000000e+00 0.000000000000000000e+00 0.000000000000000000e+00 0.000000000000000000e+00 0.000000000000000000e+00 0.000000000000000000e+00 0.000000000000000000e+00
0.000000000000000000e+00 0.000000000000000000e+00 0.000000000000000000e+00 0.000000000000000000e+00 0.000000000000000000e+00 0.000000000000000000e+00 0.000000000000000000e+00 0.000000000000000000e+00 0.000000000000000000e+00 0.000000000000000000e+00 0.000000000000000000e+00
0.000000000000000000e+00 0.000000000000000000e+00 0.000000000000000000e+00 0.000000000000000000e+00 0.000000000000000000e+00 0.000000000000000000e+00 0.000000000000000000e+00 0.000000000000000000e+00 0.000000000000000000e+00 0.000000000000000000e+00 0.000000000000000000e+00
0.000000000000000000e+00 0.000000000000000000e+00 0.000000000000000000e+00 0.000000000000000000e+00 0.000000000000000000e+00 0.000000000000000000e+00 0.000000000000000000e+00 0.000000000000000000e+00 0.000000000000000000e+00 0.000000000000000000e+00 0.000000000000000000e+00
0.000000000000000000e+00 0.000000000000000000e+00 0.000000000000000000e+00 0.000000000000000000e+00 0.000000000000000000e+00 0.000000000000000000e+00 0.000000000000000000e+00 0.000000000000000000e+00 0.000000000000000000e+00 0.000000000000000000e+00 0.000000000000000000e+00
0.000000000000000000e+00 0.000000000000000000e+00 0.000000000000000000e+00 0.000000000000000000e+00 0.000000000000000000e+00 0.000000000000000000e+00 0.000000000000000000e+00 0.000000000000000000e+00 0.000000000000000000e+00 0.000000000000000000e+00 0.000000000000000000e+00
0.000000000000000000e+00 0.000000000000000000e+00 0.000000000000000000e+00 0.000000000000000000e+00 0.000000000000000000e+00 0.000000000000000000e+00 0.000000000000000000e+00 0.000000000000000000e+00 0.000000000000000000e+00 0.000000000000000000e+00 0.000000000000000000e+00
0.000000000000000000e+00 0.000000000000000000e+00 0.000000000000000000e+00 0.000000000000000000e+00 0.000000000000000000e+00 0.000000000000000000e+00 0.000000000000000000e+00 0.000000000000000000e+00 0.000000000000000000e+00 0.000000000000000000e+00 0.000000000000000000e+00
0.000000000000000000e+00 0.000000000000000000e+00 0.000000000000000000e+00 0.000000000000000000e+00 0.000000000000000000e+00 0.000000000000000000e+00 0.000000000000000000e+00 0.000000000000000000e+00 0.000000000000000000e+00 0.000000000000000000e+00 0.000000000000000000e+00
0.000000000000000000e+00 0.000000000000000000e+00 0.000000000000000000e+00 0.000000000000000000e+00 0.000000000000000000e+00 0.000000000000000000e+00 0.000000000000000000e+00 0.000000000000000000e+00 0.000000000000000000e+00 0.000000000000000000e+00 0.000000000000000000e+00
0.000000000000000000e+00 0.000000000000000000e+00 0.000000000000000000e+00 0.000000000000000000e+00 0.000000000000000000e+00 0.000000000000000000e+00 0.000000000000000000e+00 0.000000000000000000e+00 0.000000000000000000e+00 0.000000000000000000e+00 0.000000000000000000e+00
0.000000000000000000e+00 0.000000000000000000e+00 0.000000000000000000e+00 0.000000000000000000e+00 0.000000000000000000e+00 0.000000000000000000e+00 0.000000000000000000e+00 0.000000000000000000e+00 0.000000000000000000e+00 0.000000000000000000e+00 0.000000000000000000e+00
0.000000000000000000e+00 0.000000000000000000e+00 0.000000000000000000e+00 0.000000000000000000e+00 0.000000000000000000e+00 0.000000000000000000e+00 0.000000000000000000e+00 0.000000000000000000e+00 0.000000000000000000e+00 0.000000000000000000e+00 0.000000000000000000e+00
0.000000000000000000e+00 0.000000000000000000e+00 0.000000000000000000e+00 0.000000000000000000e+00 0.000000000000000000e+00 0.000000000000000000e+00 0.000000000000000000e+00 0.000000000000000000e+00 0.000000000000000000e+00 0.000000000000000000e+00 0.000000000000000000e+00
0.000000000000000000e+00 0.000000000000000000e+00 0.000000000000000000e+00 0.000000000000000000e+00 0.000000000000000000e+00 0.000000000000000000e+00 0.000000000000000000e+00 0.000000000000000000e+00 0.000000000000000000e+00 0.000000000000000000e+00 0.000000000000000000e+00
0.000000000000000000e+00 0.000000000000000000e+00 0.000000000000000000e+00 0.000000000000000000e+00 0.000000000000000000e+00 0.000000000000000000e+00 0.000000000000000000e+00 0.000000000000000000e+00 0.000000000000000000e+00 0.000000000000000000e+00 0.000000000000000000e+00
0.000000000000000000e+00 0.000000000000000000e+00 0.000000000000000000e+00 0.000000000000000000e+00 0.000000000000000000e+00 0.000000000000000000e+00 0.000000000000000000e+00 0.000000000000000000e+00 0.000000000000000000e+00 0.000000000000000000e+00 0.000000000000000000e+00
0.000000000000000000e+00 0.000000000000000000e+00 0.000000000000000000e+00 0.000000000000000000e+00 0.000000000000000000e+00 0.000000000000000000e+00 0.000000000000000000e+00 0.000000000000000000e+00 0.000000000000000000e+00 0.000000000000000000e+00 0.000000000000000000e+00
0.000000000000000000e+00 0.000000000000000000e+00 0.000000000000000000e+00 0.000000000000000000e+00 0.000000000000000000e+00 0.000000000000000000e+00 0.000000000000000000e+00 0.000000000000000000e+00 0.000000000000000000e+00 0.000000000000000000e+00 0.000000000000000000e+00
0.000000000000000000e+00 0.000000000000000000e+00 0.000000000000000000e+00 0.000000000000000000e+00 0.000000000000000000e+00 0.000000000000000000e+00 0.000000000000000000e+00 0.000000000000000000e+00 0.000000000000000000e+00 0.000000000000000000e+00 0.000000000000000000e+00
0.000000000000000000e+00 0.000000000000000000e+00 0.000000000000000000e+00 0.000000000000000000e+00 0.000000000000000000e+00 0.000000000000000000e+00 0.000000000000000000e+00 0.000000000000000000e+00 0.000000000000000000e+00 0.000000000000000000e+00 0.000000000000000000e+00
0.000000000000000000e+00 0.000000000000000000e+00 0.000000000000000000e+00 0.000000000000000000e+00 0.000000000000000000e+00 0.000000000000000000e+00 0.000000000000000000e+00 0.000000000000000000e+00 0.000000000000000000e+00 0.000000000000000000e+00 0.000000000000000000e+00
0.000000000000000000e+00 0.000000000000000000e+00 0.000000000000000000e+00 0.000000000000000000e+00 0.000000000000000000e+00 0.000000000000000000e+00 0.000000000000000000e+00 0.000000000000000000e+00 0.000000000000000000e+00 0.000000000000000000e+00 0.000000000000000000e+00
0.000000000000000000e+00 0.000000000000000000e+00 0.000000000000000000e+00 0.000000000000000000e+00 0.000000000000000000e+00 0.000000000000000000e+00 0.000000000000000000e+00 0.000000000000000000e+00 0.000000000000000000e+00 0.000000000000000000e+00 0.000000000000000000e+00
0.000000000000000000e+00 0.000000000000000000e+00 0.000000000000000000e+00 0.000000000000000000e+00 0.000000000000000000e+00 0.000000000000000000e+00 0.000000000000000000e+00 0.000000000000000000e+00 0.000000000000000000e+00 0.000000000000000000e+00 0.000000000000000000e+00
0.000000000000000000e+00 0.000000000000000000e+00 0.000000000000000000e+00 0.000000000000000000e+00 0.000000000000000000e+00 0.000000000000000000e+00 0.000000000000000000e+00 0.000000000000000000e+00 0.000000000000000000e+00 0.000000000000000000e+00 0.000000000000000000e+00
0.000000000000000000e+00 0.000000000000000000e+00 0.000000000000000000e+00 0.000000000000000000e+00 0.000000000000000000e+00 0.000000000000000000e+00 0.000000000000000000e+00 0.000000000000000000e+00 0.000000000000000000e+00 0.000000000000000000e+00 0.000000000000000000e+00
0.000000000000000000e+00 0.000000000000000000e+00 0.000000000000000000e+00 0.000000000000000000e+00 0.000000000000000000e+00 0.000000000000000000e+00 0.000000000000000000e+00 0.000000000000000000e+00 0.000000000000000000e+00 0.000000000000000000e+00 0.000000000000000000e+00
0.000000000000000000e+00 0.000000000000000000e+00 0.000000000000000000e+00 0.000000000000000000e+00 0.000000000000000000e+00 0.000000000000000000e+00 0.000000000000000000e+00 0.000000000000000000e+00 0.000000000000000000e+00 0.000000000000000000e+00 0.000000000000000000e+00
0.000000000000000000e+00 0.000000000000000000e+00 0.000000000000000000e+00 0.000000000000000000e+00 0.000000000000000000e+00 0.000000000000000000e+00 0.000000000000000000e+00 0.000000000000000000e+00 0.000000000000000000e+00 0.000000000000000000e+00 0.000000000000000000e+00
0.000000000000000000e+00 0.000000000000000000e+00 0.000000000000000000e+00 0.000000000000000000e+00 0.000000000000000000e+00 0.000000000000000000e+00 0.000000000000000000e+00 0.000000000000000000e+00 0.000000000000000000e+00 0.000000000000000000e+00 0.000000000000000000e+00
0.000000000000000000e+00 0.000000000000000000e+00 0.000000000000000000e+00 0.000000000000000000e+00 0.000000000000000000e+00 0.000000000000000000e+00 0.000000000000000000e+00 0.000000000000000000e+00 0.000000000000000000e+00 0.000000000000000000e+00 0.000000000000000000e+00
0.000000000000000000e+00 0.000000000000000000e+00 0.000000000000000000e+00 0.000000000000000000e+00 0.000000000000000000e+00 0.000000000000000000e+00 0.000000000000000000e+00 0.000000000000000000e+00 0.000000000000000000e+00 0.000000000000000000e+00 0.000000000000000000e+00
0.000000000000000000e+00 0.000000000000000000e+00 0.000000000000000000e+00 0.000000000000000000e+00 0.000000000000000000e+00 0.000000000000000000e+00 0.000000000000000000e+00 0.000000000000000000e+00 0.000000000000000000e+00 0.000000000000000000e+00 0.000000000000000000e+00
0.000000000000000000e+00 0.000000000000000000e+00 0.000000000000000000e+00 0.000000000000000000e+00 0.000000000000000000e+00 0.000000000000000000e+00 0.000000000000000000e+00 0.000000000000000000e+00 0.000000000000000000e+00 0.000000000000000000e+00 0.000000000000000000e+00
0.000000000000000000e+00 0.000000000000000000e+00 0.000000000000000000e+00 0.000000000000000000e+00 0.000000000000000000e+00 0.000000000000000000e+00 0.000000000000000000e+00 0.000000000000000000e+00 0.000000000000000000e+00 0.000000000000000000e+00 0.000000000000000000e+00
0.000000000000000000e+00 0.000000000000000000e+00 0.000000000000000000e+00 0.000000000000000000e+00 0.000000000000000000e+00 0.000000000000000000e+00 0.000000000000000000e+00 0.000000000000000000e+00 0.000000000000000000e+00 0.000000000000000000e+00 0.000000000000000000e+00
0.000000000000000000e+00 0.000000000000000000e+00 0.000000000000000000e+00 0.000000000000000000e+00 0.000000000000000000e+00 0.000000000000000000e+00 0.000000000000000000e+00 0.000000000000000000e+00 0.000000000000000000e+00 0.000000000000000000e+00 0.000000000000000000e+00
0.000000000000000000e+00 0.000000000000000000e+00 0.000000000000000000e+00 0.000000000000000000e+00 0.000000000000000000e+00 0.000000000000000000e+00 0.000000000000000000e+00 0.000000000000000000e+00 0.000000000000000000e+00 0.000000000000000000e+00 0.000000000000000000e+00
0.000000000000000000e+00 0.000000000000000000e+00 0.000000000000000000e+00 0.000000000000000000e+00 0.000000000000000000e+00 0.000000000000000000e+00 0.000000000000000000e+00 0.000000000000000000e+00 0.000000000000000000e+00 0.000000000000000000e+00 0.000000000000000000e+00
0.000000000000000000e+00 0.000000000000000000e+00 0.000000000000000000e+00 0.000000000000000000e+00 0.000000000000000000e+00 0.000000000000000000e+00 0.000000000000000000e+00 0.000000000000000000e+00 0.000000000000000000e+00 0.000000000000000000e+00 0.000000000000000000e+00
0.000000000000000000e+00 0.000000000000000000e+00 0.000000000000000000e+00 0.000000000000000000e+00 0.000000000000000000e+00 0.000000000000000000e+00 0.000000000000000000e+00 0.000000000000000000e+00 0.000000000000000000e+00 0.000000000000000000e+00 0.000000000000000000e+00
0.000000000000000000e+00 0.000000000000000000e+00 0.000000000000000000e+00 0.000000000000000000e+00 0.000000000000000000e+00 0.000000000000000000e+00 0.000000000000000000e+00 0.000000000000000000e+00 0.000000000000000000e+00 0.000000000000000000e+00 0.000000000000000000e+00
0.000000000000000000e+00 0.000000000000000000e+00 0.000000000000000000e+00 0.000000000000000000e+00 0.000000000000000000e+00 0.000000000000000000e+00 0.000000000000000000e+00 0.000000000000000000e+00 0.000000000000000000e+00 0.000000000000000000e+00 0.000000000000000000e+00
0.000000000000000000e+00 0.000000000000000000e+00 0.000000000000000000e+00 0.000000000000000000e+00 0.000000000000000000e+00 0.000000000000000000e+00 0.000000000000000000e+00 0.000000000000000000e+00 0.000000000000000000e+00 0.000000000000000000e+00 0.000000000000000000e+00
0.000000000000000000e+00 0.000000000000000000e+00 0.000000000000000000e+00 0.000000000000000000e+00 0.000000000000000000e+00 0.000000000000000000e+00 0.000000000000000000e+00 0.000000000000000000e+00 0.000000000000000000e+00 0.000000000000000000e+00 0.000000000000000000e+00
0.000000000000000000e+00 0.000000000000000000e+00 0.000000000000000000e+00 0.000000000000000000e+00 0.000000000000000000e+00 0.000000000000000000e+00 0.000000000000000000e+00 0.000000000000000000e+00 0.000000000000000000e+00 0.000000000000000000e+00 0.000000000000000000e+00
0.000000000000000000e+00 0.000000000000000000e+00 0.000000000000000000e+00 0.000000000000000000e+00 0.000000000000000000e+00 0.000000000000000000e+00 0.000000000000000000e+00 0.000000000000000000e+00 0.000000000000000000e+00 0.000000000000000000e+00 0.000000000000000000e+00
0.000000000000000000e+00 0.000000000000000000e+00 0.000000000000000000e+00 0.000000000000000000e+00 0.000000000000000000e+00 0.000000000000000000e+00 0.000000000000000000e+00 0.000000000000000000e+00 0.000000000000000000e+00 0.000000000000000000e+00 0.000000000000000000e+00
0.000000000000000000e+00 0.000000000000000000e+00 0.000000000000000000e+00 0.000000000000000000e+00 0.000000000000000000e+00 0.000000000000000000e+00 0.000000000000000000e+00 0.000000000000000000e+00 0.000000000000000000e+00 0.000000000000000000e+00 0.000000000000000000e+00
0.000000000000000000e+00 0.000000000000000000e+00 0.000000000000000000e+00 0.000000000000000000e+00 0.000000000000000000e+00 0.000000000000000000e+00 0.000000000000000000e+00 0.000000000000000000e+00 0.000000000000000000e+00 0.000000000000000000e+00 0.000000000000000000e+00
0.000000000000000000e+00 0.000000000000000000e+00 0.000000000000000000e+00 0.000000000000000000e+00 0.000000000000000000e+00 0.000000000000000000e+00 0.000000000000000000e+00 0.000000000000000000e+00 0.000000000000000000e+00 0.000000000000000000e+00 0.000000000000000000e+00
0.000000000000000000e+00 0.000000000000000000e+00 0.000000000000000000e+00 0.000000000000000000e+00 0.000000000000000000e+00 0.000000000000000000e+00 0.000000000000000000e+00 0.000000000000000000e+00 0.000000000000000000e+00 0.000000000000000000e+00 0.000000000000000000e+00
0.000000000000000000e+00 0.000000000000000000e+00 0.000000000000000000e+00 0.000000000000000000e+00 0.000000000000000000e+00 0.000000000000000000e+00 0.000000000000000000e+00 0.000000000000000000e+00 0.000000000000000000e+00 0.000000000000000000e+00 0.000000000000000000e+00
0.000000000000000000e+00 0.000000000000000000e+00 0.000000000000000000e+00 0.000000000000000000e+00 0.000000000000000000e+00 0.000000000000000000e+00 0.000000000000000000e+00 0.000000000000000000e+00 0.000000000000000000e+00 0.000000000000000000e+00 0.000000000000000000e+00
0.000000000000000000e+00 0.000000000000000000e+00 0.000000000000000000e+00 0.000000000000000000e+00 0.000000000000000000e+00 0.000000000000000000e+00 0.000000000000000000e+00 0.000000000000000000e+00 0.000000000000000000e+00 0.000000000000000000e+00 0.000000000000000000e+00
0.000000000000000000e+00 0.000000000000000000e+00 0.000000000000000000e+00 0.000000000000000000e+00 0.000000000000000000e+00 0.000000000000000000e+00 0.000000000000000000e+00 0.000000000000000000e+00 0.000000000000000000e+00 0.000000000000000000e+00 0.000000000000000000e+00
0.000000000000000000e+00 0.000000000000000000e+00 0.000000000000000000e+00 0.000000000000000000e+00 0.000000000000000000e+00 0.000000000000000000e+00 0.000000000000000000e+00 0.000000000000000000e+00 0.000000000000000000e+00 0.000000000000000000e+00 0.000000000000000000e+00
0.000000000000000000e+00 0.000000000000000000e+00 0.000000000000000000e+00 0.000000000000000000e+00 0.000000000000000000e+00 0.000000000000000000e+00 0.000000000000000000e+00 0.000000000000000000e+00 0.000000000000000000e+00 0.000000000000000000e+00 0.000000000000000000e+00
0.000000000000000000e+00 0.000000000000000000e+00 0.000000000000000000e+00 0.000000000000000000e+00 0.000000000000000000e+00 0.000000000000000000e+00 0.000000000000000000e+00 0.000000000000000000e+00 0.000000000000000000e+00 0.000000000000000000e+00 0.000000000000000000e+00
0.000000000000000000e+00 0.000000000000000000e+00 0.000000000000000000e+00 0.000000000000000000e+00 0.000000000000000000e+00 0.000000000000000000e+00 0.000000000000000000e+00 0.000000000000000000e+00 0.000000000000000000e+00 0.000000000000000000e+00 0.000000000000000000e+00
0.000000000000000000e+00 0.000000000000000000e+00 0.000000000000000000e+00 0.000000000000000000e+00 0.000000000000000000e+00 0.000000000000000000e+00 0.000000000000000000e+00 0.000000000000000000e+00 0.000000000000000000e+00 0.000000000000000000e+00 0.000000000000000000e+00
0.000000000000000000e+00 0.000000000000000000e+00 0.000000000000000000e+00 0.000000000000000000e+00 0.000000000000000000e+00 0.000000000000000000e+00 0.000000000000000000e+00 0.000000000000000000e+00 0.000000000000000000e+00 0.000000000000000000e+00 0.000000000000000000e+00
0.000000000000000000e+00 0.000000000000000000e+00 0.000000000000000000e+00 0.000000000000000000e+00 0.000000000000000000e+00 0.000000000000000000e+00 0.000000000000000000e+00 0.000000000000000000e+00 0.000000000000000000e+00 0.000000000000000000e+00 0.000000000000000000e+00
0.000000000000000000e+00 0.000000000000000000e+00 0.000000000000000000e+00 0.000000000000000000e+00 0.000000000000000000e+00 0.000000000000000000e+00 0.000000000000000000e+00 0.000000000000000000e+00 0.000000000000000000e+00 0.000000000000000000e+00 0.000000000000000000e+00
0.000000000000000000e+00 0.000000000000000000e+00 0.000000000000000000e+00 0.000000000000000000e+00 0.000000000000000000e+00 0.000000000000000000e+00 0.000000000000000000e+00 0.000000000000000000e+00 0.000000000000000000e+00 0.000000000000000000e+00 0.000000000000000000e+00
0.000000000000000000e+00 0.000000000000000000e+00 0.000000000000000000e+00 0.000000000000000000e+00 0.000000000000000000e+00 0.000000000000000000e+00 0.000000000000000000e+00 0.000000000000000000e+00 0.000000000000000000e+00 0.000000000000000000e+00 0.000000000000000000e+00
0.000000000000000000e+00 0.000000000000000000e+00 0.000000000000000000e+00 0.000000000000000000e+00 0.000000000000000000e+00 0.000000000000000000e+00 0.000000000000000000e+00 0.000000000000000000e+00 0.000000000000000000e+00 0.000000000000000000e+00 0.000000000000000000e+00
0.000000000000000000e+00 0.000000000000000000e+00 0.000000000000000000e+00 0.000000000000000000e+00 0.000000000000000000e+00 0.000000000000000000e+00 0.000000000000000000e+00 0.000000000000000000e+00 0.000000000000000000e+00 0.000000000000000000e+00 0.000000000000000000e+00
0.000000000000000000e+00 0.000000000000000000e+00 0.000000000000000000e+00 0.000000000000000000e+00 0.000000000000000000e+00 0.000000000000000000e+00 0.000000000000000000e+00 0.000000000000000000e+00 0.000000000000000000e+00 0.000000000000000000e+00 0.000000000000000000e+00
0.000000000000000000e+00 0.000000000000000000e+00 0.000000000000000000e+00 0.000000000000000000e+00 0.000000000000000000e+00 0.000000000000000000e+00 0.000000000000000000e+00 0.000000000000000000e+00 0.000000000000000000e+00 0.000000000000000000e+00 0.000000000000000000e+00
0.000000000000000000e+00 0.000000000000000000e+00 0.000000000000000000e+00 0.000000000000000000e+00 0.000000000000000000e+00 0.000000000000000000e+00 0.000000000000000000e+00 0.000000000000000000e+00 0.000000000000000000e+00 0.000000000000000000e+00 0.000000000000000000e+00
0.000000000000000000e+00 0.000000000000000000e+00 0.000000000000000000e+00 0.000000000000000000e+00 0.000000000000000000e+00 0.000000000000000000e+00 0.000000000000000000e+00 0.000000000000000000e+00 0.000000000000000000e+00 0.000000000000000000e+00 0.000000000000000000e+00
0.000000000000000000e+00 0.000000000000000000e+00 0.000000000000000000e+00 0.000000000000000000e+00 0.000000000000000000e+00 0.000000000000000000e+00 0.000000000000000000e+00 0.000000000000000000e+00 0.000000000000000000e+00 0.000000000000000000e+00 0.000000000000000000e+00
0.000000000000000000e+00 0.000000000000000000e+00 0.000000000000000000e+00 0.000000000000000000e+00 0.000000000000000000e+00 0.000000000000000000e+00 0.000000000000000000e+00 0.000000000000000000e+00 0.000000000000000000e+00 0.000000000000000000e+00 0.000000000000000000e+00
0.000000000000000000e+00 0.000000000000000000e+00 0.000000000000000000e+00 0.000000000000000000e+00 0.000000000000000000e+00 0.000000000000000000e+00 0.000000000000000000e+00 0.000000000000000000e+00 0.000000000000000000e+00 0.000000000000000000e+00 0.000000000000000000e+00
0.000000000000000000e+00 0.000000000000000000e+00 0.000000000000000000e+00 0.000000000000000000e+00 0.000000000000000000e+00 0.000000000000000000e+00 0.000000000000000000e+00 0.000000000000000000e+00 0.000000000000000000e+00 0.000000000000000000e+00 0.000000000000000000e+00
0.000000000000000000e+00 0.000000000000000000e+00 0.000000000000000000e+00 0.000000000000000000e+00 0.000000000000000000e+00 0.000000000000000000e+00 0.000000000000000000e+00 0.000000000000000000e+00 0.000000000000000000e+00 0.000000000000000000e+00 0.000000000000000000e+00
0.000000000000000000e+00 0.000000000000000000e+00 0.000000000000000000e+00 0.000000000000000000e+00 0.000000000000000000e+00 0.000000000000000000e+00 0.000000000000000000e+00 0.000000000000000000e+00 0.000000000000000000e+00 0.000000000000000000e+00 0.000000000000000000e+00
0.000000000000000000e+00 0.000000000000000000e+00 0.000000000000000000e+00 0.000000000000000000e+00 0.000000000000000000e+00 0.000000000000000000e+00 0.000000000000000000e+00 0.000000000000000000e+00 0.000000000000000000e+00 0.000000000000000000e+00 0.000000000000000000e+00
0.000000000000000000e+00 0.000000000000000000e+00 0.000000000000000000e+00 0.000000000000000000e+00 0.000000000000000000e+00 0.000000000000000000e+00 0.000000000000000000e+00 0.000000000000000000e+00 0.000000000000000000e+00 0.000000000000000000e+00 0.000000000000000000e+00
0.000000000000000000e+00 0.000000000000000000e+00 0.000000000000000000e+00 0.000000000000000000e+00 0.000000000000000000e+00 0.000000000000000000e+00 0.000000000000000000e+00 0.000000000000000000e+00 0.000000000000000000e+00 0.000000000000000000e+00 0.000000000000000000e+00
0.000000000000000000e+00 0.000000000000000000e+00 0.000000000000000000e+00 0.000000000000000000e+00 0.000000000000000000e+00 0.000000000000000000e+00 0.000000000000000000e+00 0.000000000000000000e+00 0.000000000000000000e+00 0.000000000000000000e+00 0.000000000000000000e+00
0.000000000000000000e+00 0.000000000000000000e+00 0.000000000000000000e+00 0.000000000000000000e+00 0.000000000000000000e+00 0.000000000000000000e+00 0.000000000000000000e+00 0.000000000000000000e+00 0.000000000000000000e+00 0.000000000000000000e+00 0.000000000000000000e+00
0.000000000000000000e+00 0.000000000000000000e+00 0.000000000000000000e+00 0.000000000000000000e+00 0.000000000000000000e+00 0.000000000000000000e+00 0.000000000000000000e+00 0.000000000000000000e+00 0.000000000000000000e+00 0.000000000000000000e+00 0.000000000000000000e+00
0.000000000000000000e+00 0.000000000000000000e+00 0.000000000000000000e+00 0.000000000000000000e+00 0.000000000000000000e+00 0.000000000000000000e+00 0.000000000000000000e+00 0.000000000000000000e+00 0.000000000000000000e+00 0.000000000000000000e+00 0.000000000000000000e+00
0.000000000000000000e+00 0.000000000000000000e+00 0.000000000000000000e+00 0.000000000000000000e+00 0.000000000000000000e+00 0.000000000000000000e+00 0.000000000000000000e+00 0.000000000000000000e+00 0.000000000000000000e+00 0.000000000000000000e+00 0.000000000000000000e+00
0.000000000000000000e+00 0.000000000000000000e+00 0.000000000000000000e+00 0.000000000000000000e+00 0.000000000000000000e+00 0.000000000000000000e+00 0.000000000000000000e+00 0.000000000000000000e+00 0.000000000000000000e+00 0.000000000000000000e+00 0.000000000000000000e+00
0.000000000000000000e+00 0.000000000000000000e+00 0.000000000000000000e+00 0.000000000000000000e+00 0.000000000000000000e+00 0.000000000000000000e+00 0.000000000000000000e+00 0.000000000000000000e+00 0.000000000000000000e+00 0.000000000000000000e+00 0.000000000000000000e+00
0.000000000000000000e+00 0.000000000000000000e+00 0.000000000000000000e+00 0.000000000000000000e+00 0.000000000000000000e+00 0.000000000000000000e+00 0.000000000000000000e+00 0.000000000000000000e+00 0.000000000000000000e+00 0.000000000000000000e+00 0.000000000000000000e+00
0.000000000000000000e+00 0.000000000000000000e+00 0.000000000000000000e+00 0.000000000000000000e+00 0.000000000000000000e+00 0.000000000000000000e+00 0.000000000000000000e+00 0.000000000000000000e+00 0.000000000000000000e+00 0.000000000000000000e+00 0.000000000000000000e+00
0.000000000000000000e+00 0.000000000000000000e+00 0.000000000000000000e+00 0.000000000000000000e+00 0.000000000000000000e+00 0.000000000000000000e+00 0.000000000000000000e+00 0.000000000000000000e+00 0.000000000000000000e+00 0.000000000000000000e+00 0.000000000000000000e+00
0.000000000000000000e+00 0.000000000000000000e+00 0.000000000000000000e+00 0.000000000000000000e+00 0.000000000000000000e+00 0.000000000000000000e+00 0.000000000000000000e+00 0.000000000000000000e+00 0.000000000000000000e+00 0.000000000000000000e+00 0.000000000000000000e+00
0.000000000000000000e+00 0.000000000000000000e+00 0.000000000000000000e+00 0.000000000000000000e+00 0.000000000000000000e+00 0.000000000000000000e+00 0.000000000000000000e+00 0.000000000000000000e+00 0.000000000000000000e+00 0.000000000000000000e+00 0.000000000000000000e+00
0.000000000000000000e+00 0.000000000000000000e+00 0.000000000000000000e+00 0.000000000000000000e+00 0.000000000000000000e+00 0.000000000000000000e+00 0.000000000000000000e+00 0.000000000000000000e+00 0.000000000000000000e+00 0.000000000000000000e+00 0.000000000000000000e+00
0.000000000000000000e+00 0.000000000000000000e+00 0.000000000000000000e+00 0.000000000000000000e+00 0.000000000000000000e+00 0.000000000000000000e+00 0.000000000000000000e+00 0.000000000000000000e+00 0.000000000000000000e+00 0.000000000000000000e+00 0.000000000000000000e+00
0.000000000000000000e+00 0.000000000000000000e+00 0.000000000000000000e+00 0.000000000000000000e+00 0.000000000000000000e+00 0.000000000000000000e+00 0.000000000000000000e+00 0.000000000000000000e+00 0.000000000000000000e+00 0.000000000000000000e+00 0.000000000000000000e+00
0.000000000000000000e+00 0.000000000000000000e+00 0.000000000000000000e+00 0.000000000000000000e+00 0.000000000000000000e+00 0.000000000000000000e+00 0.000000000000000000e+00 0.000000000000000000e+00 0.000000000000000000e+00 0.000000000000000000e+00 0.000000000000000000e+00
0.000000000000000000e+00 0.000000000000000000e+00 0.000000000000000000e+00 0.000000000000000000e+00 0.000000000000000000e+00 0.000000000000000000e+00 0.000000000000000000e+00 0.000000000000000000e+00 0.000000000000000000e+00 0.000000000000000000e+00 0.000000000000000000e+00
0.000000000000000000e+00 0.000000000000000000e+00 0.000000000000000000e+00 0.000000000000000000e+00 0.000000000000000000e+00 0.000000000000000000e+00 0.000000000000000000e+00 0.000000000000000000e+00 0.000000000000000000e+00 0.000000000000000000e+00 0.000000000000000000e+00
0.000000000000000000e+00 0.000000000000000000e+00 0.000000000000000000e+00 0.000000000000000000e+00 0.000000000000000000e+00 0.000000000000000000e+00 0.000000000000000000e+00 0.000000000000000000e+00 0.000000000000000000e+00 0.000000000000000000e+00 0.000000000000000000e+00
0.000000000000000000e+00 0.000000000000000000e+00 0.000000000000000000e+00 0.000000000000000000e+00 0.000000000000000000e+00 0.000000000000000000e+00 0.000000000000000000e+00 0.000000000000000000e+00 0.000000000000000000e+00 0.000000000000000000e+00 0.000000000000000000e+00
0.000000000000000000e+00 0.000000000000000000e+00 0.000000000000000000e+00 0.000000000000000000e+00 0.000000000000000000e+00 0.000000000000000000e+00 0.000000000000000000e+00 0.000000000000000000e+00 0.000000000000000000e+00 0.000000000000000000e+00 0.000000000000000000e+00
0.000000000000000000e+00 0.000000000000000000e+00 0.000000000000000000e+00 0.000000000000000000e+00 0.000000000000000000e+00 0.000000000000000000e+00 0.000000000000000000e+00 0.000000000000000000e+00 0.000000000000000000e+00 0.000000000000000000e+00 0.000000000000000000e+00
0.000000000000000000e+00 0.000000000000000000e+00 0.000000000000000000e+00 0.000000000000000000e+00 0.000000000000000000e+00 0.000000000000000000e+00 0.000000000000000000e+00 0.000000000000000000e+00 0.000000000000000000e+00 0.000000000000000000e+00 0.000000000000000000e+00
0.000000000000000000e+00 0.000000000000000000e+00 0.000000000000000000e+00 0.000000000000000000e+00 0.000000000000000000e+00 0.000000000000000000e+00 0.000000000000000000e+00 0.000000000000000000e+00 0.000000000000000000e+00 0.000000000000000000e+00 0.000000000000000000e+00
0.000000000000000000e+00 0.000000000000000000e+00 0.000000000000000000e+00 0.000000000000000000e+00 0.000000000000000000e+00 0.000000000000000000e+00 0.000000000000000000e+00 0.000000000000000000e+00 0.000000000000000000e+00 0.000000000000000000e+00 0.000000000000000000e+00
0.000000000000000000e+00 0.000000000000000000e+00 0.000000000000000000e+00 0.000000000000000000e+00 0.000000000000000000e+00 0.000000000000000000e+00 0.000000000000000000e+00 0.000000000000000000e+00 0.000000000000000000e+00 0.000000000000000000e+00 0.000000000000000000e+00
0.000000000000000000e+00 0.000000000000000000e+00 0.000000000000000000e+00 0.000000000000000000e+00 0.000000000000000000e+00 0.000000000000000000e+00 0.000000000000000000e+00 0.000000000000000000e+00 0.000000000000000000e+00 0.000000000000000000e+00 0.000000000000000000e+00
0.000000000000000000e+00 0.000000000000000000e+00 0.000000000000000000e+00 0.000000000000000000e+00 0.000000000000000000e+00 0.000000000000000000e+00 0.000000000000000000e+00 0.000000000000000000e+00 0.000000000000000000e+00 0.000000000000000000e+00 0.000000000000000000e+00
0.000000000000000000e+00 0.000000000000000000e+00 0.000000000000000000e+00 0.000000000000000000e+00 0.000000000000000000e+00 0.000000000000000000e+00 0.000000000000000000e+00 0.000000000000000000e+00 0.000000000000000000e+00 0.000000000000000000e+00 0.000000000000000000e+00
0.000000000000000000e+00 0.000000000000000000e+00 0.000000000000000000e+00 0.000000000000000000e+00 0.000000000000000000e+00 0.000000000000000000e+00 0.000000000000000000e+00 0.000000000000000000e+00 0.000000000000000000e+00 0.000000000000000000e+00 0.000000000000000000e+00
0.000000000000000000e+00 0.000000000000000000e+00 0.000000000000000000e+00 0.000000000000000000e+00 0.000000000000000000e+00 0.000000000000000000e+00 0.000000000000000000e+00 0.000000000000000000e+00 0.000000000000000000e+00 0.000000000000000000e+00 0.000000000000000000e+00
0.000000000000000000e+00 0.000000000000000000e+00 0.000000000000000000e+00 0.000000000000000000e+00 0.000000000000000000e+00 0.000000000000000000e+00 0.000000000000000000e+00 0.000000000000000000e+00 0.000000000000000000e+00 0.000000000000000000e+00 0.000000000000000000e+00
0.000000000000000000e+00 0.000000000000000000e+00 0.000000000000000000e+00 0.000000000000000000e+00 0.000000000000000000e+00 0.000000000000000000e+00 0.000000000000000000e+00 0.000000000000000000e+00 0.000000000000000000e+00 0.000000000000000000e+00 0.000000000000000000e+00
0.000000000000000000e+00 0.000000000000000000e+00 0.000000000000000000e+00 0.000000000000000000e+00 0.000000000000000000e+00 0.000000000000000000e+00 0.000000000000000000e+00 0.000000000000000000e+00 0.000000000000000000e+00 0.000000000000000000e+00 0.000000000000000000e+00
0.000000000000000000e+00 0.000000000000000000e+00 0.000000000000000000e+00 0.000000000000000000e+00 0.000000000000000000e+00 0.000000000000000000e+00 0.000000000000000000e+00 0.000000000000000000e+00 0.000000000000000000e+00 0.000000000000000000e+00 0.000000000000000000e+00
0.000000000000000000e+00 0.000000000000000000e+00 0.000000000000000000e+00 0.000000000000000000e+00 0.000000000000000000e+00 0.000000000000000000e+00 0.000000000000000000e+00 0.000000000000000000e+00 0.000000000000000000e+00 0.000000000000000000e+00 0.000000000000000000e+00
0.000000000000000000e+00 0.000000000000000000e+00 0.000000000000000000e+00 0.000000000000000000e+00 0.000000000000000000e+00 0.000000000000000000e+00 0.000000000000000000e+00 0.000000000000000000e+00 0.000000000000000000e+00 0.000000000000000000e+00 0.000000000000000000e+00
0.000000000000000000e+00 0.000000000000000000e+00 0.000000000000000000e+00 0.000000000000000000e+00 0.000000000000000000e+00 0.000000000000000000e+00 0.000000000000000000e+00 0.000000000000000000e+00 0.000000000000000000e+00 0.000000000000000000e+00 0.000000000000000000e+00
0.000000000000000000e+00 0.000000000000000000e+00 0.000000000000000000e+00 0.000000000000000000e+00 0.000000000000000000e+00 0.000000000000000000e+00 0.000000000000000000e+00 0.000000000000000000e+00 0.000000000000000000e+00 0.000000000000000000e+00 0.000000000000000000e+00
0.000000000000000000e+00 0.000000000000000000e+00 0.000000000000000000e+00 0.000000000000000000e+00 0.000000000000000000e+00 0.000000000000000000e+00 0.000000000000000000e+00 0.000000000000000000e+00 0.000000000000000000e+00 0.000000000000000000e+00 0.000000000000000000e+00
0.000000000000000000e+00 0.000000000000000000e+00 0.000000000000000000e+00 0.000000000000000000e+00 0.000000000000000000e+00 0.000000000000000000e+00 0.000000000000000000e+00 0.000000000000000000e+00 0.000000000000000000e+00 0.000000000000000000e+00 0.000000000000000000e+00
0.000000000000000000e+00 0.000000000000000000e+00 0.000000000000000000e+00 0.000000000000000000e+00 0.000000000000000000e+00 0.000000000000000000e+00 0.000000000000000000e+00 0.000000000000000000e+00 0.000000000000000000e+00 0.000000000000000000e+00 0.000000000000000000e+00
0.000000000000000000e+00 0.000000000000000000e+00 0.000000000000000000e+00 0.000000000000000000e+00 0.000000000000000000e+00 0.000000000000000000e+00 0.000000000000000000e+00 0.000000000000000000e+00 0.000000000000000000e+00 0.000000000000000000e+00 0.000000000000000000e+00
0.000000000000000000e+00 0.000000000000000000e+00 0.000000000000000000e+00 0.000000000000000000e+00 0.000000000000000000e+00 0.000000000000000000e+00 0.000000000000000000e+00 0.000000000000000000e+00 0.000000000000000000e+00 0.000000000000000000e+00 0.000000000000000000e+00
0.000000000000000000e+00 0.000000000000000000e+00 0.000000000000000000e+00 0.000000000000000000e+00 0.000000000000000000e+00 0.000000000000000000e+00 0.000000000000000000e+00 0.000000000000000000e+00 0.000000000000000000e+00 0.000000000000000000e+00 0.000000000000000000e+00
0.000000000000000000e+00 0.000000000000000000e+00 0.000000000000000000e+00 0.000000000000000000e+00 0.000000000000000000e+00 0.000000000000000000e+00 0.000000000000000000e+00 0.000000000000000000e+00 0.000000000000000000e+00 0.000000000000000000e+00 0.000000000000000000e+00
0.000000000000000000e+00 0.000000000000000000e+00 0.000000000000000000e+00 0.000000000000000000e+00 0.000000000000000000e+00 0.000000000000000000e+00 0.000000000000000000e+00 0.000000000000000000e+00 0.000000000000000000e+00 0.000000000000000000e+00 0.000000000000000000e+00
0.000000000000000000e+00 0.000000000000000000e+00 0.000000000000000000e+00 0.000000000000000000e+00 0.000000000000000000e+00 0.000000000000000000e+00 0.000000000000000000e+00 0.000000000000000000e+00 0.000000000000000000e+00 0.000000000000000000e+00 0.000000000000000000e+00
0.000000000000000000e+00 0.000000000000000000e+00 0.000000000000000000e+00 0.000000000000000000e+00 0.000000000000000000e+00 0.000000000000000000e+00 0.000000000000000000e+00 0.000000000000000000e+00 0.000000000000000000e+00 0.000000000000000000e+00 0.000000000000000000e+00
0.000000000000000000e+00 0.000000000000000000e+00 0.000000000000000000e+00 0.000000000000000000e+00 0.000000000000000000e+00 0.000000000000000000e+00 0.000000000000000000e+00 0.000000000000000000e+00 0.000000000000000000e+00 0.000000000000000000e+00 0.000000000000000000e+00
0.000000000000000000e+00 0.000000000000000000e+00 0.000000000000000000e+00 0.000000000000000000e+00 0.000000000000000000e+00 0.000000000000000000e+00 0.000000000000000000e+00 0.000000000000000000e+00 0.000000000000000000e+00 0.000000000000000000e+00 0.000000000000000000e+00
0.000000000000000000e+00 0.000000000000000000e+00 0.000000000000000000e+00 0.000000000000000000e+00 0.000000000000000000e+00 0.000000000000000000e+00 0.000000000000000000e+00 0.000000000000000000e+00 0.000000000000000000e+00 0.000000000000000000e+00 0.000000000000000000e+00
0.000000000000000000e+00 0.000000000000000000e+00 0.000000000000000000e+00 0.000000000000000000e+00 0.000000000000000000e+00 0.000000000000000000e+00 0.000000000000000000e+00 0.000000000000000000e+00 0.000000000000000000e+00 0.000000000000000000e+00 0.000000000000000000e+00
0.000000000000000000e+00 0.000000000000000000e+00 0.000000000000000000e+00 0.000000000000000000e+00 0.000000000000000000e+00 0.000000000000000000e+00 0.000000000000000000e+00 0.000000000000000000e+00 0.000000000000000000e+00 0.000000000000000000e+00 0.000000000000000000e+00
0.000000000000000000e+00 0.000000000000000000e+00 0.000000000000000000e+00 0.000000000000000000e+00 0.000000000000000000e+00 0.000000000000000000e+00 0.000000000000000000e+00 0.000000000000000000e+00 0.000000000000000000e+00 0.000000000000000000e+00 0.000000000000000000e+00
0.000000000000000000e+00 0.000000000000000000e+00 0.000000000000000000e+00 0.000000000000000000e+00 0.000000000000000000e+00 0.000000000000000000e+00 0.000000000000000000e+00 0.000000000000000000e+00 0.000000000000000000e+00 0.000000000000000000e+00 0.000000000000000000e+00
0.000000000000000000e+00 0.000000000000000000e+00 0.000000000000000000e+00 0.000000000000000000e+00 0.000000000000000000e+00 0.000000000000000000e+00 0.000000000000000000e+00 0.000000000000000000e+00 0.000000000000000000e+00 0.000000000000000000e+00 0.000000000000000000e+00
0.000000000000000000e+00 0.000000000000000000e+00 0.000000000000000000e+00 0.000000000000000000e+00 0.000000000000000000e+00 0.000000000000000000e+00 0.000000000000000000e+00 0.000000000000000000e+00 0.000000000000000000e+00 0.000000000000000000e+00 0.000000000000000000e+00
0.000000000000000000e+00 0.000000000000000000e+00 0.000000000000000000e+00 0.000000000000000000e+00 0.000000000000000000e+00 0.000000000000000000e+00 0.000000000000000000e+00 0.000000000000000000e+00 0.000000000000000000e+00 0.000000000000000000e+00 0.000000000000000000e+00
0.000000000000000000e+00 0.000000000000000000e+00 0.000000000000000000e+00 0.000000000000000000e+00 0.000000000000000000e+00 0.000000000000000000e+00 0.000000000000000000e+00 0.000000000000000000e+00 0.000000000000000000e+00 0.000000000000000000e+00 0.000000000000000000e+00
0.000000000000000000e+00 0.000000000000000000e+00 0.000000000000000000e+00 0.000000000000000000e+00 0.000000000000000000e+00 0.000000000000000000e+00 0.000000000000000000e+00 0.000000000000000000e+00 0.000000000000000000e+00 0.000000000000000000e+00 0.000000000000000000e+00
0.000000000000000000e+00 0.000000000000000000e+00 0.000000000000000000e+00 0.000000000000000000e+00 0.000000000000000000e+00 0.000000000000000000e+00 0.000000000000000000e+00 0.000000000000000000e+00 0.000000000000000000e+00 0.000000000000000000e+00 0.000000000000000000e+00
0.000000000000000000e+00 0.000000000000000000e+00 0.000000000000000000e+00 0.000000000000000000e+00 0.000000000000000000e+00 0.000000000000000000e+00 0.000000000000000000e+00 0.000000000000000000e+00 0.000000000000000000e+00 0.000000000000000000e+00 0.000000000000000000e+00
0.000000000000000000e+00 0.000000000000000000e+00 0.000000000000000000e+00 0.000000000000000000e+00 0.000000000000000000e+00 0.000000000000000000e+00 0.000000000000000000e+00 0.000000000000000000e+00 0.000000000000000000e+00 0.000000000000000000e+00 0.000000000000000000e+00
0.000000000000000000e+00 0.000000000000000000e+00 0.000000000000000000e+00 0.000000000000000000e+00 0.000000000000000000e+00 0.000000000000000000e+00 0.000000000000000000e+00 0.000000000000000000e+00 0.000000000000000000e+00 0.000000000000000000e+00 0.000000000000000000e+00
0.000000000000000000e+00 0.000000000000000000e+00 0.000000000000000000e+00 0.000000000000000000e+00 0.000000000000000000e+00 0.000000000000000000e+00 0.000000000000000000e+00 0.000000000000000000e+00 0.000000000000000000e+00 0.000000000000000000e+00 0.000000000000000000e+00
0.000000000000000000e+00 0.000000000000000000e+00 0.000000000000000000e+00 0.000000000000000000e+00 0.000000000000000000e+00 0.000000000000000000e+00 0.000000000000000000e+00 0.000000000000000000e+00 0.000000000000000000e+00 0.000000000000000000e+00 0.000000000000000000e+00
0.000000000000000000e+00 0.000000000000000000e+00 0.000000000000000000e+00 0.000000000000000000e+00 0.000000000000000000e+00 0.000000000000000000e+00 0.000000000000000000e+00 0.000000000000000000e+00 0.000000000000000000e+00 0.000000000000000000e+00 0.000000000000000000e+00
0.000000000000000000e+00 0.000000000000000000e+00 0.000000000000000000e+00 0.000000000000000000e+00 0.000000000000000000e+00 0.000000000000000000e+00 0.000000000000000000e+00 0.000000000000000000e+00 0.000000000000000000e+00 0.000000000000000000e+00 0.000000000000000000e+00
0.000000000000000000e+00 0.000000000000000000e+00 0.000000000000000000e+00 0.000000000000000000e+00 0.000000000000000000e+00 0.000000000000000000e+00 0.000000000000000000e+00 0.000000000000000000e+00 0.000000000000000000e+00 0.000000000000000000e+00 0.000000000000000000e+00
0.000000000000000000e+00 0.000000000000000000e+00 0.000000000000000000e+00 0.000000000000000000e+00 0.000000000000000000e+00 0.000000000000000000e+00 0.000000000000000000e+00 0.000000000000000000e+00 0.000000000000000000e+00 0.000000000000000000e+00 0.000000000000000000e+00
0.000000000000000000e+00 0.000000000000000000e+00 0.000000000000000000e+00 0.000000000000000000e+00 0.000000000000000000e+00 0.000000000000000000e+00 0.000000000000000000e+00 0.000000000000000000e+00 0.000000000000000000e+00 0.000000000000000000e+00 0.000000000000000000e+00
0.000000000000000000e+00 0.000000000000000000e+00 0.000000000000000000e+00 0.000000000000000000e+00 0.000000000000000000e+00 0.000000000000000000e+00 0.000000000000000000e+00 0.000000000000000000e+00 0.000000000000000000e+00 0.000000000000000000e+00 0.000000000000000000e+00
0.000000000000000000e+00 0.000000000000000000e+00 0.000000000000000000e+00 0.000000000000000000e+00 0.000000000000000000e+00 0.000000000000000000e+00 0.000000000000000000e+00 0.000000000000000000e+00 0.000000000000000000e+00 0.000000000000000000e+00 0.000000000000000000e+00
0.000000000000000000e+00 0.000000000000000000e+00 0.000000000000000000e+00 0.000000000000000000e+00 0.000000000000000000e+00 0.000000000000000000e+00 0.000000000000000000e+00 0.000000000000000000e+00 0.000000000000000000e+00 0.000000000000000000e+00 0.000000000000000000e+00
0.000000000000000000e+00 0.000000000000000000e+00 0.000000000000000000e+00 0.000000000000000000e+00 0.000000000000000000e+00 0.000000000000000000e+00 0.000000000000000000e+00 0.000000000000000000e+00 0.000000000000000000e+00 0.000000000000000000e+00 0.000000000000000000e+00
0.000000000000000000e+00 0.000000000000000000e+00 0.000000000000000000e+00 0.000000000000000000e+00 0.000000000000000000e+00 0.000000000000000000e+00 0.000000000000000000e+00 0.000000000000000000e+00 0.000000000000000000e+00 0.000000000000000000e+00 0.000000000000000000e+00
0.000000000000000000e+00 0.000000000000000000e+00 0.000000000000000000e+00 0.000000000000000000e+00 0.000000000000000000e+00 0.000000000000000000e+00 0.000000000000000000e+00 0.000000000000000000e+00 0.000000000000000000e+00 0.000000000000000000e+00 0.000000000000000000e+00
0.000000000000000000e+00 0.000000000000000000e+00 0.000000000000000000e+00 0.000000000000000000e+00 0.000000000000000000e+00 0.000000000000000000e+00 0.000000000000000000e+00 0.000000000000000000e+00 0.000000000000000000e+00 0.000000000000000000e+00 0.000000000000000000e+00
0.000000000000000000e+00 0.000000000000000000e+00 0.000000000000000000e+00 0.000000000000000000e+00 0.000000000000000000e+00 0.000000000000000000e+00 0.000000000000000000e+00 0.000000000000000000e+00 0.000000000000000000e+00 0.000000000000000000e+00 0.000000000000000000e+00
0.000000000000000000e+00 0.000000000000000000e+00 0.000000000000000000e+00 0.000000000000000000e+00 0.000000000000000000e+00 0.000000000000000000e+00 0.000000000000000000e+00 0.000000000000000000e+00 0.000000000000000000e+00 0.000000000000000000e+00 0.000000000000000000e+00
0.000000000000000000e+00 0.000000000000000000e+00 0.000000000000000000e+00 0.000000000000000000e+00 0.000000000000000000e+00 0.000000000000000000e+00 0.000000000000000000e+00 0.000000000000000000e+00 0.000000000000000000e+00 0.000000000000000000e+00 0.000000000000000000e+00
0.000000000000000000e+00 0.000000000000000000e+00 0.000000000000000000e+00 0.000000000000000000e+00 0.000000000000000000e+00 0.000000000000000000e+00 0.000000000000000000e+00 0.000000000000000000e+00 0.000000000000000000e+00 0.000000000000000000e+00 0.000000000000000000e+00
0.000000000000000000e+00 0.000000000000000000e+00 0.000000000000000000e+00 0.000000000000000000e+00 0.000000000000000000e+00 0.000000000000000000e+00 0.000000000000000000e+00 0.000000000000000000e+00 0.000000000000000000e+00 0.000000000000000000e+00 0.000000000000000000e+00
0.000000000000000000e+00 0.000000000000000000e+00 0.000000000000000000e+00 0.000000000000000000e+00 0.000000000000000000e+00 0.000000000000000000e+00 0.000000000000000000e+00 0.000000000000000000e+00 0.000000000000000000e+00 0.000000000000000000e+00 0.000000000000000000e+00
0.000000000000000000e+00 0.000000000000000000e+00 0.000000000000000000e+00 0.000000000000000000e+00 0.000000000000000000e+00 0.000000000000000000e+00 0.000000000000000000e+00 0.000000000000000000e+00 0.000000000000000000e+00 0.000000000000000000e+00 0.000000000000000000e+00
0.000000000000000000e+00 0.000000000000000000e+00 0.000000000000000000e+00 0.000000000000000000e+00 0.000000000000000000e+00 0.000000000000000000e+00 0.000000000000000000e+00 0.000000000000000000e+00 0.000000000000000000e+00 0.000000000000000000e+00 0.000000000000000000e+00
0.000000000000000000e+00 0.000000000000000000e+00 0.000000000000000000e+00 0.000000000000000000e+00 0.000000000000000000e+00 0.000000000000000000e+00 0.000000000000000000e+00 0.000000000000000000e+00 0.000000000000000000e+00 0.000000000000000000e+00 0.000000000000000000e+00
0.000000000000000000e+00 0.000000000000000000e+00 0.000000000000000000e+00 0.000000000000000000e+00 0.000000000000000000e+00 0.000000000000000000e+00 0.000000000000000000e+00 0.000000000000000000e+00 0.000000000000000000e+00 0.000000000000000000e+00 0.000000000000000000e+00
0.000000000000000000e+00 0.000000000000000000e+00 0.000000000000000000e+00 0.000000000000000000e+00 0.000000000000000000e+00 0.000000000000000000e+00 0.000000000000000000e+00 0.000000000000000000e+00 0.000000000000000000e+00 0.000000000000000000e+00 0.000000000000000000e+00
0.000000000000000000e+00 0.000000000000000000e+00 0.000000000000000000e+00 0.000000000000000000e+00 0.000000000000000000e+00 0.000000000000000000e+00 0.000000000000000000e+00 0.000000000000000000e+00 0.000000000000000000e+00 0.000000000000000000e+00 0.000000000000000000e+00
0.000000000000000000e+00 0.000000000000000000e+00 0.000000000000000000e+00 0.000000000000000000e+00 0.000000000000000000e+00 0.000000000000000000e+00 0.000000000000000000e+00 0.000000000000000000e+00 0.000000000000000000e+00 0.000000000000000000e+00 0.000000000000000000e+00
0.000000000000000000e+00 0.000000000000000000e+00 0.000000000000000000e+00 0.000000000000000000e+00 0.000000000000000000e+00 0.000000000000000000e+00 0.000000000000000000e+00 0.000000000000000000e+00 0.000000000000000000e+00 0.000000000000000000e+00 0.000000000000000000e+00
0.000000000000000000e+00 0.000000000000000000e+00 0.000000000000000000e+00 0.000000000000000000e+00 0.000000000000000000e+00 0.000000000000000000e+00 0.000000000000000000e+00 0.000000000000000000e+00 0.000000000000000000e+00 0.000000000000000000e+00 0.000000000000000000e+00
0.000000000000000000e+00 0.000000000000000000e+00 0.000000000000000000e+00 0.000000000000000000e+00 0.000000000000000000e+00 0.000000000000000000e+00 0.000000000000000000e+00 0.000000000000000000e+00 0.000000000000000000e+00 0.000000000000000000e+00 0.000000000000000000e+00
0.000000000000000000e+00 0.000000000000000000e+00 0.000000000000000000e+00 0.000000000000000000e+00 0.000000000000000000e+00 0.000000000000000000e+00 0.000000000000000000e+00 0.000000000000000000e+00 0.000000000000000000e+00 0.000000000000000000e+00 0.000000000000000000e+00
0.000000000000000000e+00 0.000000000000000000e+00 0.000000000000000000e+00 0.000000000000000000e+00 0.000000000000000000e+00 0.000000000000000000e+00 0.000000000000000000e+00 0.000000000000000000e+00 0.000000000000000000e+00 0.000000000000000000e+00 0.000000000000000000e+00
0.000000000000000000e+00 0.000000000000000000e+00 0.000000000000000000e+00 0.000000000000000000e+00 0.000000000000000000e+00 0.000000000000000000e+00 0.000000000000000000e+00 0.000000000000000000e+00 0.000000000000000000e+00 0.000000000000000000e+00 0.000000000000000000e+00
0.000000000000000000e+00 0.000000000000000000e+00 0.000000000000000000e+00 0.000000000000000000e+00 0.000000000000000000e+00 0.000000000000000000e+00 0.000000000000000000e+00 0.000000000000000000e+00 0.000000000000000000e+00 0.000000000000000000e+00 0.000000000000000000e+00
0.000000000000000000e+00 0.000000000000000000e+00 0.000000000000000000e+00 0.000000000000000000e+00 0.000000000000000000e+00 0.000000000000000000e+00 0.000000000000000000e+00 0.000000000000000000e+00 0.000000000000000000e+00 0.000000000000000000e+00 0.000000000000000000e+00
0.000000000000000000e+00 0.000000000000000000e+00 0.000000000000000000e+00 0.000000000000000000e+00 0.000000000000000000e+00 0.000000000000000000e+00 0.000000000000000000e+00 0.000000000000000000e+00 0.000000000000000000e+00 0.000000000000000000e+00 0.000000000000000000e+00
0.000000000000000000e+00 0.000000000000000000e+00 0.000000000000000000e+00 0.000000000000000000e+00 0.000000000000000000e+00 0.000000000000000000e+00 0.000000000000000000e+00 0.000000000000000000e+00 0.000000000000000000e+00 0.000000000000000000e+00 0.000000000000000000e+00
0.000000000000000000e+00 0.000000000000000000e+00 0.000000000000000000e+00 0.000000000000000000e+00 0.000000000000000000e+00 0.000000000000000000e+00 0.000000000000000000e+00 0.000000000000000000e+00 0.000000000000000000e+00 0.000000000000000000e+00 0.000000000000000000e+00
0.000000000000000000e+00 0.000000000000000000e+00 0.000000000000000000e+00 0.000000000000000000e+00 0.000000000000000000e+00 0.000000000000000000e+00 0.000000000000000000e+00 0.000000000000000000e+00 0.000000000000000000e+00 0.000000000000000000e+00 0.000000000000000000e+00
0.000000000000000000e+00 0.000000000000000000e+00 0.000000000000000000e+00 0.000000000000000000e+00 0.000000000000000000e+00 0.000000000000000000e+00 0.000000000000000000e+00 0.000000000000000000e+00 0.000000000000000000e+00 0.000000000000000000e+00 0.000000000000000000e+00
0.000000000000000000e+00 0.000000000000000000e+00 0.000000000000000000e+00 0.000000000000000000e+00 0.000000000000000000e+00 0.000000000000000000e+00 0.000000000000000000e+00 0.000000000000000000e+00 0.000000000000000000e+00 0.000000000000000000e+00 0.000000000000000000e+00
0.000000000000000000e+00 0.000000000000000000e+00 0.000000000000000000e+00 0.000000000000000000e+00 0.000000000000000000e+00 0.000000000000000000e+00 0.000000000000000000e+00 0.000000000000000000e+00 0.000000000000000000e+00 0.000000000000000000e+00 0.000000000000000000e+00
0.000000000000000000e+00 0.000000000000000000e+00 0.000000000000000000e+00 0.000000000000000000e+00 0.000000000000000000e+00 0.000000000000000000e+00 0.000000000000000000e+00 0.000000000000000000e+00 0.000000000000000000e+00 0.000000000000000000e+00 0.000000000000000000e+00
0.000000000000000000e+00 0.000000000000000000e+00 0.000000000000000000e+00 0.000000000000000000e+00 0.000000000000000000e+00 0.000000000000000000e+00 0.000000000000000000e+00 0.000000000000000000e+00 0.000000000000000000e+00 0.000000000000000000e+00 0.000000000000000000e+00
0.000000000000000000e+00 0.000000000000000000e+00 0.000000000000000000e+00 0.000000000000000000e+00 0.000000000000000000e+00 0.000000000000000000e+00 0.000000000000000000e+00 0.000000000000000000e+00 0.000000000000000000e+00 0.000000000000000000e+00 0.000000000000000000e+00
0.000000000000000000e+00 0.000000000000000000e+00 0.000000000000000000e+00 0.000000000000000000e+00 0.000000000000000000e+00 0.000000000000000000e+00 0.000000000000000000e+00 0.000000000000000000e+00 0.000000000000000000e+00 0.000000000000000000e+00 0.000000000000000000e+00
0.000000000000000000e+00 0.000000000000000000e+00 0.000000000000000000e+00 0.000000000000000000e+00 0.000000000000000000e+00 0.000000000000000000e+00 0.000000000000000000e+00 0.000000000000000000e+00 0.000000000000000000e+00 0.000000000000000000e+00 0.000000000000000000e+00
0.000000000000000000e+00 0.000000000000000000e+00 0.000000000000000000e+00 0.000000000000000000e+00 0.000000000000000000e+00 0.000000000000000000e+00 0.000000000000000000e+00 0.000000000000000000e+00 0.000000000000000000e+00 0.000000000000000000e+00 0.000000000000000000e+00
0.000000000000000000e+00 0.000000000000000000e+00 0.000000000000000000e+00 0.000000000000000000e+00 0.000000000000000000e+00 0.000000000000000000e+00 0.000000000000000000e+00 0.000000000000000000e+00 0.000000000000000000e+00 0.000000000000000000e+00 0.000000000000000000e+00
0.000000000000000000e+00 0.000000000000000000e+00 0.000000000000000000e+00 0.000000000000000000e+00 0.000000000000000000e+00 0.000000000000000000e+00 0.000000000000000000e+00 0.000000000000000000e+00 0.000000000000000000e+00 0.000000000000000000e+00 0.000000000000000000e+00
0.000000000000000000e+00 0.000000000000000000e+00 0.000000000000000000e+00 0.000000000000000000e+00 0.000000000000000000e+00 0.000000000000000000e+00 0.000000000000000000e+00 0.000000000000000000e+00 0.000000000000000000e+00 0.000000000000000000e+00 0.000000000000000000e+00
0.000000000000000000e+00 0.000000000000000000e+00 0.000000000000000000e+00 0.000000000000000000e+00 0.000000000000000000e+00 0.000000000000000000e+00 0.000000000000000000e+00 0.000000000000000000e+00 0.000000000000000000e+00 0.000000000000000000e+00 0.000000000000000000e+00
0.000000000000000000e+00 0.000000000000000000e+00 0.000000000000000000e+00 0.000000000000000000e+00 0.000000000000000000e+00 0.000000000000000000e+00 0.000000000000000000e+00 0.000000000000000000e+00 0.000000000000000000e+00 0.000000000000000000e+00 0.000000000000000000e+00
0.000000000000000000e+00 0.000000000000000000e+00 0.000000000000000000e+00 0.000000000000000000e+00 0.000000000000000000e+00 0.000000000000000000e+00 0.000000000000000000e+00 0.000000000000000000e+00 0.000000000000000000e+00 0.000000000000000000e+00 0.000000000000000000e+00
0.000000000000000000e+00 0.000000000000000000e+00 0.000000000000000000e+00 0.000000000000000000e+00 0.000000000000000000e+00 0.000000000000000000e+00 0.000000000000000000e+00 0.000000000000000000e+00 0.000000000000000000e+00 0.000000000000000000e+00 0.000000000000000000e+00
0.000000000000000000e+00 0.000000000000000000e+00 0.000000000000000000e+00 0.000000000000000000e+00 0.000000000000000000e+00 0.000000000000000000e+00 0.000000000000000000e+00 0.000000000000000000e+00 0.000000000000000000e+00 0.000000000000000000e+00 0.000000000000000000e+00
0.000000000000000000e+00 0.000000000000000000e+00 0.000000000000000000e+00 0.000000000000000000e+00 0.000000000000000000e+00 0.000000000000000000e+00 0.000000000000000000e+00 0.000000000000000000e+00 0.000000000000000000e+00 0.000000000000000000e+00 0.000000000000000000e+00
0.000000000000000000e+00 0.000000000000000000e+00 0.000000000000000000e+00 0.000000000000000000e+00 0.000000000000000000e+00 0.000000000000000000e+00 0.000000000000000000e+00 0.000000000000000000e+00 0.000000000000000000e+00 0.000000000000000000e+00 0.000000000000000000e+00
0.000000000000000000e+00 0.000000000000000000e+00 0.000000000000000000e+00 0.000000000000000000e+00 0.000000000000000000e+00 0.000000000000000000e+00 0.000000000000000000e+00 0.000000000000000000e+00 0.000000000000000000e+00 0.000000000000000000e+00 0.000000000000000000e+00
0.000000000000000000e+00 0.000000000000000000e+00 0.000000000000000000e+00 0.000000000000000000e+00 0.000000000000000000e+00 0.000000000000000000e+00 0.000000000000000000e+00 0.000000000000000000e+00 0.000000000000000000e+00 0.000000000000000000e+00 0.000000000000000000e+00
0.000000000000000000e+00 0.000000000000000000e+00 0.000000000000000000e+00 0.000000000000000000e+00 0.000000000000000000e+00 0.000000000000000000e+00 0.000000000000000000e+00 0.000000000000000000e+00 0.000000000000000000e+00 0.000000000000000000e+00 0.000000000000000000e+00
0.000000000000000000e+00 0.000000000000000000e+00 0.000000000000000000e+00 0.000000000000000000e+00 0.000000000000000000e+00 0.000000000000000000e+00 0.000000000000000000e+00 0.000000000000000000e+00 0.000000000000000000e+00 0.000000000000000000e+00 0.000000000000000000e+00
0.000000000000000000e+00 0.000000000000000000e+00 0.000000000000000000e+00 0.000000000000000000e+00 0.000000000000000000e+00 0.000000000000000000e+00 0.000000000000000000e+00 0.000000000000000000e+00 0.000000000000000000e+00 0.000000000000000000e+00 0.000000000000000000e+00
0.000000000000000000e+00 0.000000000000000000e+00 0.000000000000000000e+00 0.000000000000000000e+00 0.000000000000000000e+00 0.000000000000000000e+00 0.000000000000000000e+00 0.000000000000000000e+00 0.000000000000000000e+00 0.000000000000000000e+00 0.000000000000000000e+00
0.000000000000000000e+00 0.000000000000000000e+00 0.000000000000000000e+00 0.000000000000000000e+00 0.000000000000000000e+00 0.000000000000000000e+00 0.000000000000000000e+00 0.000000000000000000e+00 0.000000000000000000e+00 0.000000000000000000e+00 0.000000000000000000e+00
0.000000000000000000e+00 0.000000000000000000e+00 0.000000000000000000e+00 0.000000000000000000e+00 0.000000000000000000e+00 0.000000000000000000e+00 0.000000000000000000e+00 0.000000000000000000e+00 0.000000000000000000e+00 0.000000000000000000e+00 0.000000000000000000e+00
0.000000000000000000e+00 0.000000000000000000e+00 0.000000000000000000e+00 0.000000000000000000e+00 0.000000000000000000e+00 0.000000000000000000e+00 0.000000000000000000e+00 0.000000000000000000e+00 0.000000000000000000e+00 0.000000000000000000e+00 0.000000000000000000e+00
0.000000000000000000e+00 0.000000000000000000e+00 0.000000000000000000e+00 0.000000000000000000e+00 0.000000000000000000e+00 0.000000000000000000e+00 0.000000000000000000e+00 0.000000000000000000e+00 0.000000000000000000e+00 0.000000000000000000e+00 0.000000000000000000e+00
0.000000000000000000e+00 0.000000000000000000e+00 0.000000000000000000e+00 0.000000000000000000e+00 0.000000000000000000e+00 0.000000000000000000e+00 0.000000000000000000e+00 0.000000000000000000e+00 0.000000000000000000e+00 0.000000000000000000e+00 0.000000000000000000e+00
0.000000000000000000e+00 0.000000000000000000e+00 0.000000000000000000e+00 0.000000000000000000e+00 0.000000000000000000e+00 0.000000000000000000e+00 0.000000000000000000e+00 0.000000000000000000e+00 0.000000000000000000e+00 0.000000000000000000e+00 0.000000000000000000e+00
0.000000000000000000e+00 0.000000000000000000e+00 0.000000000000000000e+00 0.000000000000000000e+00 0.000000000000000000e+00 0.000000000000000000e+00 0.000000000000000000e+00 0.000000000000000000e+00 0.000000000000000000e+00 0.000000000000000000e+00 0.000000000000000000e+00
0.000000000000000000e+00 0.000000000000000000e+00 0.000000000000000000e+00 0.000000000000000000e+00 0.000000000000000000e+00 0.000000000000000000e+00 0.000000000000000000e+00 0.000000000000000000e+00 0.000000000000000000e+00 0.000000000000000000e+00 0.000000000000000000e+00
0.000000000000000000e+00 0.000000000000000000e+00 0.000000000000000000e+00 0.000000000000000000e+00 0.000000000000000000e+00 0.000000000000000000e+00 0.000000000000000000e+00 0.000000000000000000e+00 0.000000000000000000e+00 0.000000000000000000e+00 0.000000000000000000e+00
0.000000000000000000e+00 0.000000000000000000e+00 0.000000000000000000e+00 0.000000000000000000e+00 0.000000000000000000e+00 0.000000000000000000e+00 0.000000000000000000e+00 0.000000000000000000e+00 0.000000000000000000e+00 0.000000000000000000e+00 0.000000000000000000e+00
0.000000000000000000e+00 0.000000000000000000e+00 0.000000000000000000e+00 0.000000000000000000e+00 0.000000000000000000e+00 0.000000000000000000e+00 0.000000000000000000e+00 0.000000000000000000e+00 0.000000000000000000e+00 0.000000000000000000e+00 0.000000000000000000e+00
0.000000000000000000e+00 0.000000000000000000e+00 0.000000000000000000e+00 0.000000000000000000e+00 0.000000000000000000e+00 0.000000000000000000e+00 0.000000000000000000e+00 0.000000000000000000e+00 0.000000000000000000e+00 0.000000000000000000e+00 0.000000000000000000e+00
0.000000000000000000e+00 0.000000000000000000e+00 0.000000000000000000e+00 0.000000000000000000e+00 0.000000000000000000e+00 0.000000000000000000e+00 0.000000000000000000e+00 0.000000000000000000e+00 0.000000000000000000e+00 0.000000000000000000e+00 0.000000000000000000e+00
0.000000000000000000e+00 0.000000000000000000e+00 0.000000000000000000e+00 0.000000000000000000e+00 0.000000000000000000e+00 0.000000000000000000e+00 0.000000000000000000e+00 0.000000000000000000e+00 0.000000000000000000e+00 0.000000000000000000e+00 0.000000000000000000e+00
0.000000000000000000e+00 0.000000000000000000e+00 0.000000000000000000e+00 0.000000000000000000e+00 0.000000000000000000e+00 0.000000000000000000e+00 0.000000000000000000e+00 0.000000000000000000e+00 0.000000000000000000e+00 0.000000000000000000e+00 0.000000000000000000e+00
0.000000000000000000e+00 0.000000000000000000e+00 0.000000000000000000e+00 0.000000000000000000e+00 0.000000000000000000e+00 0.000000000000000000e+00 0.000000000000000000e+00 0.000000000000000000e+00 0.000000000000000000e+00 0.000000000000000000e+00 0.000000000000000000e+00
0.000000000000000000e+00 0.000000000000000000e+00 0.000000000000000000e+00 0.000000000000000000e+00 0.000000000000000000e+00 0.000000000000000000e+00 0.000000000000000000e+00 0.000000000000000000e+00 0.000000000000000000e+00 0.000000000000000000e+00 0.000000000000000000e+00
0.000000000000000000e+00 0.000000000000000000e+00 0.000000000000000000e+00 0.000000000000000000e+00 0.000000000000000000e+00 0.000000000000000000e+00 0.000000000000000000e+00 0.000000000000000000e+00 0.000000000000000000e+00 0.000000000000000000e+00 0.000000000000000000e+00
0.000000000000000000e+00 0.000000000000000000e+00 0.000000000000000000e+00 0.000000000000000000e+00 0.000000000000000000e+00 0.000000000000000000e+00 0.000000000000000000e+00 0.000000000000000000e+00 0.000000000000000000e+00 0.000000000000000000e+00 0.000000000000000000e+00
0.000000000000000000e+00 0.000000000000000000e+00 0.000000000000000000e+00 0.000000000000000000e+00 0.000000000000000000e+00 0.000000000000000000e+00 0.000000000000000000e+00 0.000000000000000000e+00 0.000000000000000000e+00 0.000000000000000000e+00 0.000000000000000000e+00
0.000000000000000000e+00 0.000000000000000000e+00 0.000000000000000000e+00 0.000000000000000000e+00 0.000000000000000000e+00 0.000000000000000000e+00 0.000000000000000000e+00 0.000000000000000000e+00 0.000000000000000000e+00 0.000000000000000000e+00 0.000000000000000000e+00
0.000000000000000000e+00 0.000000000000000000e+00 0.000000000000000000e+00 0.000000000000000000e+00 0.000000000000000000e+00 0.000000000000000000e+00 0.000000000000000000e+00 0.000000000000000000e+00 0.000000000000000000e+00 0.000000000000000000e+00 0.000000000000000000e+00
0.000000000000000000e+00 0.000000000000000000e+00 0.000000000000000000e+00 0.000000000000000000e+00 0.000000000000000000e+00 0.000000000000000000e+00 0.000000000000000000e+00 0.000000000000000000e+00 0.000000000000000000e+00 0.000000000000000000e+00 0.000000000000000000e+00
0.000000000000000000e+00 0.000000000000000000e+00 0.000000000000000000e+00 0.000000000000000000e+00 0.000000000000000000e+00 0.000000000000000000e+00 0.000000000000000000e+00 0.000000000000000000e+00 0.000000000000000000e+00 0.000000000000000000e+00 0.000000000000000000e+00
0.000000000000000000e+00 0.000000000000000000e+00 0.000000000000000000e+00 0.000000000000000000e+00 0.000000000000000000e+00 0.000000000000000000e+00 0.000000000000000000e+00 0.000000000000000000e+00 0.000000000000000000e+00 0.000000000000000000e+00 0.000000000000000000e+00
0.000000000000000000e+00 0.000000000000000000e+00 0.000000000000000000e+00 0.000000000000000000e+00 0.000000000000000000e+00 0.000000000000000000e+00 0.000000000000000000e+00 0.000000000000000000e+00 0.000000000000000000e+00 0.000000000000000000e+00 0.000000000000000000e+00
0.000000000000000000e+00 0.000000000000000000e+00 0.000000000000000000e+00 0.000000000000000000e+00 0.000000000000000000e+00 0.000000000000000000e+00 0.000000000000000000e+00 0.000000000000000000e+00 0.000000000000000000e+00 0.000000000000000000e+00 0.000000000000000000e+00
0.000000000000000000e+00 0.000000000000000000e+00 0.000000000000000000e+00 0.000000000000000000e+00 0.000000000000000000e+00 0.000000000000000000e+00 0.000000000000000000e+00 0.000000000000000000e+00 0.000000000000000000e+00 0.000000000000000000e+00 0.000000000000000000e+00
0.000000000000000000e+00 0.000000000000000000e+00 0.000000000000000000e+00 0.000000000000000000e+00 0.000000000000000000e+00 0.000000000000000000e+00 0.000000000000000000e+00 0.000000000000000000e+00 0.000000000000000000e+00 0.000000000000000000e+00 0.000000000000000000e+00
0.000000000000000000e+00 0.000000000000000000e+00 0.000000000000000000e+00 0.000000000000000000e+00 0.000000000000000000e+00 0.000000000000000000e+00 0.000000000000000000e+00 0.000000000000000000e+00 0.000000000000000000e+00 0.000000000000000000e+00 0.000000000000000000e+00
0.000000000000000000e+00 0.000000000000000000e+00 0.000000000000000000e+00 0.000000000000000000e+00 0.000000000000000000e+00 0.000000000000000000e+00 0.000000000000000000e+00 0.000000000000000000e+00 0.000000000000000000e+00 0.000000000000000000e+00 0.000000000000000000e+00
0.000000000000000000e+00 0.000000000000000000e+00 0.000000000000000000e+00 0.000000000000000000e+00 0.000000000000000000e+00 0.000000000000000000e+00 0.000000000000000000e+00 0.000000000000000000e+00 0.000000000000000000e+00 0.000000000000000000e+00 0.000000000000000000e+00
0.000000000000000000e+00 0.000000000000000000e+00 0.000000000000000000e+00 0.000000000000000000e+00 0.000000000000000000e+00 0.000000000000000000e+00 0.000000000000000000e+00 0.000000000000000000e+00 0.000000000000000000e+00 0.000000000000000000e+00 0.000000000000000000e+00
0.000000000000000000e+00 0.000000000000000000e+00 0.000000000000000000e+00 0.000000000000000000e+00 0.000000000000000000e+00 0.000000000000000000e+00 0.000000000000000000e+00 0.000000000000000000e+00 0.000000000000000000e+00 0.000000000000000000e+00 0.000000000000000000e+00
0.000000000000000000e+00 0.000000000000000000e+00 0.000000000000000000e+00 0.000000000000000000e+00 0.000000000000000000e+00 0.000000000000000000e+00 0.000000000000000000e+00 0.000000000000000000e+00 0.000000000000000000e+00 0.000000000000000000e+00 0.000000000000000000e+00
0.000000000000000000e+00 0.000000000000000000e+00 0.000000000000000000e+00 0.000000000000000000e+00 0.000000000000000000e+00 0.000000000000000000e+00 0.000000000000000000e+00 0.000000000000000000e+00 0.000000000000000000e+00 0.000000000000000000e+00 0.000000000000000000e+00
0.000000000000000000e+00 0.000000000000000000e+00 0.000000000000000000e+00 0.000000000000000000e+00 0.000000000000000000e+00 0.000000000000000000e+00 0.000000000000000000e+00 0.000000000000000000e+00 0.000000000000000000e+00 0.000000000000000000e+00 0.000000000000000000e+00
0.000000000000000000e+00 0.000000000000000000e+00 0.000000000000000000e+00 0.000000000000000000e+00 0.000000000000000000e+00 0.000000000000000000e+00 0.000000000000000000e+00 0.000000000000000000e+00 0.000000000000000000e+00 0.000000000000000000e+00 0.000000000000000000e+00
0.000000000000000000e+00 0.000000000000000000e+00 0.000000000000000000e+00 0.000000000000000000e+00 0.000000000000000000e+00 0.000000000000000000e+00 0.000000000000000000e+00 0.000000000000000000e+00 0.000000000000000000e+00 0.000000000000000000e+00 0.000000000000000000e+00
0.000000000000000000e+00 0.000000000000000000e+00 0.000000000000000000e+00 0.000000000000000000e+00 0.000000000000000000e+00 0.000000000000000000e+00 0.000000000000000000e+00 0.000000000000000000e+00 0.000000000000000000e+00 0.000000000000000000e+00 0.000000000000000000e+00
0.000000000000000000e+00 0.000000000000000000e+00 0.000000000000000000e+00 0.000000000000000000e+00 0.000000000000000000e+00 0.000000000000000000e+00 0.000000000000000000e+00 0.000000000000000000e+00 0.000000000000000000e+00 0.000000000000000000e+00 0.000000000000000000e+00
0.000000000000000000e+00 0.000000000000000000e+00 0.000000000000000000e+00 0.000000000000000000e+00 0.000000000000000000e+00 0.000000000000000000e+00 0.000000000000000000e+00 0.000000000000000000e+00 0.000000000000000000e+00 0.000000000000000000e+00 0.000000000000000000e+00
0.000000000000000000e+00 0.000000000000000000e+00 0.000000000000000000e+00 0.000000000000000000e+00 0.000000000000000000e+00 0.000000000000000000e+00 0.000000000000000000e+00 0.000000000000000000e+00 0.000000000000000000e+00 0.000000000000000000e+00 0.000000000000000000e+00
0.000000000000000000e+00 0.000000000000000000e+00 0.000000000000000000e+00 0.000000000000000000e+00 0.000000000000000000e+00 0.000000000000000000e+00 0.000000000000000000e+00 0.000000000000000000e+00 0.000000000000000000e+00 0.000000000000000000e+00 0.000000000000000000e+00
0.000000000000000000e+00 0.000000000000000000e+00 0.000000000000000000e+00 0.000000000000000000e+00 0.000000000000000000e+00 0.000000000000000000e+00 0.000000000000000000e+00 0.000000000000000000e+00 0.000000000000000000e+00 0.000000000000000000e+00 0.000000000000000000e+00
0.000000000000000000e+00 0.000000000000000000e+00 0.000000000000000000e+00 0.000000000000000000e+00 0.000000000000000000e+00 0.000000000000000000e+00 0.000000000000000000e+00 0.000000000000000000e+00 0.000000000000000000e+00 0.000000000000000000e+00 0.000000000000000000e+00
0.000000000000000000e+00 0.000000000000000000e+00 0.000000000000000000e+00 0.000000000000000000e+00 0.000000000000000000e+00 0.000000000000000000e+00 0.000000000000000000e+00 0.000000000000000000e+00 0.000000000000000000e+00 0.000000000000000000e+00 0.000000000000000000e+00
0.000000000000000000e+00 0.000000000000000000e+00 0.000000000000000000e+00 0.000000000000000000e+00 0.000000000000000000e+00 0.000000000000000000e+00 0.000000000000000000e+00 0.000000000000000000e+00 0.000000000000000000e+00 0.000000000000000000e+00 0.000000000000000000e+00
0.000000000000000000e+00 0.000000000000000000e+00 0.000000000000000000e+00 0.000000000000000000e+00 0.000000000000000000e+00 0.000000000000000000e+00 0.000000000000000000e+00 0.000000000000000000e+00 0.000000000000000000e+00 0.000000000000000000e+00 0.000000000000000000e+00
0.000000000000000000e+00 0.000000000000000000e+00 0.000000000000000000e+00 0.000000000000000000e+00 0.000000000000000000e+00 0.000000000000000000e+00 0.000000000000000000e+00 0.000000000000000000e+00 0.000000000000000000e+00 0.000000000000000000e+00 0.000000000000000000e+00
0.000000000000000000e+00 0.000000000000000000e+00 0.000000000000000000e+00 0.000000000000000000e+00 0.000000000000000000e+00 0.000000000000000000e+00 0.000000000000000000e+00 0.000000000000000000e+00 0.000000000000000000e+00 0.000000000000000000e+00 0.000000000000000000e+00
0.000000000000000000e+00 0.000000000000000000e+00 0.000000000000000000e+00 0.000000000000000000e+00 0.000000000000000000e+00 0.000000000000000000e+00 0.000000000000000000e+00 0.000000000000000000e+00 0.000000000000000000e+00 0.000000000000000000e+00 0.000000000000000000e+00
0.000000000000000000e+00 0.000000000000000000e+00 0.000000000000000000e+00 0.000000000000000000e+00 0.000000000000000000e+00 0.000000000000000000e+00 0.000000000000000000e+00 0.000000000000000000e+00 0.000000000000000000e+00 0.000000000000000000e+00 0.000000000000000000e+00
0.000000000000000000e+00 0.000000000000000000e+00 0.000000000000000000e+00 0.000000000000000000e+00 0.000000000000000000e+00 0.000000000000000000e+00 0.000000000000000000e+00 0.000000000000000000e+00 0.000000000000000000e+00 0.000000000000000000e+00 0.000000000000000000e+00
0.000000000000000000e+00 0.000000000000000000e+00 0.000000000000000000e+00 0.000000000000000000e+00 0.000000000000000000e+00 0.000000000000000000e+00 0.000000000000000000e+00 0.000000000000000000e+00 0.000000000000000000e+00 0.000000000000000000e+00 0.000000000000000000e+00
0.000000000000000000e+00 0.000000000000000000e+00 0.000000000000000000e+00 0.000000000000000000e+00 0.000000000000000000e+00 0.000000000000000000e+00 0.000000000000000000e+00 0.000000000000000000e+00 0.000000000000000000e+00 0.000000000000000000e+00 0.000000000000000000e+00
0.000000000000000000e+00 0.000000000000000000e+00 0.000000000000000000e+00 0.000000000000000000e+00 0.000000000000000000e+00 0.000000000000000000e+00 0.000000000000000000e+00 0.000000000000000000e+00 0.000000000000000000e+00 0.000000000000000000e+00 0.000000000000000000e+00
0.000000000000000000e+00 0.000000000000000000e+00 0.000000000000000000e+00 0.000000000000000000e+00 0.000000000000000000e+00 0.000000000000000000e+00 0.000000000000000000e+00 0.000000000000000000e+00 0.000000000000000000e+00 0.000000000000000000e+00 0.000000000000000000e+00
0.000000000000000000e+00 0.000000000000000000e+00 0.000000000000000000e+00 0.000000000000000000e+00 0.000000000000000000e+00 0.000000000000000000e+00 0.000000000000000000e+00 0.000000000000000000e+00 0.000000000000000000e+00 0.000000000000000000e+00 0.000000000000000000e+00
0.000000000000000000e+00 0.000000000000000000e+00 0.000000000000000000e+00 0.000000000000000000e+00 0.000000000000000000e+00 0.000000000000000000e+00 0.000000000000000000e+00 0.000000000000000000e+00 0.000000000000000000e+00 0.000000000000000000e+00 0.000000000000000000e+00
0.000000000000000000e+00 0.000000000000000000e+00 0.000000000000000000e+00 0.000000000000000000e+00 0.000000000000000000e+00 0.000000000000000000e+00 0.000000000000000000e+00 0.000000000000000000e+00 0.000000000000000000e+00 0.000000000000000000e+00 0.000000000000000000e+00
0.000000000000000000e+00 0.000000000000000000e+00 0.000000000000000000e+00 0.000000000000000000e+00 0.000000000000000000e+00 0.000000000000000000e+00 0.000000000000000000e+00 0.000000000000000000e+00 0.000000000000000000e+00 0.000000000000000000e+00 0.000000000000000000e+00
0.000000000000000000e+00 0.000000000000000000e+00 0.000000000000000000e+00 0.000000000000000000e+00 0.000000000000000000e+00 0.000000000000000000e+00 0.000000000000000000e+00 0.000000000000000000e+00 0.000000000000000000e+00 0.000000000000000000e+00 0.000000000000000000e+00
