-3.086608200806975658e-13 3.083197300794864236e-14 -1.518755805193795861e-12 6.891302697873390814e-13 -4.005754482045346006e-13 1.362683003315838022e-12 8.287291370925882550e-12 7.052577227644838759e-12 1.223034676843923155e-11 -2.934646330478562721e-12 -2.978102078784896047e-13
-3.569131735670160216e-13 -2.054009510378016591e-13 -1.411024950794027159e-12 1.050376958210701056e-12 -1.315820095437708352e-12 1.264160789517523592e-12 8.020345787799159725e-12 6.293962455901496425e-12 1.013594331704871508e-11 -2.774021675849139355e-12 -1.761704691238583068e-12
-4.093663199214007344e-13 -4.609719825182797597e-13 -1.295575985872768648e-12 1.416629732172778578e-12 -2.234908397978243861e-12 1.202240992506584671e-12 7.656964820545568665e-12 5.279728189242635618e-12 7.602933120480602580e-12 -2.481709451550040765e-12 -3.211733775699439213e-12
-4.619546928009998251e-13 -7.075677359545165135e-13 -1.202765317574699798e-12 1.750915563471120377e-12 -3.013977293849896094e-12 1.184437564332919102e-12 7.233212299867340251e-12 4.144557596085398942e-12 4.915952163761580394e-12 -2.173146947995672048e-12 -4.170117513438216467e-12
-5.064236102975774385e-13 -9.061631264861201754e-13 -1.164511466217239297e-12 1.989353640735677191e-12 -3.416665747596674583e-12 1.202908080751012256e-12 6.713485546218262878e-12 3.050456520508234308e-12 2.356085697056009525e-12 -1.932387091189190336e-12 -4.612113583152993695e-12
-5.337151483439410947e-13 -1.013275283332167691e-12 -1.207438282845342181e-12 2.042541339036007213e-12 -3.162132566044838735e-12 1.270577566309702723e-12 6.003529354164514702e-12 2.081936061732446328e-12 4.178603908747254149e-13 -1.851805023467643794e-12 -4.401478690590741771e-12
-5.399493168146355112e-13 -1.004540424454178049e-12 -1.335696781823995504e-12 1.864188500574979281e-12 -2.162383669848477899e-12 1.397035075830969626e-12 5.061904423894081936e-12 1.193559036559106353e-12 -5.033977648371804198e-13 -1.772124438948746928e-12 -3.908661306182538104e-12
-5.337649553058647862e-13 -9.155333434149162719e-13 -1.498410260503738556e-12 1.567173835294416873e-12 -9.219394441459952391e-13 1.494025638482410013e-12 4.186323277750001680e-12 4.645099836533440843e-13 -8.933423215989111389e-13 -1.700261552226002960e-12 -3.262305941364107728e-12
-5.201884185207554799e-13 -7.745111301996317253e-13 -1.632143012414778458e-12 1.246954681221755830e-12 1.061125749699439818e-13 1.471676333147860648e-12 3.542125008124738335e-12 1.538672230461761875e-13 -1.137268410710205067e-12 -1.618246950824386609e-12 -2.650112643639505164e-12
-5.009967777632285846e-13 -6.069216053466128705e-13 -1.687941271212311201e-12 9.425815320180764614e-13 7.307681935996558772e-13 1.296191631041807047e-12 3.095947817482921369e-12 2.683735531775435665e-13 -1.176384721075248504e-12 -1.532199389320621624e-12 -1.983008215081145033e-12
-4.743262867046049909e-13 -4.316754495380083522e-13 -1.646727645622324977e-12 6.690624608782595859e-13 9.199658728913106399e-13 9.927430226628811489e-13 2.757659602140680373e-12 3.759568413970946845e-13 -1.032345594791836223e-12 -1.278156984495402292e-12 -1.438126741459490022e-12
-4.380399001860205831e-13 -2.591391543992749752e-13 -1.512409281879843716e-12 4.222504919294408782e-13 8.246030046058017862e-13 6.267892120443536865e-13 2.371712889652134778e-12 3.800070913028019621e-13 -6.867106703985623694e-13 -9.692892422801309196e-13 -1.266527234771884101e-12
-3.920742294067428969e-13 -1.041496721960027145e-13 -1.301549322709333579e-12 2.207756837549606823e-13 5.676242932088052838e-13 2.896197724098052860e-13 1.853476434815746666e-12 4.558361504188956959e-13 -4.090831210686970590e-13 -6.600364660039067424e-13 -7.598398152509927055e-13
-3.382057383985705736e-13 1.622335556999624444e-14 -1.038944792906002291e-12 7.338648412148343609e-14 2.886404690765663397e-13 4.773366100544954510e-14 1.191281628976538799e-12 4.895020259456003646e-13 -2.095094886702827915e-13 -3.406834117294540663e-13 -2.904556537956068652e-13
-2.803570393226887288e-13 9.169349367526802166e-14 -7.570865846298679635e-13 4.120875396121402912e-15 2.371447623434092902e-14 -7.989469687745494630e-14 5.144314615845145211e-13 4.178137875677572995e-13 -8.757538151373000975e-14 -3.273653393929064085e-14 -1.372301418422236276e-13
-2.226811832943127064e-13 1.247478479927962053e-13 -4.882667819513354205e-13 -2.155248481701793009e-15 -1.440837520720553972e-13 -1.196238971703250387e-13 -3.224172079465807010e-14 1.755078771292038786e-13 -7.830416052592847612e-15 1.571857748934179944e-13 -7.680078225141048443e-14
-1.689048830624439602e-13 1.265634304118199952e-13 -2.594985000144152250e-13 3.044572033222220655e-14 -1.802393092542611176e-13 -1.127459094820070740e-13 -2.715222598391555379e-13 1.727023317939627924e-14 3.793284844478013792e-16 1.713174650175076046e-13 -1.724220834616120649e-13
-1.221327272239697033e-13 1.101072804516883069e-13 -8.822145176579780490e-14 7.492219566175221479e-14 -1.028639232947763653e-13 -9.450525263299062593e-14 -2.359597463674474909e-13 1.249286394558646455e-14 -2.356988186641988571e-14 1.304564539592658747e-13 -1.333366175556909511e-13
-8.403067891349430233e-14 8.429798645758680902e-14 1.905171277105425028e-14 1.082255210844589212e-13 1.450741676836663309e-15 -7.115749302116631188e-14 -8.548861210743171756e-14 9.074217668890895277e-15 -8.197924150577721241e-15 1.056635520760376517e-13 -2.370579404699759130e-14
-5.454365989707944851e-14 5.837507714702401678e-14 6.698412781249634292e-14 1.226995164981023847e-13 7.353321329996052125e-14 -6.963267667804238161e-14 5.429027990248998416e-14 -1.670367084533852404e-14 2.878072581687097704e-14 4.776803014117028862e-15 3.379989485800462701e-15
-3.155889336230675918e-13 6.614433061669302173e-14 -1.592035795577717304e-12 6.566589591306607789e-13 -2.745820793535742107e-13 1.441422448534884140e-12 8.625687145073927956e-12 7.257972294836914045e-12 1.313491529602633384e-11 -2.953187452704819214e-12 8.950839210225489046e-14
-3.653610741680650526e-13 -1.770850850108040883e-13 -1.482130465842289232e-12 1.034170026536725519e-12 -1.230036603100353850e-12 1.328355447259918182e-12 8.376431084199695874e-12 6.535720021573253617e-12 1.104440957989735831e-11 -2.818471390607714127e-12 -1.455276583943399716e-12
-4.200951728808959394e-13 -4.448495621461680582e-13 -1.359329333941091206e-12 1.423138857472695405e-12 -2.215219431594581512e-12 1.251224522719584201e-12 8.022090598476276911e-12 5.526953697467754684e-12 8.458875182125803975e-12 -2.535878627892231669e-12 -3.060881783380589256e-12
-4.761673183104168624e-13 -7.091851266106880106e-13 -1.254970006990252388e-12 1.788101579770823884e-12 -3.090735814723641040e-12 1.220054434735049013e-12 7.608515087455514372e-12 4.363993573602626899e-12 5.662962407681940427e-12 -2.217512028598747268e-12 -4.214119935170662409e-12
-5.255094798702741007e-13 -9.310985392754184865e-13 -1.202131434134960474e-12 2.066872587160168856e-12 -3.622601079099828363e-12 1.228530718221303379e-12 7.108940558029044886e-12 3.215460148489717036e-12 2.918348979498035499e-12 -1.949258442677423644e-12 -4.839618407294214166e-12
-5.583818043609788052e-13 -1.064801109890772356e-12 -1.230952459373877598e-12 2.167804823264971773e-12 -3.510991871953045518e-12 1.286527732087132099e-12 6.426959905166528357e-12 2.201737541428698014e-12 7.266643766611980432e-13 -1.854868072325424834e-12 -4.727109183017994527e-12
-5.682393424016473711e-13 -1.074726044769052733e-12 -1.354529711541159053e-12 2.016391685723066823e-12 -2.565043376494037298e-12 1.413642051644992026e-12 5.468278898268163265e-12 1.264879437269683753e-12 -3.800946039282201736e-13 -1.778898478726285234e-12 -4.248389953721228098e-12
-5.633565323332347666e-13 -9.928816280338523472e-13 -1.525790055240911684e-12 1.714652546606783582e-12 -1.253436642429678217e-12 1.532609872195156961e-12 4.518060175766184864e-12 4.445163971951173807e-13 -8.313941502756387814e-13 -1.697111816641309485e-12 -3.568999233695727502e-12
-5.500483591116091391e-13 -8.520017490603654404e-13 -1.677066649999890470e-12 1.376102451506169641e-12 -9.707396501858531922e-14 1.541016098896861758e-12 3.788586466244223443e-12 5.109510335459933450e-14 -1.107147954924709251e-12 -1.604794345607253074e-12 -2.902711385314521220e-12
-5.308473767011740782e-13 -6.788321505384881927e-13 -1.751755246019641914e-12 1.049041802426350524e-12 6.519783057286766349e-13 1.388314403357442382e-12 3.277535485427097509e-12 1.457311916232967928e-13 -1.165879354735300939e-12 -1.528401049953354395e-12 -2.174555553838270141e-12
-5.043084179683077526e-13 -4.949201278631640638e-13 -1.725831647131740797e-12 7.545802226337309408e-13 9.287613066221483955e-13 1.092681269652953336e-12 2.902399717124604103e-12 2.879570850077239003e-13 -1.054048922272682650e-12 -1.289338221958399759e-12 -1.577885530060219131e-12
-4.679936022701446505e-13 -3.120727154844077247e-13 -1.598842981576095747e-12 4.869554755556158544e-13 8.772189932878642255e-13 7.157229025309322161e-13 2.501401003849681603e-12 3.166624613313148560e-13 -7.081115210209877859e-13 -9.836849975543241598e-13 -1.382537589549165388e-12
-4.213608957429038183e-13 -1.440804995317465190e-13 -1.388280110892560153e-12 2.637381187333520506e-13 6.332253616159713873e-13 3.534405718527540553e-13 1.977136866491726856e-12 4.206320563537445961e-13 -4.169821853310368688e-13 -6.808659818849527121e-13 -8.560059054216479498e-13
-3.659014346771842198e-13 -9.233846638363975616e-15 -1.118328380501610781e-12 9.465752363802216323e-14 3.451243471910455805e-13 8.052684285551389543e-14 1.302491033656835297e-12 4.886904523889030294e-13 -2.071691865907739913e-13 -3.679093396015529323e-13 -3.553709517306583095e-13
-3.055209024944158045e-13 7.974488139439901929e-14 -8.234889763679771727e-13 8.140631883967114012e-15 5.778734523355671412e-14 -7.103538189161478195e-14 5.996678021630143451e-13 4.468505582592718187e-13 -7.618727521068941850e-14 -5.959125097507431500e-14 -1.595107566664586058e-13
-2.445621625653566148e-13 1.231474221347013519e-13 -5.386020041844324634e-13 -7.719663846554192252e-15 -1.373736854518406807e-13 -1.237584286095338131e-13 1.311934430984422829e-14 2.003860946063978588e-13 1.369622568345472610e-15 1.442054875231307837e-13 -6.415208167511830215e-14
-1.870439761178786089e-13 1.312650035155381229e-13 -2.934098136293748749e-13 2.311106125367235761e-14 -1.917627493813719510e-13 -1.165020201331359648e-13 -2.629177623466339041e-13 2.765430160112245385e-14 1.233971925910562205e-14 1.572319602581231925e-13 -1.586745461725173130e-13
-1.363956097101937077e-13 1.177209995864940818e-13 -1.064079672756878191e-13 7.014949590625186982e-14 -1.183896895267976649e-13 -9.454725317552769272e-14 -2.423998669256434474e-13 1.392521915067827173e-14 -1.360635636453366364e-14 1.109267434900915124e-13 -1.280958829770030206e-13
-9.468064305119659116e-14 9.219676587435056577e-14 1.370705819753930958e-14 1.076167857993041280e-13 -6.118118021768603735e-15 -6.679625184557883333e-14 -9.127159635222720377e-14 9.092543353803021331e-15 -1.012301171045437686e-14 9.259519095512164550e-14 -1.693775655343638851e-14
-6.202024419786824286e-14 6.512751226633195208e-14 7.023080271703748172e-14 1.259391454241603485e-13 7.443818929748149262e-14 -6.399155145370576917e-14 5.861828736017674220e-14 -1.268732319985084046e-14 2.812373238432484897e-14 8.317143262493615647e-15 7.002337267090053644e-15
-3.210291837633051675e-13 9.387811091727930625e-14 -1.649569146727491462e-12 6.311254883139646836e-13 -1.755861691259313960e-13 1.503308429287280026e-12 8.891359018274636740e-12 7.418928402988584630e-12 1.384529206155229684e-11 -2.967494391123637560e-12 3.940588004917824042e-13
-3.719946537462185706e-13 -1.548403544554811165e-13 -1.537962658820506123e-12 1.021402213871383802e-12 -1.162590124234557099e-12 1.378823072202686945e-12 8.656020228332170915e-12 6.725254568381538552e-12 1.175795805873528314e-11 -2.853122629871332629e-12 -1.214110515631998277e-12
-4.285194200313996469e-13 -4.321748883558105931e-13 -1.409395045199754384e-12 1.428206042504331801e-12 -2.199651754637418087e-12 1.289743883614120495e-12 8.308805982489225122e-12 5.720844035664994721e-12 9.131263556054815912e-12 -2.578188833311316997e-12 -2.941786195097892578e-12
-4.873262346284230695e-13 -7.104364551143240583e-13 -1.295972692809929752e-12 1.817256784098103648e-12 -3.150884680923127621e-12 1.248064404319668174e-12 7.903236358213411203e-12 4.536150510176282553e-12 6.249884070007318316e-12 -2.252179738591174065e-12 -4.248031570911159117e-12
-5.404936867773432911e-13 -9.506561147118438881e-13 -1.231685963074230424e-12 2.127696806775926811e-12 -3.784163468927734059e-12 1.248670284787430145e-12 7.419485269891230373e-12 3.344975698925886277e-12 3.360310365843300108e-12 -1.962417035074569461e-12 -5.017715265012615072e-12
-5.777470758075761339e-13 -1.105232306200790474e-12 -1.249430928392163272e-12 2.266098797018904808e-12 -3.784736140036702505e-12 1.299071221267329449e-12 6.759436675920556523e-12 2.295711830659935644e-12 9.698059475129853297e-13 -1.857153926573762271e-12 -4.982581895272164639e-12
-5.904576417059024544e-13 -1.129837550629515303e-12 -1.369308353693323474e-12 2.135912401513230102e-12 -2.881328243760979730e-12 1.426668373089036978e-12 5.787530045640482822e-12 1.320787628779773447e-12 -2.828756227557640330e-13 -1.784058793655707149e-12 -4.515191646800729552e-12
-5.866020174229759120e-13 -1.053642006764230771e-12 -1.547259178491286968e-12 1.830536606380815557e-12 -1.514102043079254417e-12 1.562839925432478731e-12 4.778832346143408414e-12 4.288945934204518592e-13 -7.826650810265633140e-13 -1.694578949336453761e-12 -3.810003097801036766e-12
-5.735072998559840418e-13 -9.128854468327100455e-13 -1.712295930739893264e-12 1.477614138588603176e-12 -2.570985309405182249e-13 1.595377408543706337e-12 3.982424709955525997e-12 -2.954542373468306931e-14 -1.083406245144626692e-12 -1.594181081044288499e-12 -3.101294705174465776e-12
-5.542986507533338403e-13 -7.353423174162489120e-13 -1.801827920614850436e-12 1.132734202356858458e-12 5.897283418820705812e-13 1.460601323232741560e-12 3.420346503644048930e-12 4.934335113599723181e-14 -1.157596471803160412e-12 -1.525315662729751160e-12 -2.325173214048701133e-12
-5.278624900057684316e-13 -5.446303811106592353e-13 -1.787917639287950256e-12 8.218133878878408217e-13 9.353989602531422264e-13 1.171139638101632722e-12 3.016191929503293025e-12 2.186721029235085605e-13 -1.070997319086907521e-12 -1.298026330373580710e-12 -1.687721128260792064e-12
-4.915250823398235986e-13 -3.536837857374469726e-13 -1.666704201397723147e-12 5.378356553885699248e-13 9.183912876238147847e-13 7.855831159418000288e-13 2.603296227522855093e-12 2.668189555511098007e-13 -7.248905981360205822e-13 -9.949344813909703216e-13 -1.473630074915821342e-12
-4.443686991638892403e-13 -1.754828545125923793e-13 -1.456383063798241444e-12 2.975358920571632794e-13 6.846784759549605240e-13 4.036104424301270952e-13 2.074233818596722505e-12 3.929265685027963987e-13 -4.231798511141655689e-13 -6.971744218535817322e-13 -9.314676067958476205e-13
-3.876610643365869770e-13 -2.927161211941378601e-14 -1.180673979611794780e-12 1.114162619954335534e-13 3.894796187359607543e-13 1.063480144248229917e-13 1.389788304912031633e-12 4.879806771740738892e-13 -2.053096201330996950e-13 -3.892445941712534820e-13 -4.063466151653573273e-13
-3.252933333493024791e-13 7.031844517990509951e-14 -8.756424263438128433e-13 1.133576230318501151e-14 8.457528898577296332e-14 -6.403169938654144886e-14 6.665619397157624533e-13 4.695979460818717885e-13 -6.721325191574721279e-14 -8.064733146390123888e-14 -1.770190742203945998e-13
-2.617572167627508298e-13 1.218565375289807234e-13 -5.781387993561201800e-13 -1.207072315470370785e-14 -1.320591131504373111e-13 -1.269854525339946971e-13 4.872295265064562560e-14 2.199248798463647477e-13 8.611965177485917919e-15 1.340123863995689674e-13 -5.423301879589832607e-14
-2.013005520842019903e-13 1.349358245591715931e-13 -3.200452538434521746e-13 1.734966882831478600e-14 -2.007871810886798979e-13 -1.194716526057426110e-13 -2.561475637665119985e-13 3.580246027897308763e-14 2.173229182076640680e-14 1.461708614369126570e-13 -1.478997378427825359e-13
-1.476076051101591216e-13 1.236894437136140576e-13 -1.206952648597276000e-13 6.639100455553467238e-14 -1.305688228019139057e-13 -9.458658929286392271e-14 -2.474401265205455005e-13 1.504522437180328826e-14 -5.764365682757510840e-15 9.557638522521695710e-14 -1.239476923923596521e-13
-1.030541803870769486e-13 9.839624651770963036e-14 9.507843411611400325e-15 1.071253702500199920e-13 -1.206420770279497923e-14 -6.336514666842686344e-14 -9.580420835737413990e-14 9.095219477920390289e-15 -1.163169121244131630e-14 8.233404976020042518e-14 -1.158687004519066656e-14
-6.790001477098388173e-14 7.043146694293049871e-14 7.278127146981254769e-14 1.284717256871834171e-13 7.514844868602839500e-14 -5.954633877995178698e-14 6.200871487808574075e-14 -9.550571409610792440e-15 2.759477495431982364e-14 1.107600310389773368e-14 9.829601486231152287e-15
-3.255305676656960722e-13 1.168256572881949065e-13 -1.697173520384972704e-12 6.099985267580070797e-13 -9.367475199795608933e-14 1.554514265785193689e-12 9.111181831790525376e-12 7.552107063210588676e-12 1.443307358945050932e-11 -2.979332268618175244e-12 6.460505807396364192e-13
-3.774834249532893684e-13 -1.364345698409222508e-13 -1.584159456415955611e-12 1.010837841609734515e-12 -1.106783407820045957e-12 1.420581107318684862e-12 8.887358501328140004e-12 6.882079664033057593e-12 1.234836393330319653e-11 -2.881793834061660383e-12 -1.014564346486881703e-12
-4.354898293926989163e-13 -4.216875814281695853e-13 -1.450820527664086192e-12 1.432398743795282198e-12 -2.186770712086968271e-12 1.321615659430556806e-12 8.546040664926362048e-12 5.881273210214900105e-12 9.687612645300088270e-12 -2.613197236444244740e-12 -2.843243854257294757e-12
-4.965593700468474390e-13 -7.114718320410933877e-13 -1.329899226581414008e-12 1.841380448031950957e-12 -3.200653189284848483e-12 1.271240476095222689e-12 8.147095289414449343e-12 4.678596985498227113e-12 6.735516102391218936e-12 -2.280864571340487794e-12 -4.276090808401336496e-12
-5.528919526596038692e-13 -9.668384872837343592e-13 -1.256140037372096752e-12 2.178024117966210622e-12 -3.917843781091365658e-12 1.265334210007535814e-12 7.676436868038223567e-12 3.452139744015772892e-12 3.725999044056753680e-12 -1.973304746234125358e-12 -5.165076561016926629e-12
-5.937703318758751162e-13 -1.138685976682027313e-12 -1.264720424494255725e-12 2.347429415669325038e-12 -4.011238231909988922e-12 1.309449983154323482e-12 7.034535347021592189e-12 2.373468246136912031e-12 1.170986691486426869e-12 -1.859045292504292402e-12 -5.193965694775028310e-12
-6.088415564742807016e-13 -1.175438035670332996e-12 -1.381536530707790182e-12 2.234806498623433172e-12 -3.143029374089928691e-12 1.437446641002213018e-12 6.051685542504585972e-12 1.367047308655781278e-12 -2.024344738371762733e-13 -1.788328552009448380e-12 -4.735949298544784759e-12
-6.058358485842075781e-13 -1.103916494961070168e-12 -1.565023208161552966e-12 1.926421653952005149e-12 -1.729782392084225959e-12 1.587852943158523279e-12 4.994601038403766649e-12 4.159687659490654109e-13 -7.423455652494754784e-13 -1.692483198131707678e-12 -4.009415053397602426e-12
-5.929177489840045838e-13 -9.632619720064000480e-13 -1.741445420524325231e-12 1.561607165627049500e-12 -3.895064166697225242e-13 1.640357164141616936e-12 4.142810783507085128e-12 -9.626918818892458600e-14 -1.063761826294361909e-12 -1.585399429689916730e-12 -3.265606959627939369e-12
-5.737027562951301591e-13 -7.821000859633330047e-13 -1.843259164476882384e-12 1.201983155113051454e-12 5.382213356992382749e-13 1.520413127367148744e-12 3.538511516170414544e-12 -3.041009101765356095e-14 -1.150743030275769994e-12 -1.522762744261214415e-12 -2.449797615390906734e-12
-5.473516528833637312e-13 -5.857617499825742980e-13 -1.839288969200634853e-12 8.774436039082628000e-13 9.408911006881903099e-13 1.236057836134365854e-12 3.110346136598384604e-12 1.613441674209066041e-13 -1.085020798825683040e-12 -1.305215063762835137e-12 -1.778601544561749935e-12
-5.109955521154679680e-13 -3.881137105324682875e-13 -1.722854083163117506e-12 5.799350476543764182e-13 9.524581582903327751e-13 8.433870096010483011e-13 2.687606601166048552e-12 2.255773303184671840e-13 -7.387739793425383373e-13 -1.004242554083966811e-12 -1.549002022758255844e-12
-4.634058672410683545e-13 -2.014658613610734054e-13 -1.512732960952387333e-12 3.255009213913914635e-13 7.272519261183232037e-13 4.451221088850095188e-13 2.154573995315307498e-12 3.700024315522844090e-13 -4.283079374958555550e-13 -7.106683873443701058e-13 -9.939062960368177800e-13
-4.056654656999417707e-13 -4.585130498050690001e-14 -1.232260114301960363e-12 1.252828149706284256e-13 4.261801563550640515e-13 1.277130262017609493e-13 1.462020007629369380e-12 4.873933929357025300e-13 -2.037709728686450610e-13 -4.068978578805570505e-13 -4.485250124408822406e-13
-3.416534822509420610e-13 6.251880205816942557e-14 -9.187953502861388833e-13 1.397948447169121257e-14 1.067402292611629020e-13 -5.823669649549649849e-14 7.219116360005657422e-13 4.884196400894894586e-13 -5.978794543564439681e-14 -9.806960029550382560e-14 -1.915058453088013492e-13
-2.759847869262049821e-13 1.207884307065905138e-13 -6.108524226531464847e-13 -1.567088622365427115e-14 -1.276617176250579857e-13 -1.296555637086254180e-13 7.818216951277062800e-14 2.360917050381643297e-13 1.460444055425475858e-14 1.255783879772490682e-13 -4.602576579023868487e-14
-2.130967600350863858e-13 1.379731433618249887e-13 -3.420840092189027129e-13 1.258256466810120139e-14 -2.082541963547841191e-13 -1.219287926084728841e-13 -2.505457509165998243e-13 4.254442782510536476e-14 2.950391523752333260e-14 1.370186624278943683e-13 -1.389844220074991047e-13
-1.568846594160406062e-13 1.286278669926525266e-13 -1.325168925082952960e-13 6.328114521090119162e-14 -1.406461083709258362e-13 -9.461913695585101684e-14 -2.516105492767466642e-13 1.597194159068526401e-14 7.242717569404931181e-16 8.287515754182290640e-14 -1.205153873017564661e-13
-1.099826313833855558e-13 1.035258345930219137e-13 6.033319745830599572e-15 1.067187620215846297e-13 -1.698413449762359214e-14 -6.052617395000212483e-14 -9.955459222708341478e-14 9.097433687662392267e-15 -1.288000609029986490e-14 7.384375353051244588e-14 -7.159427469297033547e-15
-7.276506770117039518e-14 7.482007695475533922e-14 7.489158602709582131e-14 1.305672388273616825e-13 7.573613309951092491e-14 -5.586827090942238655e-14 6.481402995993404234e-14 -6.955153317813815984e-15 2.715710374666171772e-14 1.335874510224972528e-14 1.216894280440420055e-14
-3.293666189134716756e-13 1.363814129975467686e-13 -1.737741670313590450e-12 5.919942620519418710e-13 -2.387035385552972990e-14 1.598151559856388221e-12 9.298513460606752111e-12 7.665601085690366506e-12 1.493397733674495477e-11 -2.989420433909143781e-12 8.607964022731770097e-13
-3.821609214954191523e-13 -1.207492751353485142e-13 -1.623528078815554701e-12 1.001834949533848801e-12 -1.059225272599366584e-12 1.456167044054470476e-12 9.084503532795310036e-12 7.015725031102874331e-12 1.285150413243492823e-11 -2.906227255195813298e-12 -8.445123473143454359e-13
-4.414299687166301491e-13 -4.127503639539641913e-13 -1.486123065106562517e-12 1.435971737639910030e-12 -2.175793568048248525e-12 1.348776587731723949e-12 8.748210579700646761e-12 6.017989950837930183e-12 1.016172986466865277e-11 -2.643031178947145303e-12 -2.759266686749639668e-12
-5.044277903854432028e-13 -7.123541737862043131e-13 -1.358811206779648262e-12 1.861938483769057965e-12 -3.243065601281586827e-12 1.290990979715164653e-12 8.354910347619151034e-12 4.799988982150468133e-12 7.149368687570801802e-12 -2.305309606649573042e-12 -4.300002715316520304e-12
-5.634576774128572459e-13 -9.806290041226147184e-13 -1.276979646762729796e-12 2.220912738250981486e-12 -4.031765308251473162e-12 1.279535103004411485e-12 7.895409415256533189e-12 3.543464273980330231e-12 4.037636651882712990e-12 -1.982583185683598255e-12 -5.290656937159866649e-12
-6.074252506273086059e-13 -1.167194985738938382e-12 -1.277750037579195379e-12 2.416738860955277980e-12 -4.204261900068788859e-12 1.318294699208465820e-12 7.268972716490744806e-12 2.439731777799843159e-12 1.342431665122187297e-12 -1.860657102732355896e-12 -5.374105648575500394e-12
-6.245082138275225051e-13 -1.214298484237957841e-12 -1.391957306783076625e-12 2.319083430569928301e-12 -3.366049443010613283e-12 1.446631813595067883e-12 6.276797207235837605e-12 1.406469518945887404e-12 -1.338830290842841556e-13 -1.791967213402420619e-12 -4.924077590688962588e-12
-6.222267993797551328e-13 -1.146760099829795785e-12 -1.580161603297167487e-12 2.008134292675461387e-12 -1.913583838571681757e-12 1.609168880645519853e-12 5.178477770435041717e-12 4.049534564972008683e-13 -7.079855256935462494e-13 -1.690697212026393521e-12 -4.179352676595988333e-12
-6.094592125079769210e-13 -1.006192532150769823e-12 -1.766286433665797639e-12 1.633185498721009801e-12 -5.023435899998330195e-13 1.678688630950358273e-12 4.279490793745172452e-12 -1.531307635667165333e-13 -1.047020975220444515e-12 -1.577915761231372908e-12 -3.405632836722746201e-12
-5.902388138547028691e-13 -8.219467643111120477e-13 -1.878566611743151353e-12 1.260996680183266874e-12 4.943273866860037714e-13 1.571384373313995094e-12 3.639211001877082000e-12 -9.837547636130113448e-14 -1.144902570196040521e-12 -1.520587163072642299e-12 -2.556001751919389221e-12
-5.639601957735423358e-13 -6.208136456656088746e-13 -1.883067295723611164e-12 9.248513265837709723e-13 9.455714684606942052e-13 1.291380719074363153e-12 3.190583763867167260e-12 1.124896587966040299e-13 -1.096971520673264382e-12 -1.311341257453718097e-12 -1.856049267771290779e-12
-5.275881648612126314e-13 -4.174546774252384504e-13 -1.770704661733994587e-12 6.158118868284343128e-13 9.814897327172396193e-13 8.926471267859519023e-13 2.759455375045267735e-12 1.904314748462744817e-13 -7.506053100985240249e-13 -1.012174835495295356e-12 -1.613233526002581877e-12
-4.796292229857441266e-13 -2.236084175322285689e-13 -1.560753991390242607e-12 3.493325447461504695e-13 7.635327544709941623e-13 4.804980917944238957e-13 2.223039392173731451e-12 3.504666252008355456e-13 -4.326780606821839907e-13 -7.221678604605139219e-13 -1.047116157069533521e-12
-4.210087041011958559e-13 -5.998041569645807577e-14 -1.276221496120001543e-12 1.370998048186507178e-13 4.574561253162861551e-13 1.459201558129297475e-13 1.523575413587023402e-12 4.868929129714233006e-13 -2.024597472771413046e-13 -4.219418589652638590e-13 -4.844691791932286209e-13
-3.555954989731907736e-13 5.587199489792711023e-14 -9.555700025727731713e-13 1.623244799356800218e-14 1.256290529432828734e-13 -5.329823122094287542e-14 7.690803015105056733e-13 5.044593701773010480e-13 -5.346014562382044939e-14 -1.129167489910923325e-13 -2.038513811578290874e-13
-2.881094333662439007e-13 1.198781967418344825e-13 -6.387307681257097524e-13 -1.873892270793563375e-14 -1.239142846188979684e-13 -1.319310157757469820e-13 1.032871301497182584e-13 2.498689725030742777e-13 1.971119064725611202e-14 1.183909871912943203e-13 -3.903159603232893527e-14
-2.231494147819187832e-13 1.405615274762751808e-13 -3.608652989153380851e-13 8.520068273142007677e-15 -2.146175401314346140e-13 -1.240227519729941433e-13 -2.457719209870185535e-13 4.828989046396472593e-14 3.612684417947620581e-14 1.292192155866891837e-13 -1.313868455271759922e-13
-1.647905071591469583e-13 1.328363604695949791e-13 -1.425912097634317954e-13 6.063094249788285532e-14 -1.492339081991830260e-13 -9.464687387017852445e-14 -2.551645575032339619e-13 1.676168421721001579e-14 6.253848061601361605e-15 7.205125062825843824e-14 -1.175903983369076477e-13
-1.158870140534566671e-13 1.078972375157406608e-13 3.072352376140468719e-15 1.063722530276691987e-13 -2.117686538717323897e-14 -5.810681912817371873e-14 -1.027506459389113574e-13 9.099320623280261533e-15 -1.394381223345528971e-14 6.660837610467641019e-14 -3.386388555184462554e-15
-7.691103542549127056e-14 7.856002299940836455e-14 7.668998291330233986e-14 1.323530220378730582e-13 7.623695408596139472e-14 -5.273384443915121899e-14 6.720470195300971979e-14 -4.743354228266805619e-15 2.678412307651915411e-14 1.530408357735556640e-14 1.416251486633948795e-14
-3.327071117076559921e-13 1.534108676958643537e-13 -1.773069043087951669e-12 5.763158697390551229e-13 3.691639626450008936e-14 1.636151590842275527e-12 9.461644742063581661e-12 7.764433436892371046e-12 1.537017207155944979e-11 -2.998205364394975215e-12 1.047800386836559204e-12
-3.862341578740588561e-13 -1.070902777778259356e-13 -1.657810884453150379e-12 9.939950918095217271e-13 -1.017810912501672742e-12 1.487155828474712426e-12 9.256180477138950242e-12 7.132105485022954150e-12 1.328964640407844750e-11 -2.927504256489421157e-12 -6.964284349567960470e-13
-4.466027339698604247e-13 -4.049676966802861301e-13 -1.516865061038893041e-12 1.439083155992708225e-12 -2.166234501182245389e-12 1.372428744429077439e-12 8.924263270187133268e-12 6.137045004349247330e-12 1.057459847640893549e-11 -2.669011037809052072e-12 -2.686138069787944050e-12
-5.112797325872716194e-13 -7.131225306425154499e-13 -1.383988206568091151e-12 1.879840739450988493e-12 -3.279998986024976600e-12 1.308190023927069517e-12 8.535878916359906611e-12 4.905699011444996382e-12 7.509757923200838663e-12 -2.326596721719890335e-12 -4.320825573953762885e-12
-5.726584740405036429e-13 -9.926379996082016980e-13 -1.295127101131356793e-12 2.258260812527553209e-12 -4.130969937094312420e-12 1.291901460401485412e-12 8.086094098081379080e-12 3.622991087970924582e-12 4.309015503418964843e-12 -1.990662994366739315e-12 -5.400014272125314498e-12
-6.193161651944176939e-13 -1.192021072018802115e-12 -1.289096426305015333e-12 2.477094598507159249e-12 -4.372349897397668373e-12 1.325996814839778693e-12 7.473124405839757884e-12 2.497435086634773422e-12 1.491728601289755870e-12 -1.862060692042200848e-12 -5.530974308075902723e-12
-6.381509815009135289e-13 -1.248138764232684752e-12 -1.401031879871099829e-12 2.392473087125814639e-12 -3.560258770304642658e-12 1.454630404050836202e-12 6.472827928570554609e-12 1.440798989741842123e-12 -7.418737016144940010e-14 -1.795135816075676988e-12 -5.087902618847945633e-12
-6.365002929910895882e-13 -1.184068973969713666e-12 -1.593344352070701908e-12 2.079290923005745745e-12 -2.073640982522562441e-12 1.627731128895842986e-12 5.338600474249791778e-12 3.953611545707271833e-13 -6.780642715348284181e-13 -1.689141947712783330e-12 -4.327336988723695672e-12
-6.238637749322248954e-13 -1.043577128288269560e-12 -1.787918372349260539e-12 1.695517018875593850e-12 -6.006039466946047947e-13 1.712068265450493267e-12 4.398513861842196951e-12 -2.026467033394669605e-13 -1.032442783056011120e-12 -1.571398866951531939e-12 -3.527569537439143477e-12
-6.046386686812058516e-13 -8.566458684544631984e-13 -1.909312883231826921e-12 1.312386571065283243e-12 4.561038566351438052e-13 1.615770923086130264e-12 3.726901672405427204e-12 -1.575607856832462543e-13 -1.139816607195686497e-12 -1.518692633327208612e-12 -2.648485957550755291e-12
-5.784231719472594433e-13 -6.513373788624381102e-13 -1.921190139955672142e-12 9.661347051361331825e-13 9.496472051594652554e-13 1.339556741677179228e-12 3.260455931414340650e-12 6.994639666618702642e-14 -1.107378394211327023e-12 -1.316676041740602130e-12 -1.923491943668778404e-12
-5.420372688181022677e-13 -4.430052454520819112e-13 -1.812373686065655680e-12 6.470539935831563353e-13 1.006770877005366776e-12 9.355435991424107339e-13 2.822022399237511836e-12 1.598259200233648372e-13 -7.609082160210521143e-13 -1.019082388913443560e-12 -1.669167313029099646e-12
-4.937567722311568530e-13 -2.428904981046811976e-13 -1.602571447842354843e-12 3.700854911621913182e-13 7.951266612563109851e-13 5.113040451612056317e-13 2.282660119290580864e-12 3.334545427190611398e-13 -4.364836315869095932e-13 -7.321817796141376864e-13 -1.093452127494817082e-12
-4.343698335433063471e-13 -7.228426395630424795e-14 -1.314503747726841687e-12 1.473902224478563176e-13 4.846917230890255928e-13 1.617752060351780826e-13 1.577178813685217008e-12 4.864570872805865702e-13 -2.013179117437397004e-13 -4.350424079216321119e-13 -5.157699158419780820e-13
-3.677364228924023262e-13 5.008385236449404619e-14 -9.875939388845556358e-13 1.819436349319461318e-14 1.420777329114514205e-13 -4.899773923806466174e-14 8.101555053813998573e-13 5.184270153597021518e-13 -4.794979962580965917e-14 -1.258458758357672115e-13 -2.146020648264778285e-13
-2.986677631189689929e-13 1.190855509212481294e-13 -6.630076627890889035e-13 -2.141061635648015616e-14 -1.206509619675562708e-13 -1.339125146502974960e-13 1.251489183722988600e-13 2.618664302179484326e-13 2.415822765523097466e-14 1.121320873633847188e-13 -3.294096477304545537e-14
-2.319034221032417267e-13 1.428155324203670006e-13 -3.772203366281307581e-13 4.982383545535346716e-15 -2.201588383678262891e-13 -1.258462041933949088e-13 -2.416147960130522146e-13 5.329312824147224577e-14 4.189419319211992434e-14 1.224273365832009437e-13 -1.247707583582493382e-13
-1.716750417189995445e-13 1.365011817175688892e-13 -1.513640811310237019e-13 5.832310496448353881e-14 -1.567122971877201732e-13 -9.467102760578591611e-14 -2.582594428687610686e-13 1.744940431788451873e-14 1.106908867772612305e-14 6.262562498929480970e-14 -1.150432726839420001e-13
-1.210286418543848546e-13 1.117039228297468913e-13 4.938961697871532958e-16 1.060705076351194119e-13 -2.482796032847977627e-14 -5.600000751075087710e-14 -1.055338189715355948e-13 9.100963796147383577e-15 -1.487019108548826403e-14 6.030769747605304671e-14 -1.007678813044416408e-16
-8.052140827967378959e-14 8.181682589178840510e-14 7.825605475307167721e-14 1.339081096944705176e-13 7.667307675227226618e-14 -5.000433736446493064e-14 6.928653612113208429e-14 -2.817285353621976474e-15 2.645932573750067402e-14 1.699811442582368242e-14 1.589854826879065244e-14
-3.357360642569631151e-13 1.688521254714080524e-13 -1.805101722857067089e-12 5.620996718774272282e-13 9.203406707916922846e-14 1.670607672017032582e-12 9.609562112874627301e-12 7.854048508892333740e-12 1.576568651731472436e-11 -3.006170996715906443e-12 1.217364050594483044e-12
-3.899275170502438228e-13 -9.470514255345711034e-14 -1.688896415258228857e-12 9.868863929946940184e-13 -9.802589284999068824e-13 1.515254544284724837e-12 9.411846527283039636e-12 7.237632092805809607e-12 1.368692675600473819e-11 -2.946796927098385726e-12 -5.621550888811103000e-13
-4.512930780211176951e-13 -3.979108546465198816e-13 -1.544740004287566446e-12 1.441904397962474681e-12 -2.157566929668732087e-12 1.393875059332713006e-12 9.083896976685101776e-12 6.244996773886920951e-12 1.094896223447257460e-11 -2.692567969229797820e-12 -2.619829556301290148e-12
-5.174926505879015196e-13 -7.138192291706599346e-13 -1.406817155011421667e-12 1.896073399217304136e-12 -3.313487898229280403e-12 1.323785054973187887e-12 8.699970037664296081e-12 5.001550337236057513e-12 7.836536624226326542e-12 -2.345898562922675468e-12 -4.339706456068431905e-12
-5.810011881675653769e-13 -1.003527015015819506e-12 -1.311582091935394289e-12 2.292125739610308805e-12 -4.220922567546742833e-12 1.303114509514203800e-12 8.258995191580568695e-12 3.695101091228654440e-12 4.555085085505208840e-12 -1.997989265823879111e-12 -5.499172749442575037e-12
-6.300981121258828616e-13 -1.214531833768998138e-12 -1.299384630819317499e-12 2.531821453686509365e-12 -4.524761712143046905e-12 1.332980617581628988e-12 7.658236549142513314e-12 2.549756883265450048e-12 1.627101842376304487e-12 -1.863333380099779136e-12 -5.673213120172060192e-12
-6.505214006340505389e-13 -1.278823040124339883e-12 -1.409260142270165682e-12 2.459018295083129776e-12 -3.736355793821928201e-12 1.461883031850416762e-12 6.650576479651358668e-12 1.471926833636245984e-12 -2.005903346264945467e-14 -1.798008909251530375e-12 -5.236449036401491441e-12
-6.494426154510715465e-13 -1.217898356812704102e-12 -1.605297654455716505e-12 2.143811360700524223e-12 -2.218770915459446616e-12 1.644562229167313797e-12 5.483789852753243523e-12 3.866634475980928884e-13 -6.509335261924664280e-13 -1.687731730053478103e-12 -4.461520023327229332e-12
-6.369249424971917479e-13 -1.077475171165134751e-12 -1.807532878317130488e-12 1.752035391711352030e-12 -6.897003695584437300e-13 1.742334856447027803e-12 4.506436629015481642e-12 -2.475446994079787075e-13 -1.019224178729963531e-12 -1.565489749671936538e-12 -3.638134206744137193e-12
-6.176955676876964790e-13 -8.881088730514502493e-13 -1.937191703282365681e-12 1.358983750241639203e-12 4.214451202658280574e-13 1.656017905064792605e-12 3.806414156570934274e-12 -2.112263688793632916e-13 -1.135204970031260047e-12 -1.516974790728800854e-12 -2.732344923324037227e-12
-5.915373054935869322e-13 -6.790144149610601048e-13 -1.955757580591450087e-12 1.003567923119082717e-12 9.533428314592052796e-13 1.383239783586481041e-12 3.323811697560516260e-12 3.137079404254030129e-14 -1.116814704381346141e-12 -1.321513294626921888e-12 -1.984644796865442545e-12
-5.551388238957446022e-13 -4.661729225224646104e-13 -1.850156583805516856e-12 6.753824064572974711e-13 1.029694257256825482e-12 9.744394709625974024e-13 2.878754312565367960e-12 1.320746931098117792e-13 -7.702502547855658060e-13 -1.025345731721609501e-12 -1.719884616590733443e-12
-5.065667613567403473e-13 -2.603742978984281898e-13 -1.640488934666338324e-12 3.889029812592821471e-13 8.237740646677830581e-13 5.392369810829657656e-13 2.336720512406032662e-12 3.180290369862760158e-13 -4.399342882404634437e-13 -7.412617830259400460e-13 -1.135466723736365025e-12
-4.464848805267366504e-13 -8.344063366930957956e-14 -1.349215729138123825e-12 1.567209376131310585e-13 5.093872810643511246e-13 1.761515863630670509e-13 1.625783066306409031e-12 4.860619074504601424e-13 -2.002825657978547447e-13 -4.469211766140540425e-13 -5.441514906867910692e-13
-3.787450628691759015e-13 4.483552219062489901e-14 -1.016631266507797103e-12 1.997330729968120871e-14 1.569923800305984339e-13 -4.509831870593013383e-14 8.473999634234569664e-13 5.310920133559379246e-13 -4.295335819345931818e-14 -1.375692095506878927e-13 -2.243501208066944647e-13
-3.082414044483102653e-13 1.183668286424957993e-13 -6.850204515109728188e-13 -2.383314315233077001e-14 -1.176919825280047840e-13 -1.357092154491683426e-13 1.449718377426678142e-13 2.727449839034682834e-13 2.819052616396230719e-14 1.064569035479188576e-13 -2.741835650495881192e-14
-2.398410152884442674e-13 1.448593248929134724e-13 -3.920500747284375979e-13 1.774629522364432373e-15 -2.251833453724356000e-13 -1.274995980474276264e-13 -2.378453718261320187e-13 5.782975525640487810e-14 4.712366908355623009e-14 1.162688801673870127e-13 -1.187716991209233508e-13
-1.779175124643101314e-13 1.398242152823909325e-13 -1.593187790700761633e-13 5.623050042032149438e-14 -1.634932384527676917e-13 -9.469292871948948831e-14 -2.610656937721057813e-13 1.807298643103648365e-14 1.543525147838802095e-14 5.407904978672638252e-14 -1.127336964504537953e-13
-1.256907523939719374e-13 1.151555899686374247e-13 -1.844088672311125594e-15 1.057969035467060624e-13 -2.813854772855470119e-14 -5.408968085185401759e-14 -1.080574283860417356e-13 9.102453723646746536e-15 -1.571017421482996051e-14 5.459463122511811692e-14 2.878430025619830605e-15
-8.379507140495482036e-14 8.476989361221153677e-14 7.967607197485994467e-14 1.353181671361440445e-13 7.706852584942429442e-14 -4.752938892282760251e-14 7.117421476890977968e-14 -1.070845052326758592e-15 2.616481956942947125e-14 1.853415697519028386e-14 1.747267613997904910e-14
-3.385997209333921795e-13 1.834507234912872421e-13 -1.835386316468037309e-12 5.486592798823142062e-13 1.441438583447413834e-13 1.703183417253098515e-12 9.749407342726826087e-12 7.938773110796773209e-12 1.613961696374935626e-11 -3.013701929003597657e-12 1.377674292280941146e-12
-3.934193223816596020e-13 -8.299588848809143627e-14 -1.718285547678129666e-12 9.801656298850513737e-13 -9.447562300685875201e-13 1.541819858060417961e-12 9.559017575802613600e-12 7.337399906700749985e-12 1.406252673954115338e-11 -2.965036758912547375e-12 -4.352093030001725911e-13
-4.557274608079699141e-13 -3.912391183622389972e-13 -1.571093757212242758e-12 1.444571679289076607e-12 -2.149372364665209382e-12 1.414151006781251460e-12 9.234819158751669369e-12 6.347057403645955597e-12 1.130289622753565722e-11 -2.714839352781117131e-12 -2.557139628782715856e-12
-5.233665174766027334e-13 -7.144779075273443824e-13 -1.428400282971085593e-12 1.911420210952965126e-12 -3.345149254887495311e-12 1.338529034612342776e-12 8.855106384628846556e-12 5.092170868170532513e-12 8.145482370105691365e-12 -2.364147064846505511e-12 -4.357556971563938723e-12
-5.888886240282176160e-13 -1.013821795516135865e-12 -1.327139101638334422e-12 2.324142591224241070e-12 -4.305966306496320660e-12 1.313715640579176080e-12 8.422460733232002556e-12 3.763275910164291314e-12 4.787726167424721603e-12 -2.004915728357968231e-12 -5.592919954166935194e-12
-6.402916670684741364e-13 -1.235814139098890371e-12 -1.309111387871646288e-12 2.583561757018760935e-12 -4.668856115039064148e-12 1.339583300557300538e-12 7.833246759598000115e-12 2.599223376819541918e-12 1.755087499895771524e-12 -1.864536615175709676e-12 -5.807689681210889344e-12
-6.622167417314720234e-13 -1.307832814878987900e-12 -1.417039372299622069e-12 2.521932000466914660e-12 -3.902842857088358245e-12 1.468739869580175088e-12 6.818624943526218671e-12 1.501355970025206221e-12 3.111541359334406798e-14 -1.800725212173522965e-12 -5.376888984459076005e-12
-6.616786499874763643e-13 -1.249881603852223164e-12 -1.616598641732777120e-12 2.204810791495998289e-12 -2.355980823024510030e-12 1.660474823322129408e-12 5.621055961986232763e-12 3.784403915945012418e-13 -6.252833589417234191e-13 -1.686398470817999482e-12 -4.588380426415219722e-12
-6.492733365271650461e-13 -1.109523331318579459e-12 -1.826076982260735852e-12 1.805469446024093646e-12 -7.739346256712581366e-13 1.770949740214890066e-12 4.608469839043575527e-12 -2.899925236634278972e-13 -1.006726939655743891e-12 -1.559903104604961544e-12 -3.742665145078000981e-12
-6.300399261018528077e-13 -9.178548797370335092e-13 -1.963549121464027800e-12 1.403038029898999512e-12 3.886777792329988335e-13 1.694068530272615657e-12 3.881587488500016515e-12 -2.619633158090410443e-13 -1.130844999021354776e-12 -1.515350694249614865e-12 -2.811627540764225544e-12
-6.039357750450197835e-13 -7.051810608746369864e-13 -1.988438608197216443e-12 1.038958336926127594e-12 9.568367802210478521e-13 1.424538956172000574e-12 3.383710015280106717e-12 -5.099662180219981873e-15 -1.125736056628632184e-12 -1.326086569188905845e-12 -2.042460418852359766e-12
-5.675254014084186552e-13 -4.880762939759408275e-13 -1.885877594700603050e-12 7.021648822362425365e-13 1.051366663676780829e-12 1.011212718712878497e-12 2.932390254102480535e-12 1.058379051602443183e-13 -7.790824801861848114e-13 -1.031267271661291797e-12 -1.767834177373547045e-12
-5.186776842415853632e-13 -2.769039724113972763e-13 -1.676337189844424429e-12 4.066935639827152839e-13 8.508581230513143415e-13 5.656455618568021283e-13 2.387830723808590467e-12 3.034453314135016744e-13 -4.431966358061606890e-13 -7.498462728556714365e-13 -1.175188500999026684e-12
-4.579387856240257316e-13 -9.398817837959293697e-14 -1.382033409615131752e-12 1.655424573336876076e-13 5.327351539631646249e-13 1.897434193892443966e-13 1.671734889482045493e-12 4.856882933840246291e-13 -1.993037207235120270e-13 -4.581516975911640197e-13 -5.709842272756927844e-13
-3.891529397598187525e-13 3.987360370455600249e-14 -1.044083970182656423e-12 2.165517064970207513e-14 1.710931055712314441e-13 -4.141169721311765334e-14 8.826119182825296703e-13 5.430658575636574844e-13 -3.822958238561951163e-14 -1.486527779266658695e-13 -2.335662062392008749e-13
-3.172925933825990137e-13 1.176873284560059842e-13 -7.058319591523103499e-13 -2.612346790416210631e-14 -1.148944804139048453e-13 -1.374078667634063304e-13 1.637129814770365874e-13 2.830298735619599197e-13 3.200277422494324066e-14 1.010914256647585482e-13 -2.219712781815265721e-14
-2.473454384356828314e-13 1.467915836033535335e-13 -4.060705249138615444e-13 -1.258071063488705164e-15 -2.299336551726983788e-13 -1.290627629579178386e-13 -2.342816525323236093e-13 6.211880962769405801e-14 5.206776220706845703e-14 1.104465028195640130e-13 -1.131000203347177101e-13
-1.838193193294146784e-13 1.429659043859609653e-13 -1.668393735271325377e-13 5.425209341891309576e-14 -1.699041304430247025e-13 -9.471363465110130177e-14 -2.637188020650268391e-13 1.866253844448964724e-14 1.956314420028776960e-14 4.599887798142437010e-14 -1.105501583336745973e-13
-1.300984424110760854e-13 1.184188928582642180e-13 -4.054485089754040502e-15 1.055382305760492811e-13 -3.126846987346556838e-14 -5.228360447341015280e-14 -1.104433194837072891e-13 9.103862343369717922e-15 -1.650431781585039397e-14 4.919333822293399921e-14 5.695047251360532448e-15
-8.689008430803875458e-14 8.756180663139416909e-14 8.101859607185001160e-14 1.366512749805565929e-13 7.744239451651652959e-14 -4.518950328093598245e-14 7.295887908893620899e-14 5.802885715666638241e-16 2.588638518269249098e-14 1.998637466677558759e-14 1.896090076253112093e-14
-3.414995935427966351e-13 1.982339463514777850e-13 -1.866053911704895201e-12 5.350489105403435011e-13 1.969126692236447767e-13 1.736171139752377379e-12 9.891021159871427070e-12 8.024569203203133682e-12 1.651827641478678253e-11 -3.021328102946378290e-12 1.540011937750076860e-12
-3.969552876827408911e-13 -7.113855038091761501e-14 -1.748046357056573319e-12 9.733598708801180414e-13 -9.088045377383192153e-13 1.568721136672316793e-12 9.708049859454932827e-12 7.438429458902515517e-12 1.444287684203510105e-11 -2.983507265224689834e-12 -3.066580651771121138e-13
-4.602179241036933068e-13 -3.844830062544106662e-13 -1.597780799413298059e-12 1.447272692960685611e-12 -2.141074164877363391e-12 1.434683379015336269e-12 9.387650015621708038e-12 6.450408768475528379e-12 1.166130633535844719e-11 -2.737392396814364775e-12 -2.493656877045762161e-12
-5.293146696683662310e-13 -7.151449159760648935e-13 -1.450256367304304017e-12 1.926961109881342410e-12 -3.377211024645191308e-12 1.353459477616533301e-12 9.012204701931433809e-12 5.183937454159776558e-12 8.458335275754928510e-12 -2.382626350900789418e-12 -4.375633237821456863e-12
-5.968758102954213780e-13 -1.024246771484669359e-12 -1.342892856896766966e-12 2.356564351867981319e-12 -4.392085572245933643e-12 1.324450841431103114e-12 8.587993582512188242e-12 3.832312918889102581e-12 5.023309403146769519e-12 -2.011929788008136656e-12 -5.687852756167120803e-12
-6.506141373308748427e-13 -1.257365596386527135e-12 -1.318961156719555383e-12 2.635956406971671215e-12 -4.814772843832273691e-12 1.346269485935989056e-12 8.010470280290488116e-12 2.649315460682663262e-12 1.884691760199139296e-12 -1.865755067127428379e-12 -5.943866933593011140e-12
-6.740599908646796741e-13 -1.337209468978252382e-12 -1.424916984225440582e-12 2.585641359723776943e-12 -4.071435440735908401e-12 1.475683423934552786e-12 6.988798674222655717e-12 1.531157289310592903e-12 8.293705120016424592e-14 -1.803475867392181554e-12 -5.519105041387226095e-12
-6.740694305757168870e-13 -1.282269335007885123e-12 -1.628042549683756953e-12 2.266581666830035619e-12 -2.494925990141520364e-12 1.676588659997243548e-12 5.760058041310367580e-12 3.701133406135502178e-13 -5.993088003334247838e-13 -1.685048350070756487e-12 -4.716845201277176252e-12
-6.617778975925192340e-13 -1.141976796538104256e-12 -1.844855608766137985e-12 1.859579267460809350e-12 -8.592341715041088036e-13 1.799926509206298867e-12 4.711793437484063066e-12 -3.329771750174683802e-13 -9.940716510229024986e-13 -1.554245806510677376e-12 -3.848518060033825966e-12
-6.425404005153080107e-13 -9.479770767373754370e-13 -1.990239875247815454e-12 1.447649453021567672e-12 3.554960377266229354e-13 1.732600372194259628e-12 3.957711518666909520e-12 -3.133419203215877317e-13 -1.126429888458582386e-12 -1.513706058119506909e-12 -2.891912825636941147e-12
-6.164910449277319490e-13 -7.316786298287107317e-13 -2.021532944525459664e-12 1.074796324458348891e-12 9.603749160204967265e-13 1.466360429064801545e-12 3.444365851951575763e-12 -4.203135122886515406e-14 -1.134770234928777482e-12 -1.330717680728092940e-12 -2.101007220549636396e-12
-5.800686288592511186e-13 -5.102566719089575070e-13 -1.922050360241034857e-12 7.292860693036746031e-13 1.073313155579411182e-12 1.048451028548632118e-12 2.986704515902331958e-12 7.926930704460187176e-14 -7.880264044985013673e-13 -1.037263699778082830e-12 -1.816390144248144058e-12
-5.309417709321992585e-13 -2.936426936044504312e-13 -1.712638808909493690e-12 4.247091397709796116e-13 8.782847067534427602e-13 5.923881253710741025e-13 2.439587313228501935e-12 2.886771893071132518e-13 -4.465002414421629155e-13 -7.585393285489187881e-13 -1.215412629656451971e-12
-4.695375453901085481e-13 -1.046691152688063213e-13 -1.415266127072046511e-12 1.744755406176346698e-13 5.563783015903905644e-13 2.035071449480532807e-13 1.718267853867053086e-12 4.853099542789404333e-13 -1.983124964241695445e-13 -4.695242481530152819e-13 -5.981563107990417479e-13
-3.996924424644205533e-13 3.484893306158053399e-14 -1.071883861328289858e-12 2.335830410743732400e-14 1.853721594833249217e-13 -3.767845192855605280e-14 9.182691899515555504e-13 5.551911319751000696e-13 -3.344606615254581376e-14 -1.598765174369556959e-13 -2.428988452046901488e-13
-3.264582504393178285e-13 1.169992347907239603e-13 -7.269066647267625061e-13 -2.844275782402639213e-14 -1.120615989754439215e-13 -1.391280004905024931e-13 1.826911398028685558e-13 2.934448336527739089e-13 3.586323484043904478e-14 9.565809190458490923e-14 -1.690986754378149235e-14
-2.549447681464451704e-13 1.487482791008504120e-13 -4.202682882317376887e-13 -4.329125462419220475e-15 -2.347440409483171814e-13 -1.306456968187901830e-13 -2.306728637468327553e-13 6.646210660314194557e-14 5.707438204821396365e-14 1.045504912996997816e-13 -1.073566132241190880e-13
-1.897957648713066283e-13 1.461473256434790749e-13 -1.744550790678971743e-13 5.224866599038360746e-14 -1.763960993845503420e-13 -9.473460243888696332e-14 -2.664054635429903165e-13 1.925954637493132355e-14 2.374324135775443662e-14 3.781651824136138355e-14 -1.083390055433008793e-13
-1.345618753830163609e-13 1.217234659229879197e-13 -6.292835842928496892e-15 1.052762862250179097e-13 -3.443797536632499956e-14 -5.045468709067890234e-14 -1.128593843474188568e-13 9.105288776815891849e-15 -1.730850475315490114e-14 4.372373640248127505e-14 8.547285537079734856e-15
-9.002423906664793422e-14 9.038902827689582459e-14 8.237809873290667305e-14 1.380012423001300793e-13 7.782099140262050261e-14 -4.282002568170871308e-14 7.476611361149697136e-14 2.252303673399678966e-15 2.560442950340798670e-14 2.145695819442850836e-14 2.046794659179781621e-14
-3.453461273575136398e-13 2.178431409662392195e-13 -1.906732919951271998e-12 5.169954466168531223e-13 2.669078178781578682e-13 1.779927679013040832e-12 1.007886469939687509e-11 8.138373364521737367e-12 1.702054895361444486e-11 -3.031443835614944695e-12 1.755344582947803646e-12
-4.016455661627720831e-13 -5.541039336452371899e-14 -1.787522559890549408e-12 9.643323771364612605e-13 -8.611164431254924074e-13 1.604404317107751618e-12 9.905733618159157882e-12 7.572440031252309291e-12 1.494739194406908845e-11 -3.008007454232451727e-12 -1.361413746483921986e-13
-4.661742957190296123e-13 -3.755213665635684086e-13 -1.633179806128022771e-12 1.450855450555950733e-12 -2.130067024272023233e-12 1.461918528471346493e-12 9.590372388834608888e-12 6.587499107302637857e-12 1.213671914815036187e-11 -2.767307864902734534e-12 -2.409450229948833112e-12
-5.372045916038077035e-13 -7.160296688629049434e-13 -1.479247353658930312e-12 1.947575323437974219e-12 -3.419739334703353794e-12 1.373263952346866903e-12 9.220587644732660726e-12 5.305661171936935757e-12 8.873318772536869089e-12 -2.407138185835229490e-12 -4.399610487559575533e-12
-6.074704074173062013e-13 -1.038074972907980343e-12 -1.363789413533345133e-12 2.399570171499642403e-12 -4.506318406382893166e-12 1.338690540430910867e-12 8.807564503749237584e-12 3.923887006286050053e-12 5.335798605448314712e-12 -2.021233582161241741e-12 -5.813776298791726795e-12
-6.643063701168405827e-13 -1.285952510419307974e-12 -1.332026375117252910e-12 2.705455250295557681e-12 -5.008323976896184005e-12 1.355138371474202103e-12 8.245548283602208591e-12 2.715760066988560054e-12 2.056605231807080224e-12 -1.867371281898510086e-12 -6.124499145722906657e-12
-6.897694596165832770e-13 -1.376176109313263543e-12 -1.435366236595639176e-12 2.670148590506211312e-12 -4.295064944001624771e-12 1.484893696360757767e-12 7.214525488951040166e-12 1.570687226463646272e-12 1.516758225891340704e-13 -1.807124471988425460e-12 -5.707747421147438525e-12
-6.905051720054010986e-13 -1.325230016187272899e-12 -1.643222312688235956e-12 2.348517597083912077e-12 -2.679229700439347121e-12 1.697962846372447685e-12 5.944437242957193717e-12 3.590679302607824815e-13 -5.648548670666765935e-13 -1.683257483546446240e-12 -4.887247203462476465e-12
-6.783645630479088652e-13 -1.185024670607583308e-12 -1.869764503573523315e-12 1.931353198635418232e-12 -9.723796885760116910e-13 1.838362722275007571e-12 4.848846945517146106e-12 -3.899941327946915850e-13 -9.772850532005596378e-13 -1.546741687894449936e-12 -3.988926577963219135e-12
-6.591216452332748514e-13 -9.879326418574648033e-13 -2.025643805212296485e-12 1.506824241026960865e-12 3.114821422252223200e-13 1.783710904404583881e-12 4.058686180219729546e-12 -3.814930308131672575e-13 -1.120573468511952650e-12 -1.511524531877504944e-12 -2.998407180230283136e-12
-6.331449730522369537e-13 -7.668263098492920196e-13 -2.065430901636990159e-12 1.122333595544614968e-12 9.650680735901697480e-13 1.521834489732718957e-12 3.524822740098447222e-12 -9.101936178948996950e-14 -1.146753613860711907e-12 -1.336860615150150944e-12 -2.178666580793483837e-12
-5.967065833070709907e-13 -5.396778172040269320e-13 -1.970031697409583755e-12 7.652609470913540309e-13 1.102424062962605589e-12 1.097845756076750076e-12 3.058749626906734366e-12 4.402741049535536878e-14 -7.998900660766954182e-13 -1.045217657306796664e-12 -1.880797169306792723e-12
-5.472094593302141462e-13 -3.158457574855394821e-13 -1.760791063724244089e-12 4.486058864565193745e-13 9.146646776814401855e-13 6.278607782295985206e-13 2.508239801637381918e-12 2.690879985763929076e-13 -4.508823066255661118e-13 -7.700702256379927318e-13 -1.268767894278754659e-12
-4.849227113966907757e-13 -1.188368358039466491e-13 -1.459347639689311696e-12 1.863248220853664735e-13 5.877397366249860203e-13 2.217640281508386495e-13 1.779991468819387459e-12 4.848081066927810865e-13 -1.969976877255749870e-13 -4.846093591353377721e-13 -6.341987001436918550e-13
-4.136725577516320536e-13 2.818396255050721949e-14 -1.108759005639340824e-12 2.561742417506558243e-14 2.043125995832552863e-13 -3.272649159189340376e-14 9.655667506107024746e-13 5.712746929335105673e-13 -2.710097472322695288e-14 -1.747642380943444436e-13 -2.552781170035742121e-13
-3.386160292182697869e-13 1.160865134841456506e-13 -7.548611917843621468e-13 -3.151917815766091763e-14 -1.083039255749903734e-13 -1.414096705592213971e-13 2.078647033412871300e-13 3.072597494791154749e-13 4.098393985980643242e-14 8.845105051956739947e-14 -9.896585216739418795e-15
-2.650248932167420070e-13 1.513437363487335940e-13 -4.391009004994641964e-13 -8.402723210178734985e-15 -2.411247734778257268e-13 -1.327453782299408889e-13 -2.258859886492690778e-13 7.222326954231971366e-14 6.371540909227518554e-14 9.672973135654475713e-14 -9.973827528131407276e-14
-1.977232164790362428e-13 1.503673194344453438e-13 -1.845569258405222979e-13 4.959122122046009938e-14 -1.850073666087552954e-13 -9.476241515049770237e-14 -2.699691836116906084e-13 2.005144708658028185e-14 2.928792802151423248e-14 2.696303345420212400e-14 -1.054060236300613673e-13
-1.404823926267231267e-13 1.261068143325319684e-13 -9.261894479782662010e-15 1.049288303481514385e-13 -3.864216349376456427e-14 -4.802872103678987392e-14 -1.160641717359763515e-13 9.107180868988798302e-15 -1.837521789917960282e-14 3.646858727364083144e-14 1.233063482019006704e-14
-9.418153624311643946e-14 9.413919426136818145e-14 8.418140999785587541e-14 1.397919054220100721e-13 7.832318095588831440e-14 -3.967703394361184879e-14 7.716331845959501302e-14 4.470146820508812181e-15 2.523042961078224090e-14 2.340761258580690183e-14 2.246696637518454826e-14
-3.233467729953090919e-13 1.087591179832791682e-13 -1.675034464432448536e-12 6.107214690795722896e-13 -1.122881053826697995e-13 1.542786496784313489e-12 9.001151587060447995e-12 7.427078523026951138e-12 1.419623418660046328e-11 -2.925325527301513185e-12 6.294210984985202574e-13
-3.747390380060778496e-13 -1.410140051447181629e-13 -1.564497977570326318e-12 1.005464833737680868e-12 -1.106971602057185251e-12 1.412635242635628991e-12 8.778556860949226499e-12 6.759543897525193871e-12 1.213678357452055024e-11 -2.826028763320291666e-12 -9.843647728072863556e-13
-4.318584720843698093e-13 -4.213695485246587980e-13 -1.434838725211777668e-12 1.419391168174163085e-12 -2.161728698875914837e-12 1.316250711087794059e-12 8.439115308613598331e-12 5.774445390367112269e-12 9.512225260631472750e-12 -2.564095585444673704e-12 -2.758123659799521123e-12
-4.916258575218364656e-13 -7.048593558828876309e-13 -1.318254981654203553e-12 1.818472443647410038e-12 -3.142586792353733069e-12 1.266144097646297390e-12 8.038665595287543166e-12 4.598126193894776743e-12 6.616184275727753170e-12 -2.247072466867719061e-12 -4.149217501348993179e-12
-5.463835961333551302e-13 -9.528235567175369884e-13 -1.248784172813052442e-12 2.142625055889269587e-12 -3.821322666601050042e-12 1.260019546806919317e-12 7.562849027576606289e-12 3.396413523210628278e-12 3.684496400336071854e-12 -1.953247830047013365e-12 -5.023805529903344533e-12
-5.861324691289643955e-13 -1.118606769970665310e-12 -1.259198013129851780e-12 2.301656804655522212e-12 -3.892469629023015183e-12 1.304309179329027169e-12 6.921958721345916106e-12 2.325427846181778407e-12 1.207262708286728689e-12 -1.835005532438224269e-12 -5.088285335604029794e-12
-6.017734058495343368e-13 -1.156646616838843614e-12 -1.371580469805729814e-12 2.198919370893263260e-12 -3.076088389105031241e-12 1.423018006081022903e-12 5.979486854091985143e-12 1.347405633874460627e-12 -1.827189664162058407e-13 -1.765001244649507180e-12 -4.662778203936705431e-12
-5.991122440153507371e-13 -1.087009012630037059e-12 -1.548762236441287814e-12 1.901527672476277351e-12 -1.718908442495280812e-12 1.560567251669147191e-12 4.956689198703555846e-12 4.367375734838306241e-13 -7.403911052166981069e-13 -1.682001891660452496e-12 -3.959496647434367181e-12
-5.864896823614653587e-13 -9.490403288520976661e-13 -1.718871628154349520e-12 1.544823298971354825e-12 -4.207114447120677060e-13 1.606010973665563496e-12 4.123971903453354387e-12 -6.699878202783498551e-14 -1.057538793536993990e-12 -1.573273697466891585e-12 -3.234059783577334984e-12
-5.671372110534991564e-13 -7.707775280607987486e-13 -1.817192296540095722e-12 1.189630092690716773e-12 4.934131188219111948e-13 1.486975421952575520e-12 3.519814931293154294e-12 -2.619110600861316797e-14 -1.134574877802018050e-12 -1.499281492410435426e-12 -2.427214436264400829e-12
-5.406661056847955567e-13 -5.773628037682345852e-13 -1.811791214793138317e-12 8.684462756206007068e-13 8.981948203144791331e-13 1.209502483567829208e-12 3.083541564681217618e-12 1.538966982081985246e-13 -1.061580370699407843e-12 -1.283826131706071949e-12 -1.754419608770436376e-12
-5.044354378860152742e-13 -3.829839042193415037e-13 -1.696692007562931381e-12 5.756091881932882669e-13 9.184654658629135129e-13 8.277394964426753225e-13 2.652175135078810171e-12 2.193126816866509541e-13 -7.261098650084250503e-13 -9.853485451296972804e-13 -1.518093176727907863e-12
-4.572434724999501629e-13 -2.003970730270649972e-13 -1.488651150784513341e-12 3.255427026225106885e-13 7.049829259234739105e-13 4.412705140717315565e-13 2.112732339060341487e-12 3.603986910080433003e-13 -4.171296308790261055e-13 -6.923340335692130386e-13 -9.671912869507445786e-13
-4.002525862007061692e-13 -4.839490832336381889e-14 -1.212465298714171866e-12 1.291906713229965752e-13 4.160921003297567808e-13 1.313957554899193400e-13 1.424530886572609058e-12 4.703591831552144078e-13 -2.008234457494648897e-13 -3.889096045608579917e-13 -4.349572995818540944e-13
-3.371717699486779849e-13 5.780896159668742104e-14 -9.032955100639067819e-13 1.882292376547967664e-14 1.068626002386663050e-13 -5.312860232965653066e-14 6.957834900090650645e-13 4.716329792399796722e-13 -5.487792896384131331e-14 -8.776551524509516501e-14 -1.936952521712780797e-13
-2.725163667872479883e-13 1.155917908089535671e-13 -5.999287194733212980e-13 -1.232608752355174401e-14 -1.205102388622960336e-13 -1.273954780857205655e-13 6.994856431824287310e-14 2.280773078799913892e-13 1.278575415488045443e-14 1.280280656116451830e-13 -5.021677692836350257e-14
-2.106183426433344438e-13 1.335549765699879601e-13 -3.353800024547432161e-13 1.340708056156850636e-14 -2.005649795159109417e-13 -1.230244479164995874e-13 -2.468119894691949023e-13 3.935979172606477076e-14 2.658354005577385327e-14 1.383591749402441843e-13 -1.385440443810779908e-13
-1.552722421698507563e-13 1.253300691391017125e-13 -1.298347576657127090e-13 6.212317792437272564e-14 -1.354094587462253181e-13 -9.425890414344925859e-14 -2.454828242803586682e-13 1.344890308399261192e-14 3.941986971952087328e-15 8.211864527135523206e-14 -1.174934789362659944e-13
-1.090498462276153404e-13 1.013423602928718858e-13 6.122482439539982466e-15 1.042084750299519080e-13 -1.580426765159474500e-14 -5.955964164125711188e-14 -9.698444947883210180e-14 5.404478698006375780e-15 -1.065533930074199491e-14 7.229125163200547762e-14 -5.377730265470553826e-15
-7.232045286347661598e-14 7.354896054074351147e-14 7.372706928669614411e-14 1.276393868522150655e-13 7.426651888984214802e-14 -5.431590936476863933e-14 6.235671847467543775e-14 -1.080851447173829540e-14 2.540936836110288045e-14 5.076508174380583717e-15 9.515722698771745388e-15
-3.294705622876270628e-13 1.424772284413782879e-13 -1.740315876832724510e-12 5.737278921181795635e-13 1.700377012518536237e-14 1.623975466870692624e-12 9.296396319111489586e-12 7.553528372139668710e-12 1.503522916886350597e-11 -2.897882266700051425e-12 1.064263576407939349e-12
-3.821415561564224317e-13 -1.123633148227212608e-13 -1.629387672892964041e-12 9.819130787292124862e-13 -1.008096955205767251e-12 1.480503905391961911e-12 9.095332712282315517e-12 6.929166316726411021e-12 1.300239949908858522e-11 -2.826098418611169306e-12 -6.008385904119854289e-13
-4.411365215339422233e-13 -4.025605947605972532e-13 -1.494450059796908250e-12 1.415474786053313174e-12 -2.117312775399536292e-12 1.368869857051857012e-12 8.768245030037772147e-12 5.963896003706213205e-12 1.034892598684415010e-11 -2.580878758414498305e-12 -2.504895840723578968e-12
-5.038032429254010840e-13 -7.010843295451244681e-13 -1.368334476277753571e-12 1.841472536103862993e-12 -3.180950156066958805e-12 1.303610129301271944e-12 8.378531014355215080e-12 4.778728596076022160e-12 7.375012442110612533e-12 -2.265880868635255681e-12 -4.083031777758304067e-12
-5.628077387156449124e-13 -9.695298398950250431e-13 -1.285838686675569674e-12 2.201426295967924387e-12 -3.975180991547723707e-12 1.285431490346533422e-12 7.921498787343354114e-12 3.537409259674554135e-12 4.298232556178777259e-12 -1.953746547250612251e-12 -5.156245581529779746e-12
-6.079559497262356815e-13 -1.160506087765983635e-12 -1.281759452228853578e-12 2.405945390419329626e-12 -4.189619061434887769e-12 1.318775194212259074e-12 7.312399581189060642e-12 2.420989501705545732e-12 1.599594513777673385e-12 -1.816621961802010328e-12 -5.366276217611315678e-12
-6.282805738662147288e-13 -1.221135991304167580e-12 -1.384922682830309832e-12 2.342621035466237687e-12 -3.479875778328804093e-12 1.430332361244039306e-12 6.385170640103681344e-12 1.409997554120421951e-12 -1.637835204557692357e-14 -1.750333704217211110e-12 -4.989317183370599657e-12
-6.275247741364585449e-13 -1.161785318032276793e-12 -1.566244883120562720e-12 2.050593865704214822e-12 -2.093734075321665554e-12 1.581272557108611706e-12 5.308842451815228089e-12 4.317117572661010503e-13 -6.661786894098939411e-13 -1.668215772973576044e-12 -4.271207328702888556e-12
-6.154979955460037938e-13 -1.026355963008457353e-12 -1.750867996853237986e-12 1.680099225213038425e-12 -6.862835802682242861e-13 1.655422733467324063e-12 4.395380860662988865e-12 -1.588503214041769477e-13 -1.016733597523554036e-12 -1.547201101854751322e-12 -3.500015738346752469e-12
-5.960424189811317878e-13 -8.443033278938067041e-13 -1.867974086401032903e-12 1.302802124506174464e-12 3.592453264522946797e-13 1.563561709794062432e-12 3.716403795392867702e-12 -1.628131534563980102e-13 -1.109623496331161837e-12 -1.474309259795412408e-12 -2.630901150748325304e-12
-5.696126503229893393e-13 -6.434894310218120421e-13 -1.878928228011550684e-12 9.602240855132146158e-13 8.672370340522765270e-13 1.301054727711770371e-12 3.230252242815499747e-12 4.380149426706794694e-14 -1.065372564113551896e-12 -1.277012050056107726e-12 -1.896367403627058183e-12
-5.334283899919482970e-13 -4.399293430197670851e-13 -1.773611535390458845e-12 6.471580135953497043e-13 9.473195477770732618e-13 9.164736799153096859e-13 2.772873316944729785e-12 1.403533073959381178e-13 -7.395318067017047461e-13 -9.854371141441774107e-13 -1.626454453225468565e-12
-4.858006826669235331e-13 -2.458672655632692519e-13 -1.567791438062079070e-12 3.757374078481169719e-13 7.598288837606199473e-13 5.116208757587387832e-13 2.219982453405376363e-12 3.113369188244009204e-13 -4.171453454984863238e-13 -7.002994293949113931e-13 -1.054512566376753377e-12
-4.276172810975992374e-13 -8.034043878922360289e-14 -1.286906932460827084e-12 1.576933504333476472e-13 4.717942610346864902e-13 1.731415298494404785e-13 1.520247578596337272e-12 4.542825591618640936e-13 -1.939852743458776866e-13 -4.046585434492370302e-13 -4.981350241578238022e-13
-3.624243803623009973e-13 3.951150097098466863e-14 -9.664936079804494380e-13 2.817732753735421843e-14 1.460889047856921148e-13 -3.786315067456095219e-14 7.708169793273580261e-13 4.898615301102906906e-13 -3.744036606190986670e-14 -1.091276941708625608e-13 -2.205900057909152656e-13
-2.948648612896131735e-13 1.088250833279458459e-13 -6.485625940910782098e-13 -1.546077027844377437e-14 -1.062158228121848042e-13 -1.296700962956578725e-13 1.141981981443700698e-13 2.497796922712037168e-13 2.235807792464321419e-14 1.153621339573912443e-13 -3.962449893534519080e-14
-2.295060381966476175e-13 1.348386011710503657e-13 -3.686284265906248637e-13 5.780179075815578196e-15 -2.069353335849596479e-13 -1.285294401146841526e-13 -2.339480959606119021e-13 4.830224675099540452e-14 3.802285393670708538e-14 1.236540052673767049e-13 -1.232240621500039507e-13
-1.704390755250548628e-13 1.310556875823432536e-13 -1.484057971565327116e-13 5.559507847835033448e-14 -1.486188224746632606e-13 -9.433577871101235757e-14 -2.475949632114038472e-13 1.313291129346995419e-14 1.767660090979225660e-14 5.924732400792281619e-14 -1.086403391544913152e-13
-1.206282673362021954e-13 1.084626491251237230e-13 1.226472716640475048e-16 1.012137628282046516e-13 -2.347853708762766927e-14 -5.376869105677080090e-14 -1.012660498868212408e-13 2.279805006333728685e-15 -1.080323377441873527e-14 5.651992871128057723e-14 4.413377528296319576e-15
-8.064846552359880947e-14 8.021424439983302576e-14 7.653918573807436485e-14 1.287107852758350909e-13 7.415409268868902504e-14 -4.634116195717796082e-14 6.520636648715912571e-14 -9.561250228526175575e-15 2.309191216935726825e-14 2.522275847944604762e-15 1.140479837434688051e-14
-3.345385046961081526e-13 1.703837025583824861e-13 -1.794333132445992982e-12 5.430894453334639537e-13 1.240395566346417272e-13 1.691203549230878271e-12 9.540698774645950975e-12 7.657948300786470167e-12 1.572960282729799777e-11 -2.874992264911226381e-12 1.424413418563132044e-12
-3.882677852876936435e-13 -8.864756830076564200e-14 -1.683083189801846297e-12 9.623922689145713783e-13 -9.262155032258136414e-13 1.536717430632673726e-12 9.357466512770032179e-12 7.069294863642148251e-12 1.371886301054958858e-11 -2.825947077498369003e-12 -2.830464512059237757e-13
-4.488147191843025683e-13 -3.869867077476933654e-13 -1.543781276864916496e-12 1.412201382207164261e-12 -2.080485342690392229e-12 1.412462448021783653e-12 9.040621940100816810e-12 6.120464639748099398e-12 1.104152412439034683e-11 -2.594566371416800451e-12 -2.294842978266117039e-12
-5.138803952514114228e-13 -6.979495336425312682e-13 -1.409781074751027210e-12 1.860474186272226522e-12 -3.212617618407013412e-12 1.334657491758650378e-12 8.659806754635767918e-12 4.928024158518824764e-12 8.003198058764435147e-12 -2.281268868775176487e-12 -4.027729374705347489e-12
-5.763986192355206459e-13 -9.833425712466188976e-13 -1.316509596944724178e-12 2.250056552349896361e-12 -4.102417683235248290e-12 1.306485559341562376e-12 8.218323658922823269e-12 3.654007091150031421e-12 4.806426000294054490e-12 -1.954043228458581350e-12 -5.265385855757007094e-12
-6.260143300309139475e-13 -1.195164679782738512e-12 -1.300437989123465251e-12 2.492212721525567886e-12 -4.435417410034266902e-12 1.330761806415189048e-12 7.635520993648685855e-12 2.500009813718477291e-12 1.924663673539982700e-12 -1.801313138006357844e-12 -5.596020895627414163e-12
-6.502169733456135321e-13 -1.274495012071809855e-12 -1.395964202890836340e-12 2.461516234923949996e-12 -3.813990179463420226e-12 1.436391027907178050e-12 6.720939039235775594e-12 1.461698696162463749e-12 1.217027873792251885e-13 -1.738065422582186682e-12 -5.259487595822749687e-12
-6.510445830536910947e-13 -1.223683670996063742e-12 -1.580691698682736659e-12 2.174003884008476742e-12 -2.404161856442967936e-12 1.598368702367827163e-12 5.600467119328754625e-12 4.275539218419171405e-13 -6.046519344873129511e-13 -1.656716562005232567e-12 -4.529263134328847442e-12
-6.395125918110179129e-13 -1.090364281804034364e-12 -1.777315319984787862e-12 1.792119322638433536e-12 -9.063923303934237501e-13 1.696254755162164483e-12 4.620214327596015307e-12 -2.348197502002815705e-13 -9.829293475072473624e-13 -1.525577890691866468e-12 -3.720231669400905663e-12
-6.199731420359664886e-13 -9.051846126560470603e-13 -1.909968118503429610e-12 1.396539805299184678e-12 2.478816202950936908e-13 1.626894337586735650e-12 3.879296175923206722e-12 -2.758765799321961977e-13 -1.088982134601356269e-12 -1.453584154096627861e-12 -2.799605640910291110e-12
-5.935768507888533123e-13 -6.982493993900034075e-13 -1.934463815863357970e-12 1.036245587590317207e-12 8.413563556890597445e-13 1.376789995429263107e-12 3.351817288173341779e-12 -4.744886776224647179e-14 -1.068441153474210975e-12 -1.271277263721918477e-12 -2.013950943057610100e-12
-5.574299701586704692e-13 -4.870883190435727167e-13 -1.837254790186991216e-12 7.064233982752891204e-13 9.710554912522099279e-13 9.899103783163990983e-13 2.872830985026696599e-12 7.493459934256104422e-14 -7.506018823706275070e-13 -9.854662528950011769e-13 -1.716222178717276744e-12
-5.094420122709892603e-13 -2.835313643059963293e-13 -1.633282006692127059e-12 4.173268074548526546e-13 8.051407694986094402e-13 5.698689602595501917e-13 2.308761773135333520e-12 2.706743131305087912e-13 -4.171498462513126411e-13 -7.068549164369514545e-13 -1.126774600166562877e-12
-4.502720287164324400e-13 -1.068125238827321169e-13 -1.348514935636593815e-12 1.813241946305125084e-13 5.178693084431482221e-13 2.077410335058334814e-13 1.599443155510028885e-12 4.409329179900002856e-13 -1.882497771125265669e-13 -4.176704631443781308e-13 -5.504340113238072313e-13
-3.833318251986637887e-13 2.433556811253833813e-14 -1.018801248011432337e-12 3.595247990113883039e-14 1.785612087682805800e-13 -2.518933780777824781e-14 8.328876787308509013e-13 5.049028108660057824e-13 -2.299254934782450008e-14 -1.267771149960077445e-13 -2.428368078502490297e-13
-3.133694123687563865e-13 1.031968505576948384e-13 -6.888175057450341671e-13 -1.803488704057014174e-14 -9.435785128730410420e-14 -1.315277046009834750e-13 1.507919153424862682e-13 2.677307140191999115e-13 3.030977538312797715e-14 1.048854832526603789e-13 -3.087510095529334833e-14
-2.451464854364735743e-13 1.358809288436723818e-13 -3.961478689976478132e-13 -5.273751152037316064e-16 -2.121856860599568713e-13 -1.330942250833498889e-13 -2.233028078522594963e-13 5.568677540886764900e-14 4.747830629508765157e-14 1.114997946008999172e-13 -1.105602040396579174e-13
-1.829998254659490646e-13 1.357825974525601448e-13 -1.637759281484218806e-13 5.018809664545511890e-14 -1.595450517706216337e-13 -9.441465163481401623e-14 -2.493330997873146495e-13 1.286591440954186592e-14 2.902366590089823971e-14 4.032282249278218648e-14 -1.013091482679368982e-13
-1.302183454196690421e-13 1.143507674963948085e-13 -4.841739095678957422e-15 9.872471469956222121e-14 -2.982896072037733595e-14 -4.897580208646433805e-14 -1.048026351907698709e-13 -3.135846717856057955e-16 -1.091360461794175347e-14 4.348190164010829452e-14 1.252898931588634302e-14
-8.754736141336357361e-14 8.573022807379550276e-14 7.886913172852749272e-14 1.295880994499790349e-13 7.406180871090745488e-14 -3.973030617566395661e-14 6.756477625595123731e-14 -8.524643364896830205e-15 2.117455031949064597e-14 4.233120784743731732e-16 1.295938562927651766e-14
-3.388573736026848285e-13 1.941654257968634426e-13 -1.840366300341277886e-12 5.169795511103097608e-13 2.152547877322739757e-13 1.748494903255774163e-12 9.748891801767282993e-12 7.746934302903088959e-12 1.632134372912876957e-11 -2.855485540487210343e-12 1.731330879777736608e-12
-3.934885195404617256e-13 -6.843715685720480127e-14 -1.728842174047793316e-12 9.457567552369864234e-13 -8.564366382975623682e-13 1.584622248305425653e-12 9.580855301234772390e-12 7.188711525928390728e-12 1.432942874956913942e-11 -2.825818095987931977e-12 -1.222595532822276859e-14
-4.553580313216369156e-13 -3.737147380701714849e-13 -1.585821032160719182e-12 1.409411806427959934e-12 -2.049101231306755098e-12 1.449611784240700725e-12 9.272739843472949464e-12 6.253891444480845118e-12 1.163175194342702364e-11 -2.606230860348172825e-12 -2.115837217428603820e-12
-5.224680815814368900e-13 -6.952780797035275272e-13 -1.445101607420914436e-12 1.876667272552708571e-12 -3.239604428827353566e-12 1.361115862312671253e-12 8.899508186284912550e-12 5.055252897317523097e-12 8.538533930934557033e-12 -2.294382417876372617e-12 -3.980600987699585178e-12
-5.879806827834870087e-13 -9.951136942227301854e-13 -1.342647155495347449e-12 2.291498952065349507e-12 -4.210847994318497070e-12 1.324427706845520494e-12 8.471275963532169862e-12 3.753371030928711195e-12 5.239505294659910858e-12 -1.954296052174558881e-12 -5.358394494901216218e-12
-6.414035689915442247e-13 -1.224700515067612358e-12 -1.316355721994170868e-12 2.565729201412873516e-12 -4.644885224879925204e-12 1.340976723244223458e-12 7.910883046118060021e-12 2.567350427968112056e-12 2.201685598732934963e-12 -1.788267049507873707e-12 -5.791807860161094830e-12
-6.689110360577662919e-13 -1.319967236021347911e-12 -1.405373717548963462e-12 2.562837980273196489e-12 -4.098720382988525384e-12 1.441554186443117678e-12 7.007078774259553562e-12 1.505758082065524092e-12 2.393746941066022395e-13 -1.727610463619755780e-12 -5.489725131019755904e-12
-6.710880177533871994e-13 -1.276433061869069397e-12 -1.593003183852064836e-12 2.279173133465609189e-12 -2.668706484207388828e-12 1.612937929302985272e-12 5.848987849635551080e-12 4.240106387918169010e-13 -5.522192115182133467e-13 -1.646917000966966562e-12 -4.749176684708544799e-12
-6.599776812877231067e-13 -1.144911772826469072e-12 -1.799853562393110823e-12 1.887582153855634995e-12 -1.093967648247392386e-12 1.731051546795060511e-12 4.811816015276433452e-12 -2.995604216472800946e-13 -9.541215754523454932e-13 -1.507150722696062998e-12 -3.907898316593513060e-12
-6.403667553738056770e-13 -9.570672652198646842e-13 -1.945755169166475158e-12 1.476422475762649719e-12 1.529781490870205659e-13 1.680866005557353370e-12 4.018112055970888649e-12 -3.722285252267332926e-13 -1.071391695738242814e-12 -1.435922346054015413e-12 -2.943374561004002681e-12
-6.139989933219957623e-13 -7.449155043561865993e-13 -1.981790896221508326e-12 1.101030640525711539e-12 8.193009909090611318e-13 1.441331116572561258e-12 3.455414268548114572e-12 -1.252118620814533687e-13 -1.071056183918230705e-12 -1.266390110357082886e-12 -2.114154907753784908e-12
-5.778839673997801476e-13 -5.272769056869339386e-13 -1.891491174201706007e-12 7.569289918562607750e-13 9.912831070462707640e-13 1.052492674444083556e-12 2.958014289922775548e-12 1.918518078018242698e-14 -7.600357305423514493e-13 -9.854910827231094057e-13 -1.792721677431273668e-12
-5.295890062371271027e-13 -3.156284757818572009e-13 -1.689092660487732857e-12 4.527690365954635084e-13 8.437552718230211379e-13 6.195076154917538348e-13 2.384418957083224984e-12 2.360218917654846287e-13 -4.171536815060110356e-13 -7.124414600448254306e-13 -1.188355855443531849e-12
-4.695782636810204594e-13 -1.293718712013517915e-13 -1.401016891595345608e-12 2.014622545707209149e-13 5.571341749257031430e-13 2.372265166933453099e-13 1.666933131615472100e-12 4.295564357131360958e-13 -1.833620201234605718e-13 -4.287591391176194310e-13 -5.950028830177537692e-13
-4.011490196579126136e-13 1.140273132084895117e-14 -1.063377492797876973e-12 4.257841779753404068e-14 2.062339038610228272e-13 -1.438879173351029588e-14 8.857839405541180743e-13 5.177208945675616594e-13 -1.068020999262017315e-14 -1.418178400368498569e-13 -2.617953931244517520e-13
-3.291388757772331267e-13 9.840050441697215918e-14 -7.231224905784240127e-13 -2.022853226443218832e-14 -8.425256101899804917e-14 -1.331107456085149190e-13 1.819768516039527833e-13 2.830284626605912571e-13 3.708616422546194270e-14 9.595734693746805006e-14 -2.341891966656262694e-14
-2.584751774224447375e-13 1.367691930232199953e-13 -4.195997663029157249e-13 -5.902633151759664350e-15 -2.166600026361762534e-13 -1.369843066433487664e-13 -2.142309600260994474e-13 6.197982390796251103e-14 5.553618181075604466e-14 1.011420530864505991e-13 -9.976814289170482186e-14
-1.937040186071775233e-13 1.398108399921609059e-13 -1.768742578898561465e-13 4.558030021890036526e-14 -1.688563157873573618e-13 -9.448186744780017770e-14 -2.508143287894051530e-13 1.263838019308847568e-14 3.869356293009197273e-14 2.419548105840059385e-14 -9.506155421610988263e-14
-1.383909504949897426e-13 1.193685849988471739e-13 -9.072358100876155575e-15 9.660356296420364621e-14 -3.524075203671481736e-14 -4.489133209899685461e-14 -1.078164909996797562e-13 -2.523654891176930579e-15 -1.100766132179683270e-14 3.237097680526783590e-14 1.944506324904013839e-14
-9.342655776082015079e-14 9.043091491839038802e-14 8.085469731768038040e-14 1.303357407125488111e-13 7.398316485871277351e-14 -3.409657565217402252e-14 6.957459859048388807e-14 -7.641252820172228406e-15 1.954058621381566159e-14 -1.365410648441911079e-15 1.428419588741863611e-14
-3.426183114858600531e-13 2.148749184170638266e-13 -1.880452695333206193e-12 4.942426511789434467e-13 2.946864225241430455e-13 1.798385100943374217e-12 9.930189511698965080e-12 7.824424690709524366e-12 1.683664086385907646e-11 -2.838498783007020857e-12 1.998599354475634394e-12
-3.980348157242889107e-13 -5.083761781769711694e-14 -1.768689805673361307e-12 9.312702925066610015e-13 -7.956721229044082933e-13 1.626338504881002415e-12 9.775385715311548896e-12 7.292701403514764958e-12 1.486111884380984774e-11 -2.825705776956658648e-12 2.236087233811472490e-13
-4.610560487950526036e-13 -3.621573014972283623e-13 -1.622429901659594644e-12 1.406982600691519170e-12 -2.021771461475050735e-12 1.481962001125314824e-12 9.474871705884479037e-12 6.370081570916700409e-12 1.214573146218191414e-11 -2.616388477848211303e-12 -1.959956230799922170e-12
-5.299463717394346745e-13 -6.929517362831583340e-13 -1.475859273875418997e-12 1.890768462700787947e-12 -3.263104961010226449e-12 1.384156220851475236e-12 9.108243902466562721e-12 5.166045651989282230e-12 9.004712692847930914e-12 -2.305801899405924797e-12 -3.939560859067391421e-12
-5.980665229617845701e-13 -1.005364170282518342e-12 -1.365408145978432319e-12 2.327587635090714116e-12 -4.305270787226393797e-12 1.340052006565202137e-12 8.691550744937618791e-12 3.839898687393714436e-12 5.616637446159180624e-12 -1.954516214998468214e-12 -5.439387857237213084e-12
-6.548047564358609970e-13 -1.250420777517772672e-12 -1.330217130123657806e-12 2.629748489801525155e-12 -4.827293039623851915e-12 1.349872030912140486e-12 8.150672582745611331e-12 2.625991676990768834e-12 2.442920578135390735e-12 -1.776906313773336350e-12 -5.962302178797833976e-12
-6.851901151673519234e-13 -1.359565152337167578e-12 -1.413567668545834085e-12 2.651070524111712058e-12 -4.346667850468587788e-12 1.446050344816833455e-12 7.256253683625303058e-12 1.544125677147764901e-12 3.418452114559851934e-13 -1.718506123585158756e-12 -5.690219539683592529e-12
-6.885421508712438751e-13 -1.322368047755157464e-12 -1.603724215680801033e-12 2.370756143417005159e-12 -2.899076039923303089e-12 1.625625037599863453e-12 6.065403547522560152e-12 4.209250930856813746e-13 -5.065599849676533059e-13 -1.638383391597531322e-12 -4.940680807604460359e-12
-6.777989979103318757e-13 -1.192412572146279633e-12 -1.819480212687345059e-12 1.970712664591505290e-12 -1.257311137772234784e-12 1.761353131453761032e-12 4.978665730009313484e-12 -3.559376002072194708e-13 -9.290353217615505160e-13 -1.491104059665854756e-12 -4.071321337159149917e-12
-6.581258294683047204e-13 -1.002247481968855955e-12 -1.976919086716016047e-12 1.545985541405575881e-12 7.033473773313863686e-14 1.727865369260473775e-12 4.138995072546397741e-12 -4.561332902385382062e-13 -1.056073669381598300e-12 -1.420542170314952577e-12 -3.068570761480433005e-12
-6.317829110808669742e-13 -7.855530707281233463e-13 -2.023004050211537385e-12 1.157446467184623559e-12 8.000948379646984382e-13 1.497534523656953094e-12 3.545628122269195117e-12 -1.929290809160504064e-13 -1.073333392912259074e-12 -1.262134301599197056e-12 -2.201414070896726483e-12
-5.956956247307705578e-13 -5.622737488607626035e-13 -1.938721056735769536e-12 8.009100443300861451e-13 1.008897627916163367e-12 1.106990306386760346e-12 3.032193230078747265e-12 -2.936227562315490515e-14 -7.682508715298360506e-13 -9.855127049358974351e-13 -1.859338624766195103e-12
-5.471333203646944306e-13 -3.435791371614048880e-13 -1.737693441505822656e-12 4.836326782050800712e-13 8.773813780176571914e-13 6.627337246336666008e-13 2.450302403692619014e-12 2.058460269986534243e-13 -4.171570213119291189e-13 -7.173063086812256772e-13 -1.241981765522972274e-12
-4.863904318584377453e-13 -1.490168999534511309e-13 -1.446736407330855559e-12 2.189987888054213973e-13 5.913266282894078396e-13 2.629029317433957632e-13 1.725704447237766611e-12 4.196496189024424764e-13 -1.791056857023668577e-13 -4.384153297587880791e-13 -6.338141462009081562e-13
-4.166645083194201404e-13 1.406169075981749919e-16 -1.102195176589459788e-12 4.834838705450778673e-14 2.303317149848455296e-13 -4.983509074197089250e-15 9.318468239307786839e-13 5.288830802219709336e-13 4.156565077644068200e-17 -1.549155361593584414e-13 -2.783048225679033520e-13
-3.428711685500985070e-13 9.422377197578333723e-14 -7.529958022504806882e-13 -2.213879247225415635e-14 -7.545271787558418965e-14 -1.344892822173575649e-13 2.091331766889631924e-13 2.963499789137927294e-13 4.298714849441263770e-14 8.818258767272604359e-14 -1.692596161669868804e-14
-2.700820086686954408e-13 1.375427072186412804e-13 -4.400220413998497195e-13 -1.058349103202717229e-14 -2.205563067538559459e-13 -1.403718498667047913e-13 -2.063310545556900702e-13 6.745990792650825518e-14 6.255310450616014728e-14 9.212237149144573930e-14 -9.037024903818731451e-14
-2.030253956444416746e-13 1.433186959346230924e-13 -1.882804861275123424e-13 4.156775978583162826e-14 -1.769647085870963075e-13 -9.454040001927036763e-14 -2.521042059300547390e-13 1.244023987660366942e-14 4.711425890506602757e-14 1.015154256770286664e-14 -8.962105263575026178e-14
-1.455077814674061876e-13 1.237381781322978790e-13 -1.275644659942256788e-14 9.475643120972140779e-14 -3.995342366278957785e-14 -4.133451242753144200e-14 -1.104410032789800375e-13 -4.448218239016795175e-15 -1.108956735518733844e-14 2.269541151835395638e-14 2.546768745632119524e-14
-9.854625292192725004e-14 9.452434576696653568e-14 8.258375856046382987e-14 1.309867982956373889e-13 7.391468057629313368e-14 -2.919063593103816354e-14 7.132478298232552366e-14 -6.871982663533175080e-15 1.811770498538997342e-14 -2.923058079559361786e-15 1.543786116172861054e-14
-3.460284976748368321e-13 2.336530072991009305e-13 -1.916800562530116960e-12 4.736262345445733580e-13 3.667101232397033947e-13 1.843622450948047911e-12 1.009457907788705609e-11 7.894688188372919825e-12 1.730388048043094423e-11 -2.823096240406440654e-12 2.240941900805536014e-12
-4.021571163153106211e-13 -3.487944276561313477e-14 -1.804821176997434232e-12 9.181348627686453079e-13 -7.405746131531606543e-13 1.664164229909635474e-12 9.951773880353413494e-12 7.386993001931465847e-12 1.534322258367449647e-11 -2.825603932884341721e-12 4.374490449325565407e-13
-4.662226591195889290e-13 -3.516777317941043263e-13 -1.655624563517290159e-12 1.404779946927753027e-12 -1.996990514038981090e-12 1.511295179807855513e-12 9.658152394819112733e-12 6.475435601508785522e-12 1.261177634605762178e-11 -2.625598778071349221e-12 -1.818612979364660470e-12
-5.367272233829840707e-13 -6.908423517298781664e-13 -1.503748426186531447e-12 1.903554550995006293e-12 -3.284413792127219975e-12 1.405047794969468084e-12 9.297512558156685738e-12 5.266505679245180438e-12 9.427414802680705420e-12 -2.316156379919822721e-12 -3.902348205005063090e-12
-6.072117399195834531e-13 -1.014658668881010464e-12 -1.386046406397065565e-12 2.360310623966102211e-12 -4.390887544177175051e-12 1.354219156562791782e-12 8.891282312326422305e-12 3.918356622238981730e-12 5.958597589280232321e-12 -1.954715845016822866e-12 -5.512827635966195398e-12
-6.669561255369651248e-13 -1.273742322993399292e-12 -1.342785798904126422e-12 2.687797226614858031e-12 -4.992689180394761421e-12 1.357937746503062337e-12 8.368098924946163429e-12 2.679163939856785308e-12 2.661657558690479058e-12 -1.766605100217060271e-12 -6.116895897041157554e-12
-6.999509786908271026e-13 -1.395470097249954818e-12 -1.420997437219916199e-12 2.731074345552447837e-12 -4.571491300613962577e-12 1.450127183515011954e-12 7.482190102200603055e-12 1.578915042746641900e-12 4.347591479855217990e-13 -1.710250870293471166e-12 -5.872015486751696062e-12
-7.043684807978597535e-13 -1.364019055976681167e-12 -1.613445385175972374e-12 2.453797960609722603e-12 -3.107960925326321687e-12 1.637128923811275925e-12 6.261635936370734524e-12 4.181273107952584775e-13 -4.651590182423094658e-13 -1.630645641618923272e-12 -5.114324918818291448e-12
-6.939582671619741907e-13 -1.235483363287468698e-12 -1.837276446990081999e-12 2.046090277531739317e-12 -1.405420925928519741e-12 1.788828736953605241e-12 5.129954746559247612e-12 -4.070569438551966712e-13 -9.062886562227461561e-13 -1.476553936646398333e-12 -4.219503239095592420e-12
-6.742286610399896472e-13 -1.043214112158432069e-12 -2.005176602419121812e-12 1.609061033072207805e-12 -4.601203615085821008e-15 1.770481489541730547e-12 4.248604326135085230e-12 -5.322129491702345466e-13 -1.042184229100452157e-12 -1.406596376807167507e-12 -3.182090943876309191e-12
-6.479082693536253818e-13 -8.224007061152024912e-13 -2.060373592875647766e-12 1.208600854524292437e-12 7.826798846323232335e-13 1.548496302038446670e-12 3.627428473126361951e-12 -2.543308727264005217e-13 -1.075398225362994386e-12 -1.258275397027247514e-12 -2.280535290854406004e-12
-6.118461355351033942e-13 -5.940067248285193986e-13 -1.981546197251400398e-12 8.407893464198586319e-13 1.024869387543734856e-12 1.156405393226598321e-12 3.099454111644695284e-12 -7.338211079178647868e-14 -7.756998539921427991e-13 -9.855323106016548902e-13 -1.919742758295055665e-12
-5.630414208643656363e-13 -3.689230706560453270e-13 -1.781761628104222443e-12 5.116179222632608353e-13 9.078714543427866459e-13 7.019284907383603531e-13 2.510041444053581647e-12 1.784844164896798412e-13 -4.171600496321951203e-13 -7.217174529552592691e-13 -1.290606428811284197e-12
-5.016346676292660170e-13 -1.668297987427970380e-13 -1.488192040524633678e-12 2.348998349858051732e-13 6.223302332560267501e-13 2.861847191259384383e-13 1.778994646481935559e-12 4.106667292555599928e-13 -1.752463045172073447e-13 -4.471709670544527189e-13 -6.690058026513947661e-13
-4.307329951898418336e-13 -1.007117289251231076e-14 -1.137392654842077389e-12 5.358023882155276396e-14 2.521821218226197923e-13 3.544620369767509608e-15 9.736138017062095571e-13 5.390042607837409489e-13 9.763409625464795161e-15 -1.667917180848182188e-13 -2.932745535580573481e-13
-3.553227635207299443e-13 9.043656895168864038e-14 -7.800830762783631092e-13 -2.387089845028176939e-14 -6.747356359107775988e-14 -1.357392540727172545e-13 2.337568550929217537e-13 3.084291071070555636e-13 4.833779658290581144e-14 8.113291614040876808e-14 -1.103854826162498305e-14
-2.806063663973770445e-13 1.382440821157320889e-13 -4.585396991655650089e-13 -1.482780386715592072e-14 -2.240892346866729555e-13 -1.434434648434688864e-13 -1.991679081699970477e-13 7.242890966243115358e-14 6.891561663882445057e-14 8.394388127606807918e-14 -8.184881930569786734e-14
-2.114774446478456740e-13 1.464994030544594172e-13 -1.986229494390418205e-13 3.792943593531265124e-14 -1.843168983985951907e-13 -9.459347373808244961e-14 -2.532737868528360380e-13 1.226057847443660857e-14 5.474962595079796723e-14 -2.582633500266706853e-15 -8.468794180664318206e-14
-1.519608842535346020e-13 1.277002553163315184e-13 -1.609695051978623023e-14 9.308156621184044393e-14 -4.422658323716359175e-14 -3.810940801826018038e-14 -1.128207489212187365e-13 -6.193293421432733396e-15 -1.116383468753919155e-14 1.392220648008134351e-14 3.092863112876365856e-14
-1.031884762987726585e-13 9.823601604752898697e-14 8.415156450656539807e-14 1.315771370997447441e-13 7.385258325700184982e-14 -2.474223278283284291e-14 7.291174209568640818e-14 -6.174455995560822204e-15 1.682752416438372232e-14 -4.335436569537661171e-15 1.648393358153572420e-14
-3.492525833229760850e-13 2.514063390015062776e-13 -1.951164855320158230e-12 4.541348962815618313e-13 4.348033491679152125e-13 1.886391110003000869e-12 1.024999758307459257e-11 7.961117269374453253e-12 1.774562191434135974e-11 -2.808534244939094118e-12 2.470059338500409216e-12
-4.060544548866715693e-13 -1.979213667080201792e-14 -1.838980788515182808e-12 9.057162592757091080e-13 -6.884838827628933773e-13 1.699925730911673201e-12 1.011853619729497525e-11 7.476138922992881256e-12 1.579901697633073179e-11 -2.825507646852717518e-12 6.396196800447231999e-13
-4.711073173946177810e-13 -3.417700528093135138e-13 -1.687007727563055880e-12 1.402697496375836021e-12 -1.973561911672458119e-12 1.539027589398301329e-12 9.831431097073897527e-12 6.575040256059612112e-12 1.305238824592426310e-11 -2.634306454170028990e-12 -1.684983106786204617e-12
-5.431380306611952508e-13 -6.888480804691643635e-13 -1.530115612755349038e-12 1.915642877433011365e-12 -3.304559758642136728e-12 1.424799274924697618e-12 9.476452452034421511e-12 5.361483405763448606e-12 9.827049228643283255e-12 -2.325945796218357834e-12 -3.867166318742740829e-12
-6.158578844566583912e-13 -1.023445948486796996e-12 -1.405558396479326054e-12 2.391247855186552400e-12 -4.471832026763516247e-12 1.367613177427838187e-12 9.080114136243854483e-12 3.992532953670440938e-12 6.281896296071908300e-12 -1.954904580936094348e-12 -5.582259661996202874e-12
-6.784443705936208789e-13 -1.295791165991331597e-12 -1.354668570810877384e-12 2.742678129984074504e-12 -5.149059329168236906e-12 1.365563300219476276e-12 8.573659885035151194e-12 2.729434488040980744e-12 2.868457632740455188e-12 -1.756866044201511472e-12 -6.263053132743731520e-12
-7.139063129357207463e-13 -1.429415638869433540e-12 -1.428021748895743173e-12 2.806712201462111123e-12 -4.784045693749343804e-12 1.453981541191305509e-12 7.695796727038757177e-12 1.611805884419448561e-12 5.226025885340108986e-13 -1.702446122478631380e-12 -6.043890472245895163e-12
-7.193311368518519639e-13 -1.403397086943048946e-12 -1.622636051439495389e-12 2.532308022862548951e-12 -3.305446552428205494e-12 1.648005020439412312e-12 6.447159538662142617e-12 4.154822090004949630e-13 -4.260173836096497659e-13 -1.623330155933462052e-12 -5.278492930086816779e-12
-7.092356933875964956e-13 -1.276203696824601727e-12 -1.854101505926013596e-12 2.117354386190694833e-12 -1.545448072120509307e-12 1.814804944787325209e-12 5.272987624592240321e-12 -4.553866045408709780e-13 -8.847833209459282362e-13 -1.462797842489441728e-12 -4.359598563816995634e-12
-6.894527294997192635e-13 -1.081945112930182846e-12 -2.031892050091283208e-12 1.668694371355539088e-12 -7.544774346591067181e-14 1.810771964527545182e-12 4.352231987689658884e-12 -6.041407917172528619e-13 -1.029052762906805771e-12 -1.393411632710074300e-12 -3.289416107115359266e-12
-6.631536351867939973e-13 -8.572374937097102434e-13 -2.095703806303805133e-12 1.256963646537425807e-12 7.662152995462933057e-13 1.596676996159266022e-12 3.704764818358413398e-12 -3.123818481734132337e-13 -1.077350375907156278e-12 -1.254627080520626839e-12 -2.355338710546348838e-12
-6.271152812749967276e-13 -6.240079700022658440e-13 -2.022034285837350883e-12 8.784923567116762105e-13 1.039969536930288639e-12 1.203123801781789044e-12 3.163044434954472387e-12 -1.149996971014779687e-13 -7.827423308900859482e-13 -9.855508463970872732e-13 -1.976850519717624106e-12
-5.780813851035924248e-13 -3.928839359415893926e-13 -1.823424927296801807e-12 5.380759566143148518e-13 9.366976273641410379e-13 7.389843215113924441e-13 2.566520407777300028e-12 1.526159828145151555e-13 -4.171629127116776863e-13 -7.258878724580202946e-13 -1.336577548788733080e-12
-5.160469955386987984e-13 -1.836706126681420937e-13 -1.527385358468445657e-12 2.499331298574107592e-13 6.516419106379903206e-13 3.081959736588110899e-13 1.829376694977553332e-12 4.021740535603282422e-13 -1.715975373521221926e-13 -4.554487920495322944e-13 -7.022769813256090605e-13
-4.440337371220527407e-13 -1.972568526728330556e-14 -1.170669337633655827e-12 5.852657816473470694e-14 2.728401090566042671e-13 1.160735304052433120e-14 1.013101473520705653e-12 5.485731086705953578e-13 1.895471348124346021e-14 -1.780197934445850561e-13 -3.074273569396961389e-13
-3.670948505160130544e-13 8.685604103938068876e-14 -8.056921446007608122e-13 -2.550848000434178856e-14 -5.992984743069893138e-14 -1.369210125156694686e-13 2.570367710159851394e-13 3.198490535663057580e-13 5.339644929849506507e-14 7.446795903340493215e-14 -5.472422617935235672e-15
-2.905563892684619762e-13 1.389071816140554953e-13 -4.760468120003087483e-13 -1.884049621557168894e-14 -2.274293638145478229e-13 -1.463474557652686251e-13 -1.923956687612603817e-13 7.712674321788371777e-14 7.493091399147000470e-14 7.621170733843143816e-14 -7.379242073388593354e-14
-2.194682487474557145e-13 1.495065327470152592e-13 -2.084010042244742925e-13 3.448966256504864428e-14 -1.912678647812132536e-13 -9.464365112454335930e-14 -2.543795414601159827e-13 1.209072154853412435e-14 6.196831602329900078e-14 -1.462188057004220007e-14 -8.002404052886691737e-14
-1.580618285540021292e-13 1.314461141730951573e-13 -1.925515658110731706e-14 9.149810189105509276e-14 -4.826654810308532226e-14 -3.506030389275868274e-14 -1.150706271754729352e-13 -7.843136424029275629e-15 -1.123404910617142586e-14 5.627772472417091000e-15 3.609156038083144738e-14
-1.075773644335424560e-13 1.017451331958846713e-13 8.563381220714096952e-14 1.321352599624247255e-13 7.379387471407757638e-14 -2.053658773253658293e-14 7.441209773700672052e-14 -5.514994728123814286e-15 1.560775104560998458e-14 -5.670738791471975542e-15 1.747291977580083185e-14
-3.525174431593655120e-13 2.693841926751795731e-13 -1.985963744673532706e-12 4.343970558594931158e-13 5.037577332284738224e-13 1.929700653564949439e-12 1.040738162689467916e-11 8.028386461953534782e-12 1.819294994149452415e-11 -2.793788087305148135e-12 2.702074367528010195e-12
-4.100010821053369520e-13 -4.514025150936086601e-15 -1.873572408049024167e-12 8.931406007174550963e-13 -6.357343737543880343e-13 1.736139498645020223e-12 1.028740751524421678e-11 7.566412249907222843e-12 1.626057568669147831e-11 -2.825410142824580033e-12 8.443471171604829744e-13
-4.760537506998856952e-13 -3.317370738388231885e-13 -1.718787786594884600e-12 1.400588709489738953e-12 -1.949837013443105444e-12 1.567110723791801326e-12 1.000690121145813411e-11 6.675904585537567797e-12 1.349857245445032874e-11 -2.643124253960057894e-12 -1.549663250241582723e-12
-5.496299137932722516e-13 -6.868285881054135157e-13 -1.556816258494603145e-12 1.927884081807956541e-12 -3.324960505972926898e-12 1.444800546857606261e-12 9.657655353771630986e-12 5.457662291688786580e-12 1.023173773152654761e-11 -2.335859016682980000e-12 -3.831539495635863512e-12
-6.246133745990850155e-13 -1.032344358569693240e-12 -1.425317149769259018e-12 2.422576341740506139e-12 -4.553800193862200663e-12 1.381176589061883227e-12 9.271334068833196641e-12 4.067647374520048684e-12 6.609283681082085759e-12 -1.955095703603449933e-12 -5.652569777224398413e-12
-6.900779045925976613e-13 -1.318118855154919485e-12 -1.366701621095927786e-12 2.798253098353181435e-12 -5.307407052122434596e-12 1.373285292330129744e-12 8.781820523071442271e-12 2.780340795202522793e-12 3.077873055905775369e-12 -1.747003820629076785e-12 -6.411058782378409914e-12
-7.280381367863631854e-13 -1.463790481246035795e-12 -1.435134895201663769e-12 2.883306630405026960e-12 -4.999288209313149743e-12 1.457884643872571464e-12 7.912104781416053191e-12 1.645112688305434387e-12 6.115569632853025087e-13 -1.694542669817209295e-12 -6.217939117673398740e-12
-7.344830218606317194e-13 -1.443273122015629644e-12 -1.631942949669457837e-12 2.611810982249977669e-12 -3.505429731111309503e-12 1.659018664252264966e-12 6.635029411548841973e-12 4.128036552274255925e-13 -3.863807343852310441e-13 -1.615922153006409216e-12 -5.444737133164777151e-12
-7.247063293891243819e-13 -1.317439010245005811e-12 -1.871139347085294685e-12 2.189519754232764379e-12 -1.687246106840327944e-12 1.841109667160446870e-12 5.417829403638256792e-12 -5.043274784406458321e-13 -8.630060129585786479e-13 -1.448867778313290718e-12 -4.501465639098489889e-12
-7.048693329342854553e-13 -1.121165934999995066e-12 -2.058945361270990530e-12 1.729081877581249425e-12 -1.471902619538112652e-13 1.851571983044509459e-12 4.457170202308743277e-12 -6.769782878304351582e-13 -1.015755226241635031e-12 -1.380060144321732013e-12 -3.398098584880614877e-12
-6.785918053392420075e-13 -8.925148534685027792e-13 -2.131480832043894667e-12 1.305938070714647945e-12 7.495424908769135327e-13 1.645467019473556198e-12 3.783079216934534269e-12 -3.711669799062092964e-13 -1.079327214739898887e-12 -1.250932624573062019e-12 -2.431088150398609003e-12
-6.425775320752849866e-13 -6.543886334492736420e-13 -2.063034417109953959e-12 9.166721875747934259e-13 1.055260654093388545e-12 1.250433046394497523e-12 3.227438969111874796e-12 -1.571436107093073942e-13 -7.898738721948705605e-13 -9.855696165410969650e-13 -2.034680508714924776e-12
-5.933115560049712836e-13 -4.171478283282135510e-13 -1.865615131787428390e-12 5.648685991349719313e-13 9.658883577905415942e-13 7.765087881465480725e-13 2.623713646786540263e-12 1.264203974551394243e-13 -4.171658119712389143e-13 -7.301110341740187364e-13 -1.383130054039155054e-12
-5.306415925534152478e-13 -2.007244081831722814e-13 -1.567074344489920115e-12 2.651565470683092707e-13 6.813242854982906915e-13 3.304855990543654202e-13 1.880395912633762141e-12 3.935739730705487456e-13 -1.679026251200892394e-13 -4.638313046141606740e-13 -7.359689323047063056e-13
-4.575026902120521497e-13 -2.950229586742114323e-14 -1.204366862308539448e-12 6.353547263235795187e-14 2.937593527194126889e-13 1.977205309350281549e-14 1.053088536069419275e-12 5.582629713687192040e-13 2.826225747884728638e-14 -1.893898674803185924e-13 -3.217591472998194916e-13
-3.790158161541008407e-13 8.323023107132259802e-14 -8.316250844109412110e-13 -2.716677164492494065e-14 -5.229072775631268624e-14 -1.381177163554166773e-13 2.806111022516888045e-13 3.314134252374733419e-13 5.851907753852422265e-14 6.771871185841152674e-14 1.640964386947857462e-16
-3.006322475940214331e-13 1.395786671577775487e-13 -4.937753329215616474e-13 -2.290393608893185896e-14 -2.308117347122973286e-13 -1.492881727307837425e-13 -1.855377825046118725e-13 8.188398910521029862e-14 8.102228531469489488e-14 6.838174650718627587e-14 -6.563413487997443513e-14
-2.275601105519756786e-13 1.525516928535194686e-13 -2.183027196323436671e-13 3.100638723053686150e-14 -1.983067383006421957e-13 -9.469446308535619781e-14 -2.554992802543163362e-13 1.191871648312017560e-14 6.927829907689487250e-14 -2.681338501445035816e-14 -7.530115604126618346e-14
-1.642399299748817498e-13 1.352393459698392262e-13 -2.245330369090482499e-14 8.989461188280027204e-14 -5.235760540064604478e-14 -3.197263850014301405e-14 -1.173489590746325441e-13 -9.513844581898443424e-15 -1.130515150849908961e-14 -2.771559188097048749e-15 4.131978391835039280e-14
-1.120217577419749048e-13 1.052986292725495281e-13 8.713480552126708376e-14 1.327004412574660949e-13 7.373442369358033879e-14 -1.627775492952609002e-14 7.593142799929738970e-14 -4.847193417028208678e-15 1.437255175723715755e-14 -7.022928249526968463e-15 1.847441343218874955e-14
-3.568481140014358156e-13 2.932309028816547324e-13 -2.032122704832882672e-12 4.082158126252590528e-13 5.952222230073322383e-13 1.987148564455048696e-12 1.061614357149184835e-11 8.117615631213503887e-12 1.878630786045233512e-11 -2.774228058035864639e-12 3.009830524646702810e-12
-4.152360827710704553e-13 1.575161413358789759e-14 -1.919456435310935116e-12 8.764596281388383831e-13 -5.657648281076220024e-13 1.784175223125349882e-12 1.051140674578100778e-11 7.686155235495754820e-12 1.687280988435886989e-11 -2.825280808924290384e-12 1.115907668786555390e-12
-4.826149433850417207e-13 -3.184288366127117939e-13 -1.760942421577157678e-12 1.397791510827900344e-12 -1.918367140527632096e-12 1.604361575926081750e-12 1.023965341045162115e-11 6.809695998264657537e-12 1.409041315576938700e-11 -2.654820617838548691e-12 -1.370168330592979136e-12
-5.582410672177563244e-13 -6.841498340524325527e-13 -1.592233309610660004e-12 1.944121418058797511e-12 -3.352021061793459213e-12 1.471331218727298627e-12 9.898011804103783956e-12 5.585238701349846270e-12 1.076853648580186209e-11 -2.349008400503730566e-12 -3.784282323694305739e-12
-6.362270878075600710e-13 -1.044147647847554680e-12 -1.451526132971645344e-12 2.464131988799625404e-12 -4.662526806391269665e-12 1.399167766083978619e-12 9.524977602025282966e-12 4.167282840581918263e-12 7.043546426742512676e-12 -1.955349218241242622e-12 -5.745832575921407547e-12
-7.055091968668317234e-13 -1.347735401366672050e-12 -1.382662851480975118e-12 2.871970472606158090e-12 -5.517447267867827144e-12 1.383528122912226013e-12 9.057935041955435135e-12 2.847865427385340738e-12 3.355651983226031770e-12 -1.733922081853425770e-12 -6.607380762985133452e-12
-7.467832837167736047e-13 -1.509386964588212566e-12 -1.444570122738509051e-12 2.984905251988767704e-12 -5.284796478977651298e-12 1.463061911512440377e-12 8.199026434395394479e-12 1.689292472820973197e-12 7.295504253473794049e-13 -1.684059141222678386e-12 -6.448805810042563802e-12
-7.545812281307795649e-13 -1.496166658180718677e-12 -1.644288077771678824e-12 2.717267621790632558e-12 -3.770697265005956704e-12 1.673627703723594819e-12 6.884229260466327611e-12 4.092506896604163703e-13 -3.338047315079012797e-13 -1.606095813302441125e-12 -5.665251628914758716e-12
-7.452273426680575812e-13 -1.372135560122517434e-12 -1.893739178509616161e-12 2.285243451347060837e-12 -1.875334001129265250e-12 1.876001546048254655e-12 5.609954670473425566e-12 -5.692450630482142540e-13 -8.341195195639479532e-13 -1.430390255477004436e-12 -4.689645112355902069e-12
-7.253186747551118526e-13 -1.173190364361920732e-12 -2.094830205218791926e-12 1.809182838912403417e-12 -2.423530704800332834e-13 1.905691136363790266e-12 4.596365416715626542e-12 -7.735935286181440942e-13 -9.981167190121775974e-13 -1.362350072891794892e-12 -3.542260374195184473e-12
-6.990697543148652100e-13 -9.393084802647213575e-13 -2.178937240470835754e-12 1.370900158107691786e-12 7.274268566742777827e-13 1.710184508503838832e-12 3.886959290970073785e-12 -4.491424727433877334e-13 -1.081949391153379591e-12 -1.246032116390809105e-12 -2.531565936825287559e-12
-6.630874228055840264e-13 -6.946870411714327153e-13 -2.117419009852714992e-12 9.673157949384101006e-13 1.075543544766607704e-12 1.313186357630432467e-12 3.312855049652662551e-12 -2.130453725383584516e-13 -7.993334997242142163e-13 -9.855945142425159629e-13 -2.111389053306173266e-12
-6.135136045287685528e-13 -4.493326497636447317e-13 -1.921578296223940098e-12 6.004076792512724774e-13 1.004608379790310534e-12 8.262830881249472255e-13 2.699577574876476961e-12 9.167328339288736297e-14 -4.171696577158429387e-13 -7.357128438284683887e-13 -1.444879588939842114e-12
-5.500005845799277496e-13 -2.233454021510082577e-13 -1.619719769592307715e-12 2.853496371450085876e-13 7.206964488627632952e-13 3.600516555514627470e-13 1.948070314799922759e-12 3.821664029374073823e-13 -1.630015116396848584e-13 -4.749502819922767341e-13 -7.806595948380568336e-13
-4.753685727152729334e-13 -4.247047348687394875e-14 -1.249064918090312903e-12 7.017951685363853642e-14 3.215076674179796874e-13 3.060211320576569129e-14 1.106129344521456870e-12 5.711160823311947869e-13 4.060824206358831465e-14 -2.044716934593687281e-13 -3.407695396288228223e-13
-3.948283718866144701e-13 7.842077823040990689e-14 -8.660238125434513766e-13 -2.936641131888955641e-14 -4.215782333761236196e-14 -1.397050832522346776e-13 3.118812558202386743e-13 3.467529771736416892e-13 6.531398383428377864e-14 5.876617813484690366e-14 7.640652809389226323e-15
-3.139973621450420439e-13 1.404693586495527982e-13 -5.172913159034365089e-13 -2.829388278775004411e-14 -2.352982780041552261e-13 -1.531888844987737036e-13 -1.764411445605549662e-13 8.819423426166658439e-14 8.910218013031797150e-14 5.799570098356094958e-14 -5.481258288181852398e-14
-2.382935544379201309e-13 1.565909431458157814e-13 -2.314368424391098399e-13 2.638599934164355633e-14 -2.076434466832592738e-13 -9.476186257736022593e-14 -2.569845569325255716e-13 1.169056049729131227e-14 7.897462048506141174e-14 -4.298479671744324940e-14 -6.903648954648454969e-14
-1.724348678668091644e-13 1.402708753797655332e-13 -2.669548346841041355e-14 8.776766379890787463e-14 -5.778418521234500263e-14 -2.787700711474055339e-14 -1.203710506785343494e-13 -1.172995413462240746e-14 -1.139946523603180630e-14 -1.391284621495246674e-14 4.825475701390081911e-14
-1.179170198373104238e-13 1.100121614190185768e-13 8.912579695453559893e-14 1.334501255598630646e-13 7.365556493752112648e-14 -1.062862943164749203e-14 7.794674246270376839e-14 -3.961388881367611538e-15 1.273412261120621788e-14 -8.816538917480839436e-15 1.980284392451045168e-14
-3.362165459775603111e-13 1.815440351324888621e-13 -1.811900943013741525e-12 5.252606090751491220e-13 1.749691898558525374e-13 1.724614591743911204e-12 9.615884307153592512e-12 7.635536667049687733e-12 1.599002072690519019e-11 -2.822360773977517668e-12 1.631070512004451291e-12
-3.902529659845098130e-13 -7.784877627996985004e-14 -1.701833419943307174e-12 9.470881996226839943e-13 -8.785540029873180652e-13 1.566811962683669828e-12 9.443761596236956934e-12 7.065200434969502717e-12 1.400777276326578525e-11 -2.781947450132309738e-12 -6.752665347086105926e-14
-4.511991383190918655e-13 -3.779837796175275902e-13 -1.562270276431936401e-12 1.401773351262169076e-12 -2.043753679308833239e-12 1.437041891345689878e-12 9.134917439692512240e-12 6.134909054547430279e-12 1.133990120544568304e-11 -2.561528282133034599e-12 -2.102679739685727766e-12
-5.168920803477421664e-13 -6.923911012977940462e-13 -1.426438901679655968e-12 1.857238498691918686e-12 -3.195870455642557265e-12 1.352318965035595389e-12 8.759367460256339044e-12 4.955189087471233149e-12 8.295947197661075334e-12 -2.258392321040433994e-12 -3.894134724091109038e-12
-5.804626997192398106e-13 -9.831003386438893226e-13 -1.329790930646574029e-12 2.256729275795148168e-12 -4.117175127523570978e-12 1.317182543141537475e-12 8.323939044643051558e-12 3.682696081667513769e-12 5.078896569751156664e-12 -1.935321193157784685e-12 -5.216775869692036892e-12
-6.318086984354784125e-13 -1.202702389777047563e-12 -1.308473442903850119e-12 2.512922184539976396e-12 -4.499149549178752643e-12 1.336177082788527665e-12 7.753519841308026694e-12 2.513618729718097272e-12 2.147528879273555929e-12 -1.773971797649622019e-12 -5.641400243573137752e-12
-6.585262748860758559e-13 -1.293082143315073245e-12 -1.397214746902712241e-12 2.505248357269743769e-12 -3.955166493350253856e-12 1.433522573016737351e-12 6.867962434559220192e-12 1.470822930290432789e-12 2.398173859613889675e-13 -1.709269208171644357e-12 -5.362803826606927098e-12
-6.608996006859802281e-13 -1.249858354465182687e-12 -1.579050427675352178e-12 2.231705109224950824e-12 -2.582802160135535619e-12 1.591389921659709285e-12 5.753514854307589246e-12 4.358727276383600120e-13 -5.624936251678688249e-13 -1.638568859707276394e-12 -4.650788817215670984e-12
-6.499261066842436817e-13 -1.119602788482234961e-12 -1.778052501520282145e-12 1.849479718573783822e-12 -1.065832420253946929e-12 1.696543370766952176e-12 4.749861008921034147e-12 -2.570270939274663951e-13 -9.584919943834965832e-13 -1.504940723594529527e-12 -3.833089583787097172e-12
-6.303875265323866057e-13 -9.348959091989160942e-13 -1.917420616218261745e-12 1.447087777009449076e-12 1.400952254320564661e-13 1.640657200305948580e-12 3.973985958529003354e-12 -3.334974791849992403e-13 -1.071464770641516983e-12 -1.426761083263907001e-12 -2.890602309072505182e-12
-6.038994326011443547e-13 -7.263224608031056030e-13 -1.948868370435702426e-12 1.078066440984174236e-12 7.855650450918431813e-13 1.401794819983963423e-12 3.416586477016809384e-12 -1.112775029512210779e-13 -1.053195480076821220e-12 -1.250409761566240502e-12 -2.074144002906417598e-12
-5.677435900184255032e-13 -5.123899165555184654e-13 -1.857633738070031010e-12 7.403437711117106182e-13 9.554154306653680597e-13 1.021638512397559080e-12 2.915533048659888185e-12 3.135563315751129105e-14 -7.478688172979017494e-13 -9.731845993309489455e-13 -1.755701195901781282e-12
-5.197651332741366388e-13 -3.058257586242290819e-13 -1.656356059120650312e-12 4.435377511549383186e-13 8.120714678719565966e-13 6.012345400559089774e-13 2.338116717125720665e-12 2.402025414152235306e-13 -4.118010819551984731e-13 -6.987974622498471940e-13 -1.152058219939880956e-12
-4.604494320987459712e-13 -1.249518455491358479e-13 -1.372072861834435722e-12 1.993265410674012656e-13 5.355523533041991278e-13 2.322595232197421687e-13 1.622380326387558708e-12 4.219749600986656066e-13 -1.774069261226081283e-13 -4.142604003721382002e-13 -5.730310284322255228e-13
-3.930694107812262998e-13 1.123829236125840611e-14 -1.039756423006820830e-12 4.521738802185448782e-14 1.965741701973970136e-13 -1.261197416308763999e-14 8.510884502944450721e-13 5.010638426283785162e-13 -1.175962722825631867e-14 -1.285365509790609020e-13 -2.545296288766128010e-13
-3.223492775701395963e-13 9.535126556140208803e-14 -7.055732838959290073e-13 -1.608971556832179928e-14 -8.222755556315399070e-14 -1.292934597797876789e-13 1.638088556545373267e-13 2.728634945118665727e-13 3.606875083892014612e-14 1.009565696884938535e-13 -2.977754986092478765e-14
-2.530673787169580952e-13 1.326670607606256709e-13 -4.078386100045545343e-13 -3.138641791448715965e-15 -2.095694272927220663e-13 -1.369128324244038998e-13 -2.160492858806381639e-13 5.686414523574972012e-14 5.064902247314696645e-14 1.069266405149142176e-13 -1.052903500364787824e-13
-1.896644924070786275e-13 1.357689024472467166e-13 -1.707214126487325278e-13 4.635610995514530326e-14 -1.622496536168206118e-13 -9.558541525985851770e-14 -2.466577868497698159e-13 1.132587772801822656e-14 3.510083329423120048e-14 3.030957886822934881e-14 -9.554585315384902048e-14
-1.355453477138793090e-13 1.160577933427492081e-13 -7.328002958321457246e-15 9.534828583218768783e-14 -3.261178209018675059e-14 -4.597012016682501865e-14 -1.048371090506874507e-13 -3.829755771816764124e-15 -8.982511046235875154e-15 3.720757549324667958e-14 1.916810918174882094e-14
-9.157381275499657360e-14 8.804853731293429832e-14 7.979767875897268185e-14 1.278795958761738829e-13 7.345028626984122370e-14 -3.456332219600164403e-14 6.761149046412907626e-14 -9.777872736901109783e-15 1.908844851948391364e-14 -3.363646589488390533e-15 1.234891667000393653e-14
-3.418193356988015164e-13 2.140203837710899201e-13 -1.871145147471696796e-12 4.844998603852414024e-13 3.069193970517473267e-13 1.809027140821668534e-12 9.880389794121091227e-12 7.698545895206306399e-12 1.678368196945694251e-11 -2.755626173487206875e-12 2.108124510958307285e-12
-3.969912409396300579e-13 -4.909074648587424982e-14 -1.761827250183750826e-12 9.174850247380605333e-13 -7.697861936817091506e-13 1.639592866267180762e-12 9.732517886092955888e-12 7.172254727784603931e-12 1.484459476446356500e-11 -2.740288581820637107e-12 3.843164291704033488e-13
-4.595546299393068168e-13 -3.574160297621536419e-13 -1.618502431105301766e-12 1.389650877236571109e-12 -1.981143754325072081e-12 1.494767132260394718e-12 9.439252852095245484e-12 6.271558916055119042e-12 1.216622413785535505e-11 -2.540496043356117704e-12 -1.757322232941078779e-12
-5.277514687584313329e-13 -6.849552429776762673e-13 -1.474685413631407007e-12 1.869575142841900707e-12 -3.206477673640580923e-12 1.393789617834236789e-12 9.075815272299356773e-12 5.097405873822169759e-12 9.064917848924334899e-12 -2.247655523268990453e-12 -3.724686998539189991e-12
-5.950973787375291215e-13 -9.941018638384208824e-13 -1.366366358570026826e-12 2.301916774359433137e-12 -4.233060498775779585e-12 1.344200881047627690e-12 8.658455960522801588e-12 3.800802652010222196e-12 5.733052934086718539e-12 -1.916824208879202574e-12 -5.255612823517270345e-12
-6.515695814261151333e-13 -1.237407111668354939e-12 -1.330792404400374272e-12 2.600928500620594524e-12 -4.753730561630507264e-12 1.350997995875150638e-12 8.119988339690474698e-12 2.589088025813078050e-12 2.610443618807469868e-12 -1.736271355731759439e-12 -5.861024041237978205e-12
-6.836043626291150270e-13 -1.352483459742995596e-12 -1.407483998323997241e-12 2.639325495349122127e-12 -4.347483655423007058e-12 1.436467835179121236e-12 7.268906924834072148e-12 1.518813106784320955e-12 4.632766671385581765e-13 -1.672082140811287904e-12 -5.670320176028545490e-12
-6.887478152170641676e-13 -1.323302907461227977e-12 -1.589203949823275762e-12 2.382977233163865542e-12 -2.993666351688196082e-12 1.599055736257930167e-12 6.126844355543294996e-12 4.385163715813792657e-13 -4.731708165424554398e-13 -1.611278436468304922e-12 -4.967343541004106851e-12
-6.786948320691594961e-13 -1.197568491459730001e-12 -1.799901047572530081e-12 1.991684667658633248e-12 -1.388372217824111193e-12 1.729343677704691863e-12 5.049305085270537022e-12 -3.375408801578843499e-13 -9.095254973676660147e-13 -1.468650737100353452e-12 -4.112072662365906054e-12
-6.591317064378730079e-13 -1.010883807235845412e-12 -1.957682351900067732e-12 1.568784854234148005e-12 -4.997978658060458554e-14 1.703424492742732914e-12 4.192848331371675418e-12 -4.746003091575267187e-13 -1.040089121347329312e-12 -1.386063786774326342e-12 -3.109449957021163378e-12
-6.325727677839637955e-13 -7.958990020374831733e-13 -2.006326619567240169e-12 1.177538016625272209e-12 7.113722406178480058e-13 1.484613875322483599e-12 3.575033678418201971e-12 -2.427453035511231886e-13 -1.041867944410212415e-12 -1.226117358293734404e-12 -2.224839270093976464e-12
-5.964188387166693199e-13 -5.733167764060599027e-13 -1.927027878540611008e-12 8.190037901727301254e-13 9.583717063116843893e-13 1.108874742674337655e-12 3.035937422275309284e-12 -6.105262132025428204e-14 -7.540643436728786388e-13 -9.619491643944177599e-13 -1.864770176355442103e-12
-5.481531417400879710e-13 -3.563870811169455856e-13 -1.729760512134792677e-12 5.010063720286311572e-13 8.533273367201120030e-13 6.761560540958706922e-13 2.436979418196757786e-12 1.798406038262693889e-13 -4.072484493147934692e-13 -6.967356613720485984e-13 -1.233428125665709599e-12
-4.879025951666853901e-13 -1.627963726019234837e-13 -1.442773428675475753e-12 2.349010506902764546e-13 5.877110471541989279e-13 2.824109373362986053e-13 1.706897517165300578e-12 3.943818246899114505e-13 -1.624071657051866041e-13 -4.218041775551538610e-13 -6.355908880295160828e-13
-4.187201334400977261e-13 -1.301413808619631865e-14 -1.100718227416283391e-12 6.018279004957931929e-14 2.385966774962985724e-13 9.301110950591468197e-15 9.171946418856341644e-13 5.093455697999346488e-13 9.730752870318224987e-15 -1.439823257176908968e-13 -2.824517525670535253e-13
-3.453862227923062373e-13 8.348907691197993670e-14 -7.530330101550044522e-13 -1.608484235507372620e-14 -6.180042675519759592e-14 -1.283538830392597945e-13 2.043145092271812926e-13 2.918801180076171457e-13 4.830383001434896791e-14 8.909400207531580802e-14 -2.215156932084902306e-14
-2.728480278657988013e-13 1.303604672716277660e-13 -4.404717993166566946e-13 -1.038538785191349189e-14 -2.112205776212032732e-13 -1.440231308222044332e-13 -2.013450627545734896e-13 6.363458842373383010e-14 6.034278986405571471e-14 9.349968714067928683e-14 -9.041787343064514375e-14
-2.058358260153330236e-13 1.393840909144559079e-13 -1.892469045130210393e-13 3.858236791686284001e-14 -1.733834469575242765e-13 -9.705550117599796115e-14 -2.457488938580274510e-13 9.401956340413999829e-15 4.896288384171790423e-14 6.571109282178694714e-15 -8.488742860151152768e-14
-1.481189603479817059e-13 1.222333167269271543e-13 -1.346677518575051513e-14 9.024780476650295715e-14 -4.017483937272385345e-14 -3.955827064485329914e-14 -1.076910850264401879e-13 -8.891751966560070078e-15 -7.270157155089519449e-15 2.150528781730193244e-14 3.169146746444792544e-14
-1.008062962709537781e-13 9.453479790782669898e-14 8.258663385558043674e-14 1.269711965978440304e-13 7.286489665537866684e-14 -2.454959382288999579e-14 6.967505437454328822e-14 -9.712079271523400818e-15 1.573434170890658089e-14 -7.720104219468901947e-15 1.314825852231271837e-14
-3.465946527868063186e-13 2.417010164355295140e-13 -1.921631927658794024e-12 4.497418864865093129e-13 4.194066369275490157e-13 1.881001056765785650e-12 1.010580173833571880e-11 7.752074255240157813e-12 1.746014865758470712e-11 -2.698610111173175250e-12 2.514942096164144371e-12
-4.027344146597525387e-13 -2.457726256500775693e-14 -1.812953430411273620e-12 8.922298520005109065e-13 -6.770424909923468860e-13 1.701664694682180977e-12 9.978603934074467129e-12 7.263281453441687851e-12 1.555788201669746571e-11 -2.704600899843379451e-12 7.697400601759253463e-13
-4.666760849071865674e-13 -3.398811545388257171e-13 -1.666424906156428310e-12 1.379292263957028128e-12 -1.927729202679808558e-12 1.544007834356080529e-12 9.698631648843835347e-12 6.387824174018871831e-12 1.287061362195069671e-11 -2.522384663017989817e-12 -1.462565422085430810e-12
-5.370067408086603366e-13 -6.786108214161376537e-13 -1.515804399200710862e-12 1.880062664858705002e-12 -3.215457516731223401e-12 1.429173771460315451e-12 9.345530566570849816e-12 5.218448973347939025e-12 9.720457250606504729e-12 -2.238330833298424021e-12 -3.579807154761351208e-12
-6.075698441191751056e-13 -1.003470073095382518e-12 -1.397540787938304317e-12 2.340404194545866698e-12 -4.331761961428423902e-12 1.367255878072226155e-12 8.943578031765515295e-12 3.901355114079670062e-12 6.290784637690629013e-12 -1.900927080282611658e-12 -5.288283022886225863e-12
-6.684104558242419368e-13 -1.266975767318189841e-12 -1.349818477777477946e-12 2.675910351905082026e-12 -4.970633018760444489e-12 1.363644291289467145e-12 8.432342420040731716e-12 2.653358064233514097e-12 3.005236499960659469e-12 -1.704053099769072990e-12 -6.047844609288325509e-12
-7.049766697116497532e-13 -1.403098237452072943e-12 -1.416239551669279733e-12 2.753561147032980378e-12 -4.681753144135027044e-12 1.438992251619687289e-12 7.610621929167456730e-12 1.559622276036043387e-12 6.541186111436327620e-13 -1.640276229132083003e-12 -5.932279799810893232e-12
-7.124872339772354251e-13 -1.385909161497059481e-12 -1.597841432331883380e-12 2.511930286713200529e-12 -3.343991104500439297e-12 1.605570080434896548e-12 6.445164725325175559e-12 4.407073838948723454e-13 -3.968975721516687585e-13 -1.587901900248432888e-12 -5.237160822274618751e-12
-7.032208510728303257e-13 -1.264037841529642562e-12 -1.818497281892222161e-12 2.112940751145172297e-12 -1.663530419611675539e-12 1.757252878174050795e-12 5.304702963905532431e-12 -4.061299442135722051e-13 -8.677714088646930272e-13 -1.437672006755837928e-12 -4.349934955455144921e-12
-6.836385879462761539e-13 -1.075675242485350701e-12 -1.991966864938150246e-12 1.672575645919779199e-12 -2.122853378481339420e-13 1.756871015705025732e-12 4.379574524213143104e-12 -5.948310075380865951e-13 -1.013348514098669784e-12 -1.351335867533561857e-12 -3.296094351645824090e-12
-6.570184291581254244e-13 -8.552272044243068547e-13 -2.055275586531010399e-12 1.262376925068561440e-12 6.479012444811836438e-13 1.555168663267081136e-12 3.710217117889372362e-12 -3.548735229316371974e-13 -1.032189511676300966e-12 -1.205337852551303256e-12 -2.353409096992744949e-12
-6.208655212415738230e-13 -6.252728562171048823e-13 -1.986156948699063755e-12 8.860941833298615430e-13 9.607382283911511083e-13 1.183218055889648308e-12 3.138639951397997450e-12 -1.398907572527652274e-13 -7.593230644571362799e-13 -9.523332228649158613e-13 -1.957779163459305434e-12
-5.723549532457223367e-13 -3.995080032883773995e-13 -1.792316852864045400e-12 5.500298237409586384e-13 8.884019249435154706e-13 7.400255168780288474e-13 2.521277153889488369e-12 1.283531574876199512e-13 -4.033687201226184742e-13 -6.949515098933469403e-13 -1.302804058495026527e-12
-5.113077117147367666e-13 -1.950795991123913891e-13 -1.503029064080233819e-12 2.652571623113906534e-13 6.321288863660108255e-13 3.251871317538673066e-13 1.778926008001794348e-12 3.708439934724959964e-13 -1.495951724122664331e-13 -4.282209875306169226e-13 -6.889052579965918916e-13
-4.405894926129434686e-13 -3.371222553339329855e-14 -1.152679941098653956e-12 7.296820533149621999e-14 2.744113121365073739e-13 2.801118209126547700e-14 9.735198224182131777e-13 5.163684901769870724e-13 2.805039626042755539e-14 -1.571253299003436720e-13 -3.062457815223786717e-13
-3.650282070024871576e-13 7.335423771822427902e-14 -7.934861893959668334e-13 -1.606018436842294378e-14 -4.437662459963180195e-14 -1.275302331904498946e-13 2.388108605318818200e-13 3.080823578849558860e-13 5.875640845261924072e-14 7.898720040067306758e-14 -1.566715743701590173e-14
-2.897147480580873882e-13 1.283752919649564698e-13 -4.682871124767503542e-13 -1.655377423574313459e-14 -2.126089239267115722e-13 -1.500848431494522561e-13 -1.888243169957146008e-13 6.940012727945956282e-14 6.857626500867565880e-14 8.207038515848867907e-14 -7.773849400709074728e-14
-2.196260382397717232e-13 1.424534623036418360e-13 -2.050349699559648373e-13 3.195411507173349773e-14 -1.828664358354058183e-13 -9.832674479586837720e-14 -2.449713294889350773e-13 7.744622998569008943e-15 6.075289791678685157e-14 -1.364754855355134306e-14 -7.580690254629972960e-14
-1.588422176622447224e-13 1.274908565862901513e-13 -1.869620900145644187e-14 8.589350399013869673e-14 -4.662129359296386091e-14 -3.409925192599770011e-14 -1.101195578919303278e-13 -1.320667147268036892e-14 -5.809725696061364844e-15 8.136487779275868496e-15 4.237173519339336899e-14
-1.086809951286145958e-13 1.000615649063004340e-13 8.496771260719519859e-14 1.261890765806754437e-13 7.236501642314018043e-14 -1.600833901231266910e-14 7.143557556577021250e-14 -9.646650584978181457e-15 1.287435870831579523e-14 -1.141456615666672536e-14 1.382601037461960569e-14
-3.507530728347273705e-13 2.658057398813276427e-13 -1.965596597084033327e-12 4.194741040651065935e-13 5.173622677220750381e-13 1.943677058105622761e-12 1.030209394772957788e-11 7.798687572699774675e-12 1.804922632252090429e-11 -2.648959635949262782e-12 2.869205156379607933e-12
-4.077356592500256068e-13 -3.230541197982705578e-15 -1.857474899282754601e-12 8.702372556176795593e-13 -5.962798373886079599e-13 1.755717805489674666e-12 1.019289947316989684e-11 7.342548925930992825e-12 1.617902360006083122e-11 -2.673523506202012929e-12 1.105372938053723147e-12
-4.728775581419266523e-13 -3.246115135806658116e-13 -1.708156539049540401e-12 1.370271822050952906e-12 -1.881214982157836848e-12 1.586887401792423072e-12 9.924502719934039298e-12 6.489069751530772235e-12 1.348400689320617281e-11 -2.506612984585032149e-12 -1.205886610899772947e-12
-5.450663749813353707e-13 -6.730860006630650567e-13 -1.551611448238625836e-12 1.889195360245099406e-12 -3.223277300645707395e-12 1.459986841893753510e-12 9.580402820284551770e-12 5.323855170523155482e-12 1.029131111533137253e-11 -2.230210741210492381e-12 -3.453643524331395554e-12
-6.184310600287921935e-13 -1.011628054428127926e-12 -1.424687963605604534e-12 2.373919634744346985e-12 -4.417712720269165581e-12 1.387332527679874091e-12 9.191866745696975184e-12 3.988917749222065154e-12 6.776466046484127215e-12 -1.887083608388762649e-12 -5.316732719151951070e-12
-6.830757499024445115e-13 -1.292724610005142095e-12 -1.366386677101495054e-12 2.741205707669729036e-12 -5.159515033002375636e-12 1.374656881811291258e-12 8.704345189086336335e-12 2.709325405875936751e-12 3.349028262322729828e-12 -1.675996939638170579e-12 -6.210530835619679802e-12
-7.235880054998355466e-13 -1.447174368914944055e-12 -1.423864023156652900e-12 2.853039319393106611e-12 -4.972840185355631349e-12 1.441190553162149878e-12 7.908192644475926680e-12 1.595159528491438861e-12 8.203067454632542267e-13 -1.612579144154337123e-12 -6.160398287602330183e-12
-7.331598874802864178e-13 -1.440427656963433396e-12 -1.605363085180090489e-12 2.624224602604007512e-12 -3.649059327179501176e-12 1.611242871587571146e-12 6.722363035829786413e-12 4.426153480219950987e-13 -3.304776426615930079e-13 -1.567545245289082420e-12 -5.472121887149269555e-12
-7.245784883597562651e-13 -1.321920381331891389e-12 -1.834691169545160684e-12 2.218532428006770856e-12 -1.903142452037288200e-12 1.781556640011187267e-12 5.527107398038400123e-12 -4.658583616105283656e-13 -8.314113013573453571e-13 -1.410695246509720616e-12 -4.557069126184816258e-12
-7.049795600772679987e-13 -1.132096628367848762e-12 -2.021822348240174161e-12 1.762958276877735338e-12 -3.536235378419995349e-13 1.803413072856174282e-12 4.542178592012370338e-12 -6.995297595764093021e-13 -9.900623786390394198e-13 -1.321094256070532717e-12 -3.458627185233898088e-12
-6.783060898242744547e-13 -9.068911226564197405e-13 -2.097901103679187895e-12 1.336255962457427153e-12 5.926297079128731501e-13 1.616608863299417419e-12 3.827936955950748839e-12 -4.525165146495835956e-13 -1.023761382263310449e-12 -1.187242734356213712e-12 -2.465369698210424889e-12
-6.421540711219637025e-13 -6.705170160408109796e-13 -2.037647457536661926e-12 9.445175384433056739e-13 9.627990249757740080e-13 1.247957363267361437e-12 3.228074907703324632e-12 -2.085442303491419064e-13 -7.639024388971648020e-13 -9.439595102816569660e-13 -2.038772831481619482e-12
-5.934302656413076140e-13 -4.370583709996595699e-13 -1.846791882396345228e-12 5.927202062556794357e-13 9.189454149918668677e-13 7.956440341726095805e-13 2.594684929043213216e-12 8.351709040095905326e-14 -3.999901919207511201e-13 -6.933978421563359000e-13 -1.363217694649774398e-12
-5.316892498034301003e-13 -2.231923336828650697e-13 -1.555500604000797497e-12 2.916917358069546370e-13 6.708086262648012226e-13 3.624373051881352407e-13 1.841649532969989066e-12 3.503468851005836436e-13 -1.384382899784189176e-13 -4.338088443821173335e-13 -7.353322353191768237e-13
-4.596336694221664698e-13 -5.173644166268736108e-14 -1.197929005852154961e-12 8.410194425135906030e-14 3.055992499524414583e-13 4.430420315059259249e-14 1.022568660954760972e-12 5.224841567686995846e-13 4.400342571891391246e-14 -1.685704607511281868e-13 -3.269659905839664870e-13
-3.821327512271526609e-13 6.452866179088881916e-14 -8.287134441872352103e-13 -1.603871088199007725e-14 -2.920370752999397729e-14 -1.268129851977967906e-13 2.688508161072066918e-13 3.221915189659477891e-13 6.785867627011536375e-14 7.018604123325872430e-14 -1.002043228211547467e-14
-3.044025494196615663e-13 1.266465697158147089e-13 -4.925091177943692898e-13 -2.192530013709932206e-14 -2.138179166903772261e-13 -1.553634758391071222e-13 -1.779210585702944954e-13 7.442084800060079520e-14 7.574610271144839462e-14 7.211757231882425144e-14 -6.669709427883848916e-14
-2.316347688318025987e-13 1.451263178627918476e-13 -2.187834616359965037e-13 2.618212982990234074e-14 -1.911243690293359950e-13 -9.943376414517726850e-14 -2.442942145399718547e-13 6.301391374769837381e-15 7.101982409432954164e-14 -3.125426841907971252e-14 -6.789944022820884508e-14
-1.681801964161315858e-13 1.320692033916571560e-13 -2.325008076624696425e-14 8.210171118744607354e-14 -5.223496570121951036e-14 -2.934545426436896771e-14 -1.122343095338956765e-13 -1.696417049510835046e-14 -4.537958825121798052e-15 -3.505269946630560770e-15 5.167227743431541392e-14
-1.155384050474229689e-13 1.048743590642523198e-13 8.704119306346492685e-14 1.255079940375312832e-13 7.192971289733790421e-14 -8.570481953749646814e-15 7.296866475466396601e-14 -9.589674050019283256e-15 1.038384113953370602e-14 -1.463176046729840389e-14 1.441620691991814284e-14
-3.545236713020037372e-13 2.876624143849417460e-13 -2.005461044011712005e-12 3.920291482975500269e-13 6.061823839595186602e-13 2.000507785206679981e-12 1.048007959994654313e-11 7.840953649960738116e-12 1.858336556717750853e-11 -2.603939651363087131e-12 3.190429020051989359e-12
-4.122704789580661890e-13 1.612534736099016056e-14 -1.897844217563086830e-12 8.502957274660386411e-13 -5.230492510020632235e-13 1.804729828004096049e-12 1.038720943287635866e-11 7.414423774247724857e-12 1.674223642573951836e-11 -2.645344444905197767e-12 1.409704102910494040e-12
-4.785006710570753031e-13 -3.107659462082887714e-13 -1.745996206369055507e-12 1.362092642403800728e-12 -1.839038759673440543e-12 1.625767945262212249e-12 1.012930865715561294e-11 6.580872988144694509e-12 1.404019402804640651e-11 -2.492312200593631304e-12 -9.731461174346587585e-13
-5.523743534731845604e-13 -6.680764344033066803e-13 -1.584079068824011984e-12 1.897476324343655618e-12 -3.230367797678434448e-12 1.487926231112174814e-12 9.793370474005441908e-12 5.419431000111036308e-12 1.080892614360509563e-11 -2.222847943128868734e-12 -3.339246136045418368e-12
-6.282793398119890436e-13 -1.019025208040731532e-12 -1.449303345856854875e-12 2.404309365946348579e-12 -4.495647559961085372e-12 1.405536793575687492e-12 9.416999616942676543e-12 4.068314138805210252e-12 7.216851952076003421e-12 -1.874531203009406637e-12 -5.342529146554433856e-12
-6.963733328271250477e-13 -1.316072070273480540e-12 -1.381409696964716173e-12 2.800411503567427061e-12 -5.330781578024372381e-12 1.384642418728845530e-12 8.950980500939972202e-12 2.760073134671910042e-12 3.660757399720380194e-12 -1.650557346345430298e-12 -6.358044658001813340e-12
-7.404636153381228426e-13 -1.487139882745932504e-12 -1.430777422982280522e-12 2.943239982241349789e-12 -5.236779936648739658e-12 1.443183837201872788e-12 8.178011390935515950e-12 1.627382514193889912e-12 9.709958818460323492e-13 -1.587465138037715179e-12 -6.367242043560526372e-12
-7.519045729149274582e-13 -1.489861661551035243e-12 -1.612183255409853659e-12 2.726046152883791813e-12 -3.925676350368488569e-12 1.616386608216882422e-12 6.973709343841771411e-12 4.443453720457478438e-13 -2.702521526960901063e-13 -1.549087087771180694e-12 -5.685170069425321821e-12
-7.439442747851241875e-13 -1.374404693561899375e-12 -1.849374786692312013e-12 2.314276439179643218e-12 -2.120407844525132066e-12 1.803593790203378670e-12 5.728770003061647513e-12 -5.200164016611609097e-13 -7.984422014558893107e-13 -1.386234386376527118e-12 -4.744885599466183227e-12
-7.243302355688947979e-13 -1.183256056468641945e-12 -2.048893456575772990e-12 1.844911664547894635e-12 -4.817802885208865385e-13 1.845614535797843288e-12 4.689617918144454288e-12 -7.944641216989755071e-13 -9.689479491345047835e-13 -1.293673030495146611e-12 -3.606001920607402440e-12
-6.976084257726754411e-13 -9.537367729185992001e-13 -2.136551290025704472e-12 1.403244910752672232e-12 5.425128921182664177e-13 1.672319042098266669e-12 3.934678034627842343e-12 -5.410531490827754490e-13 -1.016119275012734766e-12 -1.170835198708250989e-12 -2.566888656643444755e-12
-6.614572133557003673e-13 -7.115416258685648306e-13 -2.084335870845298797e-12 9.974922286048731990e-13 9.646676280229228753e-13 1.306658968861492091e-12 3.309169002495547315e-12 -2.707949597002786134e-13 -7.680547327991062774e-13 -9.363667448538453816e-13 -2.112212887417187421e-12
-6.125400572944511976e-13 -4.711067253146335008e-13 -1.896186474750614139e-12 6.314292085430048514e-13 9.466403653774462111e-13 8.460754706303691173e-13 2.661246565821685749e-12 4.286251384686964856e-14 -3.969267511966168699e-13 -6.919890721921469561e-13 -1.417997048731687490e-12
-5.501699697640200834e-13 -2.486832251399540223e-13 -1.603078555717220405e-12 3.156609744433244087e-13 7.058810255242722656e-13 3.962134618743850007e-13 1.898523351557469807e-12 3.317613731261354922e-13 -1.283219180344572656e-13 -4.388755678582227720e-13 -7.774293510042730738e-13
-4.769017527717136239e-13 -6.807968766939900129e-14 -1.238958063155929887e-12 9.419733108073673259e-14 3.338785457857872661e-13 5.907770838688049370e-14 1.067043118454090725e-12 5.280294655181395308e-13 5.846864756951393985e-14 -1.789481985496509336e-13 -3.457537964699292770e-13
-3.976420955426870957e-13 5.652617460744686667e-14 -8.606553431736792032e-13 -1.601924005035886263e-14 -1.544584341216447214e-14 -1.261626290126061887e-13 2.960891925451385270e-13 3.349848348432089817e-13 7.611205056829342743e-14 6.220569365948391123e-14 -4.900330655260072821e-15
-3.177205405670138437e-13 1.250790711437002203e-13 -5.144721362511717947e-13 -2.679586807775203598e-14 -2.149141566562634330e-13 -1.601498139495948172e-13 -1.680346572130690892e-13 7.897332746839448405e-14 8.224726872834606246e-14 6.309297632145153544e-14 -5.668543492316317849e-14
-2.425235440667052488e-13 1.475498982047507973e-13 -2.312497447778716763e-13 2.094845009069379194e-14 -1.986121528343049127e-13 -1.004375409192832032e-13 -2.436802485176274872e-13 4.992758072420744970e-15 8.032923866362322389e-14 -4.721895459865548934e-14 -6.072944176285778104e-14
-1.766472988315964704e-13 1.362205655125467269e-13 -2.737925043427546207e-14 7.866354765387240427e-14 -5.732509686667090715e-14 -2.503500413939592186e-14 -1.141518357130552369e-13 -2.037123854460904639e-14 -3.384799170952201112e-15 -1.406129685590647347e-14 6.010543473443714901e-14
-1.217562808446681482e-13 1.092383035655505447e-13 8.892129708087758061e-14 1.248904304484578793e-13 7.153500654300175795e-14 -1.826292535993022326e-15 7.435877534577617303e-14 -9.538011246752199227e-15 8.125593622734332813e-15 -1.754891357352710120e-14 1.495136069639115376e-14
-3.580885008230008204e-13 3.083263272479605113e-13 -2.043150009874971649e-12 3.660819176899148196e-13 6.901554120365841150e-13 2.054237148010253700e-12 1.064835222607470273e-11 7.880913184758874116e-12 1.908835578507421374e-11 -2.561376495904675373e-12 3.494123066646202643e-12
-4.165578246686353550e-13 3.442494706640745244e-14 -1.936010502951950559e-12 8.314424477134136266e-13 -4.538150015671909798e-13 1.851067168277469328e-12 1.057091551697181452e-11 7.482376271316555585e-12 1.727471362215768633e-11 -2.618703170457141397e-12 1.697427318485982402e-12
-4.838169196802841430e-13 -2.976759586561476247e-13 -1.781770888811003821e-12 1.354359816722791550e-12 -1.799164176575987040e-12 1.662526701193436335e-12 1.032293793263462992e-11 6.667666342169278965e-12 1.456602893923175116e-11 -2.478791838581825047e-12 -7.531067299145340063e-13
-5.592835212530626978e-13 -6.633402500468740612e-13 -1.614774867665137660e-12 1.905305380062345998e-12 -3.237071352524001114e-12 1.514340913060394982e-12 9.994716065069359294e-12 5.509791069230930102e-12 1.129829390372404925e-11 -2.215886947539068630e-12 -3.231091638115009042e-12
-6.375901796562855087e-13 -1.026018684503138933e-12 -1.472575418424862234e-12 2.433040669949992372e-12 -4.569329342606569926e-12 1.422747616998327529e-12 9.629846545701418860e-12 4.143377711676675747e-12 7.633205134230994705e-12 -1.862663807120641964e-12 -5.366917812485760887e-12
-7.089452405692347813e-13 -1.338145413845236283e-12 -1.395612881197130310e-12 2.856386323039425649e-12 -5.492701771575986855e-12 1.394083025351318694e-12 9.184156439865135431e-12 2.808051460366109059e-12 3.955474866029026221e-12 -1.626506041728814305e-12 -6.497508361678066927e-12
-7.564182900399814037e-13 -1.524924400067162627e-12 -1.437313545072513860e-12 3.028518217906321502e-12 -5.486315977584899520e-12 1.445068343889247530e-12 8.433105598873444311e-12 1.657847028361645599e-12 1.113461616140903831e-12 -1.563721652642736507e-12 -6.562797929836323779e-12
-7.696263240874724855e-13 -1.536597955491832794e-12 -1.618631235635395199e-12 2.822311101318652867e-12 -4.187197839509225478e-12 1.621249641117503133e-12 7.211339190519449738e-12 4.459809852828853965e-13 -2.133132860223067684e-13 -1.531636228240992965e-12 -5.886591794264780877e-12
-7.622532322470497604e-13 -1.424024833860384494e-12 -1.863257090104767327e-12 2.404795511732504676e-12 -2.325816637931062030e-12 1.824428329917338300e-12 5.919427483938852678e-12 -5.712189311213469115e-13 -7.672722901300562288e-13 -1.363108403494414320e-12 -4.922452559148603590e-12
-7.426249067294239927e-13 -1.231623614157432478e-12 -2.074487241462887009e-12 1.922392694984594520e-12 -6.029432736333528573e-13 1.885512982113059183e-12 4.829011190904618167e-12 -8.842177292650288059e-13 -9.489857755687320721e-13 -1.267748235121473165e-12 -3.745334127400212085e-12
-7.158573953724642351e-13 -9.980259640864706501e-13 -2.173092259899118049e-12 1.466578140639943610e-12 4.951310494202414395e-13 1.724989007105835207e-12 4.035594043193104171e-12 -6.247581655132313666e-13 -1.008894212614103430e-12 -1.155323054565632996e-12 -2.662867526250199614e-12
-6.797069452384513230e-13 -7.503274421992197542e-13 -2.128476405845403647e-12 1.047575985929220742e-12 9.664342577798543729e-13 1.362157112610745139e-12 3.385837633427331310e-12 -3.296485445003131289e-13 -7.719804279057451895e-13 -9.291883315940011603e-13 -2.181645175365026706e-12
-6.306069901150985422e-13 -5.032969940855413599e-13 -1.942885507281369465e-12 6.680257845806462909e-13 9.728239479735066024e-13 8.937547645930299130e-13 2.724175803483696806e-12 4.426537385097557657e-15 -3.940304884700950131e-13 -6.906571816071103858e-13 -1.469786985944600170e-12
-5.676421605667911911e-13 -2.727830285973010518e-13 -1.648060085243087173e-12 3.383221646663141838e-13 7.390394551074178417e-13 4.281463873720698166e-13 1.952293454256382572e-12 3.141901090595186051e-13 -1.187576163838343375e-13 -4.436657903052986416e-13 -8.172291444436707666e-13
-4.932274829213260711e-13 -8.353105064599097441e-14 -1.277748084281439216e-12 1.037417928277089860e-13 3.606145849202335321e-13 7.304499442953045314e-14 1.109090517511039921e-12 5.332721559043948538e-13 7.214447385662455405e-14 -1.887596028229238978e-13 -3.635163149066167547e-13
-4.123050644976665888e-13 4.896039886970020088e-14 -8.908541100399546970e-13 -1.600083178106152889e-14 -2.438772961107302207e-15 -1.255477640480805334e-13 3.218411172981504607e-13 3.470799943631298251e-13 8.391502202467199459e-14 5.466084932979075076e-14 -5.964303004141969952e-17
-3.303117427961330517e-13 1.235971140535514633e-13 -5.352365896800379359e-13 -3.140063956119483620e-14 -2.159505726649138446e-13 -1.646749521968075542e-13 -1.586877762037810480e-13 8.327736919429498938e-14 8.839365335143056091e-14 5.456087025562181033e-14 -4.722013148424839593e-14
-2.528180974630616393e-13 1.498412190147827582e-13 -2.430357183758564193e-13 1.600038253509667906e-14 -2.056913135805878328e-13 -1.013865396283808068e-13 -2.430997878392133423e-13 3.755539459838238137e-15 8.913062019966874460e-14 -6.231241650042734053e-14 -5.395072419903193712e-14
-1.846523348472676841e-13 1.401453796558240637e-13 -3.128308320499189338e-14 7.541301146096927776e-14 -6.213744957999249878e-14 -2.095978374492804334e-14 -1.159647187281516986e-13 -2.359237619998932995e-14 -2.294569704121129852e-15 -2.404126064462523464e-14 6.807837808063113962e-14
-1.276348349535257192e-13 1.133640990498673779e-13 9.069880013388206114e-14 1.243065685235980216e-13 7.116184009320117060e-14 4.549853219227230061e-15 7.567302487539973461e-14 -9.489167784604065912e-15 5.990583108630514436e-15 -2.030687190619248457e-14 1.545731008085430747e-14
-3.616984138349139641e-13 3.292515714770323044e-13 -2.081315618611828886e-12 3.398065388580419092e-13 7.751904261512830373e-13 2.108646012608893831e-12 1.081875295368248390e-11 7.921378077341559309e-12 1.959973248785685569e-11 -2.518275054576388067e-12 3.801657856475288328e-12
-4.208993913493702064e-13 5.295597727429490823e-14 -1.974659467763826111e-12 8.123507351431305865e-13 -3.837051636978758911e-13 1.897990525287830554e-12 1.075694488567358319e-11 7.551188146236665871e-12 1.781392492460052438e-11 -2.591724970262132232e-12 1.988789298094266796e-12
-4.892004015492630455e-13 -2.844204252526792987e-13 -1.817998004675842365e-12 1.346529195815786299e-12 -1.758785309376216577e-12 1.699750335888877839e-12 1.051901598888662194e-11 6.755557349775259338e-12 1.509851395329213190e-11 -2.465100487703556654e-12 -5.302845586857827989e-13
-5.662800675274483861e-13 -6.585441682934119754e-13 -1.645858868558856423e-12 1.913233447776311816e-12 -3.243859685340341376e-12 1.541089654843202313e-12 1.019860802325487950e-11 5.601293899372754036e-12 1.179385057589351602e-11 -2.208837917825014082e-12 -3.121569336791663610e-12
-6.470187713413326961e-13 -1.033100605658537243e-12 -1.496141807027737342e-12 2.462135331468894870e-12 -4.643942960187718980e-12 1.440176101342759702e-12 9.845385296178380767e-12 4.219390594671287752e-12 8.054823831416183931e-12 -1.850646327097070363e-12 -5.391614915489651961e-12
-7.216761420651511371e-13 -1.360497913432214895e-12 -1.409995689484758472e-12 2.913069041989649271e-12 -5.656669729325738399e-12 1.403643024892184594e-12 9.420281296497900521e-12 2.856636555871092779e-12 4.253919550853106601e-12 -1.602150566075886759e-12 -6.638735827842433768e-12
-7.725747395081823979e-13 -1.563186768713746305e-12 -1.443932327779378978e-12 3.114874946083830989e-12 -5.739007838641328868e-12 1.446976683364366605e-12 8.691425919484965040e-12 1.688696819580630139e-12 1.257729079210213209e-12 -1.539677889161408569e-12 -6.760826962515410928e-12
-7.875721978038702121e-13 -1.583925311658883552e-12 -1.625160761756602070e-12 2.919793488515570609e-12 -4.452026725854820977e-12 1.626174175476937592e-12 7.451974282503713034e-12 4.476372836837744238e-13 -1.556543275866967648e-13 -1.513964671903180398e-12 -6.090560849320576076e-12
-7.807937385058448443e-13 -1.474272507683602523e-12 -1.877314959439759942e-12 2.496459356407620194e-12 -2.533823185308687914e-12 1.845526358766980377e-12 6.112496162340462247e-12 -6.230690062508489118e-13 -7.357081806013125464e-13 -1.339689951934522503e-12 -5.102265163858062406e-12
-7.611509460128918924e-13 -1.280602864282380605e-12 -2.100404704463119742e-12 2.000853608687984562e-12 -7.256385769664008851e-13 1.925916014064329055e-12 4.970167335522361499e-12 -9.751064284126406783e-13 -9.287711452727619025e-13 -1.241495575190608163e-12 -3.886428433838561696e-12
-7.343371551207464506e-13 -1.042875269615541306e-12 -2.210095354215949938e-12 1.530712330096440272e-12 4.471499802587007332e-13 1.778325075994936659e-12 4.137786311240940810e-12 -7.095217785098687076e-13 -1.001577776571203509e-12 -1.139614732096817804e-12 -2.760060216665142339e-12
-6.981874769126220506e-13 -7.896037730899417643e-13 -2.173175175109917558e-12 1.098293140054348829e-12 9.682232295980412898e-13 1.418357127542652212e-12 3.463475873308173857e-12 -3.892464359877375855e-13 -7.759557702530103350e-13 -9.219191346538856588e-13 -2.251955556111168244e-12
-6.489024109161425641e-13 -5.358943651774073879e-13 -1.990175130774084103e-12 7.050851884043904570e-13 9.993386677853445342e-13 9.420370467146298583e-13 2.787900891437214090e-12 -3.449552935132075193e-14 -3.910975973979808485e-13 -6.893084468830071833e-13 -1.522231897561421222e-12
-5.853353177993741231e-13 -2.971876162807859076e-13 -1.693610484916408964e-12 3.612699453256003954e-13 7.726172310851555971e-13 4.604831606393538250e-13 2.006743573989795613e-12 2.963966255463807137e-13 -1.090723573701297322e-13 -4.485165934786371941e-13 -8.575322759527491770e-13
-5.097596805020339053e-13 -9.917782317727487430e-14 -1.317028673107096058e-12 1.134069610111254672e-13 3.876887480943638042e-13 8.718892127411178812e-14 1.151669679531860945e-12 5.385811492600148169e-13 8.599325492577790354e-14 -1.986950894835159425e-13 -3.815034714889391722e-13
-4.271534723604109671e-13 4.129894063667908452e-14 -9.214347931687446499e-13 -1.598219070579565235e-14 1.073279468844903847e-14 -1.249251230298741041e-13 3.479187202426315759e-13 3.593281183453954068e-13 9.181667572250198205e-14 4.702058721887103554e-14 4.842263571835402502e-15
-3.430621828181130063e-13 1.220964150104894269e-13 -5.562636459709759842e-13 -3.606364644686649109e-14 -2.170000959549936725e-13 -1.692573187351053164e-13 -1.492226874942097667e-13 8.763584306406985962e-14 9.461776977219461817e-14 4.592086075360936636e-14 -3.763512269429233455e-14
-2.632428435087525249e-13 1.521615175810956962e-13 -2.549707462457477945e-13 1.098973799355994678e-14 -2.128600027050283169e-13 -1.023475400820068386e-13 -2.425119862012943082e-13 2.502674049677626626e-15 9.804331062210742447e-14 -7.759676167244340162e-14 -4.708627786900847835e-14
-1.927586085578018565e-13 1.441198299416566438e-13 -3.523628677966451273e-14 7.212136653666040128e-14 -6.701066292182120571e-14 -1.683302504602709672e-14 -1.178005288176335213e-13 -2.685425078386818767e-14 -1.190552375135306562e-15 -3.414743856192148730e-14 7.615215326159687191e-14
-1.335877336712528133e-13 1.175420724398549594e-13 9.249878282139556291e-14 1.237153226328890673e-13 7.078395429477727418e-14 1.100663651023816495e-14 7.700389538802361395e-14 -9.439706610659196951e-15 3.828571644924914945e-15 -2.309970945338960683e-14 1.596965808089764679e-14
-3.664867801971754784e-13 3.570078456245906696e-13 -2.131940361115008151e-12 3.049535828168366664e-13 8.879850553314791491e-13 2.180816609381360317e-12 1.104478086853119176e-11 7.975052703496744455e-12 2.027804772345374085e-11 -2.461103180990219347e-12 4.209587142329353857e-12
-4.266582591617385870e-13 7.753644805646445390e-14 -2.025925357556763187e-12 7.870265477237894496e-13 -2.907080231497846314e-13 1.960231976248205395e-12 1.100370339946753923e-11 7.642463605308128850e-12 1.852916134338730670e-11 -2.555939757469484117e-12 2.375266172303875121e-12
-4.963413169664865558e-13 -2.668376331730858698e-13 -1.866051434785251524e-12 1.336142274811640211e-12 -1.705224792118154424e-12 1.749125597626383345e-12 1.077910357654526631e-11 6.872140309671554867e-12 1.580482829189286910e-11 -2.446939606053000603e-12 -2.347222608463680378e-13
-5.755606309903456470e-13 -6.521824093763838829e-13 -1.687090217754709225e-12 1.923749627216308013e-12 -3.252864064380208046e-12 1.576570502919461171e-12 1.046906035512099199e-11 5.722667758439929175e-12 1.245118134358213164e-11 -2.199487737842321364e-12 -2.976293564565581536e-12
-6.595253195751085631e-13 -1.042494414594302420e-12 -1.527401425169169087e-12 2.500727923029232095e-12 -4.742914136167208871e-12 1.463294101093904215e-12 1.013128650670383937e-11 4.320217825159248322e-12 8.614079628773982637e-12 -1.834705750070181847e-12 -5.424374369134297426e-12
-7.385630366142770446e-13 -1.390147369413494559e-12 -1.429073754569581208e-12 2.988255791156220322e-12 -5.874164901217354685e-12 1.416323879019595716e-12 9.733488931688178682e-12 2.921082218635730509e-12 4.649791273959696434e-12 -1.569844264225325830e-12 -6.826066892159581530e-12
-7.940054495358039159e-13 -1.613939858295222245e-12 -1.452711807100631273e-12 3.229422761999414936e-12 -6.074190763899164724e-12 1.449507998881445831e-12 9.034074710771636392e-12 1.729617501536024744e-12 1.449092544814857201e-12 -1.507785057652819109e-12 -7.023502421128938821e-12
-8.113764882513402208e-13 -1.646702646972075435e-12 -1.633821846759203555e-12 3.049098926276236074e-12 -4.803308798905502090e-12 1.632706320390425890e-12 7.771164515796701632e-12 4.498342794543600828e-13 -7.917264648990373394e-14 -1.490524249661305510e-12 -6.361115446047162810e-12
-8.053867788318233317e-13 -1.540923496101178960e-12 -1.895962009528107557e-12 2.618046792886264814e-12 -2.809733310385055358e-12 1.873511823031560966e-12 6.368591962805297450e-12 -6.918454985991428268e-13 -6.938399918154765753e-13 -1.308626564946756917e-12 -5.340777455489496823e-12
-7.857247966293971824e-13 -1.345571353048599252e-12 -2.134782903468504801e-12 2.104928027495532892e-12 -8.883876678300916343e-13 1.979508584863944930e-12 5.157403795375308712e-12 -1.095665673613686130e-12 -9.019574645047422655e-13 -1.206672754674385847e-12 -4.073582868423056798e-12
-7.588496182817699560e-13 -1.102365596532102596e-12 -2.259178080368900758e-12 1.615783076508095019e-12 3.835055279673539277e-13 1.849072663692551538e-12 4.273339166910434903e-12 -8.219564078741957989e-13 -9.918728956639690611e-13 -1.118778439896021451e-12 -2.888981386341851488e-12
-7.227009639919932949e-13 -8.417018320649585798e-13 -2.232465823381269430e-12 1.165566870235221228e-12 9.705962099494176202e-13 1.492903594246853310e-12 3.566459057142970746e-12 -4.683000133756048490e-13 -7.812288600996600395e-13 -9.122769140143488513e-13 -2.345218706753863093e-12
-6.731703578171654146e-13 -5.791331230445980067e-13 -2.052902415634678526e-12 7.542426061699582751e-13 1.034509097563981053e-12 1.006081042788179473e-12 2.872428985549568226e-12 -8.612367486617124090e-14 -3.872072663124603557e-13 -6.875194187851554289e-13 -1.591797410365938909e-12
-6.088043926490359361e-13 -3.295590628774763048e-13 -1.754030777660629058e-12 3.917090113683673331e-13 8.171564462737973077e-13 5.033762487178341824e-13 2.078968893587049805e-12 2.727944730311314685e-13 -9.622535300068767946e-14 -4.549509376461620984e-13 -9.109923338279944812e-13
-5.316888013091092885e-13 -1.199324725835022455e-13 -1.369132380048049019e-12 1.262273159275551159e-13 4.236012510545262330e-13 1.059501221734356604e-13 1.208148776342875780e-12 5.456232594491115407e-13 1.043629599384913478e-13 -2.118740081400733940e-13 -4.053625215371621441e-13
-4.468491315850868703e-13 3.113640525341720255e-14 -9.619985168600042743e-13 -1.595746426680463961e-14 2.820421047615857707e-14 -1.240992213371727864e-13 3.825093366497083873e-13 3.755746330113075214e-13 1.022978182035480803e-13 3.688616741555091923e-14 1.134439381840626415e-14
-3.599749942075882822e-13 1.201058139253073063e-13 -5.841549686629194804e-13 -4.224888834921661970e-14 -2.183922353295201240e-13 -1.753355953185707907e-13 -1.366677278578102754e-13 9.341713738453446292e-14 1.028737442210792429e-13 3.446032679184088442e-14 -2.492109515185117521e-14
-2.770707399058115658e-13 1.552392758404027932e-13 -2.708019548074480396e-13 4.343372392527709700e-15 -2.223689048980670336e-13 -1.036222584013442963e-13 -2.417322971848517742e-13 8.408116891838193043e-16 1.098655419893449986e-13 -9.787066958485149430e-14 -3.798093831319531832e-14
-2.035111691033314824e-13 1.493917364777048797e-13 -4.048001062553392504e-14 6.775516666057722125e-14 -7.347473301823441385e-14 -1.135908914208701821e-14 -1.202356377071134052e-13 -3.118096182059821511e-14 2.738705625154326322e-16 -4.755277049632094810e-14 8.686160615083946603e-14
-1.414839516088163366e-13 1.230839420394288344e-13 9.488636847955466349e-14 1.229310649828699964e-13 7.028270797203719986e-14 1.957123174552955956e-14 7.876922756133874929e-14 -9.374098875013341235e-15 9.607732005070019353e-16 -2.680426667299372734e-14 1.664926169278153852e-14
-3.479205375909588714e-13 2.506676374404299506e-13 -1.934681789422622414e-12 4.335328417644305860e-13 4.628713569845800059e-13 1.910836196103099418e-12 1.016186221541186695e-11 7.713445489671346518e-12 1.766919976822921301e-11 -2.640590755556032213e-12 2.704785986992982648e-12
-4.043084402440091415e-13 -1.563817258961618385e-14 -1.827065393838063409e-12 8.772724759751614994e-13 -6.343829402342773705e-13 1.730049275475173327e-12 1.004426079232348191e-11 7.235423359257819346e-12 1.579410854593251019e-11 -2.649137206248423148e-12 9.773627378194251565e-13
-4.685511128648627784e-13 -3.321029203036203172e-13 -1.680646799432710492e-12 1.367918925805707720e-12 -1.892305310273194008e-12 1.568065565240607763e-12 9.772347084126131009e-12 6.376766008858209944e-12 1.312037710057038003e-11 -2.475584026815182565e-12 -1.263479825470494803e-12
-5.393392847682277418e-13 -6.733118423066709464e-13 -1.528911195081904854e-12 1.874304352896498413e-12 -3.194723647698007276e-12 1.447374844436180539e-12 9.424851837720181528e-12 5.221665996547325118e-12 9.969540044995909468e-12 -2.201313612401413342e-12 -3.421927895824102815e-12
-6.106695440560939863e-13 -1.002165722651531364e-12 -1.408297883637227653e-12 2.342545847062526929e-12 -4.334977429509274439e-12 1.378536762240555336e-12 9.028299191297126706e-12 3.912724187125201866e-12 6.530298984116471800e-12 -1.872227935312510784e-12 -5.201988223777826424e-12
-6.728051868725035202e-13 -1.271594711109307574e-12 -1.356650038664926879e-12 2.688964499547876787e-12 -5.011359298617002649e-12 1.369460329027959516e-12 8.526565339356156360e-12 2.657938286925307891e-12 3.213073651117933231e-12 -1.672690619261060261e-12 -6.045883979773521945e-12
-7.113838232258199979e-13 -1.416405459154934135e-12 -1.417426943097644699e-12 2.784204107716341960e-12 -4.783797964079605492e-12 1.437917415888952827e-12 7.727034595292844182e-12 1.556688369252740799e-12 7.907898356327817500e-13 -1.604860975879760549e-12 -6.001355015116483890e-12
-7.207997049870418700e-13 -1.407782681136122734e-12 -1.594548147691119845e-12 2.560812519784451466e-12 -3.503795802206178009e-12 1.597238276732396085e-12 6.582276115106086518e-12 4.426457011621337587e-13 -3.488542495865444464e-13 -1.561713039019540230e-12 -5.337384758324408369e-12
-7.121886016031023988e-13 -1.289368582440349431e-12 -1.816060417947520380e-12 2.164677962658650713e-12 -1.819854952123937477e-12 1.751953873686903928e-12 5.428128510770111050e-12 -4.197857568657795168e-13 -8.458876208169620671e-13 -1.416034710494757553e-12 -4.449240025948871227e-12
-6.927886229716607804e-13 -1.102273676216359002e-12 -1.994429960279328222e-12 1.720292185959438899e-12 -3.314663367408877149e-13 1.762326391948441987e-12 4.475270741546432852e-12 -6.378983944690161652e-13 -9.998214501877965591e-13 -1.325010410406803164e-12 -3.381510736429388594e-12
-6.660070095554153383e-13 -8.806827388322687921e-13 -2.064055677662981481e-12 1.302151487203738792e-12 5.773322487023952613e-13 1.571483398543029220e-12 3.776723374174733874e-12 -4.154749360137471477e-13 -1.016084102569727846e-12 -1.180045401291354927e-12 -2.414408934418780694e-12
-6.297720124924950949e-13 -6.484728790919512229e-13 -2.000590518064972635e-12 9.183427121271712130e-13 9.320173217573400908e-13 1.207767289415931912e-12 3.180811622662716950e-12 -1.828509486050679055e-13 -7.543557911885859820e-13 -9.380460359410238079e-13 -1.995308985261701091e-12
-5.812767812557253206e-13 -4.203390140117515208e-13 -1.809901582488964386e-12 5.756295755881438927e-13 8.846695128329596109e-13 7.667905763116405023e-13 2.547918015519489516e-12 9.909122775150910858e-14 -3.987729213912753363e-13 -6.852837387719363226e-13 -1.324497436792963934e-12
-5.201338809514414616e-13 -2.127199714035616378e-13 -1.521495367569019418e-12 2.836384942285277002e-13 6.425254168501837026e-13 3.486588643767271045e-13 1.796089306190952186e-12 3.529534513643314751e-13 -1.370600150380508910e-13 -4.237529524248482329e-13 -7.072128183398118012e-13
-4.491245842823433310e-13 -4.726470746305334617e-14 -1.169730924403857065e-12 8.369917832878480129e-14 2.888743670727483867e-13 4.182578800827314201e-14 9.858077405688880590e-13 5.092571200746004493e-13 3.764069124367457686e-14 -1.559769738792045542e-13 -3.148916488568813547e-13
-3.730073729146172853e-13 6.435609702076130954e-14 -8.071800425287953810e-13 -1.230619107219997322e-14 -3.287715961042929143e-14 -1.232363512329508978e-13 2.463240835771659618e-13 3.115321797008009597e-13 6.636391747310251802e-14 7.625472112539772603e-14 -1.683651495994542997e-14
-2.968642203860779498e-13 1.237175575747774409e-13 -4.778134436952819111e-13 -1.787215819262456708e-14 -2.083746285268831263e-13 -1.534866833331512912e-13 -1.839763421851825397e-13 6.939637754379084133e-14 6.822575382797005818e-14 8.008536219426693579e-14 -7.345998127105020298e-14
-2.257477750681841135e-13 1.411692921537901066e-13 -2.104756118466751872e-13 2.853566691885292826e-14 -1.842405027300676230e-13 -1.010748633815847493e-13 -2.424238495567356414e-13 4.844061642276538749e-15 6.325190301600066141e-14 -2.038795551131081476e-14 -7.199770054021643495e-14
-1.638273585643483181e-13 1.282534729134896340e-13 -2.043762676936780898e-14 8.232287015269797262e-14 -4.878980985767191283e-14 -3.212780046272491436e-14 -1.097083747845952594e-13 -1.607803115740659183e-14 -3.613067789705700215e-15 4.448118754592788043e-15 4.845411314909667597e-14
-1.125300691186338078e-13 1.017807444302611347e-13 8.608693863421965447e-14 1.239394312984760199e-13 7.181018714312513871e-14 -1.105765922264999287e-14 7.169525568284624384e-14 -9.705025534841409637e-15 1.102009146802626459e-14 -1.254570085271005923e-14 1.325584089112187804e-14
-3.531341806343410631e-13 2.819918938055454767e-13 -1.988790902557471368e-12 3.895983454696895397e-13 5.966671554943234518e-13 1.998465396313444868e-12 1.040172986050278601e-11 7.722215056782038653e-12 1.842632418707162806e-11 -2.539210243537954170e-12 3.219774892265088742e-12
-4.105631922209696586e-13 1.299905935029741513e-14 -1.882626747742496647e-12 8.423548251179787541e-13 -5.177962856219432197e-13 1.808280778941219854e-12 1.031006398031310070e-11 7.284265320381896429e-12 1.660662420314160064e-11 -2.566990850970125578e-12 1.491508948610535462e-12
-4.762393412210382799e-13 -3.103772535068006667e-13 -1.733610630274632972e-12 1.348730563855278657e-12 -1.815239576931313860e-12 1.631676545769054973e-12 1.005671639398530312e-11 6.461722080355576880e-12 1.393801671750012842e-11 -2.415652022248130519e-12 -8.319362699395860429e-13
-5.492362715036117164e-13 -6.632239200389698563e-13 -1.575167304278675626e-12 1.877710821706378599e-12 -3.183312760700921015e-12 1.494091019767464395e-12 9.723162005159982837e-12 5.323604834534170188e-12 1.074564947255534854e-11 -2.157451516729315428e-12 -3.152353087527919928e-12
-6.239601797232494613e-13 -1.008879375661715492e-12 -1.444112183360878328e-12 2.376649454062086545e-12 -4.420526761381799735e-12 1.408580319150329995e-12 9.344567995224906541e-12 4.005392872865524047e-12 7.215603433571451928e-12 -1.830698306545594987e-12 -5.145642203206404421e-12
-6.909194601853246258e-13 -1.300587944103508276e-12 -1.378793506639331891e-12 2.763585006343756647e-12 -5.229741545996684513e-12 1.385614598320130693e-12 8.874235357542112970e-12 2.715283911257822667e-12 3.733464650306493424e-12 -1.616126976480031469e-12 -6.194772780369516783e-12
-7.350771893344898263e-13 -1.470735960323595461e-12 -1.425973862176004542e-12 2.907122025619045526e-12 -5.154238852000422211e-12 1.439502356811263475e-12 8.118236760052422347e-12 1.586890921918969964e-12 1.079139230173824639e-12 -1.544808869892592205e-12 -6.279966674011442475e-12
-7.482691319192008333e-13 -1.480124599931360153e-12 -1.598757866446817898e-12 2.713114071736721459e-12 -3.942351785017434567e-12 1.595343927073565888e-12 6.974066460486283695e-12 4.443633191896066957e-13 -2.385331036876925586e-13 -1.516419364045287637e-12 -5.653300152711822619e-12
-7.409525032804683733e-13 -1.368241783521260300e-12 -1.829270919124858488e-12 2.313742612079722463e-12 -2.194474319295865198e-12 1.770179938290549800e-12 5.756080903389349094e-12 -4.893103499690417783e-13 -7.910276590648470287e-13 -1.369808918403573870e-12 -4.739342406803988316e-12
-7.217319568935294658e-13 -1.180956293413132442e-12 -2.025063170496281941e-12 1.851316065948881885e-12 -5.793424061447459208e-13 1.811341421502407991e-12 4.721226416573452559e-12 -7.766674187656174626e-13 -9.651164204699693945e-13 -1.271859422171388915e-12 -3.616907194785787626e-12
-6.947467431371954627e-13 -9.537740885656305914e-13 -2.112807611460184287e-12 1.410050766539753485e-12 4.569598487509604233e-13 1.644867025548274472e-12 3.952515015236983686e-12 -5.644789913827169866e-13 -9.938193532920713293e-13 -1.139042779866383261e-12 -2.579515292917674760e-12
-6.584312067536717513e-13 -7.133614719142755726e-13 -2.063011670199302490e-12 1.004415348501454901e-12 9.054056656466766338e-13 1.291925490698983441e-12 3.306834880632914526e-12 -2.890156687440501341e-13 -7.540426518634930231e-13 -9.165821249923489155e-13 -2.108122189936383914e-12
-6.097342029026536806e-13 -4.756208058842479435e-13 -1.878174888740843476e-12 6.404208346910568955e-13 9.090655883590752916e-13 8.444439522155941252e-13 2.643786732223778098e-12 2.915431610727999646e-14 -3.915842779988915894e-13 -6.749271708828979466e-13 -1.402557086260414082e-12
-5.478272940777722888e-13 -2.560256399491788269e-13 -1.588663917856712246e-12 3.261515911252519027e-13 6.882211527317863157e-13 4.059129813905264836e-13 1.872355964916624318e-12 3.172272539700500987e-13 -1.151878715574209526e-13 -4.250976782419958712e-13 -7.679055308949687211e-13
-4.752663937667105142e-13 -7.717442205878981467e-14 -1.228750685826788693e-12 1.045437714804342629e-13 3.316029914727796821e-13 7.042782952374396748e-14 1.044094930990796681e-12 5.085121121566099121e-13 6.171867045708126891e-14 -1.658616011489659896e-13 -3.426465096276996518e-13
-3.967789260662521038e-13 4.741878506023995497e-14 -8.534897070072719999e-13 -8.561924448359271165e-15 -7.937792608796198530e-15 -1.183213252623612806e-13 2.815862569870404677e-13 3.281941084314005697e-13 8.222302040267157627e-14 6.536349816898060706e-14 -1.257183231342328575e-14
-3.175588587156517890e-13 1.175660662385152747e-13 -5.097388680014376542e-13 -2.402833013171815057e-14 -2.055413608344352633e-13 -1.614716468255238397e-13 -1.695578262656180361e-13 7.436806328689440247e-14 7.482090700538698374e-14 6.881676653984613628e-14 -5.899365057134553199e-14
-2.429314206515616742e-13 1.423875826982806707e-13 -2.285574428678866745e-13 1.992176668102816589e-14 -1.933528847179993248e-13 -1.049137389388642329e-13 -2.396220735130206490e-13 8.203241766930208562e-16 7.509145852729574645e-14 -4.317392261500128938e-14 -6.124969953504761149e-14
-1.774064206294671661e-13 1.332364830372658185e-13 -2.630739047279057496e-14 7.539446442625004596e-14 -5.613701453871029349e-14 -2.597330164214886414e-14 -1.113704715257532572e-13 -2.230254087529549581e-14 -3.349948923693341179e-16 -9.932133757377339668e-15 6.271985552947824338e-14
-1.226851251089527913e-13 1.079176585596650318e-13 8.919566937972099075e-14 1.211697953858629895e-13 7.087970694723238005e-14 5.703992712463277465e-16 7.345617587723153757e-14 -9.503620134910572728e-15 6.938919776881282186e-15 -1.644979431394218982e-14 1.325316354291919431e-14
-3.576747532552214192e-13 3.092723514191470839e-13 -2.035907991367305245e-12 3.513226413126355069e-13 7.132078900993612957e-13 2.074803463793808205e-12 1.061060846661084175e-11 7.729715722890129093e-12 1.908571971167383501e-11 -2.450812669815519964e-12 3.668465365055337988e-12
-4.160105453391458011e-13 3.794076379399637265e-14 -1.931008178430287329e-12 8.119255888502954401e-13 -4.162307780676327520e-13 1.876445572148478224e-12 1.054153135906192536e-11 7.326619459705830974e-12 1.731428374463145137e-11 -2.495299728874740901e-12 1.939549216290165902e-12
-4.829350783389085290e-13 -2.914534145132610655e-13 -1.779731025311707864e-12 1.331997201599508587e-12 -1.748083067439455017e-12 1.687111126241345574e-12 1.030436327931583444e-11 6.535526761862272698e-12 1.465017806329538725e-11 -2.363293811878873693e-12 -4.557575383970756183e-13
-5.578554503819578237e-13 -6.544339968535113324e-13 -1.615447795649339252e-12 1.880654639183948603e-12 -3.173327585487120593e-12 1.534810430542204458e-12 9.982961869932006939e-12 5.412222512425950746e-12 1.142167291823994542e-11 -2.119092888456121088e-12 -2.917184854150912138e-12
-6.355345476324769322e-13 -1.014720679577556853e-12 -1.475301013145538498e-12 2.406328192930643145e-12 -4.494978801574819016e-12 1.434773230656016467e-12 9.620015580733781654e-12 4.085977838754272267e-12 7.812570062762487810e-12 -1.794394996126656755e-12 -5.096177777624584437e-12
-7.066942299805969491e-13 -1.325831229045364062e-12 -1.398078730050475739e-12 2.828550890909466633e-12 -5.419871403690223973e-12 1.399698723020407003e-12 9.177031836883283918e-12 2.765162152388601484e-12 4.186860151910820213e-12 -1.566775673776174815e-12 -6.324101328104398782e-12
-7.557103723147012544e-13 -1.518043360713425974e-12 -1.433418217878227311e-12 3.014142673010347342e-12 -5.476778454087341672e-12 1.440895130307640410e-12 8.458930687075736497e-12 1.613119506376016215e-12 1.330542520716504921e-12 -1.492415826904909133e-12 -6.522418913688068617e-12
-7.721945075787890557e-13 -1.543130586025439532e-12 -1.602412716551670980e-12 2.845758477476273116e-12 -4.324357457741420285e-12 1.593685866614623642e-12 7.315355068458103212e-12 4.457859843937938384e-13 -1.422748062007598893e-13 -1.476863591040418931e-12 -5.928395635203969539e-12
-7.660081698613316302e-13 -1.436948043512645746e-12 -1.840754326783008692e-12 2.443607541297810877e-12 -2.520942390870868559e-12 1.786013880075013163e-12 6.041850482713589691e-12 -5.498350908585991584e-13 -7.432301181174374792e-13 -1.329499156517349436e-12 -4.992066787950222044e-12
-7.469451872332100304e-13 -1.249501421913511346e-12 -2.051712999082746430e-12 1.965480241847736785e-12 -7.954873574817704472e-13 1.853977939477356436e-12 4.935601897286144385e-12 -8.974947400274311302e-13 -9.348741327539977185e-13 -1.225533804260828441e-12 -3.822019291515834140e-12
-7.197825603269482183e-13 -1.017452925411311262e-12 -2.155243470556482684e-12 1.504073957285536356e-12 3.519033441565412034e-13 1.708743169643465991e-12 4.105746769448111257e-12 -6.942800008857297389e-13 -9.744326754193418452e-13 -1.103280578785441671e-12 -2.723413705243091704e-12
-6.833965848384572645e-13 -7.698978978143611052e-13 -2.117356731618953359e-12 1.079422145133355051e-12 8.820611233439949381e-13 1.365201200408062943e-12 3.416684380729521482e-12 -3.815594059562551614e-13 -7.537470742429479072e-13 -8.978440955712235875e-13 -2.206428247295268152e-12
-6.345234307172097242e-13 -5.237887918527455921e-13 -1.937625089447135589e-12 6.968862485894877505e-13 9.302127435620208836e-13 9.120754017217072346e-13 2.727327986291511644e-12 -3.178501917953373910e-14 -3.853293806316814634e-13 -6.658887437405477902e-13 -1.470552842068483032e-12
-5.719510173010548061e-13 -2.937636961619776991e-13 -1.647156658458925150e-12 3.632093874675075884e-13 7.279651131295448114e-13 4.557957927111406495e-13 1.938788227097802176e-12 2.861056209592022892e-13 -9.615065723579222938e-14 -4.262555594151179614e-13 -8.207544080016413109e-13
-4.980390325410688037e-13 -1.032457545267806344e-13 -1.280151466706062750e-12 1.227257810770702908e-13 3.687984692324625114e-13 9.536773961166132518e-14 1.094848466037390276e-12 5.078488516523700589e-13 8.271048746257679123e-14 -1.744648086541875444e-13 -3.668235676381135407e-13
-4.174875792040173118e-13 3.264649912237399568e-14 -8.938213597147220267e-13 -5.281156560630322582e-15 1.378521347145143069e-14 -1.140203587451367323e-13 3.122745939494017897e-13 3.426992682008627670e-13 9.604884831251029963e-14 5.588032272258669020e-14 -8.853808306874437348e-15
-3.355879861333261096e-13 1.121907243645006109e-13 -5.375427827360548501e-13 -2.937919754188868394e-14 -2.030603901390685167e-13 -1.684175958797204536e-13 -1.570203337465698381e-13 7.870251416658574870e-14 8.057092784435039857e-14 5.900510180568850512e-14 -4.639345199680395388e-14
-2.579026853407739329e-13 1.434365764443791594e-13 -2.443021854837501141e-13 1.242050588257200476e-14 -2.012830180673840956e-13 -1.082695028029984194e-13 -2.371862143051623060e-13 -2.679752271010816185e-15 8.539916247016996660e-14 -6.301090426606026852e-14 -5.190970601116002695e-14
-1.892380589370056190e-13 1.375695677896205310e-13 -3.141522701959096421e-14 6.935527661237700572e-14 -6.253345061796837393e-14 -2.062282909581886054e-14 -1.128182859176220057e-13 -2.772052426625915796e-14 2.522187531653933780e-15 -2.245782791915227696e-14 7.514544781693032403e-14
-1.315341660133216677e-13 1.132595884334169178e-13 9.190822036955441339e-14 1.187516442142577579e-13 7.006849012135134905e-14 1.069865174811808326e-14 7.499052500501384006e-14 -9.318665391053664610e-15 3.383327189668798532e-15 -1.985185690053264407e-14 1.325021604218637464e-14
-3.617918640828414860e-13 3.340085855848972488e-13 -2.078630857441429160e-12 3.166165963274604278e-13 8.188798312582770002e-13 2.144022109316028336e-12 1.080000668595964293e-11 7.736516860528438479e-12 1.968361885018918549e-11 -2.370659206893029594e-12 4.075310179586694716e-12
-4.209498687209936109e-13 6.055636105541286058e-14 -1.974877471621654952e-12 7.843342362104410495e-13 -3.241374476649867782e-13 1.938253197579944152e-12 1.075141168240345377e-11 7.365023573300315192e-12 1.795594571356584685e-11 -2.430294643551969601e-12 2.345804467177379725e-12
-4.890063592322093322e-13 -2.742944459527033891e-13 -1.821550151027681170e-12 1.316824421590559997e-12 -1.687189691179750946e-12 1.737375781075105223e-12 1.052891418022398222e-11 6.602448284546874159e-12 1.529592199123576580e-11 -2.315818616399581165e-12 -1.146618886298921310e-13
-5.656707894704191441e-13 -6.464638372592937213e-13 -1.651971657422392632e-12 1.883323910500627248e-12 -3.164273644152551493e-12 1.571732278247858546e-12 1.021853234232928177e-11 5.492575545878879422e-12 1.203464923099861583e-11 -2.084311649489417289e-12 -2.703948814419906120e-12
-6.460294696186247857e-13 -1.020017213085905736e-12 -1.503581117723491862e-12 2.433239039869416142e-12 -4.562487312338689222e-12 1.458523345856272895e-12 9.869774440124934886e-12 4.159047305880781788e-12 8.353862537162385466e-12 -1.761477392843603508e-12 -5.051326481881226284e-12
-7.209978169758899524e-13 -1.348720280684408888e-12 -1.415565379569680485e-12 2.887457942321955190e-12 -5.592269415172881905e-12 1.412469337854891138e-12 9.451588984254061224e-12 2.810388659261969321e-12 4.597971195864125141e-12 -1.522026957984359029e-12 -6.441368459861210207e-12
-7.744192683291706799e-13 -1.560938789556454526e-12 -1.440168299845433083e-12 3.111182386006105596e-12 -5.769237444076418981e-12 1.442158011554014007e-12 8.767850899298571197e-12 1.636901965246346812e-12 1.558499504190787372e-12 -1.444909049053489301e-12 -6.742259625843231244e-12
-7.938885606546890389e-13 -1.600260523065746977e-12 -1.605726708656929563e-12 2.966032232579530781e-12 -4.670736610457113507e-12 1.592182439676874800e-12 7.624814501977238610e-12 4.470759674904614059e-13 -5.499372190050171851e-14 -1.440996856379436824e-12 -6.177835227693371896e-12
-7.887271010257420821e-13 -1.499246637221424892e-12 -1.851166771106871856e-12 2.561361039815699088e-12 -2.816963480817492314e-12 1.800371119711812508e-12 6.300968692069036328e-12 -6.047151877522030681e-13 -6.998902591626405707e-13 -1.292948752417609969e-12 -5.221221650337257029e-12
-7.698069875115394384e-13 -1.311653911651030172e-12 -2.075877417103066195e-12 2.068997267202315597e-12 -9.914742567435774683e-13 1.892638099636208163e-12 5.129984347633859556e-12 -1.007053492215776291e-12 -9.074522938066713100e-13 -1.183528594022852980e-12 -4.008002275507358567e-12
-7.424834933266250722e-13 -1.075192962509133398e-12 -2.193721686219484256e-12 1.589328381231817101e-12 2.566445883088628106e-13 1.766662111331115514e-12 4.244687864160096700e-12 -8.119755403575164169e-13 -9.568540335475757505e-13 -1.070853622329860678e-12 -2.853891900987907658e-12
-7.060336480007321853e-13 -8.211616377995081885e-13 -2.166633476579044183e-12 1.147433677149229488e-12 8.608937296994736841e-13 1.431643088024922346e-12 3.516289125845280898e-12 -4.654723536600809240e-13 -7.534790620905571083e-13 -8.808536063921307627e-13 -2.295566110564827375e-12
-6.570007716779326694e-13 -5.674645472754434526e-13 -1.991530859620762598e-12 7.480855996111831883e-13 9.493876752745909725e-13 9.733994232680911414e-13 2.803078037445907200e-12 -8.704104561004709835e-14 -3.796578261163550347e-13 -6.576932557456626281e-13 -1.532207195031537420e-12
-5.938249197985814813e-13 -3.279822354248072669e-13 -1.700194263068465826e-12 3.968111093512767556e-13 7.640024804286539739e-13 5.010264457014738621e-13 1.999024900125103494e-12 2.578864459624843208e-13 -7.888888719309715508e-14 -4.273054542940585646e-13 -8.686745058977542940e-13
-5.186878551030934402e-13 -1.268856292067300254e-13 -1.326758520332153009e-12 1.392121051511618174e-13 4.025250307672146640e-13 1.179817105641039075e-13 1.140868636979245765e-12 5.072474477903519113e-13 1.017445718750209445e-13 -1.822656659374758693e-13 -3.887458309417479451e-13
-4.362649070663612839e-13 1.925190204428050909e-14 -9.303916115593568633e-13 -2.306358359750327268e-15 3.348229374402636510e-14 -1.101205074040897377e-13 3.401008822321051583e-13 3.558516511057202408e-13 1.085852554187375134e-13 4.728156496142690796e-14 -5.482533514199357976e-15
-3.519356855613196200e-13 1.073166958936727003e-13 -5.627536554873435046e-13 -3.423103336267757673e-14 -2.008107988166793717e-13 -1.747157532380553886e-13 -1.456521103152398508e-13 8.263272668522750216e-14 8.578469165921910909e-14 5.010849015445315395e-14 -3.496836994094994146e-14
-2.714777036936526502e-13 1.443877388856155858e-13 -2.585785456433426729e-13 5.618825910737033316e-15 -2.084735730917323064e-13 -1.113123024525714545e-13 -2.349775277483950889e-13 -5.853405313582890119e-15 9.474555174923224383e-14 -8.099785402288643594e-14 -4.344077683360756466e-14
-1.999662579791654488e-13 1.414985412576251410e-13 -3.604669763329560667e-14 6.387931398822647061e-14 -6.833334381279269370e-14 -1.577135131183753152e-14 -1.141310745748765008e-13 -3.263321690323106102e-14 5.112904115401585385e-15 -3.381535393867041755e-14 8.641220713517162670e-14
-1.395579299164875189e-13 1.181033204556737052e-13 9.436779422761893443e-14 1.165590139394479441e-13 6.933292875557402581e-14 1.988232556177593158e-14 7.638177806151349947e-14 -9.150959602582441855e-15 1.593354469459068345e-16 -2.293663731778759304e-14 1.324754320493942191e-14
-3.656842961044619929e-13 3.573949148860756966e-13 -2.119022252907776212e-12 2.838045283980902169e-13 9.187850470909321406e-13 2.209463357512675733e-12 1.097906907302585295e-11 7.742946847102682410e-12 2.024888945942327855e-11 -2.294879875958950666e-12 4.459952673838190219e-12
-4.256196435458862209e-13 8.193778075934980612e-14 -2.016352731420409049e-12 7.582485979137485363e-13 -2.370698311918260618e-13 1.996687859595276948e-12 1.094983842483012224e-11 7.401331899345357443e-12 1.856259092952092060e-11 -2.368837013487021274e-12 2.729889571233332460e-12
-4.947463184271725536e-13 -2.580718760214384075e-13 -1.861087125010499757e-12 1.302479650052501452e-12 -1.629619386144246257e-12 1.784897395054491804e-12 1.074121089795719765e-11 6.665717768624618038e-12 1.590642640549965737e-11 -2.270934235697687668e-12 2.078195016364747380e-13
-5.730596301833643053e-13 -6.389286249600844951e-13 -1.686502340406589958e-12 1.885847514533069657e-12 -3.155713794337638376e-12 1.606639228284354615e-12 1.044124727188252288e-11 5.568543556740607619e-12 1.261417422303362424e-11 -2.051428491151457759e-12 -2.502349484260824378e-12
-6.559516631316868927e-13 -1.025024704408950713e-12 -1.530317921526166665e-12 2.458681309157642370e-12 -4.626311751309005751e-12 1.480977370697237195e-12 1.010590346851006771e-11 4.228129228884320235e-12 8.865615618522972887e-12 -1.730356167936673370e-12 -5.008922809743353193e-12
-7.345208291719004202e-13 -1.370360231887541340e-12 -1.432097748350981158e-12 2.943150320386518294e-12 -5.755259328849867268e-12 1.424543035224097002e-12 9.711163009322906011e-12 2.853147066965879198e-12 4.986647102935824244e-12 -1.479720267592420947e-12 -6.552236094291412657e-12
-7.921071831815911637e-13 -1.601493330676785221e-12 -1.446550016654349774e-12 3.202926451428231872e-12 -6.045736372867196754e-12 1.443351974962337264e-12 9.059912729243492556e-12 1.659386568706919459e-12 1.774016427430866629e-12 -1.399994809424952565e-12 -6.950103198877712880e-12
-8.143987266856974706e-13 -1.654272767315648180e-12 -1.608859849784209245e-12 3.079742412791201645e-12 -4.998213172736881282e-12 1.590761057780064598e-12 7.917386126797251261e-12 4.482955536976106556e-13 2.752426220356328006e-14 -1.407087439953475808e-12 -6.413662412023229065e-12
-8.102062155347973017e-13 -1.558145474388888407e-12 -1.861010987985789409e-12 2.672688498773745472e-12 -3.096830118626358420e-12 1.813944856672935286e-12 6.545946312133520097e-12 -6.566003700010499506e-13 -6.589155414672206524e-13 -1.258392975722255451e-12 -5.437871082052681597e-12
-7.914211744854220138e-13 -1.370414618018525411e-12 -2.098723135475575982e-12 2.166865165273966410e-12 -1.176765766034727965e-12 1.929188499019526143e-12 5.313758966145362720e-12 -1.110633408168522476e-12 -8.815269185157694707e-13 -1.143815690665550332e-12 -4.183835802985604692e-12
-7.639455918638356175e-13 -1.129782012431962586e-12 -2.230100070190108722e-12 1.669930303898811718e-12 1.665842898732691605e-13 1.821420302703551681e-12 4.376046670658363444e-12 -9.232482031226794127e-13 -9.402346927346800316e-13 -1.040196268628965682e-12 -2.977249645467365546e-12
-7.274353622011946625e-13 -8.696278148501834467e-13 -2.213221092892850003e-12 1.211733686342311897e-12 8.408814823427238598e-13 1.494459111410854527e-12 3.610458244567240250e-12 -5.448060070210848976e-13 -7.532256759249736566e-13 -8.647903216213639046e-13 -2.379839545678641901e-12
-6.782514800286349177e-13 -6.087568309717537000e-13 -2.042494886141844668e-12 7.964909015269361181e-13 9.675161933505954829e-13 1.031376872564015303e-12 2.874694259671885822e-12 -1.392816421564740648e-13 -3.742957794880873407e-13 -6.499450116591177151e-13 -1.590496948939272125e-12
-6.145051205050534841e-13 -3.603334018095642028e-13 -1.750337501510881904e-12 4.285791192962516928e-13 7.980732178532718867e-13 5.437887731479873885e-13 2.055974339697518644e-12 2.312072467815188037e-13 -6.256912584889038498e-14 -4.282980543686768952e-13 -9.139795099781420239e-13
-5.382098308885096417e-13 -1.492354295018696092e-13 -1.370822135569574547e-12 1.547987381475426057e-13 4.344110676185084802e-13 1.393615927125908189e-13 1.184377396863840594e-12 5.066788637438354529e-13 1.197399289226352716e-13 -1.896408151271814665e-13 -4.094717532971152862e-13
-4.540175192894520156e-13 6.588274437334106155e-15 -9.649661529815116061e-13 5.060992605386525819e-16 5.210446566181651394e-14 -1.064334786156721599e-13 3.664086353281582610e-13 3.682862826613718844e-13 1.204375261727031277e-13 3.915205830262919859e-14 -2.295235807551638208e-15
-3.673912589414205214e-13 1.027086527346818892e-13 -5.865887214253140409e-13 -3.881809497519206114e-14 -1.986839721211019724e-13 -1.806702077881766242e-13 -1.349042731715869329e-13 8.634845979165398944e-14 9.071393014669748116e-14 4.169738407684293368e-14 -2.416677705382194032e-14
-2.843119066465719306e-13 1.452869945315116612e-13 -2.720758168024740281e-13 -8.116730259233517115e-16 -2.152717254161951495e-13 -1.141890505545780496e-13 -2.328893735667804154e-13 -8.853865876669910060e-15 1.035818902132709811e-13 -9.800322060825700679e-14 -3.543401375676735233e-14
-2.101089981388730847e-13 1.452131029338477877e-13 -4.042541980097931925e-14 5.870218540272140238e-14 -7.381672544812802276e-14 -1.118462819985293503e-14 -1.153722217824581970e-13 -3.727781425595196244e-14 7.562240207042964712e-15 -4.455307745823694147e-14 9.706411727356150236e-14
-1.471438212713626781e-13 1.226827205140465584e-13 9.669314431423753323e-14 1.144860398109826222e-13 6.863750842166962295e-14 2.856482825923922124e-14 7.769710771002253429e-14 -8.992405848784438390e-15 -2.888716734317195849e-15 -2.585307521032686145e-14 1.324501623032810293e-14
-3.696259547241729681e-13 3.810770052759904024e-13 -2.159924468199836746e-12 2.505774943513598971e-13 1.019953739376097578e-12 2.275732224812396921e-12 1.116039601698080881e-11 7.749458151589010445e-12 2.082130890464926399e-11 -2.218142182502133671e-12 4.849459646017789779e-12
-4.303484758265530146e-13 1.035896059767996120e-13 -2.058352518416925355e-12 7.318330609571886784e-13 -1.489010921226731789e-13 2.055861530165999156e-12 1.115077462034832438e-11 7.438099407277483774e-12 1.917690823595736421e-11 -2.306602143848071099e-12 3.118832104244500356e-12
-5.005588694298101802e-13 -2.416441432481812053e-13 -1.901124113179796488e-12 1.287953463650840028e-12 -1.571321003606416781e-12 1.833020002994630702e-12 1.095619247894934981e-11 6.729787405722924857e-12 1.652465171678970984e-11 -2.225482213198509184e-12 5.343792340624399840e-13
-5.805419156946304558e-13 -6.312981166526854456e-13 -1.721469724267526698e-12 1.888403033828913925e-12 -3.147045690001916350e-12 1.641987637764479897e-12 1.066677882126232911e-11 5.645472315838372006e-12 1.320102832324132696e-11 -2.018129467506519238e-12 -2.298200577220852687e-12
-6.659993401226988266e-13 -1.030095524162634590e-12 -1.557392858956729162e-12 2.484445340352528016e-12 -4.690943361825740490e-12 1.503715365925302740e-12 1.034501876153235537e-11 4.298084813551506249e-12 9.383840713733096210e-12 -1.698841360452617153e-12 -4.965982868491582446e-12
-7.482148635023592096e-13 -1.392273858097828681e-12 -1.448839197804990474e-12 2.999547025956476835e-12 -5.920310535193062894e-12 1.436769425556988222e-12 9.974019802115399134e-12 2.896446229468941895e-12 5.380238497585347151e-12 -1.436878534848589269e-12 -6.664505843724432190e-12
-8.100187926567628081e-13 -1.642560754921894533e-12 -1.453012441353543950e-12 3.295830781098426372e-12 -6.325732114702689433e-12 1.444561038029081208e-12 9.355668192180286076e-12 1.682155529268935167e-12 1.992258939690929648e-12 -1.354512550448384307e-12 -7.160575317604377160e-12
-8.351682796495033406e-13 -1.708968090924984588e-12 -1.612032614858835210e-12 3.194890657272733002e-12 -5.329831249640104978e-12 1.589321699907212498e-12 8.213657831938512872e-12 4.495305636773921177e-13 1.110858308088257658e-13 -1.372749179437364867e-12 -6.652472043888723999e-12
-8.319569710283530670e-13 -1.617789190452807445e-12 -1.870979702107224030e-12 2.785423888344363474e-12 -3.380236160269196427e-12 1.827690257196666415e-12 6.794022103023973768e-12 -7.091417312532277767e-13 -6.174226266232009005e-13 -1.223400180587816394e-12 -5.657260425112754968e-12
-8.133087106731272479e-13 -1.429918456389590916e-12 -2.121857777843020105e-12 2.265970774260899108e-12 -1.364400611067867301e-12 1.966201142115288249e-12 5.499857736368132841e-12 -1.215523273586172564e-12 -8.552736713609480924e-13 -1.103600547973662739e-12 -4.361893053244123047e-12
-7.856791161920057889e-13 -1.185061436469359839e-12 -2.266938522416533586e-12 1.751551579001324295e-12 7.538502113814999318e-14 1.876871007232238440e-12 4.509066739141170386e-12 -1.035928103627922001e-12 -9.234051711696535800e-13 -1.009151198897460011e-12 -3.102167464574888507e-12
-7.491077385294252953e-13 -9.187069315769413960e-13 -2.260397891096389385e-12 1.276846881740868255e-12 8.206161449917940767e-13 1.558069553381620354e-12 3.705818296556990638e-12 -6.251429734092423207e-13 -7.529690851938703838e-13 -8.485238884072366161e-13 -2.465178765887079936e-12
-6.997709407769652497e-13 -6.505713279100037054e-13 -2.094103441940550389e-12 8.455083732511668831e-13 9.858739782368312372e-13 1.090087548228986974e-12 2.947216194321184430e-12 -1.921829125786589592e-13 -3.688659203584449152e-13 -6.420987774022092999e-13 -1.649523878815004684e-12
-6.354468585447422877e-13 -3.930937053575614944e-13 -1.801114888947833230e-12 4.607488913646187146e-13 8.325748393995426490e-13 5.870919051203089415e-13 2.113644004582941026e-12 2.041906423605192124e-13 -4.604297252062836237e-14 -4.293032075811867796e-13 -9.598574751598890727e-13
-5.579786962287764216e-13 -1.718678821752462138e-13 -1.415443012339199802e-12 1.705824914200467511e-13 4.667003592498401881e-13 1.610118609255356195e-13 1.228436401175711332e-12 5.061030889201473363e-13 1.379628687843515122e-13 -1.971092359883751351e-13 -4.304597912344883704e-13
-4.719946443705495890e-13 -6.235506931857893638e-15 -9.999779499980158310e-13 3.354125335725672344e-15 7.096214757177620989e-14 -1.026998208800260019e-13 3.930490960358912149e-13 3.808781718965763112e-13 1.324396896506340350e-13 3.091973978330768928e-14 9.323708632978318757e-16
-3.830422951042792061e-13 9.804233278800655091e-14 -6.107252234976178986e-13 -4.346316801707189282e-14 -1.965302479611413706e-13 -1.866999668375183464e-13 -1.240205107841210070e-13 9.011118484838642621e-14 9.570550748643215513e-14 3.317990482125219850e-14 -1.322857909521150490e-14
-2.973084205655369619e-13 1.461976228306655446e-13 -2.857437845878770468e-13 -7.323496889855891433e-15 -2.221558522742542202e-13 -1.171021801693395952e-13 -2.307748110000845493e-13 -1.189227252068415836e-14 1.125299796539081464e-13 -1.152236498457655503e-13 -2.732599112781712989e-14
-2.203800110065006887e-13 1.489746417413980971e-13 -4.485951858055730729e-14 5.345958295017326650e-14 -7.936945404768292225e-14 -6.539897935945998849e-15 -1.166290654632652832e-13 -4.198115067833643995e-14 1.004255244502487221e-14 -5.542659830445818796e-14 1.078507394742050801e-13
-1.548256495050152737e-13 1.273200351021364409e-13 9.904790252068797229e-14 1.123868492841433757e-13 6.793329327424414987e-14 3.735713641581922583e-14 7.902907200139910650e-14 -8.831846904332196006e-15 -5.975316876261696248e-15 -2.880639656862482245e-14 1.324245729697837551e-14
-3.748543647932950457e-13 4.124900958981545232e-13 -2.214179180371836197e-12 2.065035205895486983e-13 1.154148873573274034e-12 2.363634513047422592e-12 1.140091700311849044e-11 7.758095066910051446e-12 2.158059423904471684e-11 -2.116353528026539134e-12 5.366120870403626190e-12
-4.366210317969644973e-13 1.323096529039822733e-13 -2.114063103725478250e-12 6.967941923044802712e-13 -3.194973594681402816e-14 2.134352400147305863e-12 1.141730628315156385e-11 7.486869640366566320e-12 1.999176895612774302e-11 -2.224050748979788662e-12 3.634744628541065452e-12
-5.082689232704097674e-13 -2.198535897493600230e-13 -1.954231145483707049e-12 1.268685214936687668e-12 -1.493991158979289135e-12 1.896852199423384833e-12 1.124135463250696355e-11 6.814772527028590068e-12 1.734469620684746091e-11 -2.165192413004803695e-12 9.675441403277224780e-13
-5.904667875958269057e-13 -6.211766348094696097e-13 -1.767852183821971734e-12 1.891792800547175089e-12 -3.135547889852108969e-12 1.688875508452029915e-12 1.096593497226097270e-11 5.747514409562018179e-12 1.397946049427293766e-11 -1.973960003287894505e-12 -2.027407416400247730e-12
-6.793270735858694348e-13 -1.036821709189759098e-12 -1.593306388999271664e-12 2.518620019879946727e-12 -4.776673912208854960e-12 1.533876162311804626e-12 1.066219305882006650e-11 4.390877345342487316e-12 1.007123999362203904e-11 -1.657038568416366067e-12 -4.909025216677845924e-12
-7.663793048612972549e-13 -1.421341170827932576e-12 -1.471045880654988672e-12 3.074354392900246438e-12 -6.139242581365056942e-12 1.452987111700779547e-12 1.032268599351198546e-11 2.953880370465677141e-12 5.902317500886464186e-12 -1.380051151476976845e-12 -6.813425967006769239e-12
-8.337776333290943906e-13 -1.697034608351332917e-12 -1.461584519716464319e-12 3.419063657993145073e-12 -6.697132251673983991e-12 1.446164798891770753e-12 9.747972799274373290e-12 1.712357399606620789e-12 2.281746552498603724e-12 -1.294182643058221095e-12 -7.439755898214115697e-12
-8.627180372676520760e-13 -1.781518660997584241e-12 -1.616241126750051876e-12 3.347628957869556982e-12 -5.769705793233476452e-12 1.587412464856280930e-12 8.606647208038329435e-12 4.511687417425782247e-13 2.219260092883011705e-13 -1.327201220242000712e-12 -6.969240896973214481e-12
-8.608082439879047378e-13 -1.696903551888704763e-12 -1.884202695404415477e-12 2.934961659374288026e-12 -3.756159886623303618e-12 1.845922833267450795e-12 7.123082045621583525e-12 -7.788351795540778832e-13 -5.623843816438607335e-13 -1.176984014440565306e-12 -5.948269250948258800e-12
-8.423414162782091743e-13 -1.508847277156149684e-12 -2.152544706559777246e-12 2.397429333278493271e-12 -1.613288707154914734e-12 2.015296534224763952e-12 5.746708307448869746e-12 -1.354654355038823183e-12 -8.204500718979389582e-13 -1.050257202923870015e-12 -4.598076956279878863e-12
-8.145075328827149005e-13 -1.258386786074718747e-12 -2.315802859198596487e-12 1.859818056743193853e-12 -4.558617878877682360e-14 1.950423551754856917e-12 4.685511107028929010e-12 -1.185392271125538276e-12 -9.010816652777533611e-13 -9.679714900675116867e-13 -3.267864609924349817e-12
-7.778550455004146920e-13 -9.838078882988876607e-13 -2.322975518954932685e-12 1.363216229816936414e-12 7.937352038842097984e-13 1.642445575344838394e-12 3.832308564459562430e-12 -7.317058807765163088e-13 -7.526287306620325784e-13 -8.269472906220622329e-13 -2.578376909099170504e-12
-7.283154129915726251e-13 -7.060361352800242239e-13 -2.162559571245707689e-12 9.105275610025393115e-13 1.010224647950899916e-12 1.167964278913262683e-12 3.043412858982684138e-12 -2.623537620898281134e-13 -3.616634879107187916e-13 -6.316911460420722018e-13 -1.727820104687832723e-12
-6.632250109125921801e-13 -4.365485848474758658e-13 -1.868468515600797157e-12 5.034204608312165841e-13 8.783394888363018770e-13 6.445313112834578713e-13 2.190139887379452291e-12 1.683544881995782844e-13 -2.412186914084659625e-14 -4.306364923115263678e-13 -1.020712266877680012e-12
-5.842010925011623537e-13 -2.018886816421115621e-13 -1.474630340125532597e-12 1.915188388294724193e-13 5.095304653492485759e-13 1.897298425688703998e-13 1.286878433660853608e-12 5.053393528777917180e-13 1.621346733697298392e-13 -2.070157171116622315e-13 -4.582993580488262269e-13
-4.958403881479102751e-13 -2.324560187492476412e-14 -1.046419321305195151e-12 7.131887334776954803e-15 9.597590525427752141e-14 -9.774731345171930905e-14 4.283863146932628784e-13 3.975806737191795285e-13 1.483599501807380120e-13 1.999998721168037225e-14 5.213627252156382029e-15
-4.038026000182328524e-13 9.185269628641970753e-14 -6.427410681600456961e-13 -4.962462158653097811e-14 -1.936734422159105689e-13 -1.946981361060975768e-13 -1.095837525363935376e-13 9.510224861372858950e-14 1.023265814183902864e-13 2.188190100960150599e-14 1.280385180514178321e-15
-3.145476364838473481e-13 1.474055250470101945e-13 -3.038736499706538527e-13 -1.596110065058365416e-14 -2.312872970682288374e-13 -1.209662987152328552e-13 -2.279699511222037449e-13 -1.592256467949754814e-14 1.243991660231940416e-13 -1.380656749818067357e-13 -1.657111074378636614e-14
-2.340039881451019657e-13 1.539641320109801315e-13 -5.074112550200360833e-14 4.650553695886305985e-14 -8.673486663630277404e-14 -3.788990470203951288e-16 -1.182962048048210003e-13 -4.821988766397866092e-14 1.333256070781384370e-14 -6.984977167838258619e-14 1.221586462094726964e-13
-1.650152046716426298e-13 1.334711974815340919e-13 1.021713697400119824e-13 1.096023796296417029e-13 6.699918763714085845e-14 4.901968681586493488e-14 8.079585501682506707e-14 -8.618873616336307207e-15 -1.006953526309606132e-14 -3.272382741659899380e-14 1.323906300218850571e-14
-3.587602214273130351e-13 3.166676714001137844e-13 -2.045840903321953108e-12 3.364204101106825707e-13 7.511159481049570037e-13 2.101901903544839345e-12 1.065380848878766511e-11 7.681461286046639022e-12 1.925903051790201010e-11 -2.390436571142645265e-12 3.846094826175127373e-12
-4.173067331613556969e-13 4.549492998406902293e-14 -1.941806033162184005e-12 7.973260319162260555e-13 -3.775035214325634566e-13 1.903598635435329835e-12 1.059289945426978587e-11 7.282379738880584400e-12 1.751296084265495707e-11 -2.432186807230550655e-12 2.141348730305494878e-12
-4.844707797697858415e-13 -2.846655895150833257e-13 -1.790796925938182601e-12 1.320039343557046311e-12 -1.714114722253644200e-12 1.710942460654413021e-12 1.036362753599660987e-11 6.505575797980650814e-12 1.486477099229696663e-11 -2.306197272867600325e-12 -2.520133689894935557e-13
-5.597419154683392329e-13 -6.494972427464022539e-13 -1.625837435651109969e-12 1.873217031887028099e-12 -3.150478061001314139e-12 1.553619290912659219e-12 1.004815671728408671e-11 5.396900658994775438e-12 1.163929215989621578e-11 -2.070816704640346688e-12 -2.741936510447669513e-12
-6.380051833775229443e-13 -1.012897735273660105e-12 -1.484018858407157102e-12 2.405438844737336831e-12 -4.491060804380759538e-12 1.447049249021598967e-12 9.690423944913054186e-12 4.082394185827350257e-12 8.026046567418763829e-12 -1.756129035938780160e-12 -4.980893691485643263e-12
-7.101680458750701841e-13 -1.328706348649456815e-12 -1.403823939069231114e-12 2.836678825102866163e-12 -5.445980370713193828e-12 1.406106693665109038e-12 9.255379540246651027e-12 2.762094698183422804e-12 4.380356007736858407e-12 -1.531182047378009434e-12 -6.284692584836359512e-12
-7.608028967146376346e-13 -1.527848254152333177e-12 -1.434498378387724123e-12 3.035898749027303156e-12 -5.551603732434074540e-12 1.441328182739086903e-12 8.553999256050467999e-12 1.602017244612470991e-12 1.476437862786784786e-12 -1.452489509996655536e-12 -6.559922638503440048e-12
-7.793187255429195976e-13 -1.561621178082977102e-12 -1.598251610594944588e-12 2.887001243265737681e-12 -4.465485485763157810e-12 1.585499776743015287e-12 7.438159540133754399e-12 4.398204270292742552e-13 -8.430660778362716774e-14 -1.443152858309681339e-12 -6.008442824816519191e-12
-7.739657902368175039e-13 -1.459545820095903823e-12 -1.836200753878630728e-12 2.491264959204700722e-12 -2.674116606759967530e-12 1.777059276048772412e-12 6.161042421797302430e-12 -5.581701432349750714e-13 -7.229393697409949747e-13 -1.306074550868634467e-12 -5.082045234737895519e-12
-7.552066172073088008e-13 -1.273766238076028084e-12 -2.050475071064082742e-12 2.011113540870786767e-12 -9.240622322850487964e-13 1.852860049008864225e-12 5.033544435100994181e-12 -9.300054110910429969e-13 -9.222331578446252984e-13 -1.199627846207147659e-12 -3.904162272588696113e-12
-7.278781579063319085e-13 -1.041070525381041906e-12 -2.159940837254054588e-12 1.542772448242208179e-12 2.689839447220641297e-13 1.718484515471125671e-12 4.175106358196478852e-12 -7.491599474732820870e-13 -9.606882846656888955e-13 -1.075977341903979964e-12 -2.785993694705530365e-12
-6.913833874836012504e-13 -7.917828265189363500e-13 -2.127288037137622992e-12 1.111026201649221427e-12 8.404726782027254763e-13 1.383720250754448119e-12 3.461216837845185802e-12 -4.260259473631610990e-13 -7.471440560303886002e-13 -8.812950988194686604e-13 -2.243111473268558875e-12
-6.424895885701410734e-13 -5.435687072167665690e-13 -1.951108258592921792e-12 7.222733207085304486e-13 9.166463115368364571e-13 9.347646015035750217e-13 2.754028938749015181e-12 -5.968615156200108244e-14 -3.818608946359834520e-13 -6.555712769388710989e-13 -1.489706323744438805e-12
-5.798331056024827136e-13 -3.109566989375676694e-13 -1.661869381070543320e-12 3.820204788587951781e-13 7.312785072220491356e-13 4.776492213670783322e-13 1.953502278509025979e-12 2.700780220495875809e-13 -8.568889914784751716e-14 -4.211166681710883511e-13 -8.342716780542336463e-13
-5.057158394186803782e-13 -1.170539136090983488e-13 -1.294282439875743103e-12 1.347169816208541691e-13 3.793509201032087348e-13 1.101493526926884673e-13 1.103649855958730608e-12 4.996819381323442929e-13 9.250554013145591691e-14 -1.724032096167697240e-13 -3.743994497070121985e-13
-4.247418032156799740e-13 2.278852816269696702e-14 -9.051999009748851240e-13 -6.666961505536622919e-18 2.396947273627333398e-14 -1.082094652367577458e-13 3.159640597973552395e-13 3.449253315569065309e-13 1.039824886241691227e-13 5.393273722129588363e-14 -1.039163473730127641e-14
-3.421775632784116093e-13 1.063544547007274484e-13 -5.454220275375895543e-13 -2.938898867367944503e-14 -1.979512363627271141e-13 -1.705886748627217948e-13 -1.549134146969551232e-13 7.903670114142405881e-14 8.021890440728425913e-14 5.789559614010161692e-14 -4.285328076971623993e-14
-2.636321850081656193e-13 1.410650126598412659e-13 -2.485164735769297328e-13 9.562277623684916886e-15 -2.017222271441799506e-13 -1.120485966678674769e-13 -2.353607989006078250e-13 -5.166983220949090003e-15 8.647527953817329058e-14 -6.768890037448260489e-14 -5.020519603342380476e-14
-1.939840315233009006e-13 1.374908374409568350e-13 -3.244950036904916067e-14 6.579138688577772388e-14 -6.419714053669189052e-14 -1.990722418056276559e-14 -1.123185751005130900e-13 -3.017316075614936606e-14 4.801242859519092418e-15 -2.516857769936298738e-14 8.000612951505437929e-14
-1.352691891205044497e-13 1.144139760959423793e-13 9.335456770408224387e-14 1.161744019983088351e-13 6.948175313330992394e-14 1.507045645615788352e-14 7.531724093753054602e-14 -8.491738984816695936e-15 1.691780273385347667e-15 -2.044814467632526516e-14 1.243072295577244987e-14
-3.636695381979811905e-13 3.469237948182697519e-13 -2.095463031120822472e-12 2.897190885016207856e-13 8.862812659752557157e-13 2.192657333442448619e-12 1.087325008477492576e-11 7.642737773301438062e-12 1.998595262513546292e-11 -2.258199213451697306e-12 4.397075262023170133e-12
-4.231930640484962814e-13 7.387808443273241460e-14 -1.993268599690038347e-12 7.575838569024925210e-13 -2.544065106615688032e-13 1.987539326638195100e-12 1.083919813460903712e-11 7.276427049378422478e-12 1.830468048991310576e-11 -2.311057195066732438e-12 2.714939039524789900e-12
-4.916551202179418131e-13 -2.621710771860712439e-13 -1.840536270235972029e-12 1.294472333575729939e-12 -1.624954810944777673e-12 1.780979373600711704e-12 1.063114771856895093e-11 6.539303789811278321e-12 1.567518187329150624e-11 -2.206707155920180077e-12 2.624614850439356936e-13
-5.689072176313636882e-13 -6.374299365026269818e-13 -1.669929638336827411e-12 1.868745989545421558e-12 -3.120729748394133075e-12 1.606405869054131911e-12 1.033174472719266482e-11 5.456803314674479941e-12 1.242157444112972233e-11 -1.991275288407124790e-12 -2.374186855402146745e-12
-6.502515041729727485e-13 -1.016285434456912483e-12 -1.518766239009335672e-12 2.430027006327056625e-12 -4.551384989968190616e-12 1.481342156939503568e-12 9.992414382411691296e-12 4.146404885469888121e-12 8.736183899259958775e-12 -1.687564182850156178e-12 -4.827411371981617452e-12
-7.269434228044916933e-13 -1.353093925020636184e-12 -1.425648679241643777e-12 2.899958179427031714e-12 -5.633302205379790344e-12 1.424397542186853678e-12 9.588219892646885437e-12 2.801168183363420443e-12 4.949078282966063495e-12 -1.454686970996696862e-12 -6.354682360368220549e-12
-7.832192868809807836e-13 -1.577486858886897887e-12 -1.441939947130580112e-12 3.147621071258988525e-12 -5.896573129806043327e-12 1.443228303063930029e-12 8.934200310720270240e-12 1.613462848572426922e-12 1.829354441242346251e-12 -1.369675433460645704e-12 -6.798808397939643820e-12
-8.064478020384007303e-13 -1.632759477486534307e-12 -1.597575475771627394e-12 3.038667174714217581e-12 -4.922850599257808272e-12 1.576816514577647019e-12 7.844567897903566440e-12 4.339301698362781235e-13 5.525925214111796891e-14 -1.376531287563849749e-12 -6.316840404003183993e-12
-8.028950076783629881e-13 -1.539583098242492383e-12 -1.841719806164124315e-12 2.647192158281807197e-12 -3.097635460395909321e-12 1.782155529111793851e-12 6.518128323730074254e-12 -6.179455859147199526e-13 -6.628479190280975343e-13 -1.248988071775330300e-12 -5.382638030448386910e-12
-7.845684556620689352e-13 -1.355232955066151832e-12 -2.071960791745666900e-12 2.151872522337543142e-12 -1.231302503990143422e-12 1.887873263182906235e-12 5.310248337096176489e-12 -1.063120001186269307e-12 -8.846140498139855579e-13 -1.135695868830216058e-12 -4.157084864214614015e-12
-7.569473091580998366e-13 -1.117821633992025889e-12 -2.200489291274803627e-12 1.659941030827594326e-12 9.918187899772882143e-14 1.781821956467363611e-12 4.372848825081774579e-12 -9.107293173795310671e-13 -9.321169438935111140e-13 -1.019773449320282081e-12 -2.968700085055135335e-12
-7.202875914588845681e-13 -8.608168980924908003e-13 -2.182917735314340081e-12 1.205226342731316185e-12 7.793019178270217532e-13 1.463264109535015037e-12 3.598590987098163577e-12 -5.477715663053388807e-13 -7.405076685194314916e-13 -8.491929032001778124e-13 -2.362621290760993786e-12
-6.712063654653124867e-13 -6.034068755167255156e-13 -2.014491203783403072e-12 7.946477727247697295e-13 9.205833370392951433e-13 1.013536820069036747e-12 2.851631892673294499e-12 -1.379437007360721067e-13 -3.735098978823940379e-13 -6.382178918143029322e-13 -1.566596025640743813e-12
-6.078937525364439229e-13 -3.594410748836330410e-13 -1.725613731627095696e-12 4.315934724729687503e-13 7.673504405727278891e-13 5.406405406083050432e-13 2.024760352924359072e-12 2.287496943426486906e-13 -6.019909897573626966e-14 -4.173719649477428861e-13 -8.921144196207803096e-13
-5.324202155480507869e-13 -1.523971204811303055e-13 -1.351438633103936282e-12 1.617420742368740718e-13 4.204434703138739132e-13 1.455556936153409395e-13 1.155442831988710648e-12 4.917731463729904606e-13 1.203777255080395874e-13 -1.781222371423356723e-13 -4.023495993749540952e-13
-4.492826270814270738e-13 7.741475227787505281e-16 -9.503189077334352451e-13 7.971693154005787748e-15 5.176681691654874802e-14 -9.885510603656639638e-14 3.455057850833562982e-13 3.593751384921527582e-13 1.232756179089196846e-13 4.400840813462513673e-14 -8.312457230381997107e-15
-3.638048642183046540e-13 9.612391197982303412e-14 -5.765534625783223329e-13 -3.377040080724366922e-14 -1.910218619242060255e-13 -1.782756882309344155e-13 -1.426487991344960622e-13 8.329387133724199523e-14 8.502390538738907784e-14 4.833950152417325129e-14 -2.864873785249889812e-14
-2.818381195234453900e-13 1.395984399514368988e-13 -2.658569437117592473e-13 5.764573889291414173e-16 -2.088764883158141053e-13 -1.185277056591236834e-13 -2.317878854801486448e-13 -1.025542089956187093e-14 9.632474738690421206e-14 -8.894122268989578515e-14 -4.088833364324660445e-14
-2.085844567172432516e-13 1.410194935701481444e-13 -3.769054577657921615e-14 5.731960089465275510e-14 -7.120876425667205329e-14 -1.489565897850940682e-14 -1.131360610903473374e-13 -3.693045953033665848e-14 9.203819499010246029e-15 -3.857641626047548402e-14 9.496966060181500107e-14
-1.463698538453427718e-13 1.200033219929066019e-13 9.713115589649147046e-14 1.116751631549516344e-13 6.822591732709952074e-14 2.770296983877499665e-14 7.696150428150468744e-14 -7.359935991078385648e-15 -2.824899224348624882e-15 -2.409620506957606263e-14 1.158674035785802269e-14
-3.681213312954371882e-13 3.743600050057878158e-13 -2.140454794469338529e-12 2.473596615104068112e-13 1.008863313841373023e-12 2.274972273416659631e-12 1.107222245370929158e-11 7.607511377076713416e-12 2.064513918181444692e-11 -2.138200951633533136e-12 4.896871309309449938e-12
-4.285308862702297654e-13 9.961680574093769060e-14 -2.039928363969429446e-12 7.215294484092327695e-13 -1.427579790020773988e-13 2.063684481809737439e-12 1.106252483847650364e-11 7.270873982238382859e-12 1.902264555781077873e-11 -2.201091624302777614e-12 3.235318114992208461e-12
-4.981699865518283493e-13 -2.417711713734545136e-13 -1.885633511183766947e-12 1.271268473251669788e-12 -1.544071537403245700e-12 1.844521708334577413e-12 1.087372451607213224e-11 6.569716657699063609e-12 1.641012551846652879e-11 -2.116340692228513591e-12 7.293062997059405578e-13
-5.772183183518935586e-13 -6.264844673989585213e-13 -1.709907190376069754e-12 1.864671285686184673e-12 -3.093714806825419933e-12 1.654304756649066227e-12 1.058890253050133399e-11 5.510966904655290618e-12 1.313104004149402763e-11 -1.918997151258445213e-12 -2.040349446414782707e-12
-6.613562484457189223e-13 -1.019353651585417842e-12 -1.550271433502325198e-12 2.452303888893021209e-12 -4.606043840239401080e-12 1.512467444396665059e-12 1.026626760456974260e-11 4.204322676945433412e-12 9.380242269190790656e-12 -1.625251993769253463e-12 -4.687865446605830858e-12
-7.421547548286285957e-13 -1.375203962180616702e-12 -1.445437695298724879e-12 2.957321926726241186e-12 -5.803118771663681822e-12 1.441000557940269403e-12 9.890051107103859088e-12 2.836524732238798112e-12 5.464946962568565838e-12 -1.385224014425495240e-12 -6.417825300877891107e-12
-8.035455356193729623e-13 -1.622493152920435154e-12 -1.448687275022003895e-12 3.248909798978205784e-12 -6.209334009878407813e-12 1.444962678639846589e-12 9.278970961812398990e-12 1.623779527952263851e-12 2.149589818157629254e-12 -1.294495745794335438e-12 -7.015199745858034541e-12
-8.310491078476788221e-13 -1.697266629162656951e-12 -1.596955503698770138e-12 3.176188375824016375e-12 -5.337592556479443807e-12 1.568943709337086207e-12 8.213135173985357482e-12 4.285118149219701367e-13 1.820297915567416523e-13 -1.316017952339850109e-12 -6.596413369189180688e-12
-8.291325749469378523e-13 -1.612174471893610395e-12 -1.846704626558693063e-12 2.788622949229108435e-12 -3.481862583542665509e-12 1.786745593336832085e-12 6.842070340810499534e-12 -6.721549715949584287e-13 -6.083201724735077593e-13 -1.197155613151946774e-12 -5.655260251952677390e-12
-8.111994027437354471e-13 -1.429124908476274707e-12 -2.091418922717296724e-12 2.279561768827947680e-12 -1.510144310605322542e-12 1.919579260379021025e-12 5.561319332956517420e-12 -1.183802942539377096e-12 -8.505033963855693918e-13 -1.077686973668796688e-12 -4.386508255269351594e-12
-7.833135100868318592e-13 -1.187441818039639743e-12 -2.237235391088435947e-12 1.766243068532070532e-12 -5.502538905871844843e-14 1.839219785500923161e-12 4.552303640544662386e-12 -1.057240863906653488e-12 -9.062307822520588457e-13 -9.687680249031897697e-13 -3.134471477133271855e-12
-7.465037483653060680e-13 -9.234396325748225870e-13 -2.233344821042336802e-12 1.290693130498992116e-12 7.236478394767304482e-13 1.535369232767047133e-12 3.723274452583034123e-12 -6.582538503126654346e-13 -7.344650284445890422e-13 -8.200254916818304798e-13 -2.471073550293127203e-12
-6.972518096652392361e-13 -6.576883054242692045e-13 -2.071956013103965146e-12 8.603127988430971348e-13 9.240436502007793684e-13 1.084961723909175802e-12 2.940199055755478869e-12 -2.089378466090829510e-13 -3.659378840534205054e-13 -6.224631639637418991e-13 -1.636372657320966594e-12
-6.333442024757488536e-13 -4.034271510128078374e-13 -1.783411340898662323e-12 4.765779269899747020e-13 7.999953123565949771e-13 5.977720167420496992e-13 2.089401739861419457e-12 1.912653174070733868e-13 -3.709352758711274416e-14 -4.139684439479326605e-13 -9.445657692611974812e-13
-5.566407660255245248e-13 -1.844664486735980568e-13 -1.403265749756573335e-12 1.862748615438585805e-13 4.576782158704953358e-13 1.776890510538366126e-13 1.202405380701066994e-12 4.846008759966186204e-13 1.456957589826511565e-13 -1.833137085103740400e-13 -4.277028655619214940e-13
-4.715414564839085026e-13 -1.920788081949278205e-14 -9.912325582971347613e-13 1.522691379111280552e-14 7.696702837702153352e-14 -9.035193934936978293e-14 3.722812477484415040e-13 3.724739872589795996e-13 1.407803946771718570e-13 3.500891441412683307e-14 -6.416735580071534916e-15
-3.834218884919505831e-13 8.682987377531484928e-14 -6.047828489370785707e-13 -3.773079068568154997e-14 -1.847299338719214378e-13 -1.852338483856952236e-13 -1.315469313820700330e-13 8.716727213930280919e-14 8.938526120724179938e-14 3.966824246786484285e-14 -1.575949198828172098e-14
-2.983525845518841865e-13 1.382559599837096855e-13 -2.815784697855018618e-13 -7.567993604798029795e-15 -2.153581084516536811e-13 -1.244102129587258662e-13 -2.285546607713336171e-13 -1.486360766778425516e-14 1.052426106223950085e-13 -1.082087113370767423e-13 -3.244171210207022618e-14
-2.218291715119685101e-13 1.442114895475906895e-13 -4.243820798323635329e-14 4.963564391848622538e-14 -7.756811369859195257e-14 -1.036281287925698408e-14 -1.138756424845875656e-13 -4.305542934974532346e-14 1.318667117880080042e-14 -5.074048238202985750e-14 1.085337829642736632e-13
-1.564404092231600246e-13 1.250682616627747248e-13 1.005621471559883720e-13 1.075901058701873391e-13 6.708601661534561541e-14 3.915597945020496834e-14 7.845240518192961256e-14 -6.325533181073525582e-15 -6.912457681061432796e-15 -2.741423361128712428e-14 1.081732445782774253e-14
-3.723301813193371056e-13 4.002989673411305026e-13 -2.182991269023357238e-12 2.073118716176998990e-13 1.124755818714465924e-12 2.352795125629096952e-12 1.126033651021794285e-11 7.574207354487975021e-12 2.126835263462272398e-11 -2.024751230328341401e-12 5.369392505418036076e-12
-4.335774130723368147e-13 1.239509144870365044e-13 -2.084041813358306019e-12 6.874425997774094872e-13 -3.720232691010317764e-14 2.135674246518069601e-12 1.127366416602845707e-11 7.265623956737045354e-12 1.970142986303031154e-11 -2.097127090386560552e-12 3.727299083356195060e-12
-5.043293238608486505e-13 -2.224845284910308702e-13 -1.928269707199744963e-12 1.249330893152719254e-12 -1.467602222919545439e-12 1.904596413271877582e-12 1.110306342184407908e-11 6.598469835406933521e-12 1.710496184662550145e-11 -2.030905703570839970e-12 1.170674477067604440e-12
-5.850758660132226635e-13 -6.161363140635293115e-13 -1.747703088953926517e-12 1.860818946443523164e-12 -3.068174123701067338e-12 1.699589708074440609e-12 1.083202672798572374e-11 5.562174680891870774e-12 1.380178871169430989e-11 -1.850663373604766473e-12 -1.724730199341663366e-12
-6.718549850478312138e-13 -1.022254430120577310e-12 -1.580057327721373834e-12 2.473365078286273843e-12 -4.657719849804613702e-12 1.541894163964076551e-12 1.052517611912272622e-11 4.259079780558676672e-12 9.989153109843686653e-12 -1.566340302844776453e-12 -4.555934815420623187e-12
-7.565359746267757687e-13 -1.396107411248184237e-12 -1.464146785949616488e-12 3.011555221770183445e-12 -5.963668114574176685e-12 1.456697514651723582e-12 1.017541079996229322e-11 2.869951804654736081e-12 5.952663675971882192e-12 -1.319551787541790987e-12 -6.477522406304472777e-12
-8.227625410836967645e-13 -1.665043365167672888e-12 -1.455066388046688143e-12 3.344671002010073018e-12 -6.505026914649882837e-12 1.446602406042823256e-12 9.604926801886521217e-12 1.633533205766658578e-12 2.452349322381805502e-12 -1.223418761110836336e-12 -7.219782192416452388e-12
-8.543078721259870201e-13 -1.758253498961074385e-12 -1.596369364784315431e-12 3.306204775013960408e-12 -5.729701230748820854e-12 1.561500538642836923e-12 8.561589010445386664e-12 4.233891500197177264e-13 3.018822144813584207e-13 -1.258806948378916660e-12 -6.860729488556441410e-12
-8.539383066984607615e-13 -1.680804391848281054e-12 -1.851417415540904473e-12 2.922335584408878682e-12 -3.845121678741912893e-12 1.791085168742102639e-12 7.148334206613794983e-12 -7.234060447638770363e-13 -5.567681119921714667e-13 -1.148151753376226437e-12 -5.913004943800972758e-12
-8.363770468023786800e-13 -1.498984433005230886e-12 -2.109815185290823171e-12 2.400282762647328144e-12 -1.773769173071426334e-12 1.949554998995984052e-12 5.798688892297438301e-12 -1.297899978753861678e-12 -8.182542283843800801e-13 -1.022843737768219825e-12 -4.603411561741047414e-12
-8.082408557120576358e-13 -1.253262692053717311e-12 -2.271976184098149452e-12 1.866743995550767209e-12 -2.008172644784943327e-13 1.893485302240652904e-12 4.721965255037986745e-12 -1.195756987602468638e-12 -8.817572794483645950e-13 -9.205460665992388267e-13 -3.291196399256652904e-12
-7.712892381610333311e-13 -9.826449215735038296e-13 -2.281020001718351308e-12 1.371495828035002989e-12 6.710309128621301614e-13 1.603539437800025971e-12 3.841153697081740889e-12 -7.627068993642801107e-13 -7.287521470852842429e-13 -7.924498029347053516e-13 -2.573607357468724885e-12
-7.218759028772820324e-13 -7.090074912004601115e-13 -2.126284854989400455e-12 9.223943556956247662e-13 9.273151269165594491e-13 1.152488830499965896e-12 3.023932935195389288e-12 -2.760577026396901699e-13 -3.587790899292100828e-13 -6.075682025207469635e-13 -1.702341441420624882e-12
-6.574057714288862138e-13 -4.450128206710914303e-13 -1.838054821191261599e-12 5.191074916116920355e-13 8.308586891649658436e-13 6.517857160739941243e-13 2.150515519583378860e-12 1.558265365260909551e-13 -1.524887263661616452e-14 -4.107506597741563667e-13 -9.941547458426151570e-13
-5.795395535418857172e-13 -2.147856907223824154e-13 -1.452264558930540893e-12 2.094688465688591182e-13 4.928809881389111756e-13 2.080688281567861680e-13 1.246805090972258447e-12 4.778200105564553269e-13 1.696321377287257662e-13 -1.882218711263733990e-13 -4.516725542884516879e-13
-4.925855778930960948e-13 -3.809945069771793045e-14 -1.029913470647565638e-12 2.208620286132941927e-14 1.007920147752340801e-13 -8.231280710343893601e-14 3.975955208213833214e-13 3.848580061264027356e-13 1.573299014110564179e-13 2.650054073923240793e-14 -4.624467123098878063e-15
-4.019683732625700542e-13 7.804302943488935366e-14 -6.314717022687855781e-13 -4.147505426304609582e-14 -1.787813686920200150e-13 -1.918122880366033577e-13 -1.210509144253797239e-13 9.082929394504031679e-14 9.350860930357206794e-14 3.147019100399412357e-14 -3.573637578601894587e-15
-3.139658228238345615e-13 1.369867417466114385e-13 -2.964420413110739839e-13 -1.526798589364908968e-14 -2.214860138400217060e-13 -1.299717003074401705e-13 -2.254978795202567032e-13 -1.922031660162999382e-14 1.136738084471220246e-13 -1.264247352837860262e-13 -2.445603928161756622e-14
-2.343510962370662181e-13 1.472292920146252751e-13 -4.692678092391522465e-14 4.237101556426099785e-14 -8.358042095542301210e-14 -6.077333134663174455e-15 -1.145748634769723641e-13 -4.884614753204261252e-14 1.695217078628049102e-14 -6.224073156152810174e-14 1.213576845232686422e-13
-1.659613946394039700e-13 1.298567976203295489e-13 1.038059025134716782e-13 1.037279781726228360e-13 6.600832252688893300e-14 4.998397582395796690e-14 7.986194469150642311e-14 -5.347579729015196363e-15 -1.077695001742686758e-14 -3.055119085265828928e-14 1.008989706787566292e-14
-3.765922596009607679e-13 4.265659732804384925e-13 -2.226065691683034949e-12 1.667576072302840697e-13 1.242113987313089014e-12 2.431602184014911485e-12 1.145082959782777581e-11 7.540482143645467091e-12 2.189944771214235651e-11 -1.909866738479011022e-12 5.847889559732633924e-12
-4.386877620185121631e-13 1.485927706706208989e-13 -2.128713154470722111e-12 6.529246631647933799e-13 6.968826136511896402e-14 2.208574447800182119e-12 1.148747371957169049e-11 7.260307534966831653e-12 2.038879858385023368e-11 -1.991847742617361085e-12 4.225502013004163018e-12
-5.105665567480003373e-13 -2.029539721972565756e-13 -1.971445112490916817e-12 1.227115873824714651e-12 -1.390165819847667797e-12 1.965430867994181824e-12 1.133530271917762747e-11 6.627586646978052465e-12 1.780858559654042900e-11 -1.944390239627261445e-12 1.617624528427887263e-12
-5.930327860927271175e-13 -6.056572901526666600e-13 -1.785976982778017569e-12 1.856917887491282413e-12 -3.042310433669963568e-12 1.745447366945075440e-12 1.107822565622236645e-11 5.614030068810348540e-12 1.448102017323737316e-11 -1.781465395423832936e-12 -1.405119393712331402e-12
-6.824864965244094638e-13 -1.025191894011867771e-12 -1.610219916656475272e-12 2.494692623152471146e-12 -4.710049392736848711e-12 1.571693035858659071e-12 1.078735898479852830e-11 4.314529383403617676e-12 1.060576469437793017e-11 -1.506683570246611297e-12 -4.422335689866264698e-12
-7.710990700968272304e-13 -1.417275220960844621e-12 -1.483092485733064377e-12 3.066474391652665251e-12 -6.126247884842235638e-12 1.472592986784918109e-12 1.046437936546773130e-11 2.903801620781159495e-12 6.446548421427529447e-12 -1.253049020184913436e-12 -6.537974485752979223e-12
-8.422225791988689477e-13 -1.708131699293723148e-12 -1.461526176031835463e-12 3.441643273024063160e-12 -6.804459373895845462e-12 1.448262870573553558e-12 9.935004924064860595e-12 1.643410235810220155e-12 2.758937750903712862e-12 -1.151442883319266252e-12 -7.426951942027866192e-12
-8.778607841755651649e-13 -1.820011654473388895e-12 -1.595775813004535844e-12 3.437865459170071734e-12 -6.126768805902544230e-12 1.553963235902717090e-12 8.914449655670626473e-12 4.182017000149288300e-13 4.232503812937126956e-13 -1.200872410924402980e-12 -7.128388347951072753e-12
-8.790577503357615227e-13 -1.750302257284575566e-12 -1.856189805868491295e-12 3.057739249962874440e-12 -4.212974821475826009e-12 1.795479625556568884e-12 7.458471315172737058e-12 -7.753052775070824063e-13 -5.045640853342093798e-13 -1.098528153844457715e-12 -6.174009268524968145e-12
-8.618731062308441023e-13 -1.569727453533070310e-12 -2.128444100693227144e-12 2.522530484807094972e-12 -2.040728033754314148e-12 1.979909833217608117e-12 6.039060405257226099e-12 -1.413439971835626897e-12 -7.855972130865380115e-13 -9.673069129780931072e-13 -4.823057990281248497e-12
-8.334834512467958180e-13 -1.319915986271071133e-12 -2.307156335153369727e-12 1.968515932770456972e-12 -3.484529336225797957e-13 1.948437101397594011e-12 4.893772537617443399e-12 -1.336024890320866017e-12 -8.569742662552785792e-13 -8.717142570649639079e-13 -3.449903382413826365e-12
-7.963881838533052700e-13 -1.042598965129290944e-12 -2.329298118436488556e-12 1.453320417177414293e-12 6.177485529618545185e-13 1.672571774418985213e-12 3.960523730920026127e-12 -8.684809402033205386e-13 -7.229670162794864567e-13 -7.645253712289333986e-13 -2.677437884131237426e-12
-7.468114108467145873e-13 -7.609756979586831355e-13 -2.181300780133056415e-12 9.852610425566606807e-13 9.306279771234852046e-13 1.220869935601875344e-12 3.108725776057517503e-12 -3.440264068447981384e-13 -3.515297602831239312e-13 -5.924848681481511807e-13 -1.769144516271094049e-12
-6.817716410389469168e-13 -4.871244139623712832e-13 -1.893389363916294675e-12 5.621749170670529081e-13 8.621123873974004365e-13 7.064825132375486170e-13 2.212402189989855441e-12 1.199395701504557989e-13 6.872046255969073021e-15 -4.074921810524323843e-13 -1.044370861860733997e-12
-6.027279363117865726e-13 -2.454883727007862258e-13 -1.501883043806388230e-12 2.329561601630587695e-13 5.285289611145341465e-13 2.388328107615542410e-13 1.291766313294982516e-12 4.709533891566051386e-13 1.938712339168282903e-13 -1.931921060461378311e-13 -4.759453816977584252e-13
-5.138958390590204621e-13 -5.722993757841407530e-14 -1.069083570843843097e-12 2.903223965994429484e-14 1.249183098683583512e-13 -7.417200593732231853e-14 4.232299372082904648e-13 3.973986425862605056e-13 1.740887056466779718e-13 1.788456376767516279e-14 -2.809532291714062319e-15
-4.207494108043179262e-13 6.914506004497069487e-14 -6.584980828740449085e-13 -4.526667061158384720e-14 -1.727575734691031822e-13 -1.984739235709792582e-13 -1.104221569334999417e-13 9.453762842701014747e-14 9.768410435503258021e-14 2.316846081139837748e-14 8.766328312626089662e-15
-3.297765178311166868e-13 1.357014720112470157e-13 -3.114935887235411561e-13 -2.306535807675643046e-14 -2.276914173145625680e-13 -1.356035224000901394e-13 -2.224024398980184163e-13 -2.363212375302075709e-14 1.222116335345819739e-13 -1.448711327649912776e-13 -1.636937363316747663e-14
-2.470313826263043897e-13 1.502852598717029733e-13 -5.147211973154403660e-14 3.501451325159352474e-14 -8.966876436711928632e-14 -1.737655988735528397e-15 -1.152829273359860820e-13 -5.471009948948640165e-14 2.076529173345173023e-14 -7.388642153908493258e-14 1.343437667810345236e-13
-1.756027895884135458e-13 1.347058929970167826e-13 1.070906808342744586e-13 9.981700709539292311e-14 6.491699910359224864e-14 6.094891118243793872e-14 8.128931029254243824e-14 -4.357258341511409797e-15 -1.469031563043763799e-14 -3.372782041324236168e-14 9.353270083262633068e-15
-3.822456900848547943e-13 4.614078231488374483e-13 -2.283201726651234651e-12 1.129644344087710626e-13 1.397783639943437414e-12 2.536135746192260757e-12 1.170350900817468057e-11 7.495747364110847340e-12 2.273656329401084774e-11 -1.757478292596105385e-12 6.482591610049573026e-12
-4.454663804773772604e-13 1.812789418781935524e-13 -2.187967420688014241e-12 6.071383727114659422e-13 2.114732000549802336e-13 2.305272863907364173e-12 1.177108123825382273e-11 7.253255571809855591e-12 2.130055829658657387e-11 -1.852200032779844635e-12 4.886342906297114378e-12
-5.188399295485176510e-13 -1.770476808218052023e-13 -2.028715095779038558e-12 1.197648778581501363e-12 -1.287450362584427695e-12 2.046124683827894087e-12 1.164335635734143644e-11 6.666208619711305381e-12 1.874190677994005289e-11 -1.829631869066327739e-12 2.210481080663762505e-12
-6.035872366529117962e-13 -5.917573969749963684e-13 -1.836745359936007049e-12 1.851743330951763068e-12 -3.008003562084909362e-12 1.806275223417205775e-12 1.140479603604436949e-11 5.682813608600276552e-12 1.538198622430712780e-11 -1.689677790549015264e-12 -9.811718863344256025e-13
-6.965886567933504230e-13 -1.029088290794164628e-12 -1.650229059666762606e-12 2.522982528799525364e-12 -4.779461875027745876e-12 1.611219726674094529e-12 1.113513124613914938e-11 4.388080466743245381e-12 1.142366865749087569e-11 -1.427551943175023265e-12 -4.245123232808648630e-12
-7.904162769379441734e-13 -1.445353245972216424e-12 -1.508222994740549310e-12 3.139321882524075108e-12 -6.341901696543045855e-12 1.493677523670085161e-12 1.084768149774691605e-11 2.948701683541356241e-12 7.101661462898334206e-12 -1.164836475597407668e-12 -6.618161100529853180e-12
-8.680353318527520689e-13 -1.765286187085654067e-12 -1.470094756927652539e-12 3.570272067597068226e-12 -7.201641329767649286e-12 1.450465392557762475e-12 1.037283679616947666e-11 1.656511614821764207e-12 3.165611736471766103e-12 -1.055970535603803657e-12 -7.701752097596560466e-12
-9.091025263166929898e-13 -1.901930712502980922e-12 -1.594988496797295199e-12 3.612506672698723377e-12 -6.653458786202291259e-12 1.543965386567521170e-12 9.382501387902033254e-12 4.113208109672493426e-13 5.842390929182685051e-13 -1.124025188326913896e-12 -7.483424236731936202e-12
-9.123774170976898841e-13 -1.842487647590985922e-12 -1.862520139461772825e-12 3.237345338267987386e-12 -4.700913340228996389e-12 1.801308649528456719e-12 7.869852444936799840e-12 -8.441469749456230361e-13 -4.353180943201770171e-13 -1.032704968442317360e-12 -6.520218254841541903e-12
-8.956923347185462512e-13 -1.663564478842998519e-12 -2.153154411339783560e-12 2.684685882074641101e-12 -2.394835409483410135e-12 2.020173979863577378e-12 6.357901014267914361e-12 -1.566697906955270812e-12 -7.422793402841954955e-13 -8.936401344618443654e-13 -5.114407826932779972e-12
-8.669664727457381275e-13 -1.408328197244399340e-12 -2.353821019623651102e-12 2.103511240805913043e-12 -5.442841535280005905e-13 2.021327873277613081e-12 5.121666175860631081e-12 -1.522083142172884550e-12 -8.241008574974420637e-13 -8.069413408870199192e-13 -3.660420138481959460e-12
-8.296806611268993012e-13 -1.122124960194092180e-12 -2.393336589396495355e-12 1.561856580653576744e-12 5.470722076538673397e-13 1.764139664378883005e-12 4.118862020810655777e-12 -1.008784835442292740e-12 -7.152933340104237607e-13 -7.274850302955944477e-13 -2.815163806590323297e-12
-7.798870962754809210e-13 -8.299088859233556941e-13 -2.254276611892642662e-12 1.068650511092040035e-12 9.350223047897789399e-13 1.311573999989225570e-12 3.221199174845346685e-12 -4.341834423285575606e-13 -3.419138925660221491e-13 -5.724775908937259826e-13 -1.857755403675710866e-12
-7.140917300997954924e-13 -5.429833045518248241e-13 -1.966787825704674982e-12 6.193016705004957789e-13 9.035688314521938477e-13 7.790350378452912021e-13 2.294491716525543547e-12 7.233733118568306929e-14 3.621432212206503191e-14 -4.031699744798581612e-13 -1.110979990422426247e-12
-6.334861488536419321e-13 -2.862139216321055533e-13 -1.567699445029939775e-12 2.641108892450949006e-13 5.758141875058723978e-13 2.796396718613604262e-13 1.351405092171149085e-12 4.618451645061479831e-13 2.260231644395181988e-13 -1.997848703477581367e-13 -5.081420549918676478e-13
-5.421628186372354467e-13 -8.260555720385377415e-14 -1.121040720212501214e-12 3.824580483550710807e-14 1.569206154621234257e-13 -6.337364649084003320e-14 4.572326891508815513e-13 4.140331602050099196e-13 1.963184086572620682e-13 6.455907735534151162e-15 -4.021133796468000757e-16
-4.456615036442884291e-13 5.734235538950215189e-14 -6.943472046986091980e-13 -5.029605720613116656e-14 -1.647673149350034641e-13 -2.073102449182892596e-13 -9.632364973267780812e-14 9.945654585677396284e-14 1.032226865638108009e-13 1.215663717821827400e-14 2.513466658905137590e-14
-3.507486020933947513e-13 1.339966269665213159e-13 -3.314587022409573259e-13 -3.340817641849938137e-14 -2.359225699983751714e-13 -1.430738484951249794e-13 -2.182964964029768718e-13 -2.948416195997511567e-14 1.335366250679115586e-13 -1.693393425374116742e-13 -5.642822199301787154e-15
-2.638511387778199991e-13 1.543388460963042352e-13 -5.750128090312469783e-14 2.525648641416352363e-14 -9.774464281233541693e-14 4.018705426501879355e-15 -1.162221381046155676e-13 -6.248833406079039517e-14 2.582320308487908089e-14 -8.933383806553572381e-14 1.515691456205190994e-13
-1.883916105200296229e-13 1.411379718411462884e-13 1.114477725200855611e-13 9.462930252133828905e-14 6.346941399125689495e-14 7.549334126629992831e-14 8.318263830200206606e-14 -3.043647298377880465e-15 -1.988119644143908932e-14 -3.794145825462773077e-14 8.376171786261095389e-15
-3.689281469834463012e-13 3.799316176814681414e-13 -2.147067863661190769e-12 2.345366495834993782e-13 1.039578195108395423e-12 2.297952284861139583e-12 1.110161002516002754e-11 7.554189039152691510e-12 2.077669818670977501e-11 -2.079915181875761055e-12 5.053865491600090719e-12
-4.295010888861672574e-13 1.054881526769167640e-13 -2.047156737980929258e-12 7.081668609587767332e-13 -1.098728877270040819e-13 2.087979802447109274e-12 1.109831260971894172e-11 7.215462381274603367e-12 1.917663483468811100e-11 -2.135773307858640903e-12 3.421277717535048824e-12
-4.993116625900707704e-13 -2.362825634205937535e-13 -1.893179547297447417e-12 1.259448252266195028e-12 -1.513396426036000853e-12 1.866810654008965342e-12 1.091655459193061987e-11 6.524226460212013111e-12 1.658078253685220349e-11 -2.053381016221283688e-12 9.263577361413740287e-13
-5.785964950577866584e-13 -6.221975801510076883e-13 -1.717163865173668807e-12 1.856112475150395884e-12 -3.070341289179137423e-12 1.672611707986286088e-12 1.063759792132913748e-11 5.479275366536049077e-12 1.330824110133338251e-11 -1.863150257818631446e-12 -1.859220311155068147e-12
-6.631283888466132834e-13 -1.017230167921272256e-12 -1.556515803029922310e-12 2.448690519413781580e-12 -4.596121647535144908e-12 1.525183958086338770e-12 1.031981975433206503e-11 4.186064837515085548e-12 9.557569339683711639e-12 -1.579373846224486530e-12 -4.552313253922848998e-12
-7.446287929714483977e-13 -1.376466835018749859e-12 -1.449690588633319018e-12 2.960613557620308773e-12 -5.815236419086940310e-12 1.447804698170830265e-12 9.949935401845039362e-12 2.825050563835651812e-12 5.633950618679767594e-12 -1.346328352078558705e-12 -6.346877062884710912e-12
-8.072273958372163927e-13 -1.628899144685691085e-12 -1.449381566408556554e-12 3.262235191593285985e-12 -6.258017300250047331e-12 1.446517968613843586e-12 9.351087246386792205e-12 1.606895961490490929e-12 2.290460635088859675e-12 -1.253001226841389380e-12 -7.017585258869067559e-12
-8.365833640634896773e-13 -1.711324208605846359e-12 -1.592517443596268506e-12 3.207099981147884519e-12 -5.449262247895547744e-12 1.561962530349144967e-12 8.313268295544045497e-12 4.154104085371287728e-13 2.501671782447775804e-13 -1.277679324903901523e-12 -6.649740500524369281e-12
-8.357288581434085062e-13 -1.631040287729077381e-12 -1.840444174938611494e-12 2.829671282456364699e-12 -3.622925306662826244e-12 1.775301759760589782e-12 6.950539075379269842e-12 -6.774349541353765855e-13 -5.889526286450553094e-13 -1.171767927769394610e-12 -5.730513432608885430e-12
-8.181675977016618703e-13 -1.449873302850454745e-12 -2.086981994407586977e-12 2.320599690806517425e-12 -1.639108636511583682e-12 1.912780267988510178e-12 5.655578513304567613e-12 -1.205565498028505795e-12 -8.403170090541315596e-13 -1.053204389151308880e-12 -4.459326606251208866e-12
-7.901961286290637834e-13 -1.208189157406615633e-12 -2.237736303015017999e-12 1.802242511236778518e-12 -1.465737559187584398e-13 1.842090255232809201e-12 4.621859093913491703e-12 -1.101215569980553434e-12 -8.970135084601918982e-13 -9.421002509562265813e-13 -3.193888377989951060e-12
-7.532528839805284462e-13 -9.429694712316331850e-13 -2.238511106975746735e-12 1.320388760773675762e-12 6.700797160549225247e-13 1.546735566474435826e-12 3.769599455086662458e-12 -7.022887407928949547e-13 -7.263922019363155672e-13 -8.008273957875696495e-13 -2.507470583956983037e-12
-7.039167990659882481e-13 -6.754051723695681647e-13 -2.080779029787372608e-12 8.842259275457993218e-13 9.007252323213866181e-13 1.102071281624510163e-12 2.966834253465196326e-12 -2.341189390590450260e-13 -3.635422974432132506e-13 -6.120375128421965649e-13 -1.655286841173380358e-12
-6.399486027975964366e-13 -4.192329215893335918e-13 -1.793818808129384888e-12 4.949173897055933775e-13 7.952666518596443784e-13 6.163752063057156472e-13 2.102455652199240425e-12 1.777051372508343852e-13 -2.968058678229939499e-14 -4.086300101377515045e-13 -9.546736165422303874e-13
-5.631071978538992978e-13 -1.976692168559400271e-13 -1.413769724110104906e-12 1.987851541844657504e-13 4.629948233681475263e-13 1.924880366462853870e-13 1.208093588906850455e-12 4.773162702195975274e-13 1.576758352913858965e-13 -1.816725211425431181e-13 -4.344952729031517895e-13
-4.777240868460290537e-13 -2.926556820394086579e-14 -9.998311416810488702e-13 2.173181575758679615e-14 8.459315307603551586e-14 -8.337640250959619122e-14 3.730383152287822848e-13 3.734504039975764598e-13 1.482349464541127870e-13 3.370741184325174900e-14 -6.921829629334000999e-15
-3.891275971957147509e-13 8.021745224990854963e-14 -6.107106229719423507e-13 -3.632268156963026888e-14 -1.794307397573204270e-13 -1.856847805880223412e-13 -1.321590555041363053e-13 8.846508992219311021e-14 8.936176944019728531e-14 3.858385560848074519e-14 -1.249874703049316464e-14
-3.033978144557341608e-13 1.349197810495846940e-13 -2.844485159161231632e-13 -9.475667985020899266e-15 -2.149241266323829194e-13 -1.284150669310060565e-13 -2.277228099262085620e-13 -1.626134076739797222e-14 1.049291287743109968e-13 -1.111773282210421712e-13 -3.194877624880441812e-14
-2.260903616109930450e-13 1.432495721012568447e-13 -4.268311461969868534e-14 4.648877127841341735e-14 -7.880900074060816200e-14 -1.108385283691235653e-14 -1.133375134886688234e-13 -4.461945517664356444e-14 1.444378431377922572e-14 -5.329127675496301252e-14 1.117853608815168959e-13
-1.598602299663202174e-13 1.255628051888865624e-13 1.023594817118892641e-13 1.049150334769857820e-13 6.647842328383767991e-14 4.243386559450120424e-14 7.872626959999676773e-14 -4.661771915141346193e-15 -7.777682696403397066e-15 -2.866720505323544906e-14 9.624584338065667998e-15
-3.737038658295415837e-13 4.099006247301047668e-13 -2.193789652787615108e-12 1.841741425868463105e-13 1.179109349068424630e-12 2.393995184044709613e-12 1.130856340428696245e-11 7.471095524294671194e-12 2.149504564510689840e-11 -1.915985737473457681e-12 5.654422049200325187e-12
-4.352315265648402053e-13 1.342076082086385049e-13 -2.095923379475517400e-12 6.629023268470619575e-13 2.194114216611539982e-14 2.179858398877920460e-12 1.133318694621052482e-11 7.156307666397268819e-12 1.996920399815865643e-11 -1.973568831359523855e-12 4.068898483323673023e-12
-5.062671735455298250e-13 -2.127362072579058857e-13 -1.940807628103890164e-12 1.227154014496531241e-12 -1.411300199472725238e-12 1.945580208142056697e-12 1.117542860477271558e-11 6.506150331416328824e-12 1.740457406748205344e-11 -1.910405226130134104e-12 1.537319870174895226e-12
-5.873956541825334658e-13 -6.083069627113742556e-13 -1.759902436761598321e-12 1.844131945184021646e-12 -3.023643238235720689e-12 1.733544984349614332e-12 1.091530373418060810e-11 5.495629773914741007e-12 1.411556969133497979e-11 -1.742971847814575747e-12 -1.382422534485595855e-12
-6.748171046076827669e-13 -1.018008740270806150e-12 -1.590676456083604034e-12 2.465146766390731658e-12 -4.635707458081974624e-12 1.565726827685969771e-12 1.061731140165165363e-11 4.218714806043910507e-12 1.030599277036280345e-11 -1.477544260058979733e-12 -4.293147244806386345e-12
-7.606756064452242515e-13 -1.397591548894584578e-12 -1.471454607944654765e-12 3.015247041971549779e-12 -5.979324558750274587e-12 1.469519493140639603e-12 1.027868436982520139e-11 2.844630763399329708e-12 6.259425342975308253e-12 -1.245292374504067454e-12 -6.331419736066102548e-12
-8.290065570942008734e-13 -1.675454428890741375e-12 -1.456104963865548027e-12 3.365825118400978468e-12 -6.584897784027574425e-12 1.449792577382578742e-12 9.729819903492974688e-12 1.599423283264706768e-12 2.714001737478021694e-12 -1.144950020484270885e-12 -7.209785568118068934e-12
-8.639463367860531385e-13 -1.782585619389329103e-12 -1.587798498131454231e-12 3.359629596507438340e-12 -5.926601698687560406e-12 1.548623530264167052e-12 8.739315298203776571e-12 3.965266787824938587e-13 4.330277446290944595e-13 -1.185363256046715287e-12 -6.949282544724223785e-12
-8.656531722581901721e-13 -1.714413456998177734e-12 -1.838785445731536682e-12 2.996194881135411019e-12 -4.104207146781050383e-12 1.768365181579997315e-12 7.346490614396093936e-12 -7.319888378856034191e-13 -5.206574434567795821e-13 -1.099700825302038580e-12 -6.047120985287195280e-12
-8.488158024246686377e-13 -1.536255400023108277e-12 -2.099994253601730837e-12 2.475028736110811841e-12 -2.015283473389361670e-12 1.934304787200569387e-12 5.973072757639036873e-12 -1.334269180474532777e-12 -8.003107702370271808e-13 -9.773660953302947050e-13 -4.735416863320711637e-12
-8.205497938508933705e-13 -1.290811956051381685e-12 -2.270930013165981271e-12 1.932851613921417300e-12 -3.758518804936863946e-13 1.895820035345615279e-12 4.851754527167524597e-12 -1.273825721681883104e-12 -8.659165148585941584e-13 -8.706649289559044049e-13 -3.400656677000319288e-12
-7.833332009190363184e-13 -1.018126694401725764e-12 -2.288516140698896673e-12 1.426147152160430069e-12 5.660108721933949918e-13 1.621816628499244724e-12 3.927882745817767949e-12 -8.444071081462586229e-13 -7.130943014483912352e-13 -7.554427324437943115e-13 -2.641295301748564270e-12
-7.337469907666597874e-13 -7.412890295855065303e-13 -2.140667267499944952e-12 9.664937402280147922e-13 8.796770364353481223e-13 1.182235944617605531e-12 3.073164485185374535e-12 -3.222590780788996301e-13 -3.546061280384558518e-13 -5.877911448247452246e-13 -1.737091735793949090e-12
-6.691814641789793583e-13 -4.740296411290352615e-13 -1.855580178359124887e-12 5.532280264528929933e-13 8.187646387790854645e-13 6.853254538817848056e-13 2.173799482446022175e-12 1.312027226478760260e-13 -2.216266917803797614e-15 -4.005256770775209955e-13 -1.011723678499805166e-12
-5.910968577676715255e-13 -2.392804777242281050e-13 -1.470287089326280420e-12 2.331049662295573757e-13 5.007584628299483310e-13 2.357100091837596367e-13 1.255934297644147751e-12 4.643600758207293664e-13 1.922807739356268691e-13 -1.850861816081613684e-13 -4.639435331010111565e-13
-5.036785117687723184e-13 -5.702640959987783437e-14 -1.044771652102987097e-12 3.475899355170849736e-14 1.141465512942223172e-13 -6.880530259887337328e-14 3.977854103640219930e-13 3.861209093047535590e-13 1.710337508656976721e-13 2.433381658725133850e-14 -5.359872239034621659e-15
-4.122548510844133944e-13 6.534108968525363236e-14 -6.416937806901479923e-13 -3.828039703179597903e-14 -1.688041180394808610e-13 -1.920590710055759349e-13 -1.231246431810073915e-13 9.371018745158106185e-14 9.345747244079511578e-14 2.944978021753410466e-14 2.234826055624478060e-15
-3.231066975560498325e-13 1.303379661035209702e-13 -3.012571663078168963e-13 -1.846630277253443715e-14 -2.202711258041944151e-13 -1.375405795341059531e-13 -2.242201584294036349e-13 -2.150589551911637981e-14 1.120804562082828632e-13 -1.312689491452865311e-13 -2.373591547835991891e-14
-2.421114884288683080e-13 1.450628637675319598e-13 -4.708356520591195247e-14 3.662730356645423623e-14 -8.571818618306762894e-14 -7.929527707842385463e-15 -1.135137709075857117e-13 -5.155448204342336557e-14 1.894156164418782804e-14 -6.684312920121921342e-14 1.269565851855742131e-13
-1.722219119239512150e-13 1.305091322583378818e-13 1.072833545716519175e-13 9.865233188076247299e-14 6.487675988127451517e-14 5.572169332733766172e-14 8.030655574533774121e-14 -1.944296696009980454e-15 -1.208052408808209866e-14 -3.307068005676587104e-14 7.761979782905422046e-15
-3.782192234051453776e-13 4.382354139022278866e-13 -2.237958764107619038e-12 1.365481118934506607e-13 1.311044865369587505e-12 2.484817639155017313e-12 1.150421802752432268e-11 7.392432197218642241e-12 2.217423755951833624e-11 -1.760918558702626168e-12 6.222396868635310915e-12
-4.406496150678197179e-13 1.613616137598993472e-13 -2.142024551626244350e-12 6.200910879792764016e-13 1.465891610074490964e-13 2.266752880371497896e-12 1.155523953765614052e-11 7.100234556257836742e-12 2.071858841855732848e-11 -1.820094079820796192e-12 4.681454248490367553e-12
-5.128435730079490628e-13 -1.904724839427248131e-13 -1.985831571708286382e-12 1.196601526902018255e-12 -1.314740777930934517e-12 2.020087669560587519e-12 1.142017561470341872e-11 6.488885877456958127e-12 1.818350189307009177e-11 -1.775078327884835591e-12 2.115293861661309717e-12
-5.957151068867297611e-13 -5.951718531707959750e-13 -1.800304059095785077e-12 1.832784849421054921e-12 -2.979456030911481020e-12 1.791188208690180322e-12 1.117786594589215604e-11 5.510929600350032297e-12 1.487896090416674377e-11 -1.629193633264856799e-12 -9.312576756821882134e-13
-6.858683985278900999e-13 -1.018742324835015523e-12 -1.622969028024168627e-12 2.480686657615448497e-12 -4.673096148660850880e-12 1.604088303275588083e-12 1.089858950563628028e-11 4.249447025444983317e-12 1.101370696285297812e-11 -1.381121360092803095e-12 -4.047741508143156856e-12
-7.758470975833676198e-13 -1.417561271843827344e-12 -1.492028303804425056e-12 3.066884586160402583e-12 -6.134424921633761883e-12 1.490069773562522464e-12 1.058952040766685288e-11 2.863052226753670230e-12 6.850928028563908721e-12 -1.149653394990142651e-12 -6.316469351416847775e-12
-8.495975166362588076e-13 -1.719467231832809892e-12 -1.462459717614443032e-12 3.463750113782550530e-12 -6.893909456352124034e-12 1.452899771270068407e-12 1.008791348434982195e-11 1.592302184706441880e-12 3.114619113104121145e-12 -1.042707845050593762e-12 -7.391225834619177334e-12
-8.898166267098118203e-13 -1.849956582176568474e-12 -1.583333756479989357e-12 3.503819865709993344e-12 -6.377859813628837328e-12 1.536022494628616240e-12 9.142131936359843253e-12 3.785877208189562763e-13 6.061656287197649047e-13 -1.097980254500895575e-12 -7.232354388040199511e-12
-8.939499393028089510e-13 -1.793252774323881272e-12 -1.837197654034351843e-12 3.153667293961395622e-12 -4.559403733905476426e-12 1.761782520270875389e-12 7.720975601102857503e-12 -7.836080946736594780e-13 -4.560270666830356437e-13 -1.031474115547706777e-12 -6.346474585019381006e-12
-8.777982772956617419e-13 -1.617944836216023269e-12 -2.112272586779114242e-12 2.621084763942964373e-12 -2.371174554334815851e-12 1.954613521668269473e-12 6.273409202833503923e-12 -1.455931089014612795e-12 -7.624980692844459459e-13 -9.056236174682638511e-13 -4.996513262217398618e-12
-8.492549279810353926e-13 -1.368951999712576024e-12 -2.302287471302378296e-12 2.056395380979614491e-12 -5.928805985533401079e-13 1.946577958424331687e-12 5.069271316968902044e-12 -1.436996370967460146e-12 -8.365511489551777500e-13 -8.030926504279906191e-13 -3.596238997160864773e-12
-8.117791447936504173e-13 -1.089207560496314674e-12 -2.335775247025989292e-12 1.526186423105150894e-12 4.674174417396037402e-13 1.692773771518393797e-12 4.077658020338206246e-12 -9.788352797384726311e-13 -7.005129029691252964e-13 -7.124763442029733922e-13 -2.767921155490679141e-12
-7.619557828550599729e-13 -8.036006426939440018e-13 -2.197277021362959955e-12 1.044313858261165890e-12 8.596466575117628137e-13 1.258017572810200623e-12 3.173773343051883219e-12 -4.056274184331222571e-13 -3.461692013352640060e-13 -5.648480719594133767e-13 -1.814475701647657448e-12
-6.968253038093074621e-13 -5.258578948904267401e-13 -1.913966274901019482e-12 6.083916107272722963e-13 8.409003142229417480e-13 7.505197108961541986e-13 2.241291817957847008e-12 8.723302641701345354e-14 2.373678360726945428e-14 -3.928574491026729633e-13 -1.065682815951177822e-12
-6.175652137589872958e-13 -2.786423549633279881e-13 -1.523718510441607134e-12 2.655808429280919042e-13 5.364213618377923709e-13 2.765956846314299133e-13 1.301173215227308421e-12 4.521230210760469498e-13 2.250102000849084761e-13 -1.883218900932424248e-13 -4.917943174466687376e-13
-5.282227029341286697e-13 -8.329225456175240921e-14 -1.087260648927532998e-12 4.709742026371681910e-14 1.420743221981916077e-13 -5.500903453346862690e-14 4.211773027002403188e-13 3.980958403543936102e-13 1.925895355456104873e-13 1.547022217214981514e-14 -3.869775152263841103e-15
-4.341262020172110049e-13 5.125888247757925719e-14 -6.709856533051958907e-13 -4.011595646218832166e-14 -1.587573082793713430e-13 -1.980710782100609146e-13 -1.146010422122642317e-13 9.869764923487148161e-14 9.733570435821909480e-14 2.079869357008046114e-14 1.616557216502245425e-14
-3.417460111071165575e-13 1.259924485708215835e-13 -3.171463199058762700e-13 -2.696009501888311310e-14 -2.253211890739853331e-13 -1.461724061356654769e-13 -2.209171375171783565e-13 -2.645544997261241582e-14 1.188067792421835353e-13 -1.502608725494739094e-13 -1.595669453587897577e-14
-2.572638770818547408e-13 1.467684339096184833e-13 -5.123854559867740322e-14 2.730323789633323122e-14 -9.225094993715804411e-14 -4.959590581875025823e-15 -1.136809394704760659e-13 -5.811345434475421626e-14 2.318301544457409499e-14 -7.966037163265483490e-14 1.412961203957468083e-13
-1.839139038675091068e-13 1.351811835625181382e-13 1.119460596338205700e-13 9.272684762033432167e-14 6.336208819763923950e-14 6.828052407950369357e-14 8.179923078486085244e-14 6.410230739447365761e-16 -1.613834633354103952e-14 -3.724210292865037191e-14 6.000996142868866423e-15
-3.827916855634236648e-13 4.669285461053949546e-13 -2.282686471077698382e-12 8.831976656895497272e-14 1.444648937396315759e-12 2.576788703200273767e-12 1.170234704552295928e-11 7.312774033918699786e-12 2.286201904430458665e-11 -1.603890283602525800e-12 6.797554724611182048e-12
-4.461362247635590220e-13 1.888590292835316110e-13 -2.188708753730591385e-12 5.767384259247167620e-13 2.728135724810837447e-13 2.354746294713404011e-12 1.178010037240360049e-11 7.043452302774674732e-12 2.147745011666141237e-11 -1.664678370911366999e-12 5.301756854555214989e-12
-5.195031425298656370e-13 -1.679271968184811023e-13 -2.031424921833875588e-12 1.165662649466999042e-12 -1.216960193190921435e-12 2.095537408275699174e-12 1.166801787864541463e-11 6.471403083700079927e-12 1.897228062471715671e-11 -1.638039983653168842e-12 2.700577347037166551e-12
-6.041397736072690354e-13 -5.818706271104696255e-13 -1.841216630611598703e-12 1.821294249608007102e-12 -2.934709998691195619e-12 1.849560432509779608e-12 1.144374871608301688e-11 5.526422919428821308e-12 1.565200653560559250e-11 -1.513976493634057968e-12 -4.743870463839104563e-13
-6.970594553773659033e-13 -1.019485186788946154e-12 -1.655669996007498624e-12 2.496423077810513887e-12 -4.710957684399611378e-12 1.642934926853559447e-12 1.118342486338930600e-11 4.280567907232954725e-12 1.173037144075275957e-11 -1.283479023377534648e-12 -3.799232185436453982e-12
-7.912104587581885028e-13 -1.437783546832661001e-12 -1.512862189993463587e-12 3.119175177357490681e-12 -6.291486799939978165e-12 1.510879948202033164e-12 1.090428751116832681e-11 2.881706661526268609e-12 7.449911301744570413e-12 -1.052804892827713726e-12 -6.301329892374585958e-12
-8.704488848843480277e-13 -1.764036653671402081e-12 -1.468894838256430801e-12 3.562913542077675100e-12 -7.206829122262075994e-12 1.456046260972208823e-12 1.045053578533939415e-11 1.585091027221975197e-12 3.520302997332225364e-12 -9.391726380319423972e-13 -7.574960730535102778e-12
-9.160140917205917246e-13 -1.918179568713009280e-12 -1.578812550233705253e-12 3.649833673278401381e-12 -6.834824877713129527e-12 1.523262096714508799e-12 9.550042896136762027e-12 3.604218932145762239e-13 7.814931448626834676e-13 -1.009492141631442018e-12 -7.519006170237209649e-12
-9.226045684922332128e-13 -1.873089152852423657e-12 -1.835589781788403229e-12 3.313131221188735379e-12 -5.020357079307987482e-12 1.755116609537265189e-12 8.100196606224445468e-12 -8.358801673916616595e-13 -3.905793254644843826e-13 -9.623845593641930261e-13 -6.649614035121582588e-12
-9.071472862905740728e-13 -1.700667378375149700e-12 -2.124706200832526962e-12 2.768987926033204234e-12 -2.731566501617089066e-12 1.975179095508772333e-12 6.577543928327319984e-12 -1.579131625466775522e-12 -7.242071604244911344e-13 -8.329738301685934478e-13 -5.260911682283877222e-12
-8.783230887781643926e-13 -1.448080261072131949e-12 -2.334041499268058326e-12 2.181501575354841545e-12 -8.126540251820064695e-13 1.997977804221633262e-12 5.289538987486483511e-12 -1.602230598924394060e-12 -8.068144065033586880e-13 -7.346658019587044567e-13 -3.794294798290474477e-12
-8.405848374224339496e-13 -1.161187368637923003e-12 -2.383632027391119819e-12 1.627490865857235561e-12 3.675771244287349439e-13 1.764628291814590580e-12 4.229327465455445508e-12 -1.114963531088592087e-12 -6.877723906106700182e-13 -6.689665706097439152e-13 -2.896148414911100043e-12
-7.905213245008366937e-13 -8.667002952979102904e-13 -2.254602704601020147e-12 1.123118148005625242e-12 8.393629592003662004e-13 1.334757592390004288e-12 3.275654576056507448e-12 -4.900500975357982330e-13 -3.376255748926762604e-13 -5.416148436793785672e-13 -1.892838323246697071e-12
-7.248187481875756071e-13 -5.783416077166719607e-13 -1.973090765807103291e-12 6.642528351682525177e-13 8.633159339592170154e-13 8.165384634817945159e-13 2.309637712192435562e-12 4.270725631948358361e-14 5.001805592243896310e-14 -3.850922429181290459e-13 -1.120324361194462930e-12
-6.443683084532490188e-13 -3.185020321080826214e-13 -1.577825665397450787e-12 2.984674339948870550e-13 5.725352806307019360e-13 3.179984310825958513e-13 1.346984258113190216e-12 4.397312073068020681e-13 2.581535471664274765e-13 -1.915985197748574067e-13 -5.199973237330039382e-13
-5.530772983726971921e-13 -1.098902771655564647e-13 -1.130286993495337731e-12 5.959188801292264214e-14 1.703552886835372290e-13 -4.103828846700762496e-14 4.448650264747218778e-13 4.102222153581216759e-13 2.144179308827055815e-13 6.494532071959817502e-15 -2.360833172617574952e-15
-4.562741544814163704e-13 3.699858106887657213e-14 -7.006479729305774671e-13 -4.197472974549819055e-14 -1.485834389950833413e-13 -2.041591177576945499e-13 -1.059696453753919158e-13 1.037481862209808015e-13 1.012629833064622018e-13 1.203819876210906783e-14 3.027249697475932732e-14
-3.606210514196995996e-13 1.215919743367614140e-13 -3.332364196702966475e-13 -3.556130614571927026e-14 -2.304351192248498211e-13 -1.549133973014619518e-13 -2.175723441079673485e-13 -3.146760020768064042e-14 1.256181683913608124e-13 -1.694929820926597267e-13 -8.079091703650234328e-15
-2.726078942265020089e-13 1.484955739589241010e-13 -5.544607299236455846e-14 1.786125307519106677e-14 -9.886633193086134321e-14 -1.952093403852346136e-15 -1.138502221648962513e-13 -6.475537634434422799e-14 2.747810985115701080e-14 -9.263971054899591915e-14 1.558170041485511626e-13
-1.957537615273903425e-13 1.399123211298738301e-13 1.166677327689565446e-13 8.672642521899672976e-14 6.182826083154889292e-14 8.099818324592379092e-14 8.331078330937679972e-14 3.259038748961057201e-15 -2.024748684292481871e-14 -4.146628075014253893e-14 4.217741775820431370e-15
-3.888568245021145730e-13 5.049885292943363307e-13 -2.342015503756347905e-12 2.434731498139681303e-14 1.621867956142341783e-12 2.698783650573722884e-12 1.196515512987694450e-11 7.207111524881254392e-12 2.377432626764971792e-11 -1.395600248791967312e-12 7.560472421203319931e-12
-4.534139340047210432e-13 2.253329549855900124e-13 -2.250632977867611601e-12 5.192333206903103505e-13 4.402438460933845482e-13 2.471465091683921706e-12 1.207836685456990405e-11 6.968133526749317895e-12 2.248404163428104616e-11 -1.458527323312076080e-12 6.124556770210034628e-12
-5.283367234355608161e-13 -1.380220180477229841e-13 -2.091902186192361599e-12 1.124623799337655401e-12 -1.087259211773572353e-12 2.195617656336141439e-12 1.199676805988703386e-11 6.448213045697871792e-12 2.001855556831646764e-11 -1.456265577367118368e-12 3.476926176764828633e-12
-6.153146663406942938e-13 -5.642272260587983770e-13 -1.895485079769597748e-12 1.806052552424097437e-12 -2.875356658813069077e-12 1.926988224046956503e-12 1.179642871296653483e-11 5.546974020931951640e-12 1.667741232032838667e-11 -1.361146807413841794e-12 1.316286487330562604e-13
-7.119038241770527433e-13 -1.020470555517517543e-12 -1.699046169959151581e-12 2.517296640434478017e-12 -4.761179089667444226e-12 1.694463000944997250e-12 1.156124450545797305e-11 4.321848177224856509e-12 1.268099048743851111e-11 -1.153961420952075630e-12 -3.469597185491324836e-12
-8.115891774295993042e-13 -1.464607368037470187e-12 -1.540497282409059969e-12 3.188535992053777269e-12 -6.499821408101846829e-12 1.538483588448568534e-12 1.132181009436977805e-11 2.906450822358506223e-12 8.244432204599414908e-12 -9.243402716031254961e-13 -6.281248168874838914e-12
-8.981071663255739925e-13 -1.823155729124538250e-12 -1.477430699174289871e-12 3.694448795549260191e-12 -7.621901173071190848e-12 1.460219919909484031e-12 1.093153585845560109e-11 1.575525793024243774e-12 4.058422074034728263e-12 -8.018384422734989186e-13 -7.818675742486122276e-12
-9.507636991071736344e-13 -2.008673896892441566e-12 -1.572815399776877448e-12 3.843513576340432946e-12 -7.440965836218473845e-12 1.506336076798911014e-12 1.009111607584112927e-11 3.363258451746125830e-13 1.014056193964449246e-12 -8.921171523743541038e-13 -7.899235206911489261e-12
-9.606134794157692731e-13 -1.978988055912698648e-12 -1.833457020992535755e-12 3.524652025116175143e-12 -5.631788290395942763e-12 1.746274617472455723e-12 8.603214017539454040e-12 -9.052164181341838316e-13 -3.037662194449138726e-13 -8.707407707020148005e-13 -7.051713126173371285e-12
-9.460772567725783950e-13 -1.810394630955032938e-12 -2.141198758765411101e-12 2.965173961896233118e-12 -3.209608123307751864e-12 2.002458285243418324e-12 6.980963201637628592e-12 -1.742550882460187638e-12 -6.734162138330015641e-13 -7.366075756781279998e-13 -5.611622763718390849e-12
-9.168805283823285263e-13 -1.553039882632379298e-12 -2.376161605400454979e-12 2.347448590875592058e-12 -1.104172318096073594e-12 2.066157090299971727e-12 5.581712870096715764e-12 -1.821405413721722529e-12 -7.673701273769871596e-13 -6.439010614288630243e-13 -4.057005763723070419e-12
-8.787941263241368233e-13 -1.256664929903436435e-12 -2.447111617072672786e-12 1.761866066194946117e-12 2.351440122766270444e-13 1.859939665149829528e-12 4.430509284632461946e-12 -1.295530745550242543e-12 -6.708727478228459059e-13 -6.112530648954142781e-13 -3.066235364810438859e-12
-8.284120653126884097e-13 -9.503987810569621495e-13 -2.330642313214296687e-12 1.227648037646740349e-12 8.124576632125067600e-13 1.436549332470222862e-12 3.410794859479583749e-12 -6.020324953873303479e-13 -3.262928881836100148e-13 -5.107971459143003735e-13 -1.996782362563205455e-12
-7.619506310146601086e-13 -6.479585882982367532e-13 -2.051516401452586174e-12 7.383499134408372979e-13 8.930491155845941767e-13 9.041089871652889108e-13 2.400295071217003130e-12 -1.635391720754112155e-14 8.487882939144408054e-14 -3.747920911621239112e-13 -1.192803596955968666e-12
-6.799212528519159044e-13 -3.713738702454425059e-13 -1.649596059603814602e-12 3.420898274614348555e-13 6.204385604958109551e-13 3.729170723156327270e-13 1.407750280825938160e-12 4.232940954816256167e-13 3.021165144502365058e-13 -1.959448027086588709e-13 -5.574071797802610380e-13
-5.860456574255441415e-13 -1.451712038155930846e-13 -1.187359255250909078e-12 7.616516516100164978e-14 2.078685549556141827e-13 -2.250680308538825904e-14 4.762855894991367692e-13 4.263072361879223144e-13 2.433721891164302205e-13 -5.411265162615498459e-15 -3.592982432657023765e-16
-4.856522890350804715e-13 1.808301522586804618e-14 -7.399935340453011568e-13 -4.444029814128103860e-14 -1.350883179099736742e-13 -2.122345931494659631e-13 -9.452053568013518134e-14 1.104474671315040033e-13 1.064723194554769700e-13 4.178471562192421111e-16 4.898461654949920608e-14
-3.856578341592257735e-13 1.157549686777879021e-13 -3.545791201581790531e-13 -4.697037603739813730e-14 -2.372184879573720696e-13 -1.665078783254945161e-13 -2.131356454735891824e-13 -3.811596303744468434e-14 1.346531303014494157e-13 -1.950033990272568758e-13 2.370148518339358197e-15
-2.929609539931028698e-13 1.507865375589440425e-13 -6.102714447373624510e-14 5.336939565959883171e-15 -1.076413002986717400e-13 2.037198916699823524e-15 -1.140747670715646726e-13 -7.356554868066430518e-14 3.317533452744221890e-14 -1.098561446859351164e-13 1.750782192533357968e-13
-2.114587316336273388e-13 1.461879349287692737e-13 1.229307924776246032e-13 7.876716954094635859e-14 5.979371670412235345e-14 9.786751247911605627e-14 8.531578099892745711e-14 6.731703629536283349e-15 -2.569805311530690296e-14 -4.706943817787316024e-14 1.852345391682247711e-15
-3.787955039429519150e-13 4.422761398890984482e-13 -2.241839274385671834e-12 1.255520435627091726e-13 1.335608591886264536e-12 2.504236995946225436e-12 1.152236149570132072e-11 7.335856086625838082e-12 2.227098458827640867e-11 -1.705190964887198090e-12 6.362311533383655899e-12
-4.413497395470279437e-13 1.657900678070763600e-13 -2.146264934686037587e-12 6.078707553357474665e-13 1.743505782732474515e-13 2.288508796067892373e-12 1.157821340698148004e-11 7.036328489586229985e-12 2.083515464844987847e-11 -1.753781421570947449e-12 4.854869909499749116e-12
-5.136616135152208955e-13 -1.861328328834214530e-13 -1.990337670320441012e-12 1.184905235978570823e-12 -1.287050177076447656e-12 2.041185187101249829e-12 1.144916614521396688e-11 6.429711687858588691e-12 1.831678270574862271e-11 -1.707010387927468639e-12 2.308167760139582940e-12
-5.966781480677005157e-13 -5.915246322871529546e-13 -1.804786206283702014e-12 1.823295645475499793e-12 -2.955953056612311256e-12 1.809209101251332626e-12 1.121265144340165126e-11 5.464406862321044184e-12 1.502179148984145670e-11 -1.566312541160022046e-12 -7.440106741045894706e-13
-6.870738287726496112e-13 -1.016492760680864864e-12 -1.626950975261747539e-12 2.474813271545761118e-12 -4.658550964159881612e-12 1.617376194066949261e-12 1.093805161226117982e-11 4.217354309634280492e-12 1.116027933216214717e-11 -1.327548571148946273e-12 -3.893903174276796973e-12
-7.775125337968538995e-13 -1.417632510041052073e-12 -1.494819010081645311e-12 3.066211819417489273e-12 -6.135452346680977594e-12 1.497537176705502720e-12 1.063417089395432616e-11 2.842644050706144871e-12 6.997906790352394795e-12 -1.106138057569643336e-12 -6.217050365981572761e-12
-8.521318320304258965e-13 -1.723247634650098644e-12 -1.462679408607027774e-12 3.470493692330615422e-12 -6.922005851839246527e-12 1.455401724947171941e-12 1.014173200325328336e-11 1.571087051863219116e-12 3.247414208318416818e-12 -9.998187317509593900e-13 -7.358296998533179505e-12
-8.938875614200178132e-13 -1.859922223445489822e-12 -1.579024621054970393e-12 3.524736551991220646e-12 -6.459083698836590355e-12 1.531006187244291105e-12 9.219782628265385557e-12 3.584921340105766453e-13 6.872242957697732374e-13 -1.055543001235194597e-12 -7.257441967130420294e-12
-8.993829479083563247e-13 -1.808912123277561193e-12 -1.829485751948199450e-12 3.188577505280680137e-12 -4.688604259059316061e-12 1.748872082206962331e-12 7.819604600859304696e-12 -7.899758699626457385e-13 -4.349756469810244624e-13 -1.001900327683452049e-12 -6.406022559775110821e-12
-8.836765301958669009e-13 -1.635749117917247095e-12 -2.105191473643458412e-12 2.658247245394080165e-12 -2.500087797961741794e-12 1.943186207316851706e-12 6.364786392901896850e-12 -1.468749040534204133e-12 -7.557099280964918310e-13 -8.818561367424449653e-13 -5.060006200305625658e-12
-8.551760615429487457e-13 -1.387394625030246469e-12 -2.298899674444251398e-12 2.090628921844447462e-12 -6.946804363740981086e-13 1.943014993315840515e-12 5.141076070840895790e-12 -1.468918650863639561e-12 -8.327326698473992259e-13 -7.776488040480841258e-13 -3.652791690778068697e-12
-8.175153391465323611e-13 -1.106747131625043674e-12 -2.336754406907250768e-12 1.554631380062162784e-12 4.013315294876587296e-13 1.697458481385920003e-12 4.127291229873768946e-12 -1.020909865702477260e-12 -6.922588977783604836e-13 -6.905026216735319779e-13 -2.806565164633187183e-12
-7.675498310888163043e-13 -8.196159384564275558e-13 -2.201939187059549893e-12 1.067251701256320231e-12 8.258236824203254771e-13 1.269715425160299919e-12 3.202158509884276087e-12 -4.291171288969820095e-13 -3.451476137347897967e-13 -5.541734628616445653e-13 -1.833784197218167254e-12
-7.023689419663099759e-13 -5.404584973809909265e-13 -1.920569605652464334e-12 6.265205719867439694e-13 8.275350300092006925e-13 7.656401439573295482e-13 2.254546934076951910e-12 7.598751767972098804e-14 2.825278797276285682e-14 -3.876149605008153679e-13 -1.074527020257600444e-12
-6.230182625469256488e-13 -2.913234039477979893e-13 -1.530955770203321755e-12 2.786824203722292799e-13 5.358638892933366791e-13 2.909066787172108520e-13 1.305219500527926498e-12 4.469689368972094511e-13 2.368391821604994809e-13 -1.875324277508618244e-13 -4.978587752323242175e-13
-5.334989066061804916e-13 -9.349984659928972382e-14 -1.093460668675280963e-12 5.483601672536950538e-14 1.466722036784641846e-13 -4.704016528138092565e-14 4.202327634504575314e-13 3.980234686281068158e-13 1.989135024635804806e-13 1.452023499215456961e-14 -3.134099567671437486e-15
-4.390829252304011080e-13 4.394347646927024739e-14 -6.751558061333102059e-13 -3.719174000540535652e-14 -1.541408857757008610e-13 -1.967403933960763840e-13 -1.174344440232527852e-13 1.023160695933814575e-13 9.772545424584869211e-14 1.875447058937019586e-14 1.890135837704341740e-14
-3.462120019826831542e-13 1.216942928839492336e-13 -3.188735680742734855e-13 -2.773691317615463512e-14 -2.241818744946584879e-13 -1.499881045709260648e-13 -2.211444977717323966e-13 -2.661443436109099114e-14 1.151772124502491568e-13 -1.518780712533651644e-13 -1.496037589907818003e-14
-2.611144862236393633e-13 1.449140310004022034e-13 -5.073808139615384716e-14 2.471384242539771017e-14 -9.318166732273892178e-14 -7.014572867285525075e-15 -1.132076824274621717e-13 -5.932402549890804388e-14 2.303912364803020217e-14 -8.213083909307796939e-14 1.433869731912897741e-13
-1.870703895626802756e-13 1.350002193508473618e-13 1.141754608669154820e-13 9.002153638364407876e-14 6.280951831022415579e-14 7.037600628860592201e-14 8.187591893369049486e-14 3.307311828334293536e-15 -1.581207919024632074e-14 -3.909984733376386935e-14 4.709995029754076284e-15
-3.836155659214339353e-13 4.729128590229768780e-13 -2.287182510216385550e-12 6.982547853589652293e-14 1.484035877652834309e-12 2.608997318983505006e-12 1.172434581310655788e-11 7.205287266778084346e-12 2.300566984299923723e-11 -1.503746813675067723e-12 7.036694599070857067e-12
-4.471431423422614309e-13 1.956900027512225560e-13 -2.193738951068565991e-12 5.554081505707398760e-13 3.191279511750908923e-13 2.392003671933345420e-12 1.180972960951664164e-11 6.919056678284243380e-12 2.165546259110750851e-11 -1.542815406315969731e-12 5.605408030188680338e-12
-5.206641325089059719e-13 -1.609279743222320604e-13 -2.037013486633126446e-12 1.144413555314622710e-12 -1.168687620362441565e-12 2.132554910828360317e-12 1.170790438737608440e-11 6.352670581949384806e-12 1.918142331465386276e-11 -1.510584222287653594e-12 3.046655188930538908e-12
-6.054660438829090849e-13 -5.756014165982153514e-13 -1.847073677138023004e-12 1.803050876939474768e-12 -2.890986929159333747e-12 1.881694581076604134e-12 1.149400238398035726e-11 5.430413949703453266e-12 1.588153444545115915e-11 -1.394973654164069561e-12 -1.298783379244206950e-13
-6.986729505809964123e-13 -1.015004218458490555e-12 -1.661115813903539000e-12 2.483457440251726306e-12 -4.679188257046366499e-12 1.667051881884438973e-12 1.124178835116749734e-11 4.212263724246221767e-12 1.197134321710690608e-11 -1.181576586450830192e-12 -3.506011538090164287e-12
-7.934401129631898047e-13 -1.436532410088629289e-12 -1.516810421992623647e-12 3.113999371082890957e-12 -6.282193513016658223e-12 1.524610846390835685e-12 1.097094657293222604e-11 2.838133526747368314e-12 7.700123906422456801e-12 -9.712308324268915807e-13 -6.099626812949131717e-12
-8.740027688503336102e-13 -1.768394241358573721e-12 -1.468828434738367879e-12 3.569148899911913913e-12 -7.239955846580408092e-12 1.461014859487864644e-12 1.053194764717934766e-11 1.542781992904106199e-12 3.756415215562397036e-12 -8.601928612911085832e-13 -7.490850001525249291e-12
-9.222054835157518850e-13 -1.932996675734563084e-12 -1.570633397203313544e-12 3.680407468473528632e-12 -6.961575676418639223e-12 1.514641295670001954e-12 9.674492679504409034e-12 3.202623270352947293e-13 9.340870359545097765e-13 -9.299780694931074145e-13 -7.544728838162072897e-12
-9.314064734138463911e-13 -1.898645761753438165e-12 -1.820174712375866567e-12 3.371303267732427747e-12 -5.245497797227184116e-12 1.729876755257212661e-12 8.270423205953136113e-12 -8.463423264136585692e-13 -3.519945706639156072e-13 -9.066679286290612960e-13 -6.745391303616582011e-12
-9.168120256917125871e-13 -1.730374985221389112e-12 -2.109455556423135849e-12 2.832905323918314754e-12 -2.964964446676149257e-12 1.950469105096866562e-12 6.739645220065946340e-12 -1.595397702742329037e-12 -7.138501215747967508e-13 -7.903243605244565215e-13 -5.368764572551011488e-12
-8.881217262583317879e-13 -1.479390782025633959e-12 -2.324630653642892849e-12 2.241465920516020517e-12 -1.003406952879386550e-12 1.986462399244995108e-12 5.419269561780996214e-12 -1.652749604336934984e-12 -8.022027875830564746e-13 -6.887419880367557908e-13 -3.893828160087740929e-12
-8.500211992190463164e-13 -1.191192284941919120e-12 -2.381869771593673165e-12 1.677523280088563478e-12 2.399743617043207419e-13 1.768193845104130972e-12 4.319412996866609734e-12 -1.189270322173237511e-12 -6.726130236204053421e-13 -6.276040606242661731e-13 -2.965692308022124579e-12
-7.996810437787669205e-13 -8.942910009802691973e-13 -2.259545273169539877e-12 1.163667856263564069e-12 7.710533199093786776e-13 1.352096243443507891e-12 3.326522723777456341e-12 -5.313134197640680359e-13 -3.365503375861993059e-13 -5.217921044501627722e-13 -1.926424818881713507e-12
-7.339097886824798570e-13 -6.038395796336004686e-13 -1.981844956694705503e-12 6.967706890690627296e-13 8.334355140028916165e-13 8.416668321999530932e-13 2.332195185844780643e-12 2.363656160367091823e-14 5.659928446754721465e-14 -3.752225948091266945e-13 -1.134542311562982335e-12
-6.533567712773569682e-13 -3.410862362741542918e-13 -1.588236077450205164e-12 3.225542581801167630e-13 5.677837658650252388e-13 3.435913843791283750e-13 1.352203177611242232e-12 4.308529942640263989e-13 2.791071437926384002e-13 -1.900128834452027848e-13 -5.299186039618756794e-13
-5.618502854353495558e-13 -1.285075642892668717e-13 -1.139497733580017783e-12 7.442688744382970830e-14 1.769411277354366261e-13 -2.593532790134241378e-14 4.414384453700314580e-13 4.090952635693519088e-13 2.253393002088426846e-13 5.218696393831603161e-15 -8.767732840918519331e-16
-4.646057199426929933e-13 2.324508624405195870e-14 -7.067615937068798993e-13 -3.573665994088576418e-14 -1.403625059505446669e-13 -2.007832329844669587e-13 -1.124721623406534275e-13 1.111553473704280672e-13 1.017574277136241762e-13 8.234919667221258928e-15 3.481369377755838044e-14
-3.682107891878389203e-13 1.131456574446729109e-13 -3.354584529372323557e-13 -3.630134589674798841e-14 -2.277912160049033725e-13 -1.617867291026914764e-13 -2.184980080842090544e-13 -3.120155025032344469e-14 1.174582130388102134e-13 -1.713211834771185410e-13 -6.345010020302125965e-15
-2.792250859840808640e-13 1.445237762548662928e-13 -5.404304258728396353e-14 1.345373681520565186e-14 -1.002600768096160051e-13 -6.453993158368407670e-15 -1.129605567997565699e-13 -6.678117130939409112e-14 2.666670839703719077e-14 -9.661803146410522624e-14 1.589092781644901636e-13
-2.012374958596397136e-13 1.391106921680865453e-13 1.208999833562982585e-13 8.175298396841651903e-14 6.082829802653071276e-14 8.409967825660149316e-14 8.333377397736269493e-14 8.458386078845971917e-15 -1.901660875319663223e-14 -4.486405956452316950e-14 1.742941981841219808e-15
-3.884968296107638501e-13 5.039380059790275984e-13 -2.333095342004721773e-12 1.338166287537787391e-14 1.634358981306602431e-12 2.715104725099001477e-12 1.192887754397222598e-11 7.072953435974059002e-12 2.374968723015748239e-11 -1.299665636310632783e-12 7.719828552092201297e-12
-4.530101665145386409e-13 2.259694973760284899e-13 -2.241807761512889628e-12 5.022640214856852251e-13 4.657638969482677392e-13 2.496839837275855863e-12 1.204416651288758619e-11 6.800138895494887933e-12 2.248620606487224567e-11 -1.329048055271186806e-12 6.365764211587833988e-12
-5.277556767895340607e-13 -1.354024682411299326e-13 -2.084272211387628705e-12 1.103386127639633089e-12 -1.048791155001760907e-12 2.225123032010425408e-12 1.196990905097591408e-11 6.274443485321600938e-12 2.005708292635565054e-11 -1.311493591837796070e-12 3.794917212640226659e-12
-6.143655555635007730e-13 -5.594748738956543328e-13 -1.889888468995806193e-12 1.782526339395620068e-12 -2.825158718156670291e-12 1.955138530385993541e-12 1.177891794283366027e-11 5.395790069959160556e-12 1.675226797547130403e-11 -1.221276185997376377e-12 4.924910909906855005e-13
-7.104192107125774695e-13 -1.013495005449213657e-12 -1.695705793616711281e-12 2.492189187854974424e-12 -4.700046135552791133e-12 1.717393159935130443e-12 1.154938491266102538e-11 4.206935424952544581e-12 1.279280306949173194e-11 -1.033571288565236108e-12 -3.112750705222076065e-12
-8.095694976370691846e-13 -1.455669799043969934e-12 -1.539074331681661558e-12 3.162373636681922881e-12 -6.430753843137966152e-12 1.552054137356420147e-12 1.131200890397336425e-11 2.833440796342764051e-12 8.411383473193358012e-12 -8.344610233521778099e-13 -5.980300884114811388e-12
-8.961505895908671295e-13 -1.814110662168714983e-12 -1.475051181920576436e-12 3.669038751570768697e-12 -7.561895302380633510e-12 1.466713374304911253e-12 1.092713102684366795e-11 1.514047586841115318e-12 4.272044232613544898e-12 -7.186893844779336892e-13 -7.624719065950113903e-12
-9.508819085891108410e-13 -2.006993953896899132e-12 -1.562131098407891344e-12 3.838029480849750665e-12 -7.470384010217478520e-12 1.498082346874350994e-12 1.013497355807936709e-11 2.814526010931095503e-13 1.184334684979883539e-12 -8.027011722708561806e-13 -7.835437795425555832e-12
-9.638401825024978239e-13 -1.989529420325595469e-12 -1.810723915926840873e-12 3.556370047472025128e-12 -5.809602834349670749e-12 1.710620739800194663e-12 8.727082403561669455e-12 -9.035020764951990571e-13 -2.678611079207664160e-13 -8.101008115463880983e-13 -7.089024648058579513e-12
-9.503740632815003317e-13 -1.826221553844283480e-12 -2.113744654413073289e-12 3.009833959036046056e-12 -3.436003625243227019e-12 1.957794983574545673e-12 7.119442476116356189e-12 -1.723626631669320058e-12 -6.714755213547948998e-13 -6.975766551330388243e-13 -5.681505336915294203e-12
-9.214929154963147601e-13 -1.572579201566663816e-12 -2.350653945082932026e-12 2.394282747968370244e-12 -1.316365807368568086e-12 2.030403302415302562e-12 5.701191749594222739e-12 -1.838876800076764326e-12 -7.713183510734357199e-13 -5.986671150915520749e-13 -4.138030142323444811e-12
-8.829462784449241797e-13 -1.276733717711739171e-12 -2.427532604852332495e-12 1.802032300576608765e-12 7.631886205285341544e-14 1.839786368931402065e-12 4.514127853116112801e-12 -1.359810708596530495e-12 -6.527341728560986808e-13 -5.638482858284245794e-13 -3.126957698184281729e-12
-8.322261416226081649e-13 -9.699377551976012118e-13 -2.317863509413361397e-12 1.261355684584810871e-12 7.154041893920717034e-13 1.435499555753506485e-12 3.452576806345151004e-12 -6.348614865412463078e-13 -3.278592930066084564e-13 -4.889709081601636021e-13 -2.020298044628292606e-12
-7.658565527307301565e-13 -6.680470354096411558e-13 -2.043886026352961142e-12 7.679518557575533255e-13 8.392937439231995150e-13 9.186547062192279310e-13 2.410891732860399109e-12 -2.938570488963070909e-14 8.528149947230810636e-14 -3.626644807851149572e-13 -1.195342100104338085e-12
-6.840856392230326369e-13 -3.915020817531114411e-13 -1.646236010412316476e-12 3.670153922935188676e-13 6.000419066215596212e-13 3.969593906262911151e-13 1.399805850302016543e-12 4.145469642286569773e-13 3.219072185602386874e-13 -1.925274894428413494e-13 -5.623757679494784470e-13
-5.905668100989567649e-13 -1.639803400909313664e-13 -1.186116003419494285e-12 9.429301738635643061e-14 2.075639637189709347e-13 -4.541105051210510461e-15 4.629168520940904283e-13 4.203008005209547488e-13 2.521048993543019833e-13 -4.203494295202487983e-15 1.407976712599757628e-15
-4.904578515755982051e-13 2.264842617100295874e-15 -7.387649361829738705e-13 -3.424409597652697239e-14 -1.264177805416745605e-13 -2.048611508747136901e-13 -1.074619048829730351e-13 1.201340716133479310e-13 1.058361885489328605e-13 -2.435422175525602287e-15 5.093410329604799626e-14
-3.904942196073722980e-13 1.044721501493801775e-13 -3.522494566489807312e-13 -4.496366201113720321e-14 -2.314455624870255241e-13 -1.737311360803373980e-13 -2.158307845943819892e-13 -3.583604054153659842e-14 1.197573391360961941e-13 -1.910118700732470250e-13 2.390414898177082106e-15
-2.975707931128490548e-13 1.441170476903840573e-13 -5.738291511154217071e-14 2.052377549005193624e-15 -1.074282043147668586e-13 -5.897237886239174207e-15 -1.127154585930296269e-13 -7.433515346348848209e-14 3.033742390181728301e-14 -1.112890850770103992e-13 1.746272497343399824e-13
-2.155892257644633687e-13 1.432664065991397391e-13 1.277189789675124596e-13 7.337582875137709280e-14 5.881979343166961129e-14 9.798993776984132942e-14 8.480972612931315219e-14 1.366841760426210758e-14 -2.224467859907217834e-14 -5.070190124638019926e-14 -1.269233306098118553e-15
-3.949715781057282512e-13 5.450912883556566372e-13 -2.393996382549013874e-12 -6.148819314383586335e-14 1.833754946891592145e-12 2.855850812777718477e-12 1.220017850183812635e-11 6.897419327141642420e-12 2.473658852334993066e-11 -1.028962314699819400e-12 8.625971061871390046e-12
-4.607924762495829505e-13 2.661337097777965874e-13 -2.305568598264325304e-12 4.317710321645315482e-13 6.602690348143343042e-13 2.635899688683706693e-12 1.235513516386840617e-11 6.642400492813651471e-12 2.358814510913792382e-11 -1.045496515531700293e-12 7.374338087751905542e-12
-5.371622502867543889e-13 -1.015441803077929711e-13 -2.146958510570902449e-12 1.048965327575094480e-12 -8.897545803838377331e-13 2.347909945763080141e-12 1.231744493633819705e-11 6.170679211518581370e-12 2.121860094732752547e-11 -1.047409976445632681e-12 4.787448803323836547e-12
-6.261703060341712123e-13 -5.380838337384939672e-13 -1.946680116788002923e-12 1.755301582225374287e-12 -2.737840938055016492e-12 2.052558201026454866e-12 1.215684396766603211e-11 5.349863249661929349e-12 1.790725179932185678e-11 -9.908753111064252695e-13 1.318032546425231998e-12
-7.260000284839952271e-13 -1.011493111059825788e-12 -1.741587645651943397e-12 2.503771407694043433e-12 -4.727713052375564976e-12 1.784168309981815733e-12 1.195739613612645015e-11 4.199867705002662572e-12 1.388242786144201199e-11 -8.372497731836539133e-13 -2.591110171424264570e-12
-8.309643075945374423e-13 -1.481054573993788554e-12 -1.568606277608444983e-12 3.226539644130298406e-12 -6.627811578906748899e-12 1.588456269931099153e-12 1.176441077181269619e-11 2.827216126617554846e-12 9.354833180899428955e-12 -6.530428136973430482e-13 -5.822021093805075659e-12
-9.255285494483676347e-13 -1.874751173522366373e-12 -1.483305340179186509e-12 3.801537568636752174e-12 -7.988931646293398941e-12 1.474272165136837095e-12 1.145132171806555056e-11 1.475932855355393248e-12 4.955999948029098663e-12 -5.309922052851325932e-13 -7.802289580566223575e-12
-9.889197306508738873e-13 -2.105147586763093138e-12 -1.550853230744178498e-12 4.047107078111439507e-12 -8.145292433691682385e-12 1.476117742181582038e-12 1.074577806641010413e-11 2.299734690696627579e-13 1.516275489120058572e-12 -6.338748286037253919e-13 -8.221048466604831196e-12
-1.006861851100478048e-12 -2.110081979646187229e-12 -1.798187914146363505e-12 3.801851735690601980e-12 -6.557859529107874057e-12 1.685078612830282891e-12 9.332817647029154644e-12 -9.793215839287832318e-13 -1.562623398249146726e-13 -6.820094320880414110e-13 -7.544836833654185080e-12
-9.948924023774925602e-13 -1.953357161473519394e-12 -2.119433924992938098e-12 3.244520811883399515e-12 -4.060813184564310725e-12 1.967512389097491477e-12 7.623224256849798980e-12 -1.893715795810772597e-12 -6.152677656380276758e-13 -5.745515320429841722e-13 -6.096340084504498195e-12
-9.657581039533730493e-13 -1.696188909413373165e-12 -2.385172519829728046e-12 2.596986512127504808e-12 -1.731489842643553476e-12 2.088688679218735125e-12 6.075147221346176053e-12 -2.085765075667659449e-12 -7.303517143084616734e-13 -4.791873687056054796e-13 -4.461951675347996402e-12
-9.266197246118489171e-13 -1.390200085817219712e-12 -2.488102034850531042e-12 1.967187195838889962e-12 -1.407618522278148432e-13 1.934750216872191700e-12 4.772407226436740297e-12 -1.586023873557743309e-12 -6.263658868054263095e-13 -4.792794868305830468e-13 -3.340868052399154332e-12
-8.753955617693770214e-13 -1.070279334516078399e-12 -2.395219689030698721e-12 1.390933629980701940e-12 6.415884411176165531e-13 1.546129815137225559e-12 3.619781148714764900e-12 -7.722127408047817942e-13 -3.163310637528929554e-13 -4.454352572529307002e-13 -2.144816113563332923e-12
-8.082323134643360866e-13 -7.532149660563956086e-13 -2.126180355545760456e-12 8.623700600706052009e-13 8.470643873410400956e-13 1.020775212567233549e-12 2.515278708023227263e-12 -9.971704963927275658e-14 1.233270012875143737e-13 -3.460067800181182099e-13 -1.275989933204799907e-12
-7.248459225982974054e-13 -4.583761414900335215e-13 -1.723169976962688157e-12 4.259908298291330812e-13 6.428306919714735274e-13 4.677493416610691871e-13 1.462948379300658430e-12 3.929178433792846229e-13 3.786793447140839343e-13 -1.958629866293197982e-13 -6.054285482538733723e-13
-6.286578222671986441e-13 -2.110331765109634788e-13 -1.247952771674511729e-12 1.206444304559648359e-13 2.481836006510061032e-13 2.383724562010595009e-14 4.914068682960045998e-13 4.351643764102530641e-13 2.876081078664937213e-13 -1.670155196273919548e-14 4.438581663921557851e-15
-5.247493918028151356e-13 -2.556438560764895908e-14 -7.812157452344786474e-13 -3.226428546927974431e-14 -1.079208103603864614e-13 -2.102703017876759597e-13 -1.008160528430625510e-13 1.320438937259032522e-13 1.112464576765918933e-13 -1.658908908153679739e-14 7.231700826955523272e-14
-4.200520588455827891e-13 9.296718290813768044e-14 -3.745218706021413232e-13 -5.645378445783396983e-14 -2.362928675997450120e-13 -1.895747854878016799e-13 -2.122928481823802381e-13 -4.198345653898497018e-14 1.228070131546340647e-13 -2.171305662217561628e-13 1.397751272555468568e-14
-3.219054423092779426e-13 1.435775427939604110e-13 -6.181308639084468566e-14 -1.307094666871888647e-14 -1.169363615476080776e-13 -5.158730369348326783e-15 -1.123903483348081956e-13 -8.435512731316805418e-14 3.520644170201857742e-14 -1.307494928724548559e-13 1.954763410104314798e-13
-2.346260669312114183e-13 1.487787507523990055e-13 1.367640305555088911e-13 6.226395762216101993e-14 5.615561403306502109e-14 1.164146617589593595e-13 8.676750172720284991e-14 2.057925978849600975e-14 -2.652654918058192814e-14 -5.844550187624292852e-14 -5.264730998063341425e-15
-3.887431297924582911e-13 5.058058485758413319e-13 -2.333341246893297983e-12 5.459692188960391546e-15 1.649534296245842606e-12 2.728674537837641271e-12 1.193178215839017121e-11 7.016759008269582583e-12 2.379609958333505243e-11 -1.251452942460804045e-12 7.828901351380597829e-12
-4.533195325233777718e-13 2.283028988983296233e-13 -2.242084049221303955e-12 4.924076703137153630e-13 4.851153756394437459e-13 2.513727146552864146e-12 1.204965518093359132e-11 6.731232556259717198e-12 2.254773447788546836e-11 -1.267081734919750516e-12 6.511638781279586462e-12
-5.281062434745767360e-13 -1.327887885234115822e-13 -2.084694881289220262e-12 1.092693829285678944e-12 -1.026816578359874466e-12 2.243173801386075811e-12 1.197949048370453402e-11 6.202845852105896016e-12 2.013385050087817719e-11 -1.242467945655560064e-12 3.970329688616565719e-12
-6.147345950897684167e-13 -5.568819028870455570e-13 -1.890583801338477166e-12 1.772554326973665692e-12 -2.803208737275834262e-12 1.971442462697386111e-12 1.179367880266361811e-11 5.334346464075819216e-12 1.684169061834913452e-11 -1.154431157581775751e-12 6.746110109562407281e-13
-7.108254072174140656e-13 -1.011262054999144839e-12 -1.696535601309691102e-12 2.483900998292942079e-12 -4.680833903075189520e-12 1.730309545371134923e-12 1.156825101245997856e-11 4.160008164784179605e-12 1.289101526750290086e-11 -9.743580946434816938e-13 -2.947625192281547905e-12
-8.101121273023710871e-13 -1.454293007449385407e-12 -1.539729623335044491e-12 3.156786419728592706e-12 -6.418174142082183432e-12 1.559931951032301122e-12 1.133441995753812121e-11 2.802420930495714700e-12 8.519782308067578532e-12 -7.872573329434855899e-13 -5.853219323879937662e-12
-8.971069240418927547e-13 -1.814515063038500237e-12 -1.474488665319941049e-12 3.667482190309953231e-12 -7.563880957666425048e-12 1.470098551503740781e-12 1.095509163142596678e-11 1.488999187407008978e-12 4.382914447564913659e-12 -6.766659981768329382e-13 -7.549595840195442829e-12
-9.528679472950460755e-13 -2.011352042739561800e-12 -1.558159341229003426e-12 3.845550378721345142e-12 -7.509484607144807939e-12 1.495712911134321739e-12 1.017982981801335159e-11 2.553364229405143034e-13 1.271406005506754843e-12 -7.587227068054963810e-13 -7.820247426653201286e-12
-9.673659717279853512e-13 -1.999886014139705016e-12 -1.801852112614957960e-12 3.580346925504054329e-12 -5.911945775070613327e-12 1.697488771588235371e-12 8.804412477193644067e-12 -9.131358402778353733e-13 -2.439601909044478152e-13 -7.760211661704820190e-13 -7.120945887367559735e-12
-9.544580060750955417e-13 -1.839099161651763471e-12 -2.103912213025197220e-12 3.039401354777307842e-12 -3.554853015423321783e-12 1.941641609340090812e-12 7.200265720829280964e-12 -1.725113278508365176e-12 -6.692649773896037842e-13 -6.756307737172182247e-13 -5.728647259981221167e-12
-9.257670607607242451e-13 -1.586735499053079934e-12 -2.342519499132137806e-12 2.423706278084107623e-12 -1.424011343301864277e-12 2.018762252296633709e-12 5.770972967259436988e-12 -1.853929305528488642e-12 -7.731453296815463316e-13 -5.763079472235476985e-13 -4.186851284078565319e-12
-8.869978492691083077e-13 -1.290478411172768576e-12 -2.423195484955114863e-12 1.826886481429289269e-12 -5.323769145347274205e-16 1.835872835047847261e-12 4.564139131988182442e-12 -1.393853423333063167e-12 -6.472489153245998223e-13 -5.410217943010609956e-13 -3.165265750927378794e-12
-8.361048550616732792e-13 -9.827668194532477553e-13 -2.316866355793871808e-12 1.281692046904339905e-12 6.693089273531370806e-13 1.439300821632178169e-12 3.482233480909997655e-12 -6.557556477373388542e-13 -3.289497472897992523e-13 -4.781677184147625062e-13 -2.038123601717315265e-12
-7.696820772513686280e-13 -6.800721791569312345e-13 -2.045170888646602753e-12 7.845762734903932067e-13 8.151316282813482551e-13 9.279821838598282378e-13 2.424441927795025536e-12 -3.728262991129665516e-14 8.544650681971666553e-14 -3.576796750797425141e-13 -1.202365332418494383e-12
-6.878765157440718022e-13 -4.025318565346842886e-13 -1.648808270860916788e-12 3.798728487699703681e-13 5.912516929047052208e-13 4.088445430323792176e-13 1.402641269467525356e-12 4.121528778452731655e-13 3.302616099795138995e-13 -1.920782072481474451e-13 -5.657131555133549963e-13
-5.943173734200538647e-13 -1.735187373480358850e-13 -1.188829598120922586e-12 1.029887270170993809e-13 2.073121701760451811e-13 3.831717821310926950e-15 4.608373374872316727e-13 4.188427956071325138e-13 2.567839164158202398e-13 -4.726603481075492818e-15 2.321634440068349087e-15
-4.940954570426936709e-13 -5.271567924824667939e-15 -7.404017824346512520e-13 -2.969778633194762342e-14 -1.236143446460702564e-13 -2.017015454725391500e-13 -1.120690983227154555e-13 1.258112526961954446e-13 1.057094743151845074e-13 -5.426239292127373784e-15 5.327704741247029691e-14
-3.938890181366344584e-13 9.933173682521084055e-14 -3.524311948160869496e-13 -4.415771124089124873e-14 -2.299266726711462016e-13 -1.764168748031498792e-13 -2.174185221732006823e-13 -3.464241022818358264e-14 1.142573054854603907e-13 -1.912494274203888498e-13 4.060139035820751316e-15
-3.006062476972811656e-13 1.412712113175952774e-13 -5.601725360697047573e-14 4.384710623466687208e-16 -1.079087463712123857e-13 -9.061564785387428123e-15 -1.126329802302426129e-13 -7.536965143821794236e-14 2.934144694379096190e-14 -1.127274363782522760e-13 1.754414122475316081e-13
-2.181699512299471310e-13 1.421836206406896895e-13 1.302986841318928933e-13 7.094388724025358334e-14 5.826050023353500791e-14 9.840910144657360133e-14 8.470162539672575924e-14 1.588032954259152632e-14 -2.016262016168406126e-14 -5.223720781449669911e-14 -2.863129762202554559e-15
-3.939415700533826271e-13 5.391361494132506223e-13 -2.379974105410597222e-12 -6.004709217712957821e-14 1.817601135348814328e-12 2.850452281434960635e-12 1.214163375079519116e-11 6.822814677929036005e-12 2.459748865207136735e-11 -9.936093506178405789e-13 8.637222108949686520e-12
-4.595828193500128633e-13 2.613591275364333885e-13 -2.290878329906086439e-12 4.281338181087556926e-13 6.539103676627722593e-13 2.637853578802660506e-12 1.229238862377252729e-11 6.536649549175755478e-12 2.345276449367445302e-11 -9.843000158086248723e-13 7.438358013921508960e-12
-5.356541897135720118e-13 -1.042527700130685259e-13 -2.132759831795073245e-12 1.039684252845511100e-12 -8.821873845226207452e-13 2.356352737633437113e-12 1.225429974396415703e-11 6.045317956408276007e-12 2.110037520226102092e-11 -9.660493464379578662e-13 4.917908888317366888e-12
-6.241324831382447316e-13 -5.378846885745325624e-13 -1.934410335781217871e-12 1.741016001669912160e-12 -2.713246324319337262e-12 2.063491965138514755e-12 1.209723238979202651e-11 5.231340168478320544e-12 1.781692402462025976e-11 -9.054716675241636010e-13 1.502622345718876512e-12
-7.231427732798619349e-13 -1.007436187927334325e-12 -1.732178732591192454e-12 2.483743984356188563e-12 -4.681420670308475160e-12 1.795416706709361055e-12 1.189927109173415526e-11 4.102099111005297913e-12 1.382589095523120037e-11 -7.591929013986237552e-13 -2.369055675945788874e-12
-8.270042746230629776e-13 -1.472250066926187062e-12 -1.562746426060661566e-12 3.199614734848415843e-12 -6.554890427382023281e-12 1.596501423460891255e-12 1.170318088198748132e-11 2.762502604892579734e-12 9.353897844795040240e-12 -5.963370123937228954e-13 -5.591870571107330861e-12
-9.205101402998922334e-13 -1.861201420587640293e-12 -1.480075709678811299e-12 3.766693599413254736e-12 -7.891061525968312826e-12 1.479726426805342238e-12 1.138444329044005858e-11 1.432355577818216906e-12 5.022299294253967374e-12 -4.875031859181912742e-13 -7.598737867610054818e-12
-9.839267851172113220e-13 -2.090677091846558327e-12 -1.545368120081935302e-12 4.012325519835866978e-12 -8.063339498382656284e-12 1.476901360865272073e-12 1.069213728526829798e-11 1.870008973478106358e-13 1.619671782120542287e-12 -5.818554368523789709e-13 -8.092529483110426895e-12
-1.003903151986316918e-12 -2.102770278564493413e-12 -1.782720315859484278e-12 3.792680660236968675e-12 -6.590758247096493338e-12 1.664237510171872260e-12 9.348544159019826241e-12 -9.831557175029902648e-13 -1.312060706938679325e-13 -6.399993614333593190e-13 -7.499594634761863148e-12
-9.927813062928331361e-13 -1.949851321080391515e-12 -2.097478981343489264e-12 3.250188725354803512e-12 -4.160015157028296692e-12 1.931330772426802324e-12 7.672201666913297874e-12 -1.855928160117916835e-12 -6.245195786445633381e-13 -5.577124100025654628e-13 -6.095027738273616262e-12
-9.641258578740040233e-13 -1.696207771656137345e-12 -2.359683349105514647e-12 2.610222111064120850e-12 -1.859123794588683823e-12 2.049841668966844945e-12 6.133047007816701176e-12 -2.056820574939336362e-12 -7.445899035539002214e-13 -4.611993944801587963e-13 -4.486718138215080500e-12
-9.246665744034088866e-13 -1.391801159707617836e-12 -2.464349144295277829e-12 1.979933490178546149e-12 -2.515970873700805343e-13 1.903256527424808197e-12 4.816736333280837087e-12 -1.601961588244463439e-12 -6.223140134273008644e-13 -4.517589240373869102e-13 -3.370795703726772259e-12
-8.731991309545470376e-13 -1.073122009024082180e-12 -2.374400152249249232e-12 1.402723695141065573e-12 5.605824133974961139e-13 1.526919409249378692e-12 3.643542493088778625e-12 -7.836288193689816039e-13 -3.216289732281527007e-13 -4.329240275170631342e-13 -2.153243857918369806e-12
-8.060981849934864683e-13 -7.579488197477150648e-13 -2.108991150317020747e-12 8.747104251333267915e-13 7.929761542721959307e-13 1.015247186034829817e-12 2.519991742561831837e-12 -9.925555032125352298e-14 1.138657245923399633e-13 -3.396413065984093439e-13 -1.271809006778731224e-12
-7.230123988687648165e-13 -4.653962309034620745e-13 -1.709975838739332612e-12 4.389013160132367257e-13 6.128947761527004745e-13 4.752906387248866194e-13 1.454656480572951227e-12 3.935960152631816693e-13 3.816383012593059499e-13 -1.941485035200981242e-13 -6.020127846697729283e-13
-6.273699700893919754e-13 -2.197019606625235700e-13 -1.238717591440512357e-12 1.326993507860897779e-13 2.370284080345777900e-13 3.458774864009108727e-14 4.807452277294931809e-13 4.287307796737678401e-13 2.889406345556617604e-13 -1.501960772437041872e-14 5.561562873115257338e-15
-5.241312374098440954e-13 -3.469841075058352079e-14 -7.743838946171557961e-13 -2.303462157332526652e-14 -1.070263946648244098e-13 -2.021901982627360663e-13 -1.119497095780910803e-13 1.413003792389204999e-13 1.096004177176153068e-13 -1.974680114372115423e-14 7.235666510579664273e-14
-4.200620461218193362e-13 8.487338433897829440e-14 -3.695062061102534687e-13 -5.178832788824023033e-14 -2.321426033094897984e-13 -1.910574973076098459e-13 -2.166682547476648959e-13 -3.787596273385141907e-14 1.108600663888784192e-13 -2.115565197062792966e-13 1.500594246512999933e-14
-3.224187002443663491e-13 1.376443988173470239e-13 -5.781752854375023848e-14 -1.267516815408609435e-14 -1.156898548908599622e-13 -1.194217592681601250e-14 -1.124749099497313713e-13 -8.413812386570370601e-14 3.215956140331006868e-14 -1.290312936876043549e-13 1.920316963451870420e-13
-2.354626169908352695e-13 1.450897742850943499e-13 1.400867896964859022e-13 5.990612704315462043e-14 5.558596822864979336e-14 1.126800910057743311e-13 8.606516557420497318e-14 2.302486236464040915e-14 -2.081455893091759013e-14 -5.973056835142393979e-14 -7.793763791408384893e-15
-4.008373265519751143e-13 5.833479626544055686e-13 -2.441824119672059142e-12 -1.469552650510226902e-13 2.040556799715312657e-12 3.012014675979587913e-12 1.241997920156859465e-11 6.565399117624486653e-12 2.566053388380491164e-11 -6.514710916891786354e-13 9.709746583194200936e-12
-4.678911743705163720e-13 3.052077551542035768e-13 -2.355592260857616492e-12 3.428531486611277517e-13 8.778437997384389634e-13 2.802546098426873100e-12 1.261434846300072032e-11 6.278313706182957629e-12 2.465330879228595656e-11 -6.090173998949452123e-13 8.668094700482560894e-12
-5.456667274769444462e-13 -6.639959290799870300e-14 -2.196502814848688259e-12 9.693362842256062167e-13 -6.902951046137114386e-13 2.506540423035680895e-12 1.261880612990994278e-11 5.836053125049397126e-12 2.238251796079035042e-11 -5.991321011932728523e-13 6.175498666320053077e-12
-6.365989042547288954e-13 -5.126843455701494202e-13 -1.992529739103432307e-12 1.699146226587612967e-12 -2.593859818888569022e-12 2.185655352298304308e-12 1.249988040150610776e-11 5.094386253368037844e-12 1.911066298057487560e-11 -5.749423754180496596e-13 2.601686963996568705e-12
-7.394816799840331482e-13 -1.002360229884031089e-12 -1.779443404708684119e-12 2.483502347131690857e-12 -4.682142398143394985e-12 1.881836341487111419e-12 1.233837082556982418e-11 4.025001951234121798e-12 1.506613501735828600e-11 -4.734882094066572393e-13 -1.600877676217381267e-12
-8.494112968651203353e-13 -1.496068493485537721e-12 -1.593264393471194423e-12 3.256396276310321146e-12 -6.736185703016944323e-12 1.645055740460695722e-12 1.219235687658260470e-11 2.709330626529358084e-12 1.046050994619270796e-11 -3.428209211175702661e-13 -5.244544426520728659e-12
-9.515536296783828830e-13 -1.923128354915012246e-12 -1.487476791362650533e-12 3.898272187862076260e-12 -8.325005965401327090e-12 1.492522738988686350e-12 1.195400022329018323e-11 1.357089385913650829e-12 5.870662536560496297e-12 -2.363935638900915618e-13 -7.663335048916447024e-12
-1.025125122553723913e-12 -2.195897496530090153e-12 -1.528391232814809450e-12 4.233521293691479454e-12 -8.797951228244708434e-12 1.451968115020395338e-12 1.137172016721753466e-11 9.622171309697760567e-14 2.081958170886327722e-12 -3.470609007581583398e-13 -8.453279070340304984e-12
-1.052373245714803505e-12 -2.239257254952079023e-12 -1.757313822747686246e-12 4.074353812396262424e-12 -7.491335049825841156e-12 1.620114426734014093e-12 1.007046147971195472e-11 -1.076172338733585377e-12 1.856955094758071862e-14 -4.593637795092047979e-13 -8.001703891235248708e-12
-1.043625833694126742e-12 -2.096793335121122972e-12 -2.088899585149682086e-12 3.529876644714309408e-12 -4.963155105776695402e-12 1.917579399695116949e-12 8.298499858832631092e-12 -2.029427389528012878e-12 -5.651856383160106894e-13 -4.011896019025596369e-13 -6.581100499751754721e-12
-1.015019346128143732e-12 -1.841457944534078702e-12 -2.382397261200801435e-12 2.857731977366898675e-12 -2.436781024985206704e-12 2.090975980937058293e-12 6.613645543034713184e-12 -2.325895950485896413e-12 -7.067696983121429633e-13 -3.084426320930088233e-13 -4.884634124867471688e-12
-9.746445398871375977e-13 -1.526243398444445571e-12 -2.518895703815951422e-12 2.183044549251783387e-12 -5.850588681719399815e-13 1.992567104027156886e-12 5.152071987517314059e-12 -1.878027515161670113e-12 -5.893007260985487010e-13 -3.332771061301615173e-13 -3.643607166086181808e-12
-9.224143426475285782e-13 -1.193015244879651018e-12 -2.450684450384113877e-12 1.563352935286506158e-12 4.160173452308916560e-13 1.643093775198806658e-12 3.857733747260902580e-12 -9.533599875715029399e-13 -3.119358787437761076e-13 -3.728349604790666735e-13 -2.306076653257026377e-12
-8.544125241588234905e-13 -8.612847844091831749e-13 -2.193625730147135976e-12 9.943376897835371546e-13 7.633666374327861078e-13 1.130983550444348382e-12 2.646869601265552188e-12 -1.814752850232812766e-13 1.515064580471235432e-13 -3.156977313892281294e-13 -1.363972444603461056e-12
-7.696278898070712666e-13 -5.488168738340350988e-13 -1.791099687211530589e-12 5.172550929189645504e-13 6.414682655910293528e-13 5.634411340500060878e-13 1.523718375471932757e-12 3.690008503756874495e-13 4.497509288222740862e-13 -1.968924865977965234e-13 -6.501707634483355933e-13
-6.712216635193313690e-13 -2.809936009838004815e-13 -1.304885327033947697e-12 1.721533306297659342e-13 2.763742681020533846e-13 7.541635548879576306e-14 5.071747561373691086e-13 4.418603418364757723e-13 3.316264426128917033e-13 -2.869270423717548139e-14 9.846811049486270276e-15
-5.639811457682907456e-13 -7.376121362095239994e-14 -8.194535350323913184e-13 -1.416499304076905743e-14 -8.505392583018941135e-14 -2.028143470645317779e-13 -1.117988775688727486e-13 1.618737297995832791e-13 1.147569249590451436e-13 -3.876739757449474173e-14 9.769111881030947678e-14
-4.547880395857954912e-13 6.566938338536721391e-14 -3.921486775327728051e-13 -6.189037710200094275e-14 -2.350882699527351723e-13 -2.104646462752000494e-13 -2.156896294115159658e-13 -4.215477959684104112e-14 1.063463298403275230e-13 -2.385039756345100491e-13 2.955459687556082413e-14
-3.513601632104705699e-13 1.328146345357559342e-13 -6.019418479174009402e-14 -3.006364994958432802e-14 -1.260160844942476613e-13 -1.577268381413688110e-14 -1.122744304105045933e-13 -9.577377932432817029e-14 3.590703053221434354e-14 -1.506573232238521382e-13 2.140290562315583589e-13
-2.584081458921456997e-13 1.489321568336691569e-13 1.530854714516079703e-13 4.526181606383809767e-14 5.203293225351512713e-14 1.315964613136673673e-13 8.787271973952350416e-14 3.247503732978858501e-14 -2.165343713811100393e-14 -6.966966901826681038e-14 -1.435180325963947836e-14
-3.994817110294377711e-13 5.748646550806807427e-13 -2.426918684928022413e-12 -1.359000168087810730e-13 2.005291163271575835e-12 2.990210614031265591e-12 1.235605319770067647e-11 6.555500443001197315e-12 2.546011759835967034e-11 -6.728300001620987958e-13 9.594860423309649568e-12
-4.662773319365673630e-13 2.973180770394673558e-13 -2.339780127600241068e-12 3.508724099730424203e-13 8.476306532061692862e-13 2.784642297334006430e-12 1.254259580442498198e-11 6.249430618376156078e-12 2.443791556692346142e-11 -6.186472142363336937e-13 8.567202704156950963e-12
-5.437045844490970020e-13 -7.254877616104944709e-14 -2.180777262419227064e-12 9.722199026439386512e-13 -7.090885716280584600e-13 2.494660362703439985e-12 1.254113805899940891e-11 5.785967921825056895e-12 2.216584825825201388e-11 -5.931905963016694862e-13 6.113448109447041237e-12
-6.340772543123681807e-13 -5.158662931175270036e-13 -1.978302144180564460e-12 1.695859486649911283e-12 -2.594957039342134847e-12 2.178799643768815493e-12 1.241969628712625528e-11 5.037118371352271751e-12 1.890802139374185284e-11 -5.598751538357329920e-13 2.590075685557699688e-12
-7.360770200477667381e-13 -1.001173772812039852e-12 -1.767943181836370137e-12 2.472291221270683330e-12 -4.657553823712255751e-12 1.879471465755578018e-12 1.225533602782895597e-11 3.971586475312625832e-12 1.488819112855216077e-11 -4.555249643388779353e-13 -1.552548184143405933e-12
-8.447004163527757203e-13 -1.488952009615287971e-12 -1.585685873298356117e-12 3.234905626326678043e-12 -6.676015116083136052e-12 1.645481158712626375e-12 1.210233415877115883e-11 2.671878337498862193e-12 1.032659580286236727e-11 -3.322296853737631945e-13 -5.141462218922498312e-12
-9.452069477724060684e-13 -1.908848433356908985e-12 -1.484368150656355707e-12 3.863822632327219877e-12 -8.220497555671300286e-12 1.495056079367498538e-12 1.185143799353894827e-11 1.338584418874631100e-12 5.804612133777832509e-12 -2.368100119980758363e-13 -7.521992525386291109e-12
-1.017424764353018306e-12 -2.175367781309951188e-12 -1.527565435639278734e-12 4.186760857720880321e-12 -8.659395324197442314e-12 1.457136430551396242e-12 1.125917733876153987e-11 7.938296611624482105e-14 2.090381680542684428e-12 -3.417351800083397621e-13 -8.318086341520893512e-12
-1.044982576697577301e-12 -2.218969157713192336e-12 -1.751757367913543186e-12 4.034375257933566102e-12 -7.397766942156747898e-12 1.615558098839720407e-12 9.992230324036832097e-12 -1.075609543929595973e-12 2.478100658228690279e-14 -4.496639628418765541e-13 -7.904195952488235487e-12
-1.036660648069311901e-12 -2.078105348332468568e-12 -2.077037992275159643e-12 3.501409343718760953e-12 -4.930094342697835078e-12 1.898052466243645154e-12 8.257972942844204598e-12 -1.987980081938020019e-12 -5.786181918357147154e-13 -4.067976413469601433e-13 -6.521916888081049914e-12
-1.008400853600862317e-12 -1.824992059741883641e-12 -2.364246221496063319e-12 2.838179118295639166e-12 -2.452466044779168473e-12 2.061680649454988675e-12 6.598636251703448920e-12 -2.273320649139324856e-12 -7.221992678319865090e-13 -3.158590441637922369e-13 -4.853967072913921271e-12
-9.679861045993406627e-13 -1.512046565383269735e-12 -2.498112211769410708e-12 2.168841528312067066e-12 -6.209260898622860859e-13 1.961636103033593091e-12 5.146862044731334596e-12 -1.849975762765325994e-12 -5.962225161769712979e-13 -3.310699552163540634e-13 -3.633972735613005213e-12
-9.156910269766721658e-13 -1.181229600252234528e-12 -2.429031031559347970e-12 1.553307480025488282e-12 3.748665719173406384e-13 1.615684782933834554e-12 3.855541212870231422e-12 -9.437389181368517220e-13 -3.169273240771954752e-13 -3.701177440387048172e-13 -2.298739353209532656e-12
-8.477453611459695026e-13 -8.521837769193876598e-13 -2.173294248077706525e-12 9.887221393986326215e-13 7.275773985149783874e-13 1.111912339432513622e-12 2.641657250392636446e-12 -1.714545677766341503e-13 1.385588763451092459e-13 -3.148823869509431489e-13 -1.353529279195966730e-12
-7.632697055984003573e-13 -5.432300765302656968e-13 -1.773569357747174206e-12 5.164731794970692171e-13 6.147520417478199793e-13 5.559578022876481860e-13 1.515506052710146623e-12 3.741557326794748309e-13 4.394618057203252750e-13 -1.956558264823454316e-13 -6.426646433578046767e-13
-6.654458364745200791e-13 -2.789399202858573782e-13 -1.291525476651872074e-12 1.754031287965320987e-13 2.611189320887456831e-13 7.703754919317330363e-14 5.005261504532326623e-13 4.379777897355950032e-13 3.284249236689272961e-13 -2.740072009065767969e-14 9.311740195199424122e-15
-5.590266677564191507e-13 -7.471391571941179985e-14 -8.099867106945100754e-13 -8.998785733303454846e-15 -8.973892865421106575e-14 -1.974022974828777960e-13 -1.173725608396107908e-13 1.654471417336788811e-13 1.128502882865698594e-13 -3.948745140873947648e-14 9.626259575476558397e-14
-4.507855553272966372e-13 6.279279989820891408e-14 -3.864150380432022950e-13 -5.704644422291747914e-14 -2.333359339525413008e-13 -2.075952050917833909e-13 -2.189934673078479796e-13 -3.880019595369381950e-14 1.010879871863470117e-13 -2.331862369225380028e-13 3.018994212612168020e-14
-3.483224626651505997e-13 1.294608538984466625e-13 -5.729373259345938834e-14 -2.713039307017420623e-14 -1.243793104450102516e-13 -1.900163454470303120e-14 -1.130271000766246634e-13 -9.441906984557113151e-14 3.445493623225786232e-14 -1.469540319850960330e-13 2.092326257798088803e-13
-2.562657208313484141e-13 1.458886260726134522e-13 1.539203741793882929e-13 4.593870543483553335e-14 5.185335207384004117e-14 1.264579904253805524e-13 8.727568035577543821e-14 3.043360453712360539e-14 -1.720786015932387392e-14 -6.882065440117624780e-14 -1.568123419890147435e-14
-4.068389851696996680e-13 6.222771283364905625e-13 -2.488982956013441342e-12 -2.370429430548497630e-13 2.254968867969849115e-12 3.176551660821162610e-12 1.264004338763201676e-11 6.195881286769549826e-12 2.660559632654923088e-11 -2.434325399724624444e-13 1.087571222857883689e-11
-4.751697843835876136e-13 3.450431110670606374e-13 -2.404330310681753509e-12 2.476032736221011729e-13 1.105680794971772870e-12 2.980785446021732665e-12 1.287397595626553057e-11 5.860999621810687163e-12 2.574666959874539154e-11 -1.275575369348262524e-13 1.008056658775220626e-11
-5.544000909363553388e-13 -3.046051111265855732e-14 -2.244023885058236126e-12 8.816465011603697949e-13 -4.779512730366487761e-13 2.680110579666699274e-12 1.292105622137669256e-11 5.431728287282845440e-12 2.358206439449230867e-11 -8.997104442707511548e-14 7.721635523789492305e-12
-6.472868258842316859e-13 -4.866317452143172007e-13 -2.035999167775534319e-12 1.634754307117092621e-12 -2.436260887495021234e-12 2.333926159463874495e-12 1.284722292897109372e-11 4.768462950252033760e-12 2.035957570464851140e-11 -9.128000826611869418e-14 4.058172500617859583e-12
-7.532499492590022952e-13 -9.928554850130290751e-13 -1.814850349155742517e-12 2.455962905743612216e-12 -4.624076424688303339e-12 1.992951971522844346e-12 1.272805701596561543e-11 3.788599966857064634e-12 1.630284687710281667e-11 -4.231154574561839456e-14 -4.442352644995328046e-13
-8.681864826715498156e-13 -1.511110804795571592e-12 -1.615620092559350642e-12 3.280744704807043707e-12 -6.835000156056504104e-12 1.712093272075297866e-12 1.263272950908803603e-11 2.543708413669623456e-12 1.162302999449364486e-11 2.779847992552763164e-14 -4.521291300072668258e-12
-9.779743956659302690e-13 -1.972072543786791515e-12 -1.489664969571870962e-12 3.991955963677921326e-12 -8.656069045587359531e-12 1.516315843397688479e-12 1.247222230320469808e-11 1.209373738831644325e-12 6.850172032519585565e-12 1.029115621040689002e-13 -7.399737891444681487e-12
-1.061866922059488275e-12 -2.287728458745924708e-12 -1.503575539352846192e-12 4.417432357469467016e-12 -9.448576642964214360e-12 1.431552622595622839e-12 1.201247682145186360e-11 -6.764249351510336538e-14 2.724713133023809659e-12 -1.673480338366503344e-14 -8.601546721652514732e-12
-1.099601910443628364e-12 -2.373507641203205107e-12 -1.709826502658324223e-12 4.355284175037622969e-12 -8.471848984253329743e-12 1.550756046649429289e-12 1.084995248354884786e-11 -1.203143752402371611e-12 2.398647005515039294e-13 -1.898678174215667990e-13 -8.433622628253136625e-12
-1.095204828851345840e-12 -2.249360869523248595e-12 -2.048336305907752227e-12 3.837463655493875311e-12 -5.965433141961013873e-12 1.851514240901589303e-12 9.044788717365170955e-12 -2.163245627008462377e-12 -5.179696515319660232e-13 -2.020858766391340053e-13 -7.090108430075962594e-12
-1.067532053639462589e-12 -1.997147139232853911e-12 -2.368503710428249797e-12 3.144054459178544571e-12 -3.256253592210088420e-12 2.074325434801636977e-12 7.227123165536015597e-12 -2.558644715763735603e-12 -6.948509016276590305e-13 -1.205108800795742312e-13 -5.345783326979882008e-12
-1.025865524935283206e-12 -1.672992039047519306e-12 -2.541340965794355745e-12 2.422986501493196268e-12 -1.126560953414471858e-12 2.036447297524807751e-12 5.594738265525185147e-12 -2.178591451002983088e-12 -5.644450506532729097e-13 -1.684412996519954434e-13 -3.989243628002830561e-12
-9.724384185370788842e-13 -1.326008681547011727e-12 -2.500335747682105625e-12 1.756081273146233978e-12 1.158737145544687625e-13 1.731507823750911551e-12 4.145011711747462446e-12 -1.160023771058514166e-12 -3.111920884761503713e-13 -2.836611438872499622e-13 -2.497181074044548517e-12
-9.033199008082777129e-13 -9.783700842045902406e-13 -2.257821738120251729e-12 1.142289373314455333e-12 6.326640238284313962e-13 1.239280092961723735e-12 2.808171712324413464e-12 -2.679519012662022500e-13 1.695275217658755395e-13 -2.812897192365103821e-13 -1.464394305043714036e-12
-8.169776362744519184e-13 -6.475844026218705938e-13 -1.857430457093650871e-12 6.212764400284014554e-13 6.119889734944862653e-13 6.630896777491785573e-13 1.598983190570845562e-12 3.490835001112738303e-13 5.147832690393555153e-13 -1.976491737057132868e-13 -6.969339339183579208e-13
-7.162420802062349631e-13 -3.585503898981966696e-13 -1.361280072624659464e-12 2.335606594617799940e-13 2.901600588382871932e-13 1.342889408713613825e-13 5.278817562918739712e-13 4.509425439884215328e-13 3.819212059334598727e-13 -4.456075906975112277e-14 1.381699925867865840e-14
-6.055966758568948582e-13 -1.287525532709054323e-13 -8.569802656059122434e-13 1.072154668454735068e-14 -6.822676373344483925e-14 -1.902907107044493057e-13 -1.244138214883352274e-13 1.982561044997565354e-13 1.167829596829340380e-13 -6.638529707595029370e-14 1.290825486391870182e-13
-4.918166985482303036e-13 3.265384321272071098e-14 -4.085924675274121510e-13 -6.328695157659658657e-14 -2.353905386897061243e-13 -2.290204060042082083e-13 -2.224455704146164855e-13 -3.938464404740535465e-14 8.768405782261296288e-14 -2.623680519254617010e-13 5.159107396022916730e-14
-3.829480232251201852e-13 1.179422151640199459e-13 -5.622456732753923569e-14 -4.599442842260918831e-14 -1.361531602599756792e-13 -2.854900851881213709e-14 -1.139908457019727309e-13 -1.081604817953774881e-13 3.713319083033097770e-14 -1.706842955439867684e-13 2.326343802132703591e-13
-2.841061667270439817e-13 1.464875413439796267e-13 1.727851907445963259e-13 2.739943004487828151e-14 4.660024573229649701e-14 1.443004759222832827e-13 8.894692917741280412e-14 3.934737298370221307e-14 -1.202108023805884686e-14 -8.060203139039634314e-14 -2.633170813296450143e-14
-4.148529440810581156e-13 6.740118536841037475e-13 -2.550122199940725825e-12 -3.600020127437921302e-13 2.543929919149704940e-12 3.401073421258926768e-12 1.292886359179663253e-11 5.672436585058430676e-12 2.786678347367087759e-11 3.236811139669961589e-13 1.249290409477327164e-11
-4.849023373998506826e-13 3.980000763657804704e-13 -2.466765914294527205e-12 1.160397352812071597e-13 1.414897306672046107e-12 3.226704529534126066e-12 1.321456768114547028e-11 5.257670019007079457e-12 2.720948089886609028e-11 5.518524341633529438e-13 1.206208904619272413e-11
-5.660914584468327702e-13 1.734598641391293776e-14 -2.303873409075636153e-12 7.580088350807679792e-13 -1.863294516805731270e-13 2.923703354951970523e-12 1.331755952679670392e-11 4.826044813035592433e-12 2.519183502198567729e-11 6.443300566530267637e-13 9.925497493636950535e-12
-6.615820134691557287e-13 -4.519996248068990463e-13 -2.089770918074344715e-12 1.540865725634199570e-12 -2.215242550458868769e-12 2.545852222509652176e-12 1.330519729289003079e-11 4.257753591948970890e-12 2.204331601472990278e-11 6.221946143563700341e-13 6.171529285494212273e-12
-7.716151908985767078e-13 -9.803223118671796988e-13 -1.857767298650176673e-12 2.411378704518305496e-12 -4.534880089920059265e-12 2.154380769931949203e-12 1.324645532115939820e-11 3.404031202614010968e-12 1.797942526536511731e-11 6.043775890177341679e-13 1.269599781528613290e-12
-8.931696511027165949e-13 -1.531269292452702912e-12 -1.641420738124233090e-12 3.306065677864008055e-12 -6.954777901958672790e-12 1.812789542790675197e-12 1.322210673161049567e-11 2.265753182156470532e-12 1.320586992108002188e-11 5.905346664203003087e-13 -3.399287204372968005e-12
-1.013066451276230244e-12 -2.037326621888901251e-12 -1.489372727071658195e-12 4.111126660590696464e-12 -9.085806387114135562e-12 1.554876844835586636e-12 1.316794744206784925e-11 9.767223632228949204e-13 8.200385287727734439e-12 6.076336240313787519e-13 -6.903122019820562683e-12
-1.110642262963928462e-12 -2.409892359533158904e-12 -1.467794482322671209e-12 4.656841450209650507e-12 -1.030259593077384772e-11 1.408769352830498049e-12 1.287064393885415810e-11 -3.128768144874784328e-13 3.639874888535290766e-12 4.675323475081804751e-13 -8.677855794053404171e-12
-1.162821714939594194e-12 -2.553546165765444067e-12 -1.641713052223277333e-12 4.727113693253578492e-12 -9.784586702174663209e-12 1.459527940226055662e-12 1.190252584902742281e-11 -1.406812645260096213e-12 5.956441364497936823e-13 2.202292094558597419e-13 -8.940013757650286660e-12
-1.165856293205905719e-12 -2.459273447458029805e-12 -1.983324598021321274e-12 4.263598082828689578e-12 -7.387677737283898042e-12 1.748345600126267830e-12 1.010052626083552262e-11 -2.347858013149127681e-12 -4.539210295542954842e-13 9.988281269633042215e-14 -7.771299486210756946e-12
-1.139894828026513367e-12 -2.212700359934141336e-12 -2.337434366789697427e-12 3.547914060015300394e-12 -4.459526058778267069e-12 2.030784303030175452e-12 8.116892755494264221e-12 -2.853362692111557570e-12 -6.975843289411024474e-13 1.479482468416282185e-13 -5.986679337020793949e-12
-1.096743862770968736e-12 -1.877745391867474370e-12 -2.559190040625642243e-12 2.766975959190793360e-12 -1.961508598724791821e-12 2.074620473087718539e-12 6.255514802924906015e-12 -2.567393489187764724e-12 -5.563020648781509674e-13 6.717065420330533492e-14 -4.490209649824688105e-12
-1.041426800264247963e-12 -1.511829318114842058e-12 -2.557425956284381135e-12 2.033406809236977758e-12 -3.761064424757174286e-13 1.833628030326279582e-12 4.587236860208182574e-12 -1.457454321508880274e-12 -3.159296515661597578e-13 -1.419426840172960421e-13 -2.792906754380119054e-12
-9.704522721783813826e-13 -1.141795573258920027e-12 -2.336957699605942198e-12 1.355292338895836295e-12 3.967748274800777048e-13 1.375045845975013163e-12 3.062110739068031304e-12 -3.883252098742710852e-13 1.797043198232282229e-13 -2.294798700109251387e-13 -1.616865392204823710e-12
-8.818582671058757922e-13 -7.860608186118960302e-13 -1.941335229661847716e-12 7.728252211503859646e-13 5.316485601522954601e-13 7.940536332383369223e-13 1.721857618396551676e-12 3.284711719346500850e-13 5.900633377216474678e-13 -1.987800823032998626e-13 -7.650451165398279959e-13
-7.778914456476062007e-13 -4.683943550065334507e-13 -1.433535290498927836e-12 3.258096295068105543e-13 2.842829858667522110e-13 2.174491436437110353e-13 5.662478256078413260e-13 4.690781893594275186e-13 4.522269616041735406e-13 -7.040162967749430497e-14 1.542330849841584072e-14
-6.626512976090090463e-13 -2.081188630630955537e-13 -9.048855590695208020e-13 5.165639021206501932e-14 -5.852354316757643373e-14 -1.689843739176922075e-13 -1.372803424202804003e-13 2.500736755136618582e-13 1.162582223118519437e-13 -1.070532379800173893e-13 1.776403596188897848e-13
-5.427569775544883960e-13 -1.692471699488716683e-14 -4.284088375079181183e-13 -5.952518978624734100e-14 -2.413382808920803797e-13 -2.498229980700155253e-13 -2.324890249910989171e-13 -2.787345602870445359e-14 5.835490629881719037e-14 -2.989253809929667301e-13 8.899017451441277725e-14
-4.265873705749010364e-13 9.353956350902755176e-14 -4.837871185876406917e-14 -6.439928701915294109e-14 -1.522350757818700829e-13 -4.614851137808739480e-14 -1.169397256714045877e-13 -1.252227567919268394e-13 3.252369691511213588e-14 -1.965957712373990947e-13 2.642082115394987846e-13
-3.198133141984314848e-13 1.398633589014232891e-13 2.024712863209696832e-13 4.148133229848245278e-15 3.673387759907475538e-14 1.583730386439669292e-13 9.131897118334552270e-14 4.241116530128331350e-14 1.266756276584744229e-15 -9.271654330393647493e-14 -4.093593828662159061e-14
-7.752287179972252399e-14 6.319672550708807077e-13 -4.165148013218618349e-13 -1.985405066502973458e-12 4.193024424703084942e-12 3.440598759222318829e-12 1.504965899041402940e-12 -1.256936774769635379e-11 1.348579761198919859e-11 1.116977479613550055e-11 2.306459119148484430e-11
-9.072216688177550987e-14 7.774600634675620451e-13 -6.875960391890464198e-13 -2.057047036461202424e-12 4.874623697495195524e-12 3.378098746721582733e-12 2.938908579281654095e-12 -1.085852858745402783e-11 1.860813805231977996e-11 1.076919112906151610e-11 2.811934444619711808e-11
-9.575101290982199956e-14 8.577352723944097846e-13 -9.137869059570527726e-13 -1.917390726701909758e-12 5.103095578759957356e-12 3.023014822817513861e-12 4.264382045920792355e-12 -7.919153628235809700e-12 2.176220145991905910e-11 9.388699903550832837e-12 3.051515984094724260e-11
-9.104188166127038305e-14 8.436246807154043078e-13 -1.031783095727517265e-12 -1.612143027066160415e-12 4.857287989622254894e-12 2.239825481212797245e-12 5.001523450464999349e-12 -4.173374186154644060e-12 2.390912317993961245e-11 6.869686997209564232e-12 2.813408737052046380e-11
-8.138511600832574187e-14 7.713838372792256608e-13 -1.066752715083971702e-12 -1.269949813354761662e-12 4.420235439536191458e-12 1.128701610229570718e-12 5.165030940251382442e-12 -2.569243025644821816e-13 2.679003770160784312e-11 3.602231052449436375e-12 2.205361545761304612e-11
-8.854610986904728980e-14 7.694943656623852736e-13 -9.225785322742398874e-13 -1.751014589150445093e-12 5.090049583185523132e-12 1.030723450146169283e-12 3.791762983360231745e-12 -3.179035398743874059e-12 3.360989068693773799e-11 5.342104371058901332e-12 5.846182604637161107e-12
-4.992163897369228636e-13 -7.732336868175732039e-13 2.587373073278830075e-13 2.038818974023007007e-12 -9.516255337360862626e-12 -5.147841513363530181e-13 1.157160935940501310e-11 -3.365559086020650006e-12 1.856587648606339088e-11 7.019339898671183419e-12 -5.604971564156190665e-12
-7.341792900330285806e-13 -1.915347637538349759e-12 1.090485321489067694e-12 5.156551513487549385e-12 -2.003296849450089557e-11 -2.646451137706725024e-12 1.625596572414798519e-11 3.279387559696809739e-12 4.495307579364770742e-12 2.637643956708619263e-12 -1.119239998358033059e-11
-8.649325268415729122e-13 -2.469427443361409540e-12 1.578690509958224938e-12 5.973627571084308811e-12 -2.355985539500452169e-11 -3.060249115867977242e-12 1.646640491718743159e-11 1.649774307458068213e-12 3.931151353066236794e-12 2.373201847519159209e-12 -1.308503002289699957e-11
-8.417894778080555220e-13 -2.744740435434022843e-12 9.348528492927963508e-13 5.465095823736252424e-12 -1.792389450708569097e-11 -1.269979641972715013e-12 1.186401017714541303e-11 -5.474602883142937365e-12 1.814840267355992180e-12 4.805387891519202315e-12 -1.164145593334227241e-11
-8.178669737563217294e-13 -2.848180469313364276e-12 4.279677572689903471e-13 4.564326137182606590e-12 -1.171582775572301354e-11 4.180702416704796471e-13 7.544175217992445273e-12 -9.070947241410112096e-12 3.935015721254552727e-12 3.905724051569710475e-12 -5.583026379248740332e-12
-8.091518389082316658e-13 -2.638381800966980337e-12 -5.337015211009893777e-13 3.917278904478115736e-12 -5.729823953277596723e-12 2.211619937647775923e-12 3.966961868831499464e-12 -5.361431220719555614e-12 8.832465388808337590e-13 2.349411255599124676e-12 -1.465858858658987761e-12
-8.091223326088411793e-13 -2.572131702956973627e-12 -8.952368259884431838e-13 3.228844121387557025e-12 -1.755799434769807518e-12 3.235846469586623286e-12 8.852966094358071007e-13 -3.258101589144559992e-12 8.418927491579037140e-13 1.820030949662114505e-12 1.251350175895769975e-12
-8.440062194800682693e-13 -2.438157428839191106e-12 -1.370443733115063775e-12 2.720553799717082750e-12 8.770876181132824596e-13 3.513958410659222230e-12 -1.523665318612786249e-13 -3.351817344401162830e-12 9.023636714527490393e-13 1.717616664105513946e-12 -8.315978388685657538e-13
-8.563103367813147537e-13 -2.099634386284801926e-12 -1.282059290936284045e-12 1.767069330124828460e-12 1.906099312593842321e-12 2.205909748329816619e-12 -6.862413116166442742e-13 -2.020611153461251312e-12 1.614915912007213625e-12 1.036444757675104658e-12 -1.199953346041831784e-12
-8.409215750182675607e-13 -1.539987096897464966e-12 -1.096957141137555992e-12 7.370525956215787909e-13 2.153101429850628510e-12 7.497488475264017555e-13 -7.515548325342812052e-14 4.371908976347110088e-13 5.401536070027560036e-13 -1.867666541894200234e-13 -4.957150653214653181e-13
-7.897827923963893978e-13 -8.784196290066670909e-13 -7.072249431794004898e-13 -1.854788763105930002e-13 9.759229557267250959e-13 -9.763475263351655956e-13 7.793854819376590031e-13 -1.724520504817924022e-13 -1.860909530214726591e-13 -2.243741680500795802e-13 -3.285904043603106855e-13
-7.090389831082344814e-13 -3.606582093872838909e-13 -5.137438858735052422e-13 -5.403733195231585554e-13 3.348619466222888628e-13 -2.718542492588367579e-13 7.686656906722658511e-13 -5.133640541086907806e-13 9.901106474650703589e-13 -8.253533633901406838e-13 1.137632932589785959e-12
-6.022334139048673163e-13 -3.277940402387432644e-14 -1.795960523523906702e-13 -6.084390619131923426e-13 -2.404809640238329438e-13 3.558571942399427583e-13 3.414761486794639335e-13 -5.967610853133835890e-13 1.832944030881857730e-14 -1.599446254021184180e-14 1.556172019180217905e-12
-4.809072857686011855e-13 1.554784060660731028e-13 7.376856269062455308e-14 -4.629578096843777932e-13 -6.529170390951735241e-14 7.477837008856209286e-13 -2.604176648238776270e-13 -8.380504349203823284e-13 -6.820827387349604826e-13 -1.005959243519341670e-12 -7.136752331951216910e-13
-1.374448063893860075e-13 1.116948983998741794e-12 -7.204466227291956462e-13 -3.541393946567303832e-12 7.452649394029412169e-12 6.138625209492836713e-12 2.613806529928423435e-12 -2.255676131422833255e-11 2.388412513910149230e-11 2.003646880031378565e-11 4.118031810666874916e-11
-1.611959040711097548e-13 1.376748486672536761e-12 -1.197159066371021882e-12 -3.683948008349838909e-12 8.685188592329986422e-12 6.060924888522471959e-12 5.150959484614671039e-12 -1.967291297774589766e-11 3.297862854632146680e-11 1.945492419650402501e-11 5.034410309718523129e-11
-1.703849999122093844e-13 1.521482465936945849e-12 -1.600717426724725898e-12 -3.441471948678349347e-12 9.108365142273502515e-12 5.436731356906707265e-12 7.527791348467176313e-12 -1.446601732677658065e-11 3.868241587033967283e-11 1.703534490634203696e-11 5.478855755353998562e-11
-1.622252047336519879e-13 1.499133542939335253e-12 -1.814272692451530248e-12 -2.899609433039131763e-12 8.678023613890477966e-12 4.065676091998426944e-12 8.870200863950238255e-12 -7.820488197247171297e-12 4.240820260056251035e-11 1.260755764520632952e-11 5.078629363407594377e-11
-1.449978350589728991e-13 1.370789796466169256e-12 -1.880961481295462563e-12 -2.284238077821594322e-12 7.899088498129711073e-12 2.059304256295813359e-12 9.177027487751543169e-12 -7.384470545901147451e-13 4.768674235771314313e-11 6.699644367763755356e-12 3.984446258558414097e-11
-1.571164380802987080e-13 1.364625458655212631e-12 -1.630884949938756771e-12 -3.110451199649725993e-12 9.050404664098146218e-12 1.842496246976320163e-12 6.781465799471138542e-12 -5.682738050748319526e-12 5.971074303917702086e-11 9.604670878484492078e-12 1.124697440208406358e-11
-8.754607977477338520e-13 -1.326159123022226075e-12 4.401920395441704223e-13 3.479406726256267370e-12 -1.644330897113099673e-11 -8.653471820428170054e-13 2.033773199158039387e-11 -6.188435743434427769e-12 3.390986876392968846e-11 1.266045695354235110e-11 -9.608775837135867055e-12
-1.309065930376637899e-12 -3.412861779281649495e-12 1.954231087540722960e-12 9.192214923283100288e-12 -3.575319063028015417e-11 -4.732768760650712865e-12 2.907002229561938666e-11 5.803899216913416794e-12 8.145673237862873205e-12 4.861701876163358492e-12 -2.003214354995789046e-11
-1.540419947174299717e-12 -4.392512703872615851e-12 2.846636714134720730e-12 1.065466128929093458e-11 -4.218982128871917778e-11 -5.534034338656058090e-12 2.950684718243951704e-11 2.954237015346530066e-12 7.136137910200956834e-12 4.288659095375091336e-12 -2.334145923184876965e-11
-1.506747795364886732e-12 -4.909399322021220506e-12 1.708028633041082468e-12 9.812738478655691979e-12 -3.231653612999347058e-11 -2.341839212286702104e-12 2.138651150677898016e-11 -9.491619782326225364e-12 3.087889343712565137e-12 8.514927037049263564e-12 -2.068209227426975469e-11
-1.465462179654287763e-12 -5.104757683714390992e-12 8.090748731585552911e-13 8.214222482969586647e-12 -2.132908954857746431e-11 6.439064705089692914e-13 1.373292794759647098e-11 -1.640371118471843885e-11 7.116479714337897801e-12 7.156294123933024203e-12 -1.015232647821588415e-11
-1.445309190109865463e-12 -4.719465672920885782e-12 -9.098780839076251433e-13 7.025096315784611344e-12 -1.046907020436561537e-11 3.878830288759582116e-12 7.217664011316590965e-12 -9.546471558066666040e-12 1.623390392317943400e-12 4.208610103470578264e-12 -2.853946383552725526e-12
-1.445269292187096311e-12 -4.602305283528535143e-12 -1.576347323163012920e-12 5.810038675170220878e-12 -3.331883040888655514e-12 5.742025917397926625e-12 1.705019799279087685e-12 -5.851719156327524502e-12 1.282964907725734463e-12 3.327398921153663793e-12 1.974617215447356329e-12
-1.505492225371550055e-12 -4.365493021989571824e-12 -2.415375971660327194e-12 4.891235196528137301e-12 1.431627485830529999e-12 6.323319929638626237e-12 -2.667571772887300468e-13 -6.015763688884888475e-12 2.059238807525283834e-12 3.043684854508409982e-12 -1.612620164169705205e-12
-1.528110572441402903e-12 -3.774474272262052181e-12 -2.265127137120932394e-12 3.189756980428097920e-12 3.344451538039211527e-12 3.982890703601232786e-12 -1.270934918786705665e-12 -3.716175461201181672e-12 2.869300416715600923e-12 1.953127444063943838e-12 -1.956887810941291332e-12
-1.502261502023515171e-12 -2.781660139899101417e-12 -1.947982492505664259e-12 1.355221563519238227e-12 3.858206117853684735e-12 1.410970256961761797e-12 -2.432421396597860010e-13 7.181803080261808878e-13 1.113835553958856608e-12 -3.043451196112231237e-13 -9.312008989899379783e-13
-1.411189967174360227e-12 -1.595042222038388979e-12 -1.248261613409115817e-12 -3.115599799350322086e-13 1.757987391968864031e-12 -1.719692059835643265e-12 1.343042888000238032e-12 -3.356469122144899313e-13 -6.813629690957096043e-14 -3.503180038053736981e-13 -8.372483484232410276e-13
-1.268952878298698746e-12 -6.646820899455891114e-13 -8.967371647939838356e-13 -9.627615646913207159e-13 6.180238311328310742e-13 -5.338386335779596745e-13 1.332928431002138398e-12 -7.228795594059031462e-13 1.612757429394910573e-12 -1.461300858345956859e-12 2.096667366249433904e-12
-1.078810345895451772e-12 -7.246042489917794114e-14 -3.095587555433423236e-13 -1.091099991045778215e-12 -4.212235545740575394e-13 6.133091265428216333e-13 6.304250166412902576e-13 -1.019834334010652068e-12 7.455203764574910552e-14 4.963523993203077323e-15 2.828343837619772599e-12
-8.625481613168475267e-13 2.719019983000526373e-13 1.418336495740520669e-13 -8.439496299435189547e-13 -8.769926960948759870e-14 1.344875060354490187e-12 -4.682251267941928443e-13 -1.500885058992560188e-12 -1.156228940341133168e-12 -1.641189465849074455e-12 -1.153035926711234509e-12
-1.870281471585247401e-13 1.518253877727801880e-12 -9.719356095197408415e-13 -4.828926171004581040e-12 1.014988148578041107e-11 8.371157901778207738e-12 3.531322377998275770e-12 -3.082104719894460824e-11 3.248838199076124447e-11 2.737340529828622020e-11 5.617053081702755918e-11
-2.195105867038686261e-13 1.872638673880095626e-12 -1.618799647195134070e-12 -5.030161729517598278e-12 1.183831057137680614e-11 8.280889097648557107e-12 6.981342181597920389e-12 -2.696661472957111138e-11 4.486971281382350460e-11 2.664215806419099561e-11 6.873444733693641564e-11
-2.321422095999329677e-13 2.070710612674877734e-12 -2.169124010229363616e-12 -4.702607144172252337e-12 1.242260284075143819e-11 7.434018041260579898e-12 1.022814293673684769e-11 -1.988342607272273419e-11 5.268333482736991224e-11 2.336277704141175796e-11 7.487412944126653646e-11
-2.211271560658833101e-13 2.041545399327224776e-12 -2.461752072481281556e-12 -3.964953999220151516e-12 1.183956726157605202e-11 5.576528860689087592e-12 1.207139943477663437e-11 -1.083845532294804356e-11 5.771555560113450606e-11 1.735555637679157944e-11 6.953044361196904698e-11
-1.976353502840493952e-13 1.866778410222159608e-12 -2.554688615984547100e-12 -3.123535032179923469e-12 1.077773536419678475e-11 2.829361061239668138e-12 1.249682229153637175e-11 -1.136961704928218705e-12 6.497809244934420779e-11 9.262727098938222802e-12 5.456596671384584033e-11
-2.138560607993338348e-13 1.857076101513303676e-12 -2.216983050124081791e-12 -4.235339709267632460e-12 1.232746872466739206e-11 2.514214582332427291e-12 9.255357983776536849e-12 -7.754476418178041811e-12 8.130832846648834409e-11 1.313183249274799006e-11 1.571616961023438648e-11
-1.186787431558773806e-12 -1.783674034993637211e-12 5.903342998457764845e-13 4.671407640288200100e-12 -2.217509111939403262e-11 -1.155412636306270262e-12 2.759134645575165694e-11 -8.524323495139969552e-12 4.660674445385508244e-11 1.732833977737044955e-11 -1.292169525236118084e-11
-1.784766665707606860e-12 -4.652007044181264219e-12 2.668956697126682405e-12 1.253159660462886888e-11 -4.876118616804888341e-11 -6.459131424726486529e-12 3.967326906688305569e-11 7.892819141013330698e-12 1.116628668673529998e-11 6.702091640146492786e-12 -2.734674897082847585e-11
-2.099364367127828895e-12 -5.983804448089785261e-12 3.895828021490712547e-12 1.452807242856621644e-11 -5.760556681853523239e-11 -7.581025694745598905e-12 4.029743360973213931e-11 4.033645861121078931e-12 9.788157610700310252e-12 5.873656259309232474e-12 -3.182830524859782930e-11
-2.056981730558575130e-12 -6.700591506412950227e-12 2.347818374411120365e-12 1.341029549434411192e-11 -4.422609343556852619e-11 -3.228789468400893344e-12 2.926614643645230307e-11 -1.281550771411592972e-11 4.141261572912278697e-12 1.158444360009387361e-11 -2.816292468513820871e-11
-2.001328726066484597e-12 -6.972010451622246738e-12 1.124439332135755562e-12 1.123441697178492261e-11 -2.928387461032839234e-11 8.307527798299506680e-13 1.885400261413624699e-11 -2.247139529624266320e-11 9.749064659925105829e-12 9.846091788229009385e-12 -1.393333829342523599e-11
-1.971709985478471839e-12 -6.441500697037650917e-12 -1.221141789890699399e-12 9.596727268998820494e-12 -1.439071151990980784e-11 5.258376703620572540e-12 9.907555196929882300e-12 -1.300945861602866140e-11 2.235855277842521181e-12 5.747047575528782120e-12 -4.002661389301776507e-12
-1.971661793635131883e-12 -6.282214682599519545e-12 -2.139939553436941514e-12 7.945908160480159205e-12 -4.636091021831241594e-12 7.815801896091460296e-12 2.383342350272358874e-12 -7.997878355386372051e-12 1.647934307039077483e-12 4.574711819669729160e-12 2.573027920624095013e-12
-2.052851409502853313e-12 -5.960307292707936936e-12 -3.280017176042996374e-12 6.687414132786098468e-12 1.890461414446276022e-12 8.647993730273499274e-12 -3.614155703225427485e-13 -8.220116129158989904e-12 3.016661343648887631e-12 4.140961860395569745e-12 -2.258929243095947841e-12
-2.084004602563345310e-12 -5.160358917921442521e-12 -3.078580975979504783e-12 4.366996988282512606e-12 4.534627163738966725e-12 5.453302711026675964e-12 -1.754757853318657158e-12 -5.119229300257130576e-12 3.907248329503328551e-12 2.711681935277146702e-12 -2.583183247007083802e-12
-2.049500389541997854e-12 -3.809114643916927075e-12 -2.652178650298636579e-12 1.866747832479709860e-12 5.269133805842731246e-12 1.958128348561906635e-12 -3.823529765907411530e-13 9.506674167572931788e-13 1.588546685276893981e-12 -4.016244493146756151e-13 -1.291561547738398225e-12
-1.925385755078192348e-12 -2.188032621544175734e-12 -1.695950204721770264e-12 -4.158821731208312232e-13 2.405126811140404313e-12 -2.334779983889608523e-12 1.809442854879288059e-12 -4.706979531403032790e-13 2.949429467226974908e-14 -4.545179737242198212e-13 -1.258163844247765183e-12
-1.732265383166774589e-12 -9.162582996584875017e-13 -1.213647132326000765e-12 -1.312273490452530739e-12 8.523302340875371658e-13 -7.506374912826373502e-13 1.799833688264510497e-12 -8.962329793767365262e-13 2.127960581838596646e-12 -1.987510667207809860e-12 2.890187591385716922e-12
-1.473164074693074881e-12 -1.052984145975709567e-13 -4.170957694085430435e-13 -1.490489641172339048e-12 -5.707813883041455819e-13 8.263381431657673717e-13 8.695278582067140215e-13 -1.369917075546837684e-12 1.210906172025491637e-13 2.233253698313726704e-14 3.881009856073136787e-12
-1.178345296449531022e-12 3.682375378857457592e-13 1.981577950107615624e-13 -1.159212301364324944e-12 -1.062367070801884588e-13 1.838952217402977795e-12 -6.401741792886030821e-13 -2.049359896413222490e-12 -1.548572898397576460e-12 -2.166779683556119569e-12 -1.516549812996000929e-12
-2.292827605131586044e-13 1.860243402009143051e-12 -1.186252953513160265e-12 -5.926153092010797141e-12 1.244844583011148822e-11 1.027370831993900013e-11 4.313223653812194896e-12 -3.786382001928365501e-11 3.982087594603332761e-11 3.362589676257188765e-11 6.894509647500817397e-11
-2.692059950675316344e-13 2.295233194578163022e-12 -1.978119117024054687e-12 -6.177396655569342034e-12 1.452538143062525394e-11 1.017272873293826461e-11 8.541182885127410343e-12 -3.318226181328890438e-11 5.500322056655491195e-11 3.276707388144135747e-11 8.440658384937830894e-11
-2.847713180210563357e-13 2.538759409387400985e-12 -2.653516550985664272e-12 -5.777338681970315930e-12 1.524697550992583247e-11 9.136093280598165698e-12 1.252936569652208508e-11 -2.450010797419572310e-11 6.461483052662447886e-11 2.875497519230514950e-11 9.199092836949916568e-11
-2.713230311475996769e-13 2.503785395970982917e-12 -3.013529956625608417e-12 -4.872833985432159770e-12 1.453381501423933819e-11 6.864068154896586508e-12 1.479944086534474833e-11 -1.341034806018291423e-11 7.076038623346806987e-11 2.140177124455722741e-11 8.550409116589178756e-11
-2.424927120369239169e-13 2.289456809410726384e-12 -3.128834672727747762e-12 -3.838778655259447741e-12 1.323090024628963314e-11 3.485598661395742202e-12 1.532593069115798563e-11 -1.476573401302328405e-12 7.971367301281956362e-11 1.144697019628935719e-11 6.711154059585341362e-11
-2.622092129407526682e-13 2.276739463995224623e-12 -2.716452190911093172e-12 -5.193962672220386520e-12 1.512016225177289701e-11 3.086648752826600619e-12 1.136359345375212844e-11 -9.519998916835181298e-12 9.971365589050662047e-11 1.613765759339281120e-11 1.952478985648979571e-11
-1.452098044652865340e-12 -2.173565385788921326e-12 7.182845964317951464e-13 5.687223375164886019e-12 -2.705968007107644820e-11 -1.402604604972813479e-12 3.377283140316047899e-11 -1.051495244952488364e-11 5.742694262470018334e-11 2.130628036875625109e-11 -1.574494448876047979e-11
-2.190155861599300544e-12 -5.707998900449224185e-12 3.278041398144718740e-12 1.537739681898626939e-11 -5.984651873021707801e-11 -7.930326905890480797e-12 4.870928974793890926e-11 9.672983655013117534e-12 1.374043460404889529e-11 8.270460303807862995e-12 -3.358021003064693219e-11
-2.575693311196624068e-12 -7.339893334872437406e-12 4.789942301406603870e-12 1.782896921195036641e-11 -7.074276888750210071e-11 -9.325458944914935385e-12 4.949310397571919586e-11 4.953511338583627129e-12 1.204819223758188791e-11 7.224380944023855246e-12 -3.906074242356549111e-11
-2.525887653912195247e-12 -8.227034299931879568e-12 2.893043196511089288e-12 1.647611111632160633e-11 -5.437534379603417080e-11 -3.984642937642547244e-12 3.598112211509149635e-11 -1.564810425185566496e-11 5.038938808325864527e-12 1.420026644593794583e-11 -3.453804334774612754e-11
-2.457990850425085811e-12 -8.563271599414279222e-12 1.393190954620524058e-12 1.380820785399810778e-11 -3.606289276221619143e-11 9.899820377785281844e-13 2.321815046378203285e-11 -2.764223780331579903e-11 1.199253711003182478e-11 1.213832055993104262e-11 -1.715549294983538755e-11
-2.420305455911410717e-12 -7.909008190457576006e-12 -1.486398776283234110e-12 1.178825510745744812e-11 -1.773270975831578416e-11 6.434017543078780979e-12 1.219986366689947860e-11 -1.596059456042649343e-11 2.757794028426988282e-12 7.058094381673495646e-12 -4.981589143481881291e-12
-2.420250196040765456e-12 -7.713822981430658030e-12 -2.620229332434791886e-12 9.766082797327724697e-12 -5.747528918395111879e-12 9.583060834374450235e-12 2.961404592097427138e-12 -9.826821822020585673e-12 1.958958949891801065e-12 5.637664082304430477e-12 3.082989786454932271e-12
-2.519307487953904314e-12 -7.319398054577233180e-12 -4.016859010721466511e-12 8.218106605103070326e-12 2.281476822986532401e-12 1.062906622555475981e-11 -4.420828617245631667e-13 -1.009865151255043949e-11 3.832570849827379949e-12 5.076054472304287574e-12 -2.809709803944878096e-12
-2.557734023467413401e-12 -6.341401158083984708e-12 -3.771801257424081362e-12 5.370233571096456205e-12 5.548887399297023617e-12 6.706378641011880883e-12 -2.167068736645825807e-12 -6.314903019813924316e-12 4.791781058782910247e-12 3.358117335503924639e-12 -3.116908306384342457e-12
-2.515853951970897443e-12 -4.684704955773763944e-12 -3.252290218254924723e-12 2.302667324399613886e-12 6.471517570284915501e-12 2.424413057215057356e-12 -5.009023630744585247e-13 1.148791478934055886e-12 1.993092546809334358e-12 -4.845252865727772462e-13 -1.598658642148490689e-12
-2.363580194370092455e-12 -2.693375336770125105e-12 -2.077467626416856057e-12 -5.047848946600174130e-13 2.956614982763892091e-12 -2.858954071535262300e-12 2.206905993979174916e-12 -5.857876068200907199e-13 1.126944751125939209e-13 -5.433165373582708736e-13 -1.616865401169446711e-12
-2.127097406422421932e-12 -1.130649974479158558e-12 -1.483715827549464025e-12 -1.610125370879431568e-12 1.052004687438999712e-12 -9.353921239073680519e-13 2.197727432673179691e-12 -1.043963681280217771e-12 2.567013490898517569e-12 -2.435943380128184309e-12 3.566420571697360228e-12
-1.809229859629992132e-12 -1.332827443449976508e-13 -5.087381410542378212e-13 -1.830847006816370835e-12 -6.982336402182517313e-13 1.007880140762387231e-12 1.073289806588261388e-12 -1.668255401612011408e-12 1.607505040675566411e-13 3.713430138440665324e-14 4.778085263082525368e-12
-1.447465642852199247e-12 4.503340831038414479e-13 2.461568800069561523e-13 -1.427877181129615493e-12 -1.220341955259100328e-13 2.260001685121204887e-12 -7.867080880002421140e-13 -2.516766727629928786e-12 -1.882925969258610892e-12 -2.614684384767329714e-12 -1.826334076741583426e-12
-2.660787317145740840e-13 2.158053172056697806e-12 -1.372883813230322410e-12 -6.881635274460698685e-12 1.445007123155187866e-11 1.193047866612770307e-11 4.994115384738270008e-12 -4.399677557852888874e-11 4.620612515297275339e-11 3.907066308728085612e-11 8.006938593687814037e-11
-3.124815257096761019e-13 2.663235042871304408e-12 -2.291020071834180381e-12 -7.176426582689242358e-12 1.686532431742266728e-11 1.182017196367340056e-11 9.899516308472453660e-12 -3.859494348112435228e-11 6.382763593421196688e-11 3.810074535912994960e-11 9.805412285179975786e-11
-3.306015600720681076e-13 2.946343544640390833e-12 -3.075333071476732972e-12 -6.713231536601775701e-12 1.770648293752325029e-11 1.061828673867473997e-11 1.453330608722187643e-11 -2.852038601729602866e-11 7.500496162206932822e-11 3.345058478638366338e-11 1.068965017597300082e-10
-3.150343759521872959e-13 2.906311138233502219e-12 -3.494026676924200936e-12 -5.663429926900820445e-12 1.688000765088244373e-11 7.985277296986235833e-12 1.717506155961660128e-11 -1.564999205598400470e-11 8.212002661764640462e-11 2.492527776674000394e-11 9.941419064911311665e-11
-2.815551968210583910e-13 2.657531700391153495e-12 -3.628809943877975838e-12 -4.461623870667826871e-12 1.536715418844075800e-11 4.057060518928421988e-12 1.778956206611991317e-11 -1.772312522008437087e-12 9.254564460110876380e-11 1.334904288645674742e-11 7.803642047622770272e-11
-3.043158860927821148e-13 2.642188814354272154e-12 -3.151397648016912775e-12 -6.028746383094901012e-12 1.755208299222859673e-11 3.585133286943016209e-12 1.319947752603069774e-11 -1.105744323021847249e-11 1.157412998345394433e-10 1.875517660621488836e-11 2.284139530563902242e-11
-1.683134632229497325e-12 -2.513088807648595673e-12 8.297056947369761588e-13 6.571811436894796684e-12 -3.131325571944723768e-11 -1.617863196598528272e-12 3.915576415413187331e-11 -1.224842294804699801e-11 6.684933863483409423e-11 2.477033259441484441e-11 -1.820347361377307524e-11
-2.543175046798042862e-12 -6.627572950410020149e-12 3.808441781405121704e-12 1.785556368453630922e-11 -6.949979787139325944e-11 -9.211466697708858176e-12 5.657799638983616058e-11 1.122317846189258141e-11 1.598204244551921495e-11 9.636220006620676792e-12 -3.900840438463190771e-11
-2.990487926903992588e-12 -8.520796523021406811e-12 5.568550852815165652e-12 2.070344121245145239e-11 -8.218284774797014891e-11 -1.084453841435021123e-11 5.750083603383111159e-11 5.754544431299780044e-12 1.401626536485384195e-11 8.400612902050178200e-12 -4.535886063772650614e-11
-2.934218188309199689e-12 -9.556284306300154298e-12 3.367833408975103661e-12 1.914587080357570220e-11 -6.321346807003625085e-11 -4.642851835524595765e-12 4.182862685060516648e-11 -1.811477315148826611e-11 5.820650036535836848e-12 1.647816546008976499e-11 -4.008959533435141786e-11
-2.855659295183839809e-12 -9.948966431750555266e-12 1.627224026424186414e-12 1.604950478376042889e-11 -4.196616667448806850e-11 1.128641339679292839e-12 2.701851794663976283e-11 -3.214508747749299520e-11 1.394618763741536042e-11 1.413442884666771555e-11 -1.996139508758769178e-11
-2.810949333599924468e-12 -9.186936425473296738e-12 -1.717388664898335315e-12 1.369667146318043772e-11 -2.064297354189178022e-11 7.457783779172733919e-12 1.419604135612920249e-11 -1.853048940976626723e-11 3.212306369462147371e-12 8.199774228964189902e-12 -5.834054580765125329e-12
-2.810887918781714138e-12 -8.960489642256730500e-12 -3.038473104492809534e-12 1.135111903837980519e-11 -6.715386238272239314e-12 1.112201726624626417e-11 3.464790137814798264e-12 -1.141949409576016277e-11 2.229804022007889362e-12 6.563299361845429271e-12 3.527072470923628142e-12
-2.925504659498352469e-12 -8.502915322004754778e-12 -4.658512283021239677e-12 9.551057297532421635e-12 2.621979091727646581e-12 1.235421481163310429e-11 -5.123291874067658140e-13 -1.173450919482476044e-11 4.543077474034839988e-12 5.890347589358977011e-12 -3.289338039684546309e-12
-2.970264934175218140e-12 -7.369871017499997173e-12 -4.375468206122205149e-12 6.243867512542337580e-12 6.432120908145080658e-12 7.797576552249212338e-12 -2.526115434377944038e-12 -7.356114197905640330e-12 5.562045847621351414e-12 3.921043285643583251e-12 -3.581684347526809363e-12
-2.921961850976758192e-12 -5.447182549138387265e-12 -3.774876658385573602e-12 2.682272763836899181e-12 7.518571959304505432e-12 2.830460997286107056e-12 -6.041370033805503167e-13 1.321320978257076194e-12 2.345377343393343116e-12 -5.567166185593152209e-13 -1.866083544299219540e-12
-2.745166693184528766e-12 -3.133435593390086472e-12 -2.409698901228821120e-12 -5.822027603503617199e-13 3.436859416918117481e-12 -3.315412978676004382e-12 2.553023046268131151e-12 -6.860094582631819272e-13 1.851464797652516819e-13 -6.206437007304852833e-13 -1.929228267846963391e-12
-2.470923242317078207e-12 -1.317345562633627937e-12 -1.718895826675927788e-12 -1.869499397626753914e-12 1.225884291388268567e-12 -1.096279317082501285e-12 2.544219462728578044e-12 -1.172609862640461680e-12 2.949347558474941114e-12 -2.826445526059037338e-12 4.155294715688084188e-12
-2.101881145786448774e-12 -1.576519317475861393e-13 -5.885417364534381317e-13 -2.127235467864989588e-12 -8.092210335146474966e-13 1.165969721640662994e-12 1.250728864463870574e-12 -1.928053032750678481e-12 1.952869472877991466e-13 5.002390688053181979e-14 5.559272409788229906e-12
-1.681819805149287042e-12 5.218250251276682035e-13 2.879552260094751717e-13 -1.661834716030231656e-12 -1.357908929319183549e-13 2.626658077369793834e-12 -9.143120833255128412e-13 -2.923791829396310918e-12 -2.174085797494306425e-12 -3.004726729930725877e-12 -2.096099007534464429e-12
-2.994430458697077987e-13 2.428088678713938410e-12 -1.542109150447439778e-12 -7.748007506642314433e-12 1.626502152456082220e-11 1.343273569341614469e-11 5.611505954214842136e-12 -4.955776090642038646e-11 5.199587477883702812e-11 4.400764091983700298e-11 9.015620458149016824e-11
-3.517211041856815931e-13 2.996916390997902909e-12 -2.574739332802664267e-12 -8.082285220203531378e-12 1.898704001155588870e-11 1.331397173867073790e-11 1.113116916549918609e-11 -4.350282892874321413e-11 7.182907079091226327e-11 4.293698924550264603e-11 1.104288683422329433e-10
-3.721575930745847407e-13 3.315915665968586606e-12 -3.457810240737277876e-12 -7.561841376161922193e-12 1.993661237296007362e-11 1.196224822575814135e-11 1.635035546955067592e-11 -3.216572585328130607e-11 8.442609080175246436e-11 3.770827356414269312e-11 1.204119551368965029e-10
-3.546691237953895988e-13 3.271296621205586898e-12 -3.929711427270866285e-12 -6.380293499188910302e-12 1.900739023220488125e-11 9.001920500841609383e-12 1.932912768612772870e-11 -1.768076291022609296e-11 9.242024694317456237e-11 2.812017586833164258e-11 1.120270097685843774e-10
-3.169746455124436673e-13 2.991279279115466025e-12 -4.082156641132348911e-12 -5.026381444889217192e-12 1.730417732749866176e-11 4.575226837667867456e-12 2.002343084232980350e-11 -2.040470491682919039e-12 1.041808839310409143e-10 1.507372492959450053e-11 8.794242682755181009e-11
-3.424956167861329726e-13 2.973555714998656613e-12 -3.545779326155069552e-12 -6.785676695621285838e-12 1.975719852353815761e-11 4.037128275935701618e-12 1.486414381806122562e-11 -1.245150278062183649e-11 1.302741774909225756e-10 2.112858118841321982e-11 2.584868829209945461e-11
-1.892624340954770868e-12 -2.820947677520110630e-12 9.307354652803942930e-13 7.373901258836671355e-12 -3.517013541525681688e-11 -1.813046393033750419e-12 4.403667512119318854e-11 -1.382022693643321269e-11 7.539298540686470284e-11 2.791132121220598107e-11 -2.043271598483917354e-11
-2.863271041364870923e-12 -7.461385905743975730e-12 4.289376091257221766e-12 2.010261234588654496e-11 -7.825279520718720351e-11 -1.037312513735570411e-11 6.371285359899218215e-11 1.262879937228881064e-11 1.801459399385323396e-11 1.087460655549341497e-11 -4.393035577781530903e-11
-3.366598066587041958e-12 -9.591566601097176474e-12 6.274545000136318091e-12 2.330983489424897494e-11 -9.255600471592141623e-11 -1.222194585842455632e-11 6.476175290419530986e-11 6.480871767730752776e-12 1.580079252784174104e-11 9.467147397172711427e-12 -5.106960526074415306e-11
-3.304467098283575487e-12 -1.076156611719479032e-11 3.798343850450769359e-12 2.156664400281725536e-11 -7.122733331649358506e-11 -5.239675012952187181e-12 4.713078300111412439e-11 -2.035139616745146165e-11 6.529457499541674994e-12 1.854362360238381109e-11 -4.512339981040888504e-11
-3.216240480768251820e-12 -1.120542892478336555e-11 1.839430761983988744e-12 1.808177441649638270e-11 -4.731889087017253985e-11 1.254369030999805816e-12 3.046445646825963357e-11 -3.622799346469203689e-11 1.571763727758968167e-11 1.594437656082066947e-11 -2.250561385282042221e-11
-3.165161075604274451e-12 -1.034568282375313833e-11 -1.926836029888328868e-12 1.542710555018199583e-11 -2.328182100207620437e-11 8.386071773954921359e-12 1.600605200019134730e-11 -2.086071134166649930e-11 3.624430089509969509e-12 9.234979004001694749e-12 -6.607017590787376984e-12
-3.165094079859760947e-12 -1.009088997578554856e-11 -3.417710726133339624e-12 1.278833200945085378e-11 -7.592979480781982712e-12 1.251744791225175428e-11 3.921229061433067981e-12 -1.286363094966006788e-11 2.475389605932894569e-12 7.402608265794785896e-12 3.929739222532369308e-12
-3.293819167795118856e-12 -9.576055685725286244e-12 -5.240323841642529620e-12 1.075969466199198795e-11 2.930725519495553488e-12 1.391847300379387951e-11 -5.760242171001984819e-13 -1.321780391005062361e-11 5.187320999767579136e-12 6.628698296905724573e-12 -3.724235301881926372e-12
-3.344322485971719451e-12 -8.302423967410715573e-12 -4.922836112548254590e-12 7.036024814750911618e-12 7.232982505199866521e-12 8.787007425449748625e-12 -2.851676805047785670e-12 -8.300220188685971470e-12 6.260474386356509226e-12 4.431469770747099116e-12 -4.003114556909764890e-12
-3.290195412449104192e-12 -6.138550139956419063e-12 -4.248725767199678944e-12 3.026475531773384285e-12 8.467976212873834207e-12 3.198640191701035354e-12 -6.977437994092476257e-13 1.477760072767692769e-12 2.664807439726871957e-12 -6.221752598344554823e-13 -2.108567929319022781e-12
-3.091165763412358427e-12 -3.532455055839790965e-12 -2.710945702524271105e-12 -6.524004996072695618e-13 3.872315409768897186e-12 -3.729301724630972089e-12 2.866860612989152240e-12 -7.768844434206416188e-13 2.508414829322875235e-13 -6.907591967332876819e-13 -2.212459623744506065e-12
-2.782683275519214854e-12 -1.486629591596895582e-12 -1.932142525095661467e-12 -2.104683746063095285e-12 1.383547577393236985e-12 -1.242161887413679694e-12 2.858397036129156873e-12 -1.289258274665929211e-12 3.296024477881380754e-12 -3.180528754460299696e-12 4.689249420418961593e-12
-2.367239257841621608e-12 -1.797484058362680323e-13 -6.609027080669863151e-13 -2.395982219303319129e-12 -9.098575471407227043e-13 1.309315589920507375e-12 1.411619643456711556e-12 -2.163621479485305756e-12 2.266024610173206276e-13 6.171140508139267630e-14 6.267604668072397048e-12
-1.894317685736730661e-12 5.866485960526189204e-13 3.258553846864592977e-13 -1.873972959390781593e-12 -1.482646165209039836e-13 2.959119449052095146e-12 -1.030015505424840606e-12 -3.292857053684052099e-12 -2.438091547619270649e-12 -3.358393039387343761e-12 -2.340705186015148679e-12
-3.309866038876790478e-13 2.683387817533264264e-12 -1.702099528720348925e-12 -8.567100104903473937e-12 1.798092641628567462e-11 1.485301160490398474e-11 6.195204308128714537e-12 -5.481527234537257463e-11 5.746966639898856265e-11 4.867519817862718516e-11 9.969256572535376908e-11
-3.888193018136047547e-13 3.312388092741856761e-12 -2.842975476591553137e-12 -8.938709373128580634e-12 2.099296951407270913e-11 1.472625192676513000e-11 1.229560830784445120e-11 -4.814288143016943914e-11 7.939385163588660759e-11 4.750930980691407470e-11 1.221282996731137543e-10
-4.114458317567071400e-13 3.665319510945190545e-12 -3.819414879843276748e-12 -8.364140910440744835e-12 2.204503926602851290e-11 1.323286709550055417e-11 1.806824489919738294e-11 -3.561213233637707059e-11 9.333309046268208228e-11 4.173361190458722239e-11 1.331898436838489282e-10
-3.921409256213149390e-13 3.616364129686104296e-12 -4.341620005283395870e-12 -7.058036418697167308e-12 2.101867736871184282e-11 9.963083488761200408e-12 2.136564219433138729e-11 -1.960071061132129019e-11 1.021583640197129273e-10 3.114072210694172092e-11 1.239515225819728030e-10
-3.504611853392305462e-13 3.306813597121329256e-12 -4.510763318926975205e-12 -5.560319089328573377e-12 1.913549331031073280e-11 5.065115802940025805e-12 2.213539301298650334e-11 -2.293994554377917817e-12 1.151811654039498817e-10 1.670428768693336187e-11 9.730784296025473414e-11
-3.785918046060754052e-13 3.286839273201833085e-12 -3.918638821714008538e-12 -7.501299834682009983e-12 2.184197657031189272e-11 4.464457010820757556e-12 1.643796600173886188e-11 -1.376948576390448130e-11 1.440139674767914009e-10 2.337246442214835227e-11 2.869186739562038109e-11
-2.090681784920796683e-12 -3.112006084354868215e-12 1.026251842861277683e-12 8.132219464225466395e-12 -3.881653761272923642e-11 -1.997578059176213966e-12 4.865122519260262490e-11 -1.530625449477376576e-11 8.347038859826449281e-11 3.088089991307163811e-11 -2.254030422238096928e-11
-3.165898768967270586e-12 -8.249696050828603560e-12 4.744064871458222108e-12 2.222703514947866922e-11 -8.652812429095299995e-11 -1.147138959489883151e-11 7.045834764024153304e-11 1.395771278951307923e-11 1.993622521296919339e-11 1.204541191854533516e-11 -4.858370661891236273e-11
-3.722183137416776252e-12 -1.060390265344708779e-11 6.942011660542032766e-12 2.577399255491084647e-11 -1.023630781393715860e-10 -1.352418547359543981e-11 7.162642728336930581e-11 7.167561995190029707e-12 1.748793453943135321e-11 1.047547901057130031e-11 -5.646870333603719390e-11
-3.654510798218887485e-12 -1.190107333297369051e-11 4.205360491781806782e-12 2.385531085513631798e-11 -7.880386620038566424e-11 -5.803928377654037026e-12 5.214359007915415839e-11 -2.246596227362379505e-11 7.199583947478972165e-12 2.049636563806857655e-11 -4.988249969184888972e-11
-3.557144043016898701e-12 -1.239332379237747221e-11 2.040056959290672061e-12 2.000313910480160070e-11 -5.237950639585188670e-11 1.373235515332200731e-12 3.372234335828427663e-11 -4.008808725496190744e-11 1.739241543251185181e-11 1.765555187421335336e-11 -2.491098960421227230e-11
-3.500042787316477472e-12 -1.144119415576097452e-11 -2.124853440902150787e-12 1.706310645116959335e-11 -2.577666137469611102e-11 9.263701270076256403e-12 1.771728680925506750e-11 -2.306376848711846811e-11 4.014063408896778143e-12 1.021369062173769320e-11 -7.337798491553690711e-12
-3.499970515207724009e-12 -1.115960214345654885e-11 -3.776252606090720354e-12 1.414711344657370992e-11 -8.422680736792575021e-12 1.383672716783733093e-11 4.352759216716024142e-12 -1.422895841973948298e-11 2.707573102313820180e-12 8.196114434803217969e-12 4.310431658799754540e-12
-3.642034030151005018e-12 -1.059063267257611686e-11 -5.790384801065431404e-12 1.190237431218791296e-11 3.222623048453820507e-12 1.539736655482353560e-11 -6.362432839539395225e-13 -1.462015232006396791e-11 5.796406891240559356e-12 7.326755756526500415e-12 -4.135399366506128971e-12
-3.697966982666482093e-12 -9.184085671680129821e-12 -5.440333077509385130e-12 7.784952537494123417e-12 7.990139512333603251e-12 9.722443113047009631e-12 -3.159471652445522938e-12 -9.192804461693514168e-12 6.920788308299952749e-12 4.914041280281574727e-12 -4.401546492267859713e-12
-3.638333745407606382e-12 -6.792188443770527722e-12 -4.696715999695292913e-12 3.351894478783659353e-12 9.365569612072191139e-12 3.546727124515248059e-12 -7.862422887661667347e-13 1.625661978711245067e-12 2.966805608458176059e-12 -6.840616945301208652e-13 -2.337819465308963513e-12
-3.418282984973234606e-12 -3.909699242706390851e-12 -2.995752874345135161e-12 -7.187674103936183930e-13 4.284007714026021337e-12 -4.120603749007325685e-12 3.163571447445495872e-12 -8.628002021931687566e-13 3.129513807617792960e-13 -7.570483524390073129e-13 -2.480234488375272996e-12
-3.077429951536629873e-12 -1.646675458691810319e-12 -2.133751932452154322e-12 -2.327033622797019416e-12 1.532606868292131983e-12 -1.380083359422819696e-12 3.155429322433263032e-12 -1.399540953808648981e-12 3.623782557068942931e-12 -3.515288965805113901e-12 5.194065168436069345e-12
-2.618116256663933836e-12 -2.006390319443564669e-13 -7.293147993721350724e-13 -2.650062932803645518e-12 -1.005002128608412726e-12 1.444838792695295889e-12 1.563730296713311143e-12 -2.386334493521601579e-12 2.562090256726820840e-13 7.276109355507814785e-14 6.937281844131967364e-12
-2.095219139718947071e-12 6.479346174248307965e-13 3.616872572829269751e-13 -2.074534402254895725e-12 -1.600576245221642242e-13 3.273437750859072048e-12 -1.139404764584741414e-12 -3.641781663985886596e-12 -2.687689985560542802e-12 -3.692759083887123872e-12 -2.571962725035430872e-12
-3.629290854470498291e-13 2.941915661137797079e-12 -1.864113265558823115e-12 -9.396551563763169899e-12 1.971853193089667563e-11 1.629124939298298823e-11 6.786284550005383782e-12 -6.013927422560502657e-11 6.301268370190339970e-11 5.340178487334259002e-11 1.093495308610566467e-10
-4.263866711311674883e-13 3.631849486725576210e-12 -3.114603936243733912e-12 -9.805964509577371504e-12 2.302426750872437062e-11 1.615639287153580478e-11 1.347477382268672493e-11 -5.284161552310218576e-11 8.705430238532199156e-11 5.213945536987916415e-11 1.339756908059274142e-10
-4.512309390332495664e-13 4.019142179548248782e-12 -4.185592642988171757e-12 -9.176586927621937188e-12 2.418013091019429867e-11 1.451955516644215541e-11 1.980786004957234238e-11 -3.910212466617237906e-11 1.023527347354209523e-10 4.580985769938753731e-11 1.461293310142776272e-10
-4.300866240170181304e-13 3.965795621227292864e-12 -4.758737888751587647e-12 -7.744350584557263117e-12 2.305540075405470216e-11 1.093640206623637817e-11 2.342791199569750408e-11 -2.154493941414890392e-11 1.120196366441536037e-10 3.419946844326341261e-11 1.360268417457991457e-10
-3.843712211161562044e-13 3.626338399264285005e-12 -4.944790478902953016e-12 -6.101009310519560864e-12 2.098996949144223029e-11 5.561200272224153449e-12 2.427406464456039196e-11 -2.550724872943932169e-12 1.263205647037046990e-10 1.835547176636342273e-11 1.067917011841601764e-10
-4.151444919463582765e-13 3.604084850740355830e-12 -4.296213778686055836e-12 -8.225973281810626923e-12 2.395312028715693228e-11 4.897190066061361598e-12 1.803169192362958930e-11 -1.510413695058303324e-11 1.579275211734584316e-10 2.564472548961239082e-11 3.157100347827353401e-11
-2.291244012179504402e-12 -3.406745434552348340e-12 1.122976192342437634e-12 8.900127931566881847e-12 -4.250905495292623798e-11 -2.184443451477963649e-12 5.332413433242792455e-11 -1.681107547454043585e-11 9.164994470113573052e-11 3.388803413828366165e-11 -2.467454660454456721e-11
-3.472353754263475059e-12 -9.047975758490504879e-12 5.204503987711593212e-12 2.437832500052719832e-11 -9.490810940593261613e-11 -1.258354353022900884e-11 7.728915026896158825e-11 1.530343264462922358e-11 2.188215882479829825e-11 1.323102416637110377e-11 -5.329590723210946031e-11
-4.082265204304973638e-12 -1.162904146837142324e-11 7.617919605998251430e-12 2.826931380537498186e-11 -1.122941791842101977e-10 -1.484289418969252902e-11 7.857791749414739166e-11 7.862936623398213704e-12 1.919641341696087290e-11 1.149656274344448420e-11 -6.193608246351141387e-11
-4.008981413871839218e-12 -1.305499161344234614e-11 4.617524571470468101e-12 2.617292190860520697e-11 -8.647621761357755813e-11 -6.375317714498207678e-12 5.721979288307276066e-11 -2.460727077202503368e-11 7.878185318125316171e-12 2.247380351729719906e-11 -5.470178672708333741e-11
-3.902358927932598952e-12 -1.359624167127420039e-11 2.243220426281497094e-12 2.194880281503162256e-11 -5.750412226899272120e-11 1.493605274553675306e-12 3.702143193452651997e-11 -4.399699869250863807e-11 1.908837409070829040e-11 1.938836799669628442e-11 -2.734678554516884062e-11
-3.839159664847511697e-12 -1.255056014744556759e-11 -2.325375128919112218e-12 1.871979744914944387e-11 -2.830305337377587062e-11 1.015242992841378059e-11 1.945016317986831920e-11 -2.529468714902241822e-11 4.408624324076487503e-12 1.120477976217895386e-11 -8.077821396880623157e-12
-3.839082049645628038e-12 -1.224183004842990394e-11 -4.139328876134634165e-12 1.552307905499529241e-11 -9.262875018494206876e-12 1.517269102043773969e-11 4.789746826684943126e-12 -1.561155284715817384e-11 2.942692965680346633e-12 8.999655879225912759e-12 4.695938617739688236e-12
-3.994652679369587722e-12 -1.161804076254557943e-11 -6.347402244796142830e-12 1.305950514806518414e-11 3.518212132936858386e-12 1.689496330521987966e-11 -6.972239263862419949e-13 -1.604023588205797185e-11 6.413195740711358021e-12 8.033641375427175448e-12 -4.551763320930417481e-12
-4.056083933460636418e-12 -1.007689753250873099e-11 -5.964374698030964252e-12 8.543351763105729813e-12 8.756872096042368522e-12 1.066970902341421522e-11 -3.471159104824380481e-12 -1.009667702628458044e-11 7.589453056378152901e-12 5.402715751833984823e-12 -4.805017297310908645e-12
-3.990874897380686485e-12 -7.454093148842961729e-12 -5.150371853373500479e-12 3.681428918381800399e-12 1.027451465201658623e-11 3.899216226304890201e-12 -8.758599965433964637e-13 1.775434363310435994e-12 3.272623073021381553e-12 -7.467307915948451777e-13 -2.569970288533104528e-12
-3.749537176774823623e-12 -4.291714343093944779e-12 -3.284161931716504134e-12 -7.859736470124391255e-13 4.700906588586927501e-12 -4.516854472879154391e-12 3.464034710113850128e-12 -9.498025162271705123e-13 3.758467670642359632e-13 -8.241758506231205025e-13 -2.751395835223166976e-12
-3.375904215546717224e-12 -1.808745386112104735e-12 -2.337911043899134119e-12 -2.552195503186779748e-12 1.683551275015985386e-12 -1.519749090031868326e-12 3.456218102271426353e-12 -1.511218350581672310e-12 3.955685711253971586e-12 -3.854282806387161950e-12 5.705265195814783603e-12
-2.872166034569318480e-12 -2.217938566125821680e-13 -7.985920814005926359e-13 -2.907356941970869299e-12 -1.101349979962442826e-12 1.582075923747817513e-12 1.717764655615779667e-12 -2.611864103717964489e-12 2.861900171966819624e-13 8.395052469516975576e-14 7.615428261088101852e-12
-2.298661344483309739e-12 7.099957078845349914e-13 3.979722866719321548e-13 -2.277632295866185462e-12 -1.719997757633538091e-13 3.591731158148727408e-12 -1.250177442531517084e-12 -3.995119037155968288e-12 -2.940445032937363042e-12 -4.031353772675745204e-12 -2.806144920686941762e-12
-4.052991655875568725e-13 3.284839720797581810e-12 -2.079016262407483023e-12 -1.049677681455764510e-11 2.202337743164337743e-11 1.819899880278861610e-11 7.570322483133426860e-12 -6.720129243172283621e-11 7.036521474755350705e-11 5.967136216625268897e-11 1.221590048496796811e-10
-4.762178793186483329e-13 4.055598807505128362e-12 -3.474905298016175217e-12 -1.095633441945016714e-11 2.571868117409914366e-11 1.805340222971456141e-11 1.503887701443201898e-11 -5.907424775299931222e-11 9.721550139994233880e-11 5.828110839778533834e-11 1.496906536780479722e-10
-5.040038640343672079e-13 4.488469986665161253e-12 -4.671308855768892854e-12 -1.025425532334465336e-11 2.701222158242627192e-11 1.622628157022362155e-11 2.211537123029243364e-11 -4.373142231250599907e-11 1.143168349566349410e-10 5.121679080420984603e-11 1.632929040478817716e-10
-4.804196665202147998e-13 4.429298754897822239e-12 -5.312023585025831166e-12 -8.654711482924645963e-12 2.575701092479359506e-11 1.222745974603933800e-11 2.616340819037506822e-11 -2.412386021688368231e-11 1.251001141456360691e-10 3.825674017306140703e-11 1.520441395805064010e-10
-4.293511620377662309e-13 4.050171827744442839e-12 -5.520505472015647949e-12 -6.818207439286601899e-12 2.344983799808659617e-11 6.219231135675463930e-12 2.711090398826863275e-11 -2.891264606992974166e-12 1.410964123524796301e-10 2.054568362068821264e-11 1.193715576449827196e-10
-4.636297760043555769e-13 4.024895003493679194e-12 -4.797047790470718576e-12 -9.187215819370635789e-12 2.675344524948547564e-11 5.471188494934235440e-12 2.014568844907238831e-11 -1.687448399244309047e-11 1.763831437920323909e-10 2.865876443796796359e-11 3.539003132520474453e-11
-2.557279624540104917e-12 -3.797702219332633361e-12 1.251276131448869369e-12 9.918719528497009130e-12 -4.740699174383927949e-11 -2.432310907621955060e-12 5.952251107322777968e-11 -1.880714410768605574e-11 1.024997106138019633e-10 3.787684502216202699e-11 -2.750551077409338545e-11
-3.878850734220335296e-12 -1.010685326381720128e-11 5.815253099950749288e-12 2.723190177174164118e-11 -1.060237342277231681e-10 -1.405875926384893947e-11 8.634986317128374286e-11 1.708846171325678085e-11 2.446334097022016834e-11 1.480367862203341670e-11 -5.954640211726317335e-11
-4.559895785465861071e-12 -1.298883606234918652e-11 8.514477181298552507e-12 3.157923076219874850e-11 -1.254672805402292938e-10 -1.659209435368116691e-11 8.779871634703189545e-11 8.785315765055438337e-12 2.146262391231947744e-11 1.285097847684081590e-11 -6.918828330955841771e-11
-4.479168689849687952e-12 -1.458560563061557770e-11 5.164239298520861534e-12 2.924711531106314770e-11 -9.665320225490829170e-11 -7.133236661650576891e-12 6.395311819493678203e-11 -2.744760778567697506e-11 8.778315585187728050e-12 2.509677447386335616e-11 -6.109432631482130482e-11
-4.360268946980196388e-12 -1.519185116816104640e-11 2.512706451083034355e-12 2.452962694962213135e-11 -6.430166505931992490e-11 1.653269649267810339e-12 4.139750544349934910e-11 -4.918197126763990184e-11 2.133797715071558988e-11 2.168686061197548338e-11 -3.057774520089661521e-11
-4.288980986681860952e-12 -1.402207781536759841e-11 -2.591356968036266768e-12 2.091731395144631169e-11 -3.165418410123232813e-11 1.133128337492149669e-11 2.174873571119148189e-11 -2.825388749524035212e-11 4.931989347106169109e-12 1.251940919156251764e-11 -9.059424211353906316e-12
-4.288896284138255100e-12 -1.367735042206993999e-11 -4.620931115774321771e-12 1.734822757984628854e-11 -1.037735007836159905e-11 1.694477924699734366e-11 5.369388706408518042e-12 -1.744549416388916077e-11 3.254567527940457966e-12 1.006551281120559441e-11 5.207294027487407247e-12
-4.462383415892761018e-12 -1.298084543466295524e-11 -7.086257605369409056e-12 1.459438045689207060e-11 3.910296047113243616e-12 1.888144936495862284e-11 -7.781116527169115237e-13 -1.792390463255487867e-11 7.231334836517859551e-12 8.971289261894283883e-12 -5.104048968546373272e-12
-4.531107887887210655e-12 -1.126116713982122282e-11 -6.659489303225558013e-12 9.549329833633256955e-12 9.773903943027073063e-12 1.192620916292916442e-11 -3.884596686717057327e-12 -1.129561809559719992e-11 8.476402898089160044e-12 6.050917629410044038e-12 -5.340200836915461474e-12
-4.458502837741878898e-12 -8.332076136687847950e-12 -5.752123312178656714e-12 4.118539622774460589e-12 1.148018410238143037e-11 4.366775124734334176e-12 -9.947333362108978342e-13 1.974099827875504113e-12 3.678274414086811063e-12 -8.298581672696411576e-13 -2.877906569769133004e-12
-4.188929045160164884e-12 -4.798437979698145501e-12 -3.666721904433877750e-12 -8.751193079775180543e-13 5.253901780660408921e-12 -5.042460941328563903e-12 3.862583974194388040e-12 -1.065206668877180794e-12 4.592743039165972867e-13 -9.132170690568385128e-13 -3.111077595539022565e-12
-3.771815173880610989e-12 -2.023722916903441313e-12 -2.608717740530659025e-12 -2.850861306555714704e-12 1.883771367421633504e-12 -1.705008591161950195e-12 3.855199148350305687e-12 -1.659352747802386055e-12 4.395938395304772021e-12 -4.303940925950788442e-12 6.383346079636029077e-12
-3.209150167417759999e-12 -2.498546575504344533e-13 -8.904848789583243340e-13 -3.248644382885638270e-12 -1.229150513417210176e-12 1.764114010866803306e-12 1.922083412718209454e-12 -2.911017682009045572e-12 3.259582803839677217e-13 9.879273703525707853e-14 8.514955055184925468e-12
-2.568517100794192330e-12 7.923165936760791673e-13 4.461025360452591441e-13 -2.547031340911448213e-12 -1.878404331108641406e-13 4.013931203868653779e-12 -1.397111776145772685e-12 -4.463803124513183822e-12 -3.275711771476342461e-12 -4.480482437667651600e-12 -3.116775714321246855e-12
-5.167002519365026694e-14 3.899376385044829215e-13 -1.187395287673978211e-13 -1.512926076154097751e-12 2.968759120502635836e-12 2.623455958690183715e-12 5.827198853982161562e-13 -1.068699208037511037e-11 8.957806330506489714e-12 9.420965519752552628e-12 1.818532796064416340e-11
-6.379691327078372279e-14 5.021493203059607065e-13 -2.493576906328128173e-13 -1.726418758104675973e-12 3.654838433795126004e-12 2.947721577187891898e-12 1.438486216328359994e-12 -1.119680577387065230e-11 1.228350338021248090e-11 1.062362612643189147e-11 2.337988761077358873e-11
-6.944571111426307447e-14 5.744429877515136274e-13 -4.132836561726791330e-13 -1.685196082438973669e-12 3.969804443369328744e-12 2.773662898273986855e-12 2.534374085565302268e-12 -9.391738526183398676e-12 1.532518706123103746e-11 1.005899746303682851e-11 2.696103417592276184e-11
-6.816614040949581736e-14 5.886679021730104912e-13 -5.271331309244151543e-13 -1.486007021911253415e-12 3.880172992692130838e-12 2.392108221213285677e-12 3.337941093983310005e-12 -6.883340312934286189e-12 1.635793154027717574e-11 8.748795001242158286e-12 2.744128619384581211e-11
-6.117724219521202659e-14 5.436294174873417576e-13 -5.990487730501584467e-13 -1.181200309738281864e-12 3.561238659749869139e-12 1.381503295373403954e-12 3.654485333030035368e-12 -3.101835090811943153e-12 1.949518625813159468e-11 5.715659001847490663e-12 2.243373776798181559e-11
-6.009519602004408264e-14 5.157527451619313363e-13 -5.666910162370065825e-13 -1.220383499656472959e-12 3.632366411341036102e-12 8.751583967208585101e-13 3.178862267482045156e-12 -2.551738999342096587e-12 2.328123603510103970e-11 4.976084595795466965e-12 1.320753289904774510e-11
-2.127029018194416664e-13 -9.328118094165576217e-15 -6.893899299177136578e-14 -1.783195007252618088e-13 -1.219195929325970796e-12 2.712041104321949283e-13 5.360670755775993046e-12 -4.427642809487963478e-12 2.239761468780809227e-11 6.718217526984750216e-12 3.134388042157926745e-13
-5.528105033899907543e-13 -1.395821337581730098e-12 9.560881765685965452e-13 3.637760929137869404e-12 -1.502079239589818141e-11 -1.889325090760283492e-12 1.271138060960135138e-11 3.508191312354056107e-13 5.983097267404317357e-12 4.487031814454397518e-12 -7.452137433509602294e-12
-6.469742547172657805e-13 -1.846169884721766828e-12 1.396646201045453643e-12 4.639730670795981408e-12 -1.902440638493229128e-11 -2.700161170653138769e-12 1.358216064638076971e-11 1.547003730775112000e-12 2.308505219439333560e-12 2.524252062729851048e-12 -8.438391001159244076e-12
-7.129347646943548619e-13 -2.279934715980048856e-12 1.190895990739108023e-12 4.928613580344209144e-12 -1.773032695608063326e-11 -1.811210475505374018e-12 1.166900336890005107e-11 -1.277105709866300900e-12 -7.590427276825191836e-14 3.261341644564805473e-12 -8.732612149688332961e-12
-6.801589242358947235e-13 -2.343231217340284307e-12 7.400861686944322234e-13 4.209141101933860429e-12 -1.332189250263869901e-11 -7.651249320764755041e-13 8.687889012113112407e-12 -8.094465872883451590e-12 3.552735592169060088e-12 4.870495404104129378e-12 -6.670040299720739597e-12
-6.303413293445592466e-13 -2.121634396269507358e-12 4.233497829817622714e-14 3.312527732871993265e-12 -6.945499307257706767e-12 9.133902328546127946e-13 4.496563301508022012e-12 -4.367316569055675399e-12 1.665350225057078386e-12 2.224386909318413969e-12 -5.122578529266971331e-12
-6.431305542391473822e-13 -2.113218709427065848e-12 -4.446908090580176736e-13 2.921054558810910346e-12 -3.368365822032673859e-12 2.048365978585326905e-12 1.857092404308800258e-12 -3.363221771245428105e-12 4.053250512494932422e-13 1.800058467437054574e-12 -6.512969420727979214e-13
-6.509733978291864044e-13 -2.035263802581953532e-12 -7.221034548216984906e-13 2.406201119245958215e-12 -6.128897312576408921e-13 3.029953362081564095e-12 -1.491237364344280063e-13 -2.593044220570788346e-12 4.118519993507476037e-12 1.045477706650214651e-12 -1.357643277264145132e-12
-6.653488288370913523e-13 -1.855804837500018775e-12 -8.425071572765585909e-13 1.778492534729747772e-12 8.516649839895756153e-13 2.191471095020191343e-12 -7.029644733933893953e-13 -2.176094446361263196e-12 9.419901040672290632e-13 1.390105169607348934e-12 3.865069413121479184e-13
-6.667182372733774557e-13 -1.494510129455317697e-12 -7.499868249023512913e-13 9.814311465958636463e-13 1.621181952129117337e-12 1.218942178956198981e-12 -9.400225486205940599e-13 -2.714614490601118036e-13 1.436582388573917814e-12 1.486566134966901180e-13 -5.980139270441112585e-13
-6.356156271548136449e-13 -9.913923918542943393e-13 -4.662115660712538276e-13 1.318291033206201288e-13 1.028854656489588407e-12 -5.248957304423842229e-13 1.322786380372252209e-13 -6.746134972859143784e-13 -3.009825956544074924e-13 5.717400047225226959e-13 -5.599798382822698247e-13
-5.856077917148696306e-13 -5.239716234943599995e-13 -2.190929563221851839e-13 -3.037438710156938309e-13 1.796477367671619802e-13 -7.476857529062249551e-13 4.939482422489196505e-13 -2.725721598680645748e-13 -6.204091766105607467e-13 -4.360862034405818029e-14 2.509604786149981329e-13
-5.048844699701120227e-13 -1.594332616731780966e-13 -1.183358514964649876e-14 -5.701870924418890419e-13 -4.304760775624045162e-14 9.417952239556871584e-14 3.249263074456871502e-13 -3.794033016721756133e-13 7.042374852092121506e-13 5.846813044467517531e-13 6.449816089205962916e-13
-4.155322533316401937e-13 5.747766792949240922e-14 1.542683173244013155e-13 -4.683055563099942328e-13 3.766192240105413431e-14 6.380868089414302691e-13 1.485889225501708745e-14 1.291263638638222104e-13 -1.356850770191193347e-13 6.321387384750470722e-13 -1.755051173988315298e-13
-9.376209509088359612e-14 7.051629296507764132e-13 -2.032143765797356404e-13 -2.760183966734261142e-12 5.400939844527353802e-12 4.786257710335253531e-12 1.028777902454533244e-12 -1.956649358756553207e-11 1.625885252583252798e-11 1.724404918470364824e-11 3.323024106060041626e-11
-1.160234510253732860e-13 9.097127626976139203e-13 -4.351514952735932525e-13 -3.161899872047150214e-12 6.664413295770241988e-12 5.406042028976393936e-12 2.568013309541409587e-12 -2.063960332570667288e-11 2.227723899505752024e-11 1.955753247803332259e-11 4.279052451532896607e-11
-1.264264685989176408e-13 1.041957205354405672e-12 -7.324515553296784302e-13 -3.091673573911688743e-12 7.248192342293293316e-12 5.096685028726538043e-12 4.570055777653899945e-12 -1.738824115711276300e-11 2.785996304265050441e-11 1.857099491680194081e-11 4.946310693728648108e-11
-1.242588569459033171e-13 1.069436933789473945e-12 -9.417021600540999859e-13 -2.731259242245932791e-12 7.094961600226349823e-12 4.405843957426422687e-12 6.050846242780319214e-12 -1.282058235881109156e-11 2.979156094431974354e-11 1.620818754626823649e-11 5.046472356472243913e-11
-1.115773337652503457e-13 9.885324822501442079e-13 -1.075800047548383631e-12 -2.173138357186636871e-12 6.513968157718945850e-12 2.566169205703944379e-12 6.646684118915255038e-12 -5.900789759018652273e-12 3.548357843944025679e-11 1.068041961074456443e-11 4.140454494454451326e-11
-1.090936937791094514e-13 9.357557097978376142e-13 -1.023403448586935027e-12 -2.218256235938766195e-12 6.609187695055649782e-12 1.607994902866197684e-12 5.827935117498538452e-12 -4.671250870997393390e-12 4.228002635370914153e-11 9.158639147823017495e-12 2.482842605170075200e-11
-3.731717771008795489e-13 3.266188285209259872e-14 -1.518219677279514869e-13 -4.755686858902122300e-13 -1.681100358499375685e-12 5.606532873323282266e-13 9.462029512378351482e-12 -8.224920894504912135e-12 4.151789278279514824e-11 1.235698202024719638e-11 9.985909582095274954e-13
-1.006762374483971979e-12 -2.536641168212499060e-12 1.754228420150056889e-12 6.589129365324432689e-12 -2.731829721022165342e-11 -3.414301588266830163e-12 2.316299149593531736e-11 3.460560195724410510e-13 1.120549581481901849e-11 8.446196102486862237e-12 -1.337054612571830215e-11
-1.180004954395490000e-12 -3.369422284227857778e-12 2.558743441844681375e-12 8.475516957137355052e-12 -3.476805287143944095e-11 -4.938700574403874074e-12 2.484809992766594926e-11 2.846513267749318884e-12 4.089633816568837206e-12 4.674272882930142241e-12 -1.522810821286415981e-11
-1.306472098786449893e-12 -4.173982122759785649e-12 2.215833162209414105e-12 9.052537080285796039e-12 -3.269207341692928562e-11 -3.376358209118818206e-12 2.150764350969830679e-11 -2.072861709443536429e-12 -2.555487740263253741e-13 5.922591198566417235e-12 -1.595949359588624739e-11
-1.243168447555590571e-12 -4.279682095632835531e-12 1.381314883790839226e-12 7.725580129344690998e-12 -2.460330786401556662e-11 -1.474216168815715786e-12 1.603552505269788552e-11 -1.465041311275288114e-11 6.423855556226226346e-12 8.966806439346287525e-12 -1.236806386498884744e-11
-1.151485558683952329e-12 -3.882179601882143759e-12 1.131624279910148986e-13 6.072910587433430697e-12 -1.288987018615246300e-11 1.605842864839784152e-12 8.327096921311996430e-12 -8.058125354195525759e-12 3.069532110607523603e-12 4.103582021806151174e-12 -9.413406095578404327e-12
-1.174749876122168190e-12 -3.864491780236924927e-12 -7.892731510364346178e-13 5.360945155790851674e-12 -6.312093757349356521e-12 3.696770209392071130e-12 3.490761744721207336e-12 -6.183652746658839976e-12 7.446151844379140515e-13 3.301882839721683618e-12 -1.270090481203650793e-12
-1.188703635409435149e-12 -3.728686899004747602e-12 -1.290841508301064447e-12 4.418692535446357196e-12 -1.226201909792940837e-12 5.504195619048062102e-12 -2.466828209444562212e-13 -4.616699392128431722e-12 7.339301225418592506e-12 1.880264821115718843e-12 -2.504044371977725190e-12
-1.215268515085839175e-12 -3.402107413574596121e-12 -1.529199341549024267e-12 3.274709115424366375e-12 1.516311273377738227e-12 4.023007817347976515e-12 -1.287667872718673120e-12 -3.982033352852644285e-12 1.667688088254417842e-12 2.540699416651068915e-12 7.270799943519363270e-13
-1.218006544868857907e-12 -2.746962627529012373e-12 -1.355458538841712526e-12 1.825131637526231536e-12 2.909691770371730712e-12 2.261357468026050076e-12 -1.758016843098495718e-12 -4.696052018949883997e-13 2.759460111682666090e-12 2.599699666628765829e-13 -1.209081518131334335e-12
-1.162579589493563482e-12 -1.835222828990233997e-12 -8.481999597488592194e-13 2.676653481935695165e-13 1.904586097354969061e-12 -9.456924353098605795e-13 1.967613713560840108e-13 -1.244281270876257415e-12 -8.070928068435551529e-13 1.114436251050534021e-12 -1.019309110169228104e-12
-1.071234875835008392e-12 -9.749927257688322963e-13 -3.894537832496872530e-13 -5.522014988091904744e-13 3.568698105101565690e-13 -1.398443121281571552e-12 8.687303166192782205e-13 -5.802472128405070844e-13 -1.257952452018408650e-12 -2.110750087660969648e-14 3.102686900511350703e-13
-9.247172170402384056e-13 -3.032049668882008212e-13 -1.115083672854664464e-14 -1.043431791528156073e-12 -6.742934119028580416e-14 1.492074849196225403e-13 5.756101526504106726e-13 -6.458686545943396260e-13 1.254439184227209813e-12 1.064955949095240936e-12 1.188776477725732677e-12
-7.618369337327744889e-13 9.907020304540492376e-14 2.881070731672828011e-13 -8.609759334825388715e-13 6.965742203425076299e-14 1.167360952741966940e-12 5.406789541425045402e-14 3.166203660440796442e-13 -1.983924260287495556e-13 1.260668754765444463e-12 -3.441361520010041095e-13
-1.296348382434609777e-13 9.738113068451948354e-13 -2.752040670213738742e-13 -3.823157180377957185e-12 7.473756879824762827e-12 6.629501550115646615e-12 1.408920108587315829e-12 -2.713405209239937085e-11 2.248113069075537732e-11 2.391127297845714347e-11 4.605225544923295165e-11
-1.605333153682114311e-13 1.257056093264175444e-12 -5.934881626742231778e-13 -4.385289621469045030e-12 9.229316884607616290e-12 7.501149447123194558e-12 3.530634047829202400e-12 -2.868727240423155448e-11 3.079434245856254277e-11 2.717148793159474286e-11 5.933324234148073386e-11
-1.749881340638840410e-13 1.440393544250150951e-12 -1.004455446837189041e-12 -4.290346525717835457e-12 1.004219394668900271e-11 7.076487230993554712e-12 6.304945671330432565e-12 -2.420332108943697359e-11 3.854267217479489701e-11 2.582539247130118424e-11 6.864053710735858399e-11
-1.720637406886428385e-13 1.479170111614565871e-12 -1.295011926910367216e-12 -3.792529158080593422e-12 9.834763947278186679e-12 6.122058878266484565e-12 8.362902868589634882e-12 -1.788066392241566977e-11 4.124033133777018978e-11 2.256551363193836848e-11 7.008652355870583538e-11
-1.545307093976463457e-13 1.367699317554563394e-12 -1.482105248665854321e-12 -3.018521286246702911e-12 9.030431488348670318e-12 3.575812733461888277e-12 9.196773640275032909e-12 -8.286267992557111696e-12 4.910962880218563529e-11 1.491170301512968036e-11 5.757252514565666209e-11
-1.508524113335748545e-13 1.293700929981159025e-12 -1.412632666706677625e-12 -3.068688981668228193e-12 9.146172798525265804e-12 2.232557298534582889e-12 8.085611621603651785e-12 -6.477605952858900166e-12 5.847164954560845623e-11 1.272323690121469539e-11 3.473253555716764037e-11
-5.099264811330066695e-13 6.846305201845563329e-14 -2.224671814979661180e-13 -7.289450268119072186e-13 -2.074588629025326587e-12 8.073568599177155117e-13 1.295730562545123606e-11 -1.146118829195931269e-11 5.781331201720874715e-11 1.716263686254156448e-11 1.582643817061033497e-12
-1.393641292476570640e-12 -3.508899209504565818e-12 2.434444579435159167e-12 9.104411427362229912e-12 -3.779879026248393832e-11 -4.713948658390264761e-12 3.207034452847884684e-11 3.419032868063923620e-13 1.565636544762222536e-11 1.182046613694390745e-11 -1.841442462982914348e-11
-1.634279364041922232e-12 -4.667611885949840933e-12 3.549142101955374958e-12 1.174456186515431521e-11 -4.818556536447920650e-11 -6.846496061031712920e-12 3.444949676187550562e-11 3.954022623952780912e-12 5.607572966049239551e-12 6.506645823326508972e-12 -2.101460097451890511e-11
-1.812314766202982561e-12 -5.788184208180855518e-12 3.089347145117529204e-12 1.256716013916179537e-11 -4.544329521062931863e-11 -4.710274669891894110e-12 2.989266968760077539e-11 -2.750962496379840871e-12 -4.086801401762195925e-13 8.190625266917915004e-12 -2.211859896298366366e-11
-1.722992948335346474e-12 -5.930020390421132627e-12 1.927809492210106306e-12 1.072247128878774572e-11 -3.421795046279275881e-11 -2.078557092030772264e-12 2.229757965275188792e-11 -2.023766797768825114e-11 8.870731590894663825e-12 1.245789602160320481e-11 -1.722426168313368808e-11
-1.595630472645016805e-12 -5.382605630894283181e-12 1.735355640175302328e-13 8.425453104638687494e-12 -1.795601916747571836e-11 2.195967401416271842e-12 1.159170187935510739e-11 -1.120363978712476089e-11 4.266233079428612157e-12 5.705134159381954723e-12 -1.307022807368712849e-11
-1.627821842560575953e-12 -5.357013585630823910e-12 -1.082935871788785372e-12 7.440346519192781247e-12 -8.820929576272773493e-12 5.101607706768309632e-12 4.883083650853196328e-12 -8.587359667142845307e-12 1.033770389464768796e-12 4.581812717047870707e-12 -1.797499309582465894e-12
-1.646983542461999554e-12 -5.171908149125559894e-12 -1.775539235415026329e-12 6.133842631173410414e-12 -1.748928895560957126e-12 7.612855599140941249e-12 -3.298193494969156890e-13 -6.341326312858541894e-12 1.008414673851182822e-11 2.591706090477604872e-12 -3.481081108395679830e-12
-1.683936950301588767e-12 -4.719945751159041059e-12 -2.114429012669879536e-12 4.549865899593254871e-12 2.082742768804757349e-12 5.583938529063285340e-12 -1.785980508965460597e-12 -5.521145525469515064e-12 2.286133339527146225e-12 3.521294057047753453e-12 1.017342532392544667e-12
-1.687841453173135748e-12 -3.814369063511412371e-12 -1.871466889297311729e-12 2.544184372377132932e-12 4.007807304621033305e-12 3.149764021089773459e-12 -2.455163126992277024e-12 -6.384616304564030216e-13 3.886916536373120484e-12 3.548301925191537586e-13 -1.729888197469635305e-12
-1.611684456025737929e-12 -2.554383405802945648e-12 -1.173747678197978590e-12 3.834386759382651753e-13 2.650935617704449872e-12 -1.304310855440410317e-12 2.517011261709370852e-13 -1.729786382618056541e-12 -1.238506692576187949e-12 1.576969020941750473e-12 -1.410727849269462152e-12
-1.485110481704426891e-12 -1.359379951020704910e-12 -5.346397141416802469e-13 -7.639509000769668798e-13 5.079171380335732824e-13 -1.953059553313669684e-12 1.188124776567701858e-12 -8.425095956956409623e-13 -1.801313546097055671e-12 -1.900160702384877947e-15 3.607533122252971722e-13
-1.282519860014572063e-12 -4.257376385925090033e-13 -1.056593349326186200e-14 -1.446753999802647708e-12 -8.820477390374380231e-14 1.960984787519455989e-13 7.892469905229631254e-13 -8.729336316243695792e-13 1.723353572811716274e-12 1.474266253034974331e-12 1.652209293872081722e-12
-1.056975535752135513e-12 1.345154073637429723e-13 4.021730616272964765e-13 -1.195629558729910874e-12 9.692265631336731443e-14 1.618433640865370671e-12 8.749548792185705206e-14 4.764371135752055359e-13 -2.518472441364838909e-13 1.796359253416160815e-12 -4.878084200992698274e-13
-1.608733781120734161e-13 1.207754471044921665e-12 -3.378938034984065763e-13 -4.748810704345158591e-12 9.278798031051368286e-12 8.234626810025957919e-12 1.739953824427927320e-12 -3.372399914649216371e-11 2.789958680670491202e-11 2.971719463376725537e-11 5.721786400014610582e-11
-1.992931940289925896e-13 1.559528040665686441e-12 -7.313701829153078844e-13 -5.450636347241008739e-12 1.146287462166815471e-11 9.325601408655739671e-12 4.368899083216293304e-12 -3.569530717559363101e-11 3.821116795685491063e-11 3.380183816667234085e-11 7.373889702315987963e-11
-2.172763838428798132e-13 1.787358073968391341e-12 -1.241320644830381460e-12 -5.334169481635157975e-12 1.247525378099505242e-11 8.800529626177603935e-12 7.815714638121736370e-12 -3.013799815791330246e-11 4.784534060219986757e-11 3.214263412357977561e-11 8.534054007084547430e-11
-2.136929732332086244e-13 1.835972103493138391e-12 -1.602679539362955262e-12 -4.716699423962076908e-12 1.222062622959304278e-11 7.616565389804446316e-12 1.037627755749441679e-11 -2.228706125285035096e-11 5.121009776642068867e-11 2.810157156719675159e-11 8.717349064169180271e-11
-1.919351736028125086e-13 1.697883665351447198e-12 -1.835922105380158921e-12 -3.754693823189299433e-12 1.122180669898214167e-11 4.455025941680583668e-12 1.141743105813234819e-11 -1.036357935365244849e-11 6.097540432153336496e-11 1.859637008286720323e-11 7.165185250446983776e-11
-1.872165487968679312e-13 1.605405166926286833e-12 -1.751579493175844975e-12 -3.809258977110684297e-12 1.135541868652669977e-11 2.776435897796765551e-12 1.005163125895844193e-11 -8.050607911542855672e-12 7.257156558679638818e-11 1.582734378695534565e-11 4.335718738090989716e-11
-6.290145936861596593e-13 9.963926415194566577e-14 -2.839861268854169124e-13 -9.495890654865376815e-13 -2.417244304246828029e-12 1.022190148682258668e-12 1.600104615418921841e-11 -1.427938002297577888e-11 7.200361525840150040e-11 2.134747546685720501e-11 2.091246084823379412e-12
-1.730541441223186827e-12 -4.355556557573289761e-12 3.026787337299388050e-12 1.129475797102332746e-11 -4.692536579822712577e-11 -5.845701439122529356e-12 3.982700539066497893e-11 3.382870228502477222e-13 1.953225160114661149e-11 1.475883269998365427e-11 -2.280671208530779433e-11
-2.029868549867368459e-12 -5.798095480638491504e-12 4.411596581618126623e-12 1.459129675958748412e-11 -5.986974287967681795e-11 -8.507833893951324103e-12 4.281054170690757005e-11 4.918458910052903495e-12 6.929417867584034758e-12 8.102304535867209401e-12 -2.605356841734951711e-11
-2.252810388914298095e-12 -7.193856363973628042e-12 3.850016639079724598e-12 1.562774828769016081e-11 -5.654725647398185850e-11 -5.871869766313959728e-12 3.719448024176264082e-11 -3.341463155270447090e-12 -5.420293035644705635e-13 1.016566443151167024e-11 -2.748204322888076080e-11
-2.140831548907753604e-12 -7.367160516539694623e-12 2.403705454236171512e-12 1.333221048737866867e-11 -4.259053002458416391e-11 -2.604826520154252715e-12 2.775067370389189028e-11 -2.510313597694224038e-11 1.100150910734227436e-11 1.549799085449569429e-11 -2.145311389290115404e-11
-1.982398736873452482e-12 -6.689199836079892971e-12 2.261094251440338381e-13 1.047408353426129645e-11 -2.236770009916284128e-11 2.709856980056183699e-12 1.443457039663684578e-11 -1.394280243221689448e-11 5.308338802054701789e-12 7.099790544818447239e-12 -1.625464524164709473e-11
-2.022363922232582565e-12 -6.656724670571658506e-12 -1.338661913456941912e-12 9.251121405219417441e-12 -1.100566263167266454e-11 6.324961939371413790e-12 6.095539112917447508e-12 -1.068054485091032036e-11 1.285571216689998612e-12 5.696395461154386410e-12 -2.256775078997666952e-12
-2.046060777413828048e-12 -6.428687547607342863e-12 -2.197621516893052578e-12 7.627421876513240597e-12 -2.204127643976493475e-12 9.449109341361495925e-12 -4.022159250990969311e-13 -7.843158124062017982e-12 1.247440068784904380e-11 3.211240157410582712e-12 -4.331899818139229148e-12
-2.092060676340579327e-12 -5.867539769101110630e-12 -2.624056066722454284e-12 5.660292160322937311e-12 2.576000080561856994e-12 6.943221148257296685e-12 -2.219918864006361575e-12 -6.861428223174528672e-12 2.824685034785740627e-12 4.375211044628134101e-12 1.270107642334447575e-12
-2.096980962028797016e-12 -4.743883106099840216e-12 -2.320814946113502508e-12 3.170346621239629046e-12 4.964063305205518318e-12 3.923402195605637409e-12 -3.062248899358559375e-12 -7.855044215051290600e-13 4.868723038401715740e-12 4.374359451539219277e-13 -2.183414713330825152e-12
-2.002771923708429628e-12 -3.180639565114874442e-12 -1.457239669280832828e-12 4.842558813323120882e-13 3.300868329797520418e-12 -1.616601325317323685e-12 2.995435148586786192e-13 -2.152571747123902891e-12 -1.614188580407694261e-12 1.979749714665427735e-12 -1.751581344489444803e-12
-1.845519764028503615e-12 -1.694110295169457588e-12 -6.610698695176961628e-13 -9.483455555270632818e-13 6.394514883009507648e-13 -2.436028125026701010e-12 1.466258414927386294e-12 -1.070891737201269545e-12 -2.274480795343069557e-12 1.482588835294378780e-14 4.047161024671536574e-13
-1.594099938519406206e-12 -5.324409853078741039e-13 -1.005659070474382635e-14 -1.797973220187037595e-12 -1.062963422109170724e-13 2.369318818206934895e-13 9.752852549771973050e-13 -1.070665327458346700e-12 2.131691478851616092e-12 1.830699999790744171e-12 2.055773761806387635e-12
-1.313986797666122734e-12 1.653816397994773697e-13 5.015034895515533497e-13 -1.487051114366531483e-12 1.206656442536747525e-13 2.011234718041813238e-12 1.166047527693846294e-13 6.156080104912294478e-13 -2.983965269607543808e-13 2.262846829459219187e-12 -6.129204544863884697e-13
-1.891985567647856520e-13 1.419879683952455427e-12 -3.947369848012435526e-13 -5.588136151289408427e-12 1.091549786718924940e-11 9.690055262788266084e-12 2.040114753230369901e-12 -3.969935613843699164e-11 3.281270816734991502e-11 3.498164581476029333e-11 6.734214824331614273e-11
-2.344382581787581599e-13 1.833790921826565335e-12 -8.563930832343668193e-13 -6.416626962086622706e-12 1.348812683259284310e-11 1.097990176877286107e-11 5.128986045965607994e-12 -4.204976028832167682e-11 4.493628725380612557e-11 3.981383026822492989e-11 8.680105499205024668e-11
-2.556207570095362899e-13 2.101964080898319594e-12 -1.456095377512806257e-12 -6.280643671287446082e-12 1.468140217234601733e-11 1.036378479284721176e-11 9.185586631770457472e-12 -3.551919679644614666e-11 5.628042579690607181e-11 3.787071869948237120e-11 1.004830713616203002e-10
-2.514397902728760868e-13 2.159498113548019618e-12 -1.881653528704587928e-12 -5.554679944073326730e-12 1.438397879574596115e-11 8.971691593366053319e-12 1.220188137887217956e-11 -2.628251021192086187e-11 6.025006622849823790e-11 3.312132699452447922e-11 1.026668970961146049e-10
-2.258512316347064314e-13 1.997274439663872744e-12 -2.156741379227018080e-12 -4.422209613483772783e-12 1.320881040009343624e-11 5.252242178475253827e-12 1.343098605631730238e-11 -1.224715700061147062e-11 7.173455672906673025e-11 2.193739861405624926e-11 8.441811701049681499e-11
-2.201893027902091438e-13 1.888039318054548214e-12 -2.058915541974089196e-12 -4.480762111188604085e-12 1.335862641417277361e-11 3.269591421533334137e-12 1.183429644425618520e-11 -9.476908938665321836e-12 8.535649863857363366e-11 1.864195620041687125e-11 5.117748899380468469e-11
-7.369963392366322696e-13 1.279079278635672276e-13 -3.397677071378454691e-13 -1.149655452728491974e-12 -2.727943308024277248e-12 1.216987706756863136e-12 1.876092208342752124e-11 -1.683474223238408127e-11 8.487050584081266614e-11 2.514202865652665504e-11 2.552415209768949921e-12
-2.036021689066906067e-12 -5.123253151026501864e-12 3.563887166890976454e-12 1.328082894044960556e-11 -5.520078083439542260e-11 -6.871904963344863485e-12 4.686026640714656156e-11 3.350080180100526821e-13 2.304666578948576053e-11 1.742316202489944122e-11 -2.678936708120788963e-11
-2.388564391884201620e-12 -6.823148185345098201e-12 5.193617038366695999e-12 1.717254014678461803e-11 -7.046423343266539074e-11 -1.001423243620179377e-11 5.039182088277101142e-11 5.792950170473264972e-12 8.127985186840883295e-12 9.549149308035195673e-12 -3.062259288672183906e-11
-2.652224614466429267e-12 -8.468433060173881528e-12 4.539744757062484343e-12 1.840290059806771560e-11 -6.661564276410008058e-11 -6.925132459337413672e-12 4.381531109058737091e-11 -3.876892683272162344e-12 -6.629420892068015617e-13 1.195650796701722681e-11 -3.234528324155613338e-11
-2.519701786087669155e-12 -8.670270424761015297e-12 2.835218521144862622e-12 1.569856081449951745e-11 -5.018226807856274414e-11 -3.082015135039710654e-12 3.269520260498551828e-11 -2.951484186612961980e-11 1.293356656189577953e-11 1.825456109194712002e-11 -2.528757590174882504e-11
-2.333096311968534958e-12 -7.873938765748977597e-12 2.737801554389538119e-13 1.233165508390320097e-11 -2.636793990147505203e-11 3.175820312014055090e-12 1.701230799182704427e-11 -1.642650594740099784e-11 6.253255910599049708e-12 8.364378820821565876e-12 -1.914207805909226634e-11
-2.380110313059083845e-12 -7.835222411905942138e-12 -1.570538494334778756e-12 1.089302023794726207e-11 -1.298664363663734934e-11 7.434224002824664362e-12 7.194918844363119499e-12 -1.257851589989841315e-11 1.513888655530664429e-12 6.707030256588645536e-12 -2.673217981732251587e-12
-2.407919366955695347e-12 -7.568257487132798520e-12 -2.580339661826562391e-12 8.981707292350465695e-12 -2.616873755850207902e-12 1.111411082730321642e-11 -4.678606686249965405e-13 -9.204926456942279704e-12 1.464173534641671085e-11 3.772995386715553627e-12 -5.103369677354999872e-12
-2.462122065286683023e-12 -6.908107148870315748e-12 -3.086154404639607030e-12 6.667158113342543390e-12 3.023255347164220817e-12 8.175734677699214954e-12 -2.613387364213741854e-12 -8.076713797252565636e-12 3.313010450956983440e-12 5.149490230833037191e-12 1.499299433188585974e-12
-2.467963400098068422e-12 -5.586709032893693683e-12 -2.728256012182778304e-12 3.738111876567888928e-12 5.831137187917816807e-12 4.624889512165248546e-12 -3.612716783968814576e-12 -9.188337430263805159e-13 5.758964537822393769e-12 5.123377398978397046e-13 -2.594644548000017976e-12
-2.357385885740782691e-12 -3.748489972638460643e-12 -1.714292698256511177e-12 5.756706966878607950e-13 3.890187173113011587e-12 -1.899767036261653268e-12 3.429240381601841612e-13 -2.535927404325891862e-12 -1.954833714088281070e-12 2.344966371896845443e-12 -2.060646242762098519e-12
-2.172316642270262800e-12 -1.997623098212070812e-12 -7.757089260535579126e-13 -1.115543240827944667e-12 7.587187135287628579e-13 -2.873954197594087722e-12 1.718452820585848231e-12 -1.277974558180295289e-12 -2.703519634031146983e-12 2.999203663129631417e-14 4.445788455017678500e-13
-1.876621510442056425e-12 -6.291929900836066314e-13 -9.594750120988467897e-15 -2.116437117842477420e-12 -1.227006590119297841e-13 2.739570898413383194e-13 1.143973263412865989e-12 -1.249956217279146548e-12 2.501947072994048427e-12 2.153892107909556174e-12 2.421701097081572604e-12
-1.547028736888317305e-12 1.933692330656044431e-13 5.915701869206897124e-13 -1.751294182747929066e-12 1.421943193447953084e-13 2.367402475330126656e-12 1.429992363382441517e-13 7.417995845860595883e-13 -3.406045417283652619e-13 2.685828953026239743e-12 -7.263643203191641624e-13
-2.159779747956630605e-13 1.620428807435318425e-12 -4.484781220808491761e-13 -6.381657960388345349e-12 1.246287977921543577e-11 1.106605812679550571e-11 2.323895310654610887e-12 -4.534862616521086980e-11 3.745771084743235466e-11 3.995880555779291430e-11 7.691393041375879547e-11
-2.676653871629767831e-13 2.093086738986945660e-12 -9.745932383750763503e-13 -7.329901572158551594e-12 1.540285705332304259e-11 1.254392370966185674e-11 5.847593570507009136e-12 -4.805743841632569654e-11 5.129440358448240885e-11 4.549773615448629620e-11 9.915038534944996942e-11
-2.918726024350080145e-13 2.399401420233816481e-12 -1.659149431282507762e-12 -7.175466905804221493e-12 1.676715671372319852e-11 1.184173005527348794e-11 1.048070202067568668e-11 -4.060673285802562479e-11 6.425519182847764704e-11 4.328621045173918748e-11 1.147992449841804591e-10
-2.871266893821015724e-13 2.465368673918217464e-12 -2.145403359625352743e-12 -6.346930221634638726e-12 1.642927296410780810e-11 1.025286589887598612e-11 1.392785841463520507e-11 -3.005991967530406362e-11 6.879670585963984090e-11 3.786714451044536244e-11 1.173147979365711417e-10
-2.579164237782826411e-13 2.280326871502995058e-12 -2.460052915306630148e-12 -5.053297756292010923e-12 1.508737940730244974e-11 6.005952759709421233e-12 1.533465740413833990e-11 -1.402794411651367991e-11 8.190656106181744647e-11 2.509610065730826232e-11 9.648770139287181522e-11
-2.513626688489829615e-13 2.155249568542399561e-12 -2.349479659069274880e-12 -5.115620000597220329e-12 1.525251516239146461e-11 3.735834479918209132e-12 1.351967808972427828e-11 -1.082537391790034817e-11 9.744373278768560514e-11 2.130296968745700668e-11 5.857102139098749177e-11
-8.390853088877510681e-13 1.546339150819214523e-13 -3.925051770145797544e-13 -1.338803824335986920e-12 -3.021686857071401480e-12 1.401154779563351746e-12 2.137018616362926638e-11 -1.925065330803131675e-11 9.703522493709313237e-11 2.872950562711076331e-11 2.988417430097074041e-12
-2.324831279909469840e-12 -5.849055033838209240e-12 4.071676404068271572e-12 1.515851611699712905e-11 -6.302459022148175071e-11 -7.842106546071601355e-12 5.350970855863271473e-11 3.319079549410228071e-13 2.636929149426541841e-11 1.994209366669831399e-11 -3.055468077303760978e-11
-2.727685497425422850e-12 -7.792261751043659554e-12 5.932961103123129479e-12 1.961292001351046009e-11 -8.048056183159662965e-11 -1.143842385186324154e-11 5.755937476654230893e-11 6.619718725528326538e-12 9.261144333829357695e-12 1.091703691981782084e-11 -3.494227671847429394e-11
-3.029842021393571592e-12 -9.673453603154867464e-12 5.191833057213290647e-12 2.102660739725349250e-11 -7.613457744289889097e-11 -7.920916538893496974e-12 5.007483019854094177e-11 -4.383102770528094153e-12 -7.772564266819795036e-13 1.364962165407682498e-11 -3.694312669661227134e-11
-2.877896330430956482e-12 -9.902267066352594403e-12 3.243183072621698702e-12 1.793577475742659913e-11 -5.735971007889535930e-11 -3.533162630147826633e-12 3.736989885428035662e-11 -3.368579230160735381e-11 1.476018784714865300e-11 2.086069987841187818e-11 -2.891278378895081672e-11
-2.664655631720144923e-12 -8.994024165534430146e-12 3.188494003683329209e-13 1.408785530633571824e-11 -3.014987876242806241e-11 3.616355109929134124e-12 1.944937338449267532e-11 -1.877466888446678946e-11 7.146607036993993955e-12 9.559956031289589075e-12 -2.187193799760693928e-11
-2.718333780825799478e-12 -8.949407217260142038e-12 -1.789761114855528743e-12 1.244531742714818508e-11 -1.485951861806706980e-11 8.482951457201541392e-12 8.234303264988665796e-12 -1.437291094166356851e-11 1.729746363384701064e-12 7.662512726659729609e-12 -3.066934777480818932e-12
-2.750030622678695834e-12 -8.645638857265582963e-12 -2.942172126042844721e-12 1.026208669361174356e-11 -3.007095501876007873e-12 1.268824991256857454e-11 -5.299230495893077253e-13 -1.049238041777767687e-11 1.669079429663354845e-11 4.304094530034750189e-12 -5.832738911386319872e-12
-2.811988477542433665e-12 -7.891888723345684295e-12 -3.523035128827053607e-12 7.619077414105284944e-12 3.446103015587407763e-12 9.340987523532175223e-12 -2.985383515704746853e-12 -9.225678851075948787e-12 3.774686990240175751e-12 5.881515481381303392e-12 1.715983777950652283e-12
-2.818700598017643121e-12 -6.383540293790375994e-12 -3.113462219178828738e-12 4.274893066981085698e-12 6.650893146166906785e-12 5.288095288336293898e-12 -4.133144555149770926e-12 -1.044887021652287074e-12 6.600623810433947974e-12 5.831519966145911191e-13 -2.983432763054387029e-12
-2.692647867503728435e-12 -4.285351668324939091e-12 -1.957317838662040882e-12 6.620968260552538165e-13 4.447345729892411415e-12 -2.167479838303738722e-12 3.839372011220340766e-13 -2.898362590511716204e-12 -2.276889173877292486e-12 2.690252438956009904e-12 -2.352844862611379667e-12
-2.481279573129927461e-12 -2.284572611578545154e-12 -8.840919041562713841e-13 -1.273616620113250848e-12 8.714772920674009283e-13 -3.287981784416751831e-12 1.956884482291836001e-12 -1.473756462961666494e-12 -3.109144980773915214e-12 4.433053841425049122e-14 4.822662003822865399e-13
-2.143725325392526202e-12 -7.206650479645198191e-13 -9.158113085492247889e-15 -2.417521815229977354e-12 -1.382097600322791952e-13 3.089617595546484264e-13 1.303455635973662633e-12 -1.419462851168553085e-12 2.851997092288998810e-12 2.459446988032881892e-12 2.767659059097488079e-12
-1.767353119858738595e-12 2.198294884078747625e-13 6.767217677486035379e-13 -2.001116987989003629e-12 1.625481323600218870e-13 2.704133458690616881e-12 1.679533211059717702e-13 8.611046366736552392e-13 -3.805091822485390162e-13 3.085728111487989091e-12 -8.336173316211675231e-13
-2.430960654783451737e-13 1.823514225898565519e-12 -5.028989101749172609e-13 -7.185215242817053192e-12 1.402983104619100131e-11 1.245946295745787332e-11 2.611264770395126175e-12 -5.106934110781222530e-11 4.216145772322947186e-11 4.499891020405269131e-11 8.660676453701187520e-11
-3.013127313986903770e-13 2.355661805976669429e-12 -1.094288241538380132e-12 -8.254726139490696274e-12 1.734180239179767871e-11 1.412772544776035782e-11 6.575289145956865021e-12 -5.414109415819498804e-11 5.773292943377448407e-11 5.125352498774794613e-11 1.116558946223560365e-10
-3.285829159501681786e-13 2.700600375762727812e-12 -1.864771459252833011e-12 -8.081606747625162518e-12 1.887928927504744132e-11 1.333836652452951745e-11 1.179219641240016775e-11 -4.575860972542755876e-11 7.233081274642886381e-11 4.877019058398576088e-11 1.292964717009204299e-10
-3.232649118457558594e-13 2.775107503336210501e-12 -2.412488769177680093e-12 -7.149199891804542699e-12 1.850043346012159254e-11 1.155024289784028910e-11 1.567566345362570089e-11 -3.388510109848083566e-11 7.745143272060796867e-11 4.267298120302874289e-11 1.321479471424899139e-10
-2.903871364467671436e-13 2.566958997181047261e-12 -2.767200357081313856e-12 -5.692367114177463573e-12 1.698970621042200653e-11 6.769195331558675901e-12 1.726240401095970239e-11 -1.583125240506832725e-11 9.220720820826356807e-11 2.829475002113491901e-11 1.087099268130450018e-10
-2.829302767296124912e-13 2.425839160733426164e-12 -2.643718468420839967e-12 -5.758506780132370977e-12 1.717035545145278175e-11 4.207973998512733478e-12 1.522637433847439933e-11 -1.219089259893617813e-11 1.096838311865476435e-10 2.399763635167285186e-11 6.605805795710647764e-11
-9.424653723936292951e-13 1.816978992311686621e-13 -4.459096045867971110e-13 -1.530344308457359719e-12 -3.319145307823360094e-12 1.587650967623204673e-12 2.401244895887014178e-11 -2.169711781128986212e-11 1.093537882159672855e-10 3.236235252838051790e-11 3.429933662144067374e-12
-2.617293373951929830e-12 -6.584035952882876268e-12 4.585887525674790907e-12 1.705994993713614816e-11 -7.094734538364115636e-11 -8.824578027368530324e-12 6.024324455431859758e-11 3.287686861619506128e-13 2.973393762141760140e-11 2.249288161160343830e-11 -3.436761345259090132e-11
-3.071095383403270758e-12 -8.773631455429931888e-12 6.681655468728772836e-12 2.208416275860149925e-11 -9.062356424928963972e-11 -1.288062666280151491e-11 6.481757492496842866e-11 7.456943217275365544e-12 1.040863426318518573e-11 1.230222386665347042e-11 -3.931659051931320608e-11
-3.412235061925051299e-12 -1.089371374180363915e-11 5.852168156223415957e-12 2.368349556501021898e-11 -8.577389572557125609e-11 -8.929294052507208395e-12 5.641351189078453942e-11 -4.895714771042092106e-12 -8.930164692456471347e-13 1.536414772967346224e-11 -4.159911793662127790e-11
-3.240620872256706065e-12 -1.114984446363331037e-11 3.656307050508868862e-12 2.020128218971565919e-11 -6.462792340646972600e-11 -3.990015675634285086e-12 4.210371482658669730e-11 -3.790949171180238305e-11 1.660990995831535854e-11 2.349979785513342236e-11 -3.258383878043848869e-11
-3.000408099880789712e-12 -1.012827500731614522e-11 3.644886248530589259e-13 1.586626575701561319e-11 -3.397964686532295530e-11 4.062461242068299961e-12 2.191725973820371634e-11 -2.115252845528178091e-11 8.051256153297859611e-12 1.077065340997135482e-11 -2.463632179711942229e-11
-3.060834676827079473e-12 -1.007768284125747879e-11 -2.011756189435830555e-12 1.401724613355360457e-11 -1.675607938447124535e-11 9.544941907346917838e-12 9.286832522365914996e-12 -1.618999925208736670e-11 1.948333970079255120e-12 8.630078946319828741e-12 -3.465630811788723336e-12
-3.096468474525415181e-12 -9.736645602133112201e-12 -3.308580595608819193e-12 1.155865873531542087e-11 -3.402252285464187420e-12 1.428229674407168135e-11 -5.927703180766070154e-13 -1.179611648924467095e-11 1.876576718672334679e-11 4.841910352370283334e-12 -6.571332297068021711e-12
-3.166279563461456769e-12 -8.888111939175766631e-12 -3.965440975079246439e-12 8.583035401957860899e-12 3.874298333500843070e-12 1.052097703283951274e-11 -3.362084210177261246e-12 -1.038917458070990505e-11 4.242202238099829453e-12 6.622798473556159008e-12 1.935408475814139248e-12
-3.173873482210608193e-12 -7.190448881835843684e-12 -3.503540033448252724e-12 4.818462795859055143e-12 7.481016354514858289e-12 5.959688463323148455e-12 -4.660154047163808519e-12 -1.172534464799491829e-12 7.452927338938662075e-12 6.548618236512547905e-13 -3.377137886150911920e-12
-3.032149824323101363e-12 -4.829002920605703762e-12 -2.203416457688217568e-12 7.496159652279318835e-13 5.011550532629875890e-12 -2.438578337693946535e-12 4.254690473702556193e-13 -3.265381404525360907e-12 -2.603017589142812776e-12 3.039905253199449188e-12 -2.648738845875400820e-12
-2.794149881477852611e-12 -2.575151104208337323e-12 -9.938455748766962910e-13 -1.433689114185285194e-12 9.856619003594036641e-13 -3.707245475352642073e-12 2.198331530031046636e-12 -1.672014372897607748e-12 -3.519900170594214799e-12 5.885037567607740964e-14 5.204301778693021721e-13
-2.414207135983742427e-12 -8.132939302550024029e-13 -8.715954008913112993e-15 -2.722414256042784534e-12 -1.539150008022087407e-13 3.444091246341181266e-13 1.464954942507681913e-12 -1.591113193373880106e-12 3.206474107276724117e-12 2.768866144868785699e-12 3.117992265572565030e-12
-1.990463890606435396e-12 2.466243800303319995e-13 7.629502394813608383e-13 -2.254099240231189452e-12 1.831593549958814093e-13 3.045122995206140160e-12 1.932229939910868687e-13 9.819185101446210479e-13 -4.209184868466436112e-13 3.490684695339946463e-12 -9.422267451326185132e-13
-2.790668360402614214e-13 2.092896723266400916e-12 -5.750853227603198902e-13 -8.251093183043322472e-12 1.610831235094717329e-11 1.430774372508111773e-11 2.992445769583913590e-12 -5.865757905016621566e-11 4.840073915462541700e-11 5.168435314218295923e-11 9.946381691680722558e-11
-3.459442253218682281e-13 2.703954301951279547e-12 -1.253057586562437764e-12 -9.481458976648004379e-12 1.991371494711240255e-11 1.622855804706321616e-11 7.540540383302114451e-12 -6.221075464540113945e-11 6.627330710237825453e-11 5.888828666518056822e-11 1.282438177946934440e-10
-3.772772831221080694e-13 3.100125499027767800e-12 -2.137518640365978455e-12 -9.283555244980391536e-12 2.168092588901198260e-11 1.532357881989954512e-11 1.353182714118394829e-11 -5.259231283972244095e-11 8.304271391148829582e-11 5.604441181866250175e-11 1.485263069460384823e-10
-3.712004292809683648e-13 3.185960335761738589e-12 -2.766764005582034598e-12 -8.213369879699979755e-12 2.124772270954473188e-11 1.327114762178340872e-11 1.799403810531673777e-11 -3.895901005982453000e-11 8.893148851912007295e-11 4.904767959288781007e-11 1.518233665166208377e-10
-3.334578883311921832e-13 2.947161960177800348e-12 -3.174615845362545267e-12 -6.540060173193603143e-12 1.951304613758940350e-11 7.781597854891260581e-12 1.981946201724189687e-11 -1.822324929958028452e-11 1.058704937056722385e-10 3.253759601376908684e-11 1.249220883366167657e-10
-3.248031059615574808e-13 2.784762517506072204e-12 -3.034011311136542873e-12 -6.611263455160486830e-12 1.971427323013358589e-11 4.834243100405394009e-12 1.749022026703375100e-11 -1.400218380483552720e-11 1.259197003081725199e-10 2.757197487878831119e-11 7.598923186062423830e-11
-1.079593778244674119e-12 2.175969002191180738e-13 -5.167478665231009236e-13 -1.784413036515304694e-12 -3.713708841417529068e-12 1.835028693061117645e-12 2.751727641460710852e-11 -2.494222877302633548e-11 1.256937370176106104e-10 3.718113951103506410e-11 4.015582528780940378e-12
-3.005229494006914321e-12 -7.558950828545537119e-12 5.267962473053717444e-12 1.958210536771410896e-11 -8.145647788446604719e-11 -1.012777656928461810e-11 6.917493820498246371e-11 3.246046054269065034e-13 3.419696989302252573e-11 2.587637232250255842e-11 -3.942527507711049336e-11
-3.526611162947236039e-12 -1.007536854619911244e-11 7.674760535050567767e-12 2.536214080010674999e-11 -1.040777420172214022e-10 -1.479363547388164270e-11 7.444520895138402887e-11 8.567479001410822360e-12 1.193072139885031334e-11 1.413960402852780490e-11 -4.511889570121262807e-11
-3.919460016890250549e-12 -1.251232686565076252e-11 6.728069141217116558e-12 2.720772283484979403e-11 -9.855996205937526747e-11 -1.026685563108452615e-11 6.482145135384760618e-11 -5.575668565518325700e-12 -1.046566288794340083e-12 1.763837952599528643e-11 -4.777505394122550549e-11
-3.721756562217734432e-12 -1.280469254421681026e-11 4.204295033727200682e-12 2.320636278354471885e-11 -7.426883939340547188e-11 -4.596008046990319505e-12 4.838288138783952202e-11 -4.351201455102977029e-11 1.906347243225530166e-11 2.700042733973410373e-11 -3.745330685470039393e-11
-3.445766703441314374e-12 -1.163280116538269751e-11 4.250267391205526331e-13 1.822523693364156943e-11 -3.905963982443902943e-11 4.654198378479227448e-12 2.519078569693009069e-11 -2.430663845697499153e-11 9.251227278963166500e-12 1.237658201815467544e-11 -2.830313656513074710e-11
-3.515144727314621602e-12 -1.157428317628250320e-11 -2.306221385639187575e-12 1.610232975904686181e-11 -1.927177095664594520e-11 1.095361832442564643e-11 1.068295914754664962e-11 -1.860027464604982254e-11 2.238279333122200783e-12 9.913506415392231137e-12 -3.994480860309445855e-12
-3.556000697070872868e-12 -1.118381066105535911e-11 -3.794602828693980227e-12 1.327849572436703394e-11 -3.926407697595471094e-12 1.639671893961908105e-11 -6.761340291028420601e-13 -1.352545620008021050e-11 2.151811338336425427e-11 5.555295736921917408e-12 -7.551038926338695178e-12
-3.636228702311379116e-12 -1.020955145879258809e-11 -4.552269870108520638e-12 9.861676734700109318e-12 4.442277684129238810e-12 1.208617321132143991e-11 -3.861758557084181426e-12 -1.193249259781220307e-11 4.862337479608515832e-12 7.606072729276357846e-12 2.226464197837546504e-12
-3.644992281703862961e-12 -8.260772158805956974e-12 -4.020958450638071471e-12 5.539480445308448859e-12 8.582132646763637496e-12 6.850522714553074525e-12 -5.359205383141319088e-12 -1.341852317739497815e-12 8.583464699804881652e-12 7.499812686649911639e-13 -3.899367744344190616e-12
-3.482481934235575160e-12 -5.550128706710862548e-12 -2.529853781911558830e-12 8.657056601739969699e-13 5.759939559954300715e-12 -2.798176734028765067e-12 4.805589329359615168e-13 -3.752213228531912245e-12 -3.035610375109309456e-12 3.503701960136762788e-12 -3.041227192754872797e-12
-3.209156461726354702e-12 -2.960588722614676555e-12 -1.139428247122429816e-12 -1.646017151024420031e-12 1.137121986341560049e-12 -4.263377476230971284e-12 2.518598781094148848e-12 -1.934993425279834611e-12 -4.064746076693551914e-12 7.811020265258848708e-14 5.710527565139720449e-13
-2.772987525933788832e-12 -9.361614400367332661e-13 -8.129452442028696184e-15 -3.126838600025737952e-12 -1.747472053618957889e-13 3.914282548247309816e-13 1.679175573643231733e-12 -1.818798657981621547e-12 3.676669871599555672e-12 3.179294947848227271e-12 3.582691478273160144e-12
-2.286409001133203488e-12 2.821664434470380478e-13 8.773279295941582670e-13 -2.589667354447236696e-12 2.104990954331975305e-13 3.497428304064331139e-12 2.267419321827415161e-13 1.142171979829445032e-12 -4.745193779045942584e-13 4.027839045009586434e-12 -1.086291618282159221e-12
-3.618051255876925020e-14 2.503828491494503424e-13 3.106457509080597968e-14 -1.197899486276784942e-12 2.204184443490699017e-12 2.080040319472152982e-12 1.379774688736309239e-13 -9.110926548804053406e-12 6.277224621281493192e-12 7.907055093486777871e-12 1.498245729298996380e-11
-4.712755993643624608e-14 3.367296837024139505e-13 -6.482046386653911127e-15 -1.491826792791822819e-12 2.866257569552570734e-12 2.617075846828576627e-12 5.817201687459278780e-13 -1.096661276707169582e-11 8.452056328867558214e-12 1.003596586709612460e-11 1.985889697209107437e-11
-5.244127717038344690e-14 3.961091297861303504e-13 -1.157172414974329640e-13 -1.507829854867507926e-12 3.201443592894827717e-12 2.564569321347447348e-12 1.469797143755468181e-12 -9.973215762213007268e-12 1.112981831381514221e-11 1.006495674947635802e-11 2.406156799039619972e-11
-5.295581525038908196e-14 4.203629457059516814e-13 -2.152734351797641533e-13 -1.382505553804216349e-12 3.234755247009258950e-12 2.313834342846213830e-12 2.243842485062651419e-12 -8.111322947736392285e-12 1.245466472827154139e-11 9.327488171332174564e-12 2.569687088793458107e-11
-4.819023125474614248e-14 3.969377792489041446e-13 -2.938743496357613628e-13 -1.131143052531546792e-12 3.000539755118314854e-12 1.594874349861388012e-12 2.683328728097169907e-12 -5.054443736113601426e-12 1.448238633244189027e-11 7.082172346675443227e-12 2.278217439557766562e-11
-4.260215259639581460e-14 3.583925392564137257e-13 -3.371293937940058185e-13 -9.085495085399155520e-13 2.732720009003939821e-12 8.547844635621494546e-13 2.803202952209963354e-12 -2.381554631070656634e-12 1.653151858281523010e-11 4.834249388431984128e-12 1.791851746648549959e-11
-5.263266102595755587e-14 3.592021558374046500e-13 -2.317118653534090953e-13 -1.289754334219741279e-12 3.233476412330947810e-12 7.708091419991160615e-13 1.815792854098634204e-12 -4.728532269085763984e-12 2.240563639233918124e-11 6.216562510884347995e-12 5.157092093002958151e-12
-4.046100815483844801e-13 -9.585145335169992502e-13 8.286406169565457547e-13 2.246913693423388944e-12 -1.047137040010146520e-11 -1.058497747906839955e-12 9.429321471214036439e-12 -3.015400383021548114e-12 8.029820305292007502e-12 6.258551571718640269e-12 -3.107359516907014659e-12
-5.165090094765749126e-13 -1.493268277784504786e-12 1.238165573270709898e-12 3.799486020033350448e-12 -1.582901504264440980e-11 -2.324201185846700631e-12 1.156031706744035245e-11 1.326111826478805604e-12 1.354925865227159749e-12 2.789859841777429602e-12 -6.201637548245390399e-12
-6.112606619981472820e-13 -1.904349574402616276e-12 1.392729196047188000e-12 4.399592565003444455e-12 -1.741334889559686154e-11 -2.275404146534161449e-12 1.141386640629146794e-11 8.684553536915078101e-13 -3.326020555517244515e-14 2.466116784530662486e-12 -7.694706231153574168e-12
-5.656121301429103020e-13 -1.927738126920760791e-12 8.795651953858594299e-13 3.770208041709587190e-12 -1.311688606472837046e-11 -1.215638166209151787e-12 8.380014591407680556e-12 -5.129204520750272141e-12 1.547973381203482450e-12 4.225399221627459138e-12 -7.743138361566965236e-12
-5.311225788778420329e-13 -1.865204799601439615e-12 4.103110322986320542e-13 3.053499538091142121e-12 -8.076627888185774814e-12 1.190962488769718836e-13 5.021134543457429317e-12 -4.676523636156612266e-12 1.138245231924030016e-12 2.199270632978585276e-12 -3.369271017789151184e-12
-5.281206463435936535e-13 -1.780804000966986790e-12 -1.063671370169164689e-13 2.642847872040313212e-12 -4.389889396491458143e-12 1.223777558954829172e-12 2.502244686971284902e-12 -2.614052395009597075e-12 5.433150643376384061e-14 1.478873759853157637e-12 -1.678169906611516756e-12
-5.278120399079446892e-13 -1.753658584007314696e-12 -3.002333915445032004e-13 2.151460695872553529e-12 -1.617301609579757297e-12 2.078776604338678847e-12 1.689664009596811262e-13 -1.293274262658022636e-12 1.678000115884129155e-12 6.664363837024191295e-13 -2.992057025042048255e-13
-5.421854699979888012e-13 -1.637330149797276669e-12 -5.778066354860923991e-13 1.718690838121584931e-12 2.189188052718116523e-13 1.942650637301334857e-12 -5.481108612633233497e-13 -1.852659237646647923e-12 2.846983263666078708e-13 1.084625901256518905e-12 8.259926023046158955e-14
-5.457817121146463217e-13 -1.395187026869382074e-12 -4.635828346545250995e-13 1.092136135995504496e-12 8.938927840800353227e-13 1.237203180872473878e-12 -1.178794708382866387e-12 -1.702379980988135592e-13 1.554848912318358288e-12 1.173093690101702101e-13 -9.789845238556936904e-13
-5.305898638109708913e-13 -1.041833321139526993e-12 -3.101606325386784532e-13 3.702587174048866356e-13 1.019097228325598856e-12 -1.638011991917913330e-13 -4.822992963666145863e-13 -3.225336931176629335e-13 -1.647103264726903883e-12 7.431870494063810836e-13 4.251316307527335990e-13
-4.936131816574239865e-13 -6.067543469659944109e-13 -4.993605757340763414e-14 -2.115444069591431855e-13 3.051284299375111857e-13 -9.521921524128230752e-13 1.338441375327531803e-13 -1.005982536938153494e-12 -1.146162392801114587e-12 6.041103315016383257e-13 -3.830663043902229704e-13
-4.373601795303241414e-13 -2.659928757905395045e-13 9.869968257637887799e-14 -4.320554988739734877e-13 -3.133453982562253095e-14 -2.275289661238956793e-13 1.606799421600704808e-13 1.890276525261393100e-14 2.682504238238793105e-13 6.029354545419577177e-13 2.886347156023979854e-13
-3.687153701226851435e-13 -3.382897964783962412e-14 2.240572743161095955e-13 -4.259500876521500060e-13 -5.629419528167891807e-14 4.285132282493591171e-13 1.481484365522770352e-13 5.165513590863406561e-13 -1.715975983623449796e-13 1.005957789534345120e-12 -7.538279519173977259e-14
-6.652682458567329408e-14 4.586332505110929019e-13 6.594112783317262332e-14 -2.213333972643925561e-12 4.062772012181295161e-12 3.842969542078766462e-12 2.331130300692198060e-13 -1.687807620253298066e-11 1.154759867014955731e-11 1.462864013676495252e-11 2.775679455196450459e-11
-8.685673268126745010e-14 6.179422519048610159e-13 1.723223896552735936e-15 -2.766158811492827754e-12 5.295511995496587481e-12 4.856050508308032010e-12 1.034278653844039108e-12 -2.041855601501023821e-11 1.553806644556566469e-11 1.864966503351168648e-11 3.682388261568583311e-11
-9.672197198069094609e-14 7.276798678138937869e-13 -1.984323898174936646e-13 -2.798939363556529990e-12 5.920803889484588646e-12 4.764506319775735016e-12 2.677160199068141851e-12 -1.861253280124387210e-11 2.050583619030974313e-11 1.874288290481386629e-11 4.466474068847828261e-11
-9.775754333606292333e-14 7.730500240738548175e-13 -3.821171904962250689e-13 -2.570002752944685965e-12 5.990052740654871978e-12 4.304702949690889422e-12 4.117131696626172235e-12 -1.518552865473801002e-11 2.299490225719316965e-11 1.739995247962373788e-11 4.776062122631228085e-11
-8.902108181224045473e-14 7.306873029282141642e-13 -5.283670332353104146e-13 -2.105883337626253507e-12 5.559630400259157583e-12 2.986539001945344365e-12 4.944661153156904428e-12 -9.545023064707631364e-12 2.669412247493919210e-11 1.327872081021000970e-11 4.248096593321200936e-11
-7.850227827345440456e-14 6.588942884810809216e-13 -6.121062057327874850e-13 -1.683155828397818327e-12 5.051673474106827104e-12 1.598903138015168910e-12 5.188595006138507594e-12 -4.492240696501741564e-12 3.047803270777619517e-11 9.039283302747659853e-12 3.355551905958655946e-11
-9.607962437854130218e-14 6.627897735616570297e-13 -4.210541249332573353e-13 -2.389994497203786389e-12 6.000837289431411148e-12 1.435251864387903063e-12 3.351643091522888511e-12 -8.775742189617419977e-12 4.137083444544968942e-11 1.154413108474374234e-11 9.975520065429520647e-12
-7.432976619990796734e-13 -1.754679251323343903e-12 1.532709429445109790e-12 4.089026535838476490e-12 -1.917792073088817488e-11 -1.917997119658214282e-12 1.733820988205452889e-11 -5.806507282694869162e-12 1.515006810647302232e-11 1.174720574830313506e-11 -5.490147314233215661e-12
-9.556108544223017183e-13 -2.764014571022255111e-12 2.301175028439077765e-12 7.035113258456413368e-12 -2.933434704598410681e-11 -4.316222210281378030e-12 2.144548791316387236e-11 2.452019139134452136e-12 2.520667965912979961e-12 5.225794050819914919e-12 -1.151361951316952606e-11
-1.131578329642216108e-12 -3.520864679659595912e-12 2.608378304594080814e-12 8.154329048062583373e-12 -3.242443044367763205e-11 -4.283678491202563531e-12 2.126310731507256192e-11 1.615011964111230626e-12 8.772240597731386218e-14 4.587879218667337867e-12 -1.434177829965608647e-11
-1.048032362037551187e-12 -3.570861424890031031e-12 1.649119347666263153e-12 7.004110873283187275e-12 -2.443634519871537097e-11 -2.288591410464936221e-12 1.560227123768010507e-11 -9.372856220893417371e-12 2.729375863865013066e-12 7.803976402367411487e-12 -1.447992775770126798e-11
-9.853849422655490783e-13 -3.466042919115310818e-12 7.911345892030359424e-13 5.684718853780005552e-12 -1.516643633215787944e-11 1.665460321394153143e-13 9.416150867171965085e-12 -8.777456151052625539e-12 2.123101686065754722e-12 4.107618011188280859e-12 -6.229858769357027955e-12
-9.783634694845738115e-13 -3.301946223516425644e-12 -1.745977926239711308e-13 4.911632492968608126e-12 -8.260445846277060026e-12 2.230821208682277406e-12 4.707995776250728305e-12 -4.834918824593153447e-12 7.851198861801312746e-14 2.725372825373435840e-12 -3.024612617032728691e-12
-9.765302582708206406e-13 -3.247938342195770891e-12 -5.382184411339321729e-13 3.993997240449136947e-12 -3.087057093582849046e-12 3.808362752050978287e-12 3.547797200805742062e-13 -2.352047497288257221e-12 3.019148975790954230e-12 1.220960202137842633e-12 -2.285910863800905085e-13
-1.003198486362973344e-12 -3.037986481321827238e-12 -1.057647373841156657e-12 3.201564181615800161e-12 3.488980809805540547e-13 3.608453738560605664e-12 -1.005359637369268166e-12 -3.420113909505054350e-12 5.672946475583050614e-13 1.982107028398816295e-12 7.221381254927777479e-14
-1.009893615833429540e-12 -2.594439911487592272e-12 -8.471688313751972449e-13 2.040445719603163300e-12 1.627980151162702499e-12 2.294982346944754411e-12 -2.199886823901204470e-12 -3.190571126745628820e-13 2.782017426397307602e-12 2.185247829139034586e-13 -1.755938330103256792e-12
-9.823377917404910925e-13 -1.943157306051207084e-12 -5.634512415753604442e-13 7.066792408109480608e-13 1.877745877270778593e-12 -2.556614182709237920e-13 -9.551190854114094963e-13 -5.161939896905631084e-13 -2.827354367120370952e-12 1.325196997760725886e-12 6.452882137732901110e-13
-9.148555182666323233e-13 -1.137708916838526754e-12 -8.147566716651385898e-14 -3.794556264421920027e-13 5.652110958263085569e-13 -1.776031668612583419e-12 2.230955115911380162e-13 -1.767969335201420386e-12 -2.089805600481144712e-12 1.091190729290681089e-12 -6.942864710483609586e-13
-8.115525146541516340e-13 -5.045628266266207235e-13 1.918094945063261390e-13 -7.947771270051847883e-13 -6.624379360233417208e-14 -4.507356130398952904e-13 3.061405212528389543e-13 -4.754506509737565402e-14 4.743980370171295371e-13 1.125094132666152764e-12 4.614175414401469732e-13
-6.845994844733120478e-13 -7.030914449099499975e-14 4.248520046106093598e-13 -7.905898238702778429e-13 -1.101418873586625076e-13 7.753791297355527377e-13 2.631102485929938182e-13 9.381914153701954267e-13 -3.112757864598016027e-13 1.799016834724987905e-12 -1.929313117652446456e-13
-9.295454767843776449e-14 6.399919220166744517e-13 9.631692712113421582e-14 -3.097649834834851673e-12 5.681365224100934367e-12 5.378259189788980494e-12 3.159573170084888207e-13 -2.364230147922535488e-11 1.613741767906404335e-11 2.048230102801428761e-11 3.888166723187352947e-11
-1.214557833476803113e-13 8.628417449673020760e-13 8.873321120131997911e-15 -3.875945035177473358e-12 7.411087479588724909e-12 6.805922562465198646e-12 1.428387430111488948e-12 -2.865006072638163842e-11 2.170906830857013109e-11 2.615114825328736792e-11 5.159830484804413502e-11
-1.352848387546566587e-13 1.016434962156849271e-12 -2.704619109418622702e-13 -3.923337740129183104e-12 8.289027082857601290e-12 6.680383132963623632e-12 3.728609473146070852e-12 -2.613635200803662243e-11 2.867115447256069731e-11 2.630031194148033348e-11 6.260758505373657291e-11
-1.367741895770634689e-13 1.080194947364178168e-12 -5.274120254500686775e-13 -3.604168661871030537e-12 8.389575198454519592e-12 6.038508472632856487e-12 5.748522501081140868e-12 -2.134633611460316030e-11 3.217412384105774261e-11 2.443010704422725706e-11 6.697546511854888583e-11
-1.245796156680698774e-13 1.021340293667248956e-12 -7.325758680385660403e-13 -2.954764879185745754e-12 7.788282152117703577e-12 4.198516806182812316e-12 6.913993781298186571e-12 -1.345582021150131031e-11 3.732899249840720424e-11 1.867519893360822349e-11 5.963626235687338897e-11
-1.097667323399552309e-13 9.205925477468469260e-13 -8.515726006588772892e-13 -2.357743368532015426e-12 7.071193460528858350e-12 2.246944066018750432e-12 7.265972658049030697e-12 -6.330421993215337331e-12 4.262368674193990793e-11 1.270138066084267632e-11 4.717350648151188181e-11
-1.339162625120576944e-13 9.271754945627785794e-13 -5.859446463876001637e-13 -3.348165788617860131e-12 8.410862749237612854e-12 2.013900774215808722e-12 4.689179522571324360e-12 -1.230036424393943257e-11 5.788712181351293159e-11 1.618379246924543561e-11 1.417191574025406960e-11
-1.038250397276606558e-12 -2.448032877849496315e-12 2.145864783861781627e-12 5.693254464466241790e-12 -2.676017096634100148e-11 -2.666502780042377080e-12 2.422582815654803980e-11 -8.237269495629177050e-12 2.135102472200143669e-11 1.652718177856510894e-11 -7.565176175852972749e-12
-1.338013890660703663e-12 -3.870676798290615101e-12 3.226927456877325021e-12 9.852943758440975833e-12 -4.109582668977105577e-11 -6.051030172011590738e-12 3.005426133236350928e-11 3.432544424621601183e-12 3.535889253472413903e-12 7.347210957599295257e-12 -1.613970884867338995e-11
-1.584710212523042050e-12 -4.928646449385642273e-12 3.667067547930756649e-12 1.142424034337628299e-11 -4.549727789166749322e-11 -6.032659933681841960e-12 2.984061607794003081e-11 2.265171463879585161e-12 1.931333253517988512e-13 6.435677788387785156e-12 -2.013058355400524898e-11
-1.468160892850770651e-12 -5.001818794837414235e-12 2.319312785613201965e-12 9.820447669438640674e-12 -3.429424380302463040e-11 -3.223014131936864626e-12 2.189199396818713668e-11 -1.306850539541166770e-11 3.758189792351980599e-12 1.092046396630248340e-11 -2.034685641416807953e-11
-1.380991857463146213e-12 -4.860178743948308351e-12 1.122795501507184720e-12 7.976195502190657503e-12 -2.134085497303540155e-11 2.078499905622324835e-13 1.324370778085800893e-11 -1.234890167675569062e-11 2.980797641116035629e-12 5.769565009901338163e-12 -8.721084602657326668e-12
-1.370469372196804416e-12 -4.626674100171424759e-12 -2.340104412495895013e-13 6.887468609377884671e-12 -1.163126687153549435e-11 3.107819314481738537e-12 6.628957545276693545e-12 -6.769022225130006136e-12 9.956789357056617276e-14 3.810913464167886461e-12 -4.197135354519128175e-12
-1.367307975480244382e-12 -4.549271054222938641e-12 -7.454687326542028326e-13 5.598623552578730569e-12 -4.367067310624906713e-12 5.314606156598548497e-12 5.166204306949822264e-13 -3.274092261157073820e-12 4.187074076718672680e-12 1.703886391925130780e-12 -1.670222556807965370e-13
-1.404683372466832639e-12 -4.257786205985981363e-12 -1.475524436603526951e-12 4.492970314482696764e-12 4.620693748985614357e-13 5.059167065382346448e-12 -1.403560743078237410e-12 -4.785157372239903353e-12 8.134172279357190198e-13 2.763687827244962798e-12 6.313910847152585978e-14
-1.414077239595166894e-12 -3.638843821100902893e-12 -1.181220896486099401e-12 2.866311294265735269e-12 2.267270258378383212e-12 3.216177863603604049e-12 -3.089135493237002139e-12 -4.486602611647630042e-13 3.850706708900989235e-12 3.066730941473867888e-13 -2.432587985842979001e-12
-1.375754118834266828e-12 -2.728103208064629176e-12 -7.840322621662132721e-13 9.996673780609437085e-13 2.625517281407893906e-12 -3.356412474023204556e-13 -1.366907072735987485e-12 -6.848201426083860306e-13 -3.855128330881189325e-12 1.832034592046203673e-12 8.369955639644609038e-13
-1.281705643900870300e-12 -1.600109255716225873e-12 -1.089389390120963262e-13 -5.256816824515538526e-13 7.917133147069116743e-13 -2.493493567041198690e-12 3.008088298877313645e-13 -2.431527292321819048e-12 -2.911581733250764502e-12 1.515365911340397287e-12 -9.653229517548344445e-13
-1.137428037999802690e-12 -7.123311643889073383e-13 2.728994985988690754e-13 -1.110661456522895959e-12 -9.664441338307614368e-14 -6.451285898606521892e-13 4.328175813704193872e-13 -1.054319415120111513e-13 6.539499900931386686e-13 1.579814753938879209e-12 6.118690267600777140e-13
-9.596959749676124651e-13 -1.020814366966490347e-13 5.997226854284035320e-13 -1.108146121363367952e-12 -1.570392380156660240e-13 1.077448505094103107e-12 3.632272137043843267e-13 1.305377226621740351e-12 -4.329171650217200911e-13 2.489647157496468058e-12 -2.953103688894475775e-13
-1.169175747971505996e-13 8.044367645855629482e-13 1.238598259003567529e-13 -3.899492843127599705e-12 7.149005583988417085e-12 6.770365022483086007e-12 3.910753998460977114e-13 -2.977568320009924434e-11 2.029918208820851769e-11 2.579003920111242118e-11 4.896901470335360009e-11
-1.528280656471713689e-13 1.084901480230667713e-12 1.535658769432332157e-14 -4.882230642170664679e-12 9.329360670191497447e-12 8.573946116635680527e-12 1.785740928232315429e-12 -3.611388081917501883e-11 2.730455167564270658e-11 3.295302994362327694e-11 6.499483845641631689e-11
-1.702512646942358468e-13 1.278260248129340729e-12 -3.357738321383954942e-13 -4.942872744916461675e-12 1.043638561263170631e-11 8.417581902184921707e-12 4.681998737153150528e-12 -3.295848659202381452e-11 3.607496079911412718e-11 3.315292184358247585e-11 7.887704817001573556e-11
-1.721520747117406981e-13 1.358694994465649761e-12 -6.591564083464318444e-13 -4.541886437769242554e-12 1.056531396814194471e-11 7.610616240653222983e-12 7.227766927533065992e-12 -2.693257582636997341e-11 4.049727506234864782e-11 3.080461701956297249e-11 8.439829884695600695e-11
-1.568218980655929197e-13 1.284886474876606479e-12 -9.177398274551221263e-13 -3.724478233961678477e-12 9.809085918678011483e-12 5.297463427040227132e-12 8.699662982085315512e-12 -1.700188953249354922e-11 4.697203582385276053e-11 2.356839200815031221e-11 7.519162563878617162e-11
-1.381154083880152993e-13 1.157884366707462671e-12 -1.068705938078492351e-12 -2.969417687249890109e-12 8.902369458234573958e-12 2.834547556382261935e-12 9.149610413506163092e-12 -7.997171266655163955e-12 5.363661570187237790e-11 1.602194437341689464e-11 5.952145642619571690e-11
-1.682241891722706730e-13 1.166904137844880366e-12 -7.354571875681282699e-13 -4.216976338800325476e-12 1.059612499248524826e-11 2.538583868169261337e-12 5.901974951684855203e-12 -1.549627384134242475e-11 7.286307114932845041e-11 2.039075086617610396e-11 1.797694816787403513e-11
-1.305695321279647463e-12 -3.076723124709420525e-12 2.701836190636048444e-12 7.147869272671422256e-12 -3.363528719839978008e-11 -3.345201485003469930e-12 3.047109502702318729e-11 -1.044133454588973439e-11 2.697366920853356361e-11 2.086136883041264717e-11 -9.446684193110056333e-12
-1.684753346625371269e-12 -4.874129758273438888e-12 4.066342584310568563e-12 1.240797842599192941e-11 -5.176041003917477133e-11 -7.624046889586591199e-12 3.786016538914557201e-11 4.321624196032164769e-12 4.456429216775138982e-12 9.270780789538581222e-12 -2.033436094978016175e-11
-1.995582218393946137e-12 -6.205136013258917283e-12 4.627021568906646627e-12 1.438919395552123496e-11 -5.735092857555819651e-11 -7.618528288247410263e-12 3.761817127526416806e-11 2.854695944260578268e-12 2.887134368717553694e-13 8.111147410954574127e-12 -2.537951464088462780e-11
-1.849107497361098920e-12 -6.299322561661825041e-12 2.927002803848280438e-12 1.237412793860957265e-11 -4.323277743141260018e-11 -4.070290945613361207e-12 2.759512608554606685e-11 -1.641949182274229431e-11 4.691054722932587459e-12 1.374630241427809448e-11 -2.566662497698639789e-11
-1.739703775393685573e-12 -6.124295007770122707e-12 1.423525133334010781e-12 1.005396500486516108e-11 -2.693943646312593676e-11 2.453018691167510458e-13 1.671429999942750739e-11 -1.558726790620792676e-11 3.758503361663644581e-12 7.276515906144216643e-12 -1.097997432964014981e-11
-1.726006788228905858e-12 -5.827855523235125759e-12 -2.878821616839360582e-13 8.679034771662113330e-12 -1.468771919459093500e-11 3.903027033222868456e-12 8.370767038411055224e-12 -8.522747738085204551e-12 1.186600877500337894e-13 4.795214672189758068e-12 -5.260306557594786114e-12
-1.721641074927379497e-12 -5.729239186892740244e-12 -9.333904971802190521e-13 7.053599590341767603e-12 -5.527701521726096316e-12 6.680374649916138504e-12 6.633675917633152823e-13 -4.110145507345653068e-12 5.246076426925971062e-12 2.141774035195135519e-12 -1.111954424889174688e-13
-1.768725071390323213e-12 -5.363825261210495569e-12 -1.854429548936194385e-12 5.663937638238133535e-12 5.646861147379501402e-13 6.374584313768227167e-12 -1.764624912745069236e-12 -6.022894478857548058e-12 1.036585983240636631e-12 3.472377025038832749e-12 5.491072726777598621e-14
-1.780565987152187780e-12 -4.585844783721763405e-12 -1.484118677998870593e-12 3.615155191729443705e-12 2.846939044902403187e-12 4.051461064871006186e-12 -3.895451266395445383e-12 -5.661763918979235800e-13 4.819728147786698784e-12 3.866005387172639199e-13 -3.046132103638425482e-12
-1.732479746763419334e-12 -3.439843673578049984e-12 -9.840415085050522498e-13 1.265330925907540270e-12 3.303550208151574241e-12 -4.081620168854335754e-13 -1.740290987526834916e-12 -8.377199236836920483e-13 -4.787050285665302949e-12 2.291603620141176344e-12 1.010823949227350690e-12
-1.614342681081022812e-12 -2.019385325063570192e-12 -1.338409377836491624e-13 -6.582704390869094841e-13 9.970915379607727453e-13 -3.144043705930865318e-12 3.712744673263084154e-13 -3.033200666348975211e-12 -3.656717577370182250e-12 1.899981769267961839e-12 -1.211082093183453701e-12
-1.432911836425196581e-12 -9.007226612534954080e-13 3.464269061736316005e-13 -1.397085857443252350e-12 -1.242098178515175235e-13 -8.213921354891779711e-13 5.476805158817892341e-13 -1.579201859406290176e-13 8.167566119731611844e-13 1.992127329664756610e-12 7.482891417353499655e-13
-1.209136482527718815e-12 -1.308905890051304730e-13 7.582846187422622632e-13 -1.396086559582889607e-12 -1.995628592008677975e-13 1.351346358797330979e-12 4.540070944209674626e-13 1.638318642787759388e-12 -5.432140545033163345e-13 3.115868080704741799e-12 -3.881413749406399826e-13
-1.395728924674167111e-13 9.599075291596843855e-13 1.498996546005259269e-13 -4.657577703794465601e-12 8.536553927287323077e-12 8.086500906077025390e-12 4.620941414537763786e-13 -3.557435423566667029e-11 2.423383084065021884e-11 3.080812367842637425e-11 5.850587581393209068e-11
-1.824883008919702924e-13 1.294842979655790384e-12 2.148604967520911183e-14 -5.833601267440279688e-12 1.114294992559806678e-11 1.024548515340283669e-11 2.123592944079218413e-12 -4.317038559193604327e-11 3.259467852662891832e-11 3.938371959224090277e-11 7.766029691733507548e-11
-2.033095041029426449e-13 1.525797214069260403e-12 -3.975215535360086934e-13 -5.906769722323073220e-12 1.246655857041328808e-11 1.005997832303534745e-11 5.583359676728442322e-12 -3.940832389429786405e-11 4.307472687479928146e-11 3.963157136606996138e-11 9.425865473360692165e-11
-2.055993191794695718e-13 1.621996747076686258e-12 -7.837112415439438505e-13 -5.428431113143050086e-12 1.262231840046391076e-11 9.096931000438275129e-12 8.626286080696944084e-12 -3.221396346679053512e-11 4.836621557671207055e-11 3.683125746750946604e-11 1.008703343238510668e-10
-1.873046557951188021e-13 1.534050423424254612e-12 -1.092799025979584390e-12 -4.452186819399095065e-12 1.171961045524440166e-11 6.336438372685927380e-12 1.038788470787554082e-11 -2.035444288690312528e-11 5.608883933797721491e-11 2.819455392727705970e-11 8.989810219854160714e-11
-1.649170415127997402e-13 1.382226705111855392e-12 -1.273989882869462967e-12 -3.547711737183756320e-12 1.063361458566125766e-11 3.390084370345802177e-12 1.093045435755790425e-11 -9.572962759037607359e-12 6.404854750110505466e-11 1.916129840314589857e-11 7.119555449317132644e-11
-2.006598649006905839e-13 1.393550318283307603e-12 -8.768105357617628266e-13 -5.038374191084605018e-12 1.266213318368960272e-11 3.034633975299861290e-12 7.048585752560774602e-12 -1.851777637588041846e-11 8.702175352002195323e-11 2.436812728180192671e-11 2.157433250309769087e-11
-1.558545250570448613e-12 -3.671104510173028813e-12 3.227467145924388781e-12 8.523102894215751715e-12 -4.013521483627517226e-11 -3.986862268798329214e-12 3.637554541988749170e-11 -1.252511943799075229e-11 3.228947494362270382e-11 2.495903078330368870e-11 -1.122551462324485617e-11
-2.012570549549093357e-12 -5.822822319643254842e-12 4.859949179789977184e-12 1.482357983414163948e-11 -6.184300613202227148e-11 -9.111220995781952608e-12 4.524008593225738605e-11 5.162185138333032127e-12 5.326733506477710208e-12 1.108937763818906124e-11 -2.430010264822010658e-11
-2.384032132031603394e-12 -7.411965034854363718e-12 5.534589013793765391e-12 1.719234422645619274e-11 -6.855770226334606508e-11 -9.117852692358813586e-12 4.497129001185572357e-11 3.412048916043621514e-12 3.790775539698677954e-13 9.695183365877854045e-12 -3.034200125050819149e-11
-2.209265097558020998e-12 -7.526018999885047444e-12 3.501529984401504935e-12 1.478844886055675302e-11 -5.168351772615028853e-11 -4.871330199678182029e-12 3.298702708340481194e-11 -1.958760834005097314e-11 5.573011382278334629e-12 1.641792930879947314e-11 -3.069608332237759967e-11
-2.078840079522046259e-12 -7.319425964595290230e-12 1.707843358575859661e-12 1.201834654544016809e-11 -3.223249236676244096e-11 2.807099251136871294e-13 1.999549518505531760e-11 -1.864891013098237539e-11 4.493768153793188855e-12 8.701229532596330156e-12 -1.311559200822081395e-11
-2.062141829261608444e-12 -6.963486117154850678e-12 -3.388139965419239247e-13 1.037283165018101047e-11 -1.757737491208932125e-11 4.654838705120430999e-12 1.001752256692409692e-11 -1.018076900581725295e-11 1.367103834056003121e-13 5.725800630322431507e-12 -6.265458420251514099e-12
-2.056637521296294964e-12 -6.844814141334241196e-12 -1.111057001975234196e-12 8.429174728432855704e-12 -6.624997644661386020e-12 7.971610474451008214e-12 8.021064720676342140e-13 -4.900573686043102395e-12 6.247286939209782305e-12 2.555765289844022081e-12 -5.841520814975071207e-14
-2.112900299896346540e-12 -6.409505593144951613e-12 -2.212657065193422360e-12 6.771002975582552678e-12 6.617028575679726897e-13 7.618216659684759768e-12 -2.105985101616031011e-12 -7.193085840893277049e-12 1.247575981303020060e-12 4.142391661579384564e-12 4.713138498888101833e-14
-2.127054724042276524e-12 -5.481166044085688812e-12 -1.770486732742671844e-12 4.323133207123464771e-12 3.394974167390193637e-12 4.841161221511113173e-12 -4.657764804364606871e-12 -6.772794365976578274e-13 5.735868183789260540e-12 4.621661856718235704e-13 -3.626193914038055670e-12
-2.069738156636571600e-12 -4.112743064167401289e-12 -1.173135857492468516e-12 1.516496692235323610e-12 3.944581546558520541e-12 -4.767251855639548754e-13 -2.093298608830082333e-12 -9.822756634446235494e-13 -5.668115429275794399e-12 2.726093063867690535e-12 1.175166178152051234e-12
-1.928827061907613364e-12 -2.415780675928946464e-12 -1.573839855802040556e-13 -7.836235668948136074e-13 1.191261868248756805e-12 -3.759092046186285666e-12 4.378946565508537042e-13 -3.602039542792460294e-12 -4.361189895175629285e-12 2.263608384522580109e-12 -1.443429675642297116e-12
-1.712270503697573290e-12 -1.078833264169156190e-12 4.159417787228926589e-13 -1.667879516323770900e-12 -1.502709240645146454e-13 -9.880366332837990015e-13 6.562751544882151930e-13 -2.075440437898366215e-13 9.706785567777875117e-13 2.381939198429103024e-12 8.772645431326614750e-13
-1.444964531737410446e-12 -1.581275692961003982e-13 9.081935159697236836e-13 -1.668313522629523318e-12 -2.397658828693414984e-13 1.610297068742734340e-12 5.398329387737388043e-13 1.953090792041918852e-12 -6.474918261250548377e-13 3.707914898359381061e-12 -4.759064106862539226e-13
-1.625147263188233487e-13 1.117344493916483964e-12 1.762688025563920442e-13 -5.425249875600594173e-12 9.941650250187679016e-12 9.419281633625688730e-12 5.340110393838071690e-13 -4.144635962512040415e-11 2.821824011951835971e-11 3.588967062505611706e-11 6.816334724070358728e-11
-2.125236417733661692e-13 1.507439557135884418e-12 2.769302944483238872e-14 -6.797003640962806949e-12 1.297947519438093706e-11 1.193816372963499693e-11 2.465717690597843493e-12 -5.031613222979392490e-11 3.795170829956898345e-11 4.589573657753642305e-11 9.048593228958823568e-11
-2.367858228630365003e-13 1.776464718602509398e-12 -4.600501830473211452e-13 -6.882856865644709481e-12 1.452240662188312305e-11 1.172314572393672732e-11 6.496119904459037790e-12 -4.593973068874540137e-11 5.016301725517977236e-11 4.619215476142140207e-11 1.098347886600516342e-10
-2.394695626492723129e-13 1.888628411624143861e-12 -9.098412888140630637e-13 -6.326187699065937406e-12 1.470533725746604986e-11 1.060204281421635811e-11 1.004249195859065908e-11 -3.756214350629965621e-11 5.633467262936404276e-11 4.293411534179195763e-11 1.175506875460325332e-10
-2.181729213984581782e-13 1.786365486609277953e-12 -1.270072154752034771e-12 -5.189098554764223623e-12 1.365429692160814502e-11 7.388552976694782162e-12 1.209745695501642015e-11 -2.374939515177211833e-11 6.532094080415441184e-11 3.287922176845666646e-11 1.047905679194660178e-10
-1.920576282420860783e-13 1.609406245408309678e-12 -1.481870002774522936e-12 -4.133319328491862596e-12 1.238675434068056073e-11 3.952646920555243900e-12 1.273382019312253208e-11 -1.116868289545961459e-11 7.459215641865731907e-11 2.234035506446033234e-11 8.301729198199670024e-11
-2.335057465719497306e-13 1.623062836731172754e-12 -1.019951544679544409e-12 -5.870160058207176308e-12 1.475426966787726176e-11 3.536957505065974843e-12 8.209697455699390529e-12 -2.157749110330563729e-11 1.013594972336385986e-10 2.839580458992268323e-11 2.521721206621238388e-11
-1.814592910181514839e-12 -4.273002889544867739e-12 3.759745625489377002e-12 9.915728754155838886e-12 -4.671734544626648683e-11 -4.636637977316112949e-12 4.235466793191067409e-11 -1.463525744064891515e-11 3.767250835489992033e-11 2.910851485035041833e-11 -1.302684148009935754e-11
-2.344533575302991201e-12 -6.783512760454629955e-12 5.663592320982068556e-12 1.726973075396159756e-11 -7.205311431604937566e-11 -1.061720302390428434e-11 5.271333849944222457e-11 6.013376446328345130e-12 6.208044318622741150e-12 1.293097382997621837e-11 -2.831599809805199190e-11
-2.777394675347977693e-12 -8.634056523656552138e-12 6.453634238979208820e-12 2.003094524337407536e-11 -7.990620523744539875e-11 -1.063613868021460434e-11 5.241740181672915053e-11 3.976450592578618775e-12 4.705844836306153643e-13 1.129925223058785507e-11 -3.536724719682344911e-11
-2.573977521565399168e-12 -8.768229163604535737e-12 4.083323067662571289e-12 1.723330310018548744e-11 -6.024113243667523469e-11 -5.682499998441537271e-12 3.844711811540041711e-11 -2.279579124091071331e-11 6.466121928655632041e-12 1.912334360576566095e-11 -3.578914797960005162e-11
-2.422265356345162002e-12 -8.529671446106318254e-12 1.995757285872350912e-12 1.400757113197544901e-11 -3.759248823515875422e-11 3.165657780042771896e-13 2.331818683210246618e-11 -2.174927218535403291e-11 5.238331657298339852e-12 1.014396115881303163e-11 -1.527821831365423496e-11
-2.402527886759198223e-12 -8.113478749432841637e-12 -3.903899536770437899e-13 1.208804955757304583e-11 -2.050357538850135537e-11 5.416158352696736906e-12 1.168510420402939059e-11 -1.185975885714957052e-11 1.549889566716093308e-13 6.668155478177096877e-12 -7.283322189154647345e-12
-2.395870584605759160e-12 -7.974497495437272720e-12 -1.290970410974023160e-12 9.822146423999625683e-12 -7.736170999419600640e-12 9.279176238084218015e-12 9.425999485707205707e-13 -5.700998213802467183e-12 7.261159512422460958e-12 2.974992189173701095e-12 -4.967475249829019997e-15
-2.461428227123286329e-12 -7.468410384792201548e-12 -2.575414995967115949e-12 7.892069093573902211e-12 7.599465470694863320e-13 8.877576915321644799e-12 -2.451662388096522673e-12 -8.378076322743775699e-12 1.461234317527713714e-12 4.820879806997113368e-12 3.925365929531889689e-14
-2.477925418019796727e-12 -6.387810210290477539e-12 -2.060476413222589188e-12 5.040064844821862902e-12 3.949940154096007063e-12 5.640848520098031257e-12 -5.429719132511029689e-12 -7.897875739352672153e-13 6.663594415511811064e-12 5.386874926168722864e-13 -4.213591622238906407e-12
-2.411261789941569979e-12 -4.794152446396394048e-12 -1.364621635794062197e-12 1.770838889694326512e-12 4.593719849253941100e-12 -5.461554556217737626e-13 -2.450770629939727157e-12 -1.128659563774398465e-12 -6.560323185139234491e-12 3.166077387786499217e-12 1.341586802446637999e-12
-2.247288648671283624e-12 -2.817189140447497303e-12 -1.812247764600029012e-13 -9.105620046074594771e-13 1.387887822527904917e-12 -4.381918750201209723e-12 5.053573747770762171e-13 -4.178072383363172370e-12 -5.074571499592654657e-12 2.631833695356016412e-12 -1.678715700331892571e-12
-1.995162150722887780e-12 -1.259196387689512067e-12 4.863357886186166961e-13 -1.942097835420582180e-12 -1.766616186223651095e-13 -1.156788642697840787e-12 7.662431625456424393e-13 -2.577954822627519881e-13 1.126547114226085045e-12 2.776680921183885818e-12 1.007871064427346815e-12
-1.683775039773869909e-12 -1.857090089196316272e-13 1.059998273827034204e-12 -1.943983272535237080e-12 -2.804773442040772872e-13 1.872522664066509741e-12 6.267442012841126932e-13 2.271843786567644570e-12 -7.530883728509998602e-13 4.307449185219272940e-12 -5.647813890675799985e-13
-1.929459042113436682e-13 1.326176634904612773e-12 2.112461386098260926e-13 -6.443528038302720409e-12 1.180543918860727351e-11 1.118714760606297567e-11 6.294051535730796282e-13 -4.923527666400595935e-11 3.350335674779732917e-11 4.263008466971118519e-11 8.097349279745009230e-11
-2.523639966175625840e-13 1.789438124057283728e-12 3.592627299307250769e-14 -8.074907979399989777e-12 1.541553272668942816e-11 1.418341592707496301e-11 2.919528797958433324e-12 -5.979460236949310268e-11 4.505753632753321738e-11 5.453359650624687747e-11 1.074984864787384007e-10
-2.811904601717577932e-13 2.108962437471455530e-12 -5.429912356358906305e-13 -8.177586907242734396e-12 1.724938469084246645e-11 1.392925284548013556e-11 7.706850007545169178e-12 -5.460331021489537291e-11 5.956527458652668844e-11 5.489443556817836061e-11 1.304957395429245358e-10
-2.843967210861634354e-13 2.242301778283169579e-12 -1.077146393146239586e-12 -7.517016232953772199e-12 1.746835602050567472e-11 1.259849722364140724e-11 1.192101715760519710e-11 -4.465623281222122585e-11 6.690442636664252558e-11 5.102924648162264959e-11 1.396763292674042501e-10
-2.591181086000969898e-13 2.121048608382373813e-12 -1.505215960265563844e-12 -6.166574560167171600e-12 1.622056029897180185e-11 8.784129585103991199e-12 1.436511774914023663e-11 -2.825262697594953349e-11 7.756685470338411898e-11 3.909319582838048348e-11 1.245446676356634366e-10
-2.280582386639230248e-13 1.910748372152024404e-12 -1.757612428165671909e-12 -4.910098068207337354e-12 1.471220522223362292e-11 4.698857583209812257e-12 1.512589342064114333e-11 -1.328532464481967079e-11 8.857771836928374071e-11 2.655721233119225692e-11 9.869822659426839733e-11
-2.770741410884913671e-13 1.927499540554108898e-12 -1.209820826021836305e-12 -6.973481782814713413e-12 1.752938250051002996e-11 4.203264165314503829e-12 9.749853182590481039e-12 -2.563604735353529813e-11 1.203777863707302048e-10 3.373831406209965446e-11 3.004930686408562681e-11
-2.154227131619708092e-12 -5.071390532586489979e-12 4.465786005897284628e-12 1.176297625649569333e-11 -5.544820753863143713e-11 -5.498532466857970569e-12 5.028567039581178096e-11 -1.743424837356211354e-11 4.481282888901565496e-11 3.461259480400141107e-11 -1.541621010618056738e-11
-2.784865675855835428e-12 -8.057819857827664264e-12 6.729584148389899057e-12 2.051442576283340290e-11 -8.559630447505351517e-11 -1.261481172848016717e-11 6.262622862748796968e-11 7.142438503074844755e-12 7.377058368525848331e-12 1.537375768418342337e-11 -3.364287953317405690e-11
-3.299170118814964611e-12 -1.025509884037325258e-11 7.672701072069532165e-12 2.379620538212892262e-11 -9.495941829140934596e-11 -1.265006796270627622e-11 6.229429110144311770e-11 4.725100762936246257e-12 5.919637802472507020e-13 1.342696814415226466e-11 -4.203298082293853683e-11
-3.057750036278950546e-12 -1.041595788121276452e-11 4.855042056116248425e-12 2.047627812861141178e-11 -7.159237389691788510e-11 -6.758475555011966446e-12 4.568965167125228966e-11 -2.705128298575646718e-11 7.650787727016626607e-12 2.271193832210075629e-11 -4.254483968249092067e-11
-2.877801551025331367e-12 -1.013500063554845626e-11 2.377660493604531192e-12 1.664617655699472336e-11 -4.470225063813322498e-11 3.641267465383843676e-13 2.772556861538288900e-11 -2.586174505119688118e-11 6.225957344695002293e-12 1.205767141633817728e-11 -1.814683231559040963e-11
-2.854032711299453220e-12 -9.638885593286136680e-12 -4.588028424078338731e-13 1.436319903348937267e-11 -2.438503176301111377e-11 6.426010214508335681e-12 1.389706658581182163e-11 -1.408685365592837234e-11 1.792345561436203419e-13 7.918141342345563029e-12 -8.633466803649792016e-12
-2.845846020890771253e-12 -9.472965112854068219e-12 -1.529616414162112255e-12 1.166985265973671140e-11 -9.210086042414604471e-12 1.101359584100592047e-11 1.128957412572589530e-12 -6.762720713897148538e-12 8.606010008488295206e-12 3.531075387809582541e-12 6.592822897974909471e-14
-2.923732828512832213e-12 -8.872993832399340127e-12 -3.056594974633303775e-12 9.379106384767390209e-12 8.902618135583742832e-13 1.054805435918105994e-11 -2.910185759260798001e-12 -9.949906037287890872e-12 1.744641253508758633e-12 5.720859886377061783e-12 2.880425610080592071e-14
-2.943337580566339944e-12 -7.590427668220232487e-12 -2.445133002174670167e-12 5.991038265019118469e-12 4.686074360931802619e-12 6.701593123123129320e-12 -6.453677358193511650e-12 -9.390239062994494917e-13 7.894176163065151362e-12 6.401891214402262358e-13 -4.992744861145885515e-12
-2.864275551037860692e-12 -5.698007398108722197e-12 -1.618617799355756525e-12 2.108210902169296176e-12 5.454768852305915735e-12 -6.382511840181701253e-13 -2.924939117786028383e-12 -1.322830375944217928e-12 -7.743791477672207886e-12 3.749694256330962103e-12 1.562335311751990533e-12
-2.669711775845153369e-12 -3.349637089912532627e-12 -2.128483752128233558e-13 -1.078939397819588561e-12 1.648702168566172915e-12 -5.208066753390278282e-12 5.948432455559186183e-13 -4.942150702330311875e-12 -6.020835980875279027e-12 3.120265876101509765e-12 -1.990810667070850678e-12
-2.370403558649617747e-12 -1.498438914357578058e-12 5.797098689792832028e-13 -2.305834514178487051e-12 -2.116675351489613409e-13 -1.380629615975990975e-12 9.121101423746221176e-13 -3.244514642248902691e-13 1.333298842545240642e-12 3.300285776153964867e-12 1.181113984294871907e-12
-2.000545054744559726e-12 -2.222943883242809247e-13 1.261359578295308378e-12 -2.309645200574314987e-12 -3.344790308231324459e-13 2.220351603587607969e-12 7.420275786919085510e-13 2.694653451344666910e-12 -8.931568311547795071e-13 5.102700979565364710e-12 -6.826695358771090933e-13
-2.588460192939364585e-14 1.627841641713897344e-13 1.041422837571859540e-13 -9.564020641551522804e-13 1.669088553092719744e-12 1.656355730755234702e-12 -8.760128882334689565e-14 -7.677007549387853247e-12 4.569962291081943836e-12 6.447865549780065201e-12 1.294233916393013256e-11
-3.530202703375805249e-14 2.283066361664175799e-13 1.175523393124768954e-13 -1.265754234863030154e-12 2.273240592520476652e-12 2.236992621773625686e-12 1.280986686345082072e-13 -1.001702116838309626e-11 6.172774092817159485e-12 8.836908170011236479e-12 1.757925879332989107e-11
-4.028105288497303548e-14 2.752601386290262690e-13 6.030362997809018559e-14 -1.336449704132039642e-12 2.624080723028960147e-12 2.304238627300984928e-12 8.089058927220126967e-13 -9.805252159327059655e-12 8.427677615784138189e-12 9.411590437485560424e-12 2.149328996369906976e-11
-4.138727091545416058e-14 2.982941501592410595e-13 -1.327199792308230979e-14 -1.262518132595297880e-12 2.724957954218342194e-12 2.135516985961041022e-12 1.536480963071794336e-12 -8.426392028916238912e-12 9.922345502079115088e-12 9.059851614838066527e-12 2.338235599490212855e-11
-3.830612044306629686e-14 2.885755675388218259e-13 -8.245687995484927758e-14 -1.069847918224193173e-12 2.565312835135730122e-12 1.684069791662702413e-12 2.035152250107964794e-12 -6.144566689926372007e-12 1.097753434646091145e-11 7.644419172081158896e-12 2.209552294793227670e-11
-3.288825391646480307e-14 2.558095747295794455e-13 -1.459028942291624126e-13 -8.249467027519581530e-13 2.292093904357612923e-12 9.201386069885300732e-13 2.264777781412255537e-12 -3.201737588224952184e-12 1.305858446154959334e-11 5.214107597844826263e-12 1.810051873397124769e-11
-3.618292330270941935e-14 2.552329717984342086e-13 -9.775253524798494268e-14 -1.031241541772706170e-12 2.612114662073052150e-12 7.034989656245889239e-13 1.615170347928927632e-12 -4.067864018745753524e-12 1.728742316225864832e-11 5.532651325888731872e-12 8.946283414358132074e-12
-2.657539198768310242e-13 -5.626489280046358483e-13 6.317351027600677376e-13 1.088912348551368242e-12 -6.167572803884282781e-12 -5.104158768777955139e-13 6.441380308979270455e-12 -4.020077836063341903e-12 1.025690157339570678e-11 6.315521647312194816e-12 1.918609079949846273e-13
-4.289889232727167839e-13 -1.252448098973247619e-12 1.143477068003874621e-12 3.211457975938831590e-12 -1.367463452503504093e-11 -2.100270439537209479e-12 1.026614413527228435e-11 1.034256254843051947e-12 1.363166451978350773e-12 3.059034180997197704e-12 -5.520543143798622932e-12
-5.039666888353046054e-13 -1.531832015366045817e-12 1.443890461531420055e-12 3.744289458741627829e-12 -1.623680750950264677e-11 -2.566796315641135396e-12 1.079171849879824140e-11 8.235455455378161057e-13 1.104686204156381073e-12 2.284080399306425945e-12 -7.042868517395618582e-12
-4.933221349794742308e-13 -1.667351668100555493e-12 9.903073024432654527e-13 3.496417706916739732e-12 -1.296821537567278017e-11 -1.493083483238280190e-12 8.276110487773698475e-12 -2.760143189913373161e-12 1.745220657347482764e-14 3.220705248907647821e-12 -6.861917576058021075e-12
-4.751425279569103547e-13 -1.701240183290967624e-12 6.633770030645145718e-13 2.960097922734143379e-12 -9.333218338961206816e-12 -5.289714308128586086e-13 5.801760619672472650e-12 -5.181154598586598164e-12 1.256926021484879936e-12 2.529646970510939789e-12 -3.596854198573116642e-12
-4.528020364179890060e-13 -1.554770458855146682e-12 1.589947684398121558e-13 2.455205970653673271e-12 -5.296406702626176226e-12 5.961662680720733248e-13 3.096411579648706404e-12 -2.143916464552207225e-12 -2.119894154224002786e-13 1.119222569049476358e-12 -9.172000909072068441e-13
-4.423988559376805106e-13 -1.503473545910300189e-12 -8.943025111138114186e-14 2.034410767651160684e-12 -2.593292580700581452e-12 1.428524157570796434e-12 9.129450409669954889e-13 -6.473158272033214012e-13 -2.799795850480477403e-13 7.152046424682869495e-13 4.184968022802941609e-13
-4.479740255572079343e-13 -1.430042216721022995e-12 -3.246490788213965702e-13 1.676189122198629717e-12 -6.512970544277862173e-13 1.826004309641572542e-12 -2.479948770234827717e-13 -9.241377527999141355e-13 1.210859922120629635e-12 3.372799355358437997e-13 -4.254581667662935017e-13
-4.516725415528729748e-13 -1.283483134781779386e-12 -2.661527729084165873e-13 1.114783594821737567e-12 3.606075823232373931e-13 1.153804985881004222e-12 -1.046436489402899842e-12 -2.223800357874524238e-13 8.466197119979074438e-13 8.417091491132851471e-14 -1.277974373999900125e-13
-4.452635453625673380e-13 -1.026284213793342683e-12 -1.628326158780273693e-13 5.436138013717519350e-13 7.680830476755840464e-13 3.850765340428136563e-13 -9.865729779147839505e-13 2.894730553614793050e-13 3.436409541557976360e-13 9.497438380359209172e-14 8.420606748166882232e-14
-4.211079926820635961e-13 -6.574614914002900336e-13 6.036495279732896663e-14 -2.794526980890035456e-14 2.907597142671065895e-13 -7.377624179567723258e-13 -2.095606539493094023e-13 1.314337367809324722e-13 -2.497687659630504494e-13 3.002347928544220063e-13 -8.527751299985437332e-13
-3.805939781625943806e-13 -3.383439302343387297e-13 1.908538447225382051e-13 -3.264053975439834190e-13 5.784269344951971205e-14 -4.718688920734639886e-13 1.770850837245366644e-14 -7.164734731017446669e-15 3.271134218851247966e-13 -7.915857077405081082e-14 -4.296063391683105757e-14
-3.282374734510791395e-13 -1.140317765823111225e-13 2.960647616357420922e-13 -3.588914860161379949e-13 -6.530317158822741237e-14 1.499835868100105122e-13 6.253630543364390191e-14 4.565518181551748942e-13 -1.077667366544896821e-13 -7.836161122912726612e-15 -2.161259689861572419e-13
-4.806658649429041073e-14 3.010397392097640978e-13 1.996576665543828010e-13 -1.783596218644671223e-12 3.106405716232106685e-12 3.088989260279624412e-12 -1.764961620803537777e-13 -1.434471041084043861e-11 8.490597370049803348e-12 1.203531231681390932e-11 2.422452986613365125e-11
-6.562826674177470981e-14 4.226908276259221756e-13 2.273694070474258698e-13 -2.363661253952163108e-12 4.236393820308656134e-12 4.176955584264516439e-12 2.203465374487701214e-13 -1.874587459196729734e-11 1.148522659228137533e-11 1.651643117560555801e-11 3.294376847529642451e-11
-7.501189646400400849e-14 5.102322986756370406e-13 1.244083898618552554e-13 -2.503337651143322308e-12 4.899999257337714129e-12 4.318533524226957907e-12 1.482375080172502113e-12 -1.843182621619036297e-11 1.568535450877889993e-11 1.765593657988023438e-11 4.029025967983041755e-11
-7.711258092393083221e-14 5.532693513256435197e-13 -1.192736746406193636e-14 -2.367500631433056039e-12 5.093449238376468778e-12 4.006215598257583372e-12 2.847064870941045509e-12 -1.586976249993641802e-11 1.850540982441730125e-11 1.702263325393613530e-11 4.385038031618085374e-11
-7.142441097428377301e-14 5.357865242562908125e-13 -1.409662188524811271e-13 -2.009361816049980570e-12 4.798323093581269356e-12 3.175935998770863337e-12 3.787881911188085596e-12 -1.163563900671080737e-11 2.042069313353273404e-11 1.442292572291129320e-11 4.152620208462287327e-11
-6.128955906800682192e-14 4.747288929482841762e-13 -2.613139555039742531e-13 -1.549219971351807273e-12 4.287477185136995623e-12 1.738372876974412709e-12 4.224413015903620718e-12 -6.094948763300773929e-12 2.436150063993484603e-11 9.848872188561447884e-12 3.404620301601313763e-11
-6.718763338190564391e-14 4.727902700505310845e-13 -1.748933539290822522e-13 -1.921000405053868991e-12 4.866584051408445402e-12 1.318883708536943609e-12 3.034778518077457605e-12 -7.603347657270389455e-12 3.217846370000856979e-11 1.036497447612529538e-11 1.709863527495475632e-11
-4.895359387175165915e-13 -1.029004561001916504e-12 1.170914182793336559e-12 1.963484402730747512e-12 -1.126978957943476320e-11 -9.212886412043632061e-13 1.189295253376884269e-11 -7.590789709924178602e-12 1.948145234747839170e-11 1.185476353220529797e-11 6.107674727980027882e-13
-8.015271123508010006e-13 -2.340655884537815632e-12 2.146916388602427626e-12 6.000120494138413568e-12 -2.558485990022594434e-11 -3.932757411097644131e-12 1.923017538183739710e-11 1.888215511050212133e-12 2.596631926031034906e-12 5.796902094794384857e-12 -1.030173590988484683e-11
-9.411656363919948242e-13 -2.861070474446089809e-12 2.711071042374366406e-12 7.003638725710668815e-12 -3.041614998964044555e-11 -4.821421013565793186e-12 2.023090795216766870e-11 1.560266018131066245e-12 2.022476055314689783e-12 4.288721953294918309e-12 -1.310913077624476500e-11
-9.247116875211074132e-13 -3.124120302727716919e-12 1.875110740506569383e-12 6.571088796251454690e-12 -2.443628171573191939e-11 -2.835846250433212151e-12 1.559914369110789225e-11 -5.014171230622482868e-12 -6.705985286709224917e-14 5.988262757704063507e-12 -1.280847180557888135e-11
-8.909659867064925604e-13 -3.188621998050257891e-12 1.261083418457610908e-12 5.570253182579735282e-12 -1.767305218096747536e-11 -1.044127350916855392e-12 1.100556917892091189e-11 -9.770657385496680837e-12 2.379399248713352173e-12 4.827201774626890334e-12 -6.853742454970284788e-12
-8.468967986426072441e-13 -2.910300803987849331e-12 3.172733823392816079e-13 4.612027592665887025e-12 -1.004637398554558831e-11 1.070472145650105566e-12 5.891377047326320624e-12 -3.978471552286360531e-12 -4.415019628285197572e-13 2.091581937936768496e-12 -1.905749806678741406e-12
-8.275289338291435942e-13 -2.814448303936449356e-12 -1.535599592127725656e-13 3.823663299541897212e-12 -4.955790364201676963e-12 2.644999790928349828e-12 1.777650817385101978e-12 -1.200894917891744334e-12 -5.768809711358301296e-13 1.336000805805366816e-12 6.457459940238549031e-13
-8.367435652592078140e-13 -2.675999493005174162e-12 -5.911706739793159526e-13 3.147421449044441563e-12 -1.288932261238849394e-12 3.428930904107706751e-12 -4.505045021365769993e-13 -1.661658001632149191e-12 2.475533921218126906e-12 5.686555596780920058e-13 -8.750868290314354072e-13
-8.437952151719642897e-13 -2.407362517753494944e-12 -4.874165324185230477e-13 2.100951178676934267e-12 6.279031170078118871e-13 2.176304412674085621e-12 -1.947902283221110931e-12 -4.343303929582121591e-13 1.599355761709742157e-12 1.552649881827654376e-13 -1.549726877084721644e-13
-8.323134277731940619e-13 -1.930149831492064141e-12 -3.009608350663153275e-13 1.035030096647065736e-12 1.438778728642190667e-12 7.497652239627357220e-13 -1.871362815935153274e-12 5.546586904778623534e-13 6.332176001733799945e-13 1.491403128582766037e-13 1.624774507361366962e-13
-7.871057554529585081e-13 -1.240058039756904491e-12 1.188727653837784606e-13 -3.774832910585174924e-14 5.445011512872759072e-13 -1.364006354652035769e-12 -4.094087641218247258e-13 2.831416944609806807e-13 -3.825645019762047718e-13 5.523959786983406219e-13 -1.659286896642475427e-12
-7.123094412063000661e-13 -6.424459885946624287e-13 3.670039613395269592e-13 -6.049832444870726210e-13 1.162570033926824802e-13 -9.089685797558223229e-13 1.855497001579508604e-14 5.811037734673123285e-14 5.244950357490077817e-13 -2.030768435204910798e-13 -7.252657447605182636e-14
-6.147043018667137499e-13 -2.200153490438234610e-13 5.632891226693503815e-13 -6.685717497837203893e-13 -1.279815093464963869e-13 2.558360117770012495e-13 1.199151091708314755e-13 8.930482704877254472e-13 -1.964202556842651647e-13 -7.833040014455041449e-14 -4.171559012435201611e-13
-6.818107334699307399e-14 4.264086346625576642e-13 2.862724895289370944e-13 -2.533693270302244355e-12 4.409758350984311244e-12 4.388096879791134784e-12 -2.571100539495143206e-13 -2.039097156818014425e-11 1.204580626329449588e-11 1.710199556120515123e-11 3.445521457885858185e-11
-9.312793784398722683e-14 5.989567769983321061e-13 3.269539253125504562e-13 -3.359241011296466255e-12 6.016574114275901876e-12 5.936109757350306823e-12 3.039904282530691521e-13 -2.666119384065602968e-11 1.630253327113199751e-11 2.348021059306242784e-11 4.687631217217478911e-11
-1.065056798550203285e-13 7.233032649482431963e-13 1.825424369670961011e-13 -3.561471721940175667e-12 6.963797186571145103e-12 6.145097096292973606e-12 2.093065988953069360e-12 -2.625442600831992695e-11 2.226658245693860184e-11 2.513191901729331984e-11 5.733536498299077455e-11
-1.095081540956189502e-13 7.844790164358010256e-13 -1.070366267820293500e-14 -3.369499715238982786e-12 7.241193575528064964e-12 5.702567285956950763e-12 4.035491816272382669e-12 -2.261944055320654011e-11 2.628850542806326914e-11 2.424330165211035388e-11 6.241080469917219585e-11
-1.014559662324892849e-13 7.599558004379383392e-13 -1.940178519186575337e-13 -2.861314944750183619e-12 6.823214572714726734e-12 4.528767748964128153e-12 5.377248828142700740e-12 -1.661498719413264117e-11 2.898370133297227278e-11 2.056971162117249044e-11 5.914598953505185500e-11
-8.704375716269681835e-14 6.732434235383379556e-13 -3.659645835799975499e-13 -2.205992429879997826e-12 6.096888904460165189e-12 2.480352931588658470e-12 6.001404235736659625e-12 -8.718546756004224151e-12 3.461095193781468524e-11 1.405170560967672877e-11 4.850579935458934263e-11
-9.530250673338350956e-14 6.700694401864025976e-13 -2.448418491930197322e-13 -2.727830191153679189e-12 6.910928159171403472e-12 1.876915031989310649e-12 4.322082553457305934e-12 -1.080931897652683126e-11 4.568159143367201396e-11 1.474692643742286300e-11 2.449130459823741492e-11
-6.924585835253640900e-13 -1.451887181889392009e-12 1.659837245106378848e-12 2.756519663183622628e-12 -1.589637957830073450e-11 -1.293855387680028979e-12 1.683637683365312183e-11 -1.082873238985112216e-11 2.784636719585971165e-11 1.687775625976394264e-11 9.907215263174338757e-13
-1.139344062453989081e-12 -3.327440773917879586e-12 3.056837273639111158e-12 8.528872758285017347e-12 -3.638503953518848211e-11 -5.594454327224549109e-12 2.735875550581321720e-11 2.662555041066884266e-12 3.715162588846862460e-12 8.279630081054047636e-12 -1.463729319637415592e-11
-1.337616737820755281e-12 -4.066421601069816828e-12 3.860151903077000960e-12 9.959213762687632756e-12 -4.327397475260296124e-11 -6.865916947346245204e-12 2.879036816794785068e-11 2.228331035002407153e-12 2.854701412209103390e-12 6.106535149348747513e-12 -1.860998197209613173e-11
-1.315896078678228466e-12 -4.445118802692435392e-12 2.677457878948635681e-12 9.359208689863440511e-12 -3.483557756620470153e-11 -4.053477349513606385e-12 2.223970522899818317e-11 -7.058071148463947304e-12 -1.437287152831031905e-13 8.497870167532029777e-12 -1.820079704923541255e-11
-1.268034979456232637e-12 -4.537380298659795721e-12 1.803089889590419582e-12 7.937150639562900323e-12 -2.523567929465162319e-11 -1.511289489725828142e-12 1.572443085066167538e-11 -1.393244131646732210e-11 3.397267700386124929e-12 6.910656595645035051e-12 -9.807132572983029439e-12
-1.204261431769842402e-12 -4.139494708911565354e-12 4.608072623414543237e-13 6.567836755527719821e-12 -1.435368596217510431e-11 1.500556545279955002e-12 8.425881472020881642e-12 -5.642039806417658916e-12 -6.496290977059266677e-13 2.973318122161576403e-12 -2.802236004251914433e-12
-1.176764529244658848e-12 -4.003239626766295564e-12 -2.117077980426636614e-13 5.446161398842159885e-12 -7.098136703717804054e-12 3.748088226931714543e-12 2.561788048876699045e-12 -1.702879708921932059e-12 -8.461145052670105413e-13 1.898934582442586322e-12 8.517846796516693641e-13
-1.189278989696246294e-12 -3.805832548713077420e-12 -8.328464320036546263e-13 4.481536820547177399e-12 -1.867162880665498488e-12 4.882468594868397960e-12 -6.341370902796938963e-13 -2.330422449059387278e-12 3.622414801552603929e-12 7.784473354995144360e-13 -1.282825250700919835e-12
-1.199371289624370968e-12 -3.426497117580276690e-12 -6.880553856408517577e-13 2.995212876836601232e-12 8.702692686741128113e-13 3.103513429716429088e-12 -2.765344332709717998e-12 -6.265311282711011816e-13 2.281924890730915399e-12 2.197355046842032791e-13 -1.795857426806230466e-13
-1.183289653262266949e-12 -2.749777523699050285e-12 -4.262144794643951610e-13 1.480652157791531234e-12 2.046965917196511974e-12 1.080475212510218103e-12 -2.673697019626140479e-12 7.951333432091140263e-13 8.957941573955199797e-13 1.982502141855189689e-13 2.334693887050519671e-13
-1.118992021916926624e-12 -1.768359839967871604e-12 1.719294938403559423e-13 -4.663245814609474092e-14 7.745946191330783022e-13 -1.931877299054303247e-12 -5.906366594377036486e-13 4.207157835190255742e-13 -5.029786498502306012e-13 7.810498914549592472e-13 -2.390602438633359947e-12
-1.013108870321188644e-12 -9.182091115649693283e-13 5.267397889682335852e-13 -8.575940568126485182e-13 1.692249023203525497e-13 -1.305339671358514042e-12 1.932246825473526904e-14 1.173108088979689137e-13 7.034765747569096614e-13 -3.154573335729842037e-13 -9.938410889785883295e-14
-8.744723257361205055e-13 -3.161233140581101616e-13 8.056113003628603458e-13 -9.493887082259290181e-13 -1.848210344029846505e-13 3.518153182447876603e-13 1.719474518665632501e-13 1.288870373488465517e-12 -2.768086538808591441e-13 -1.422706300091157573e-13 -5.994719166574827253e-13
-8.719787314952129680e-14 5.449359032812138021e-13 3.681605715086094205e-13 -3.242856052746691109e-12 5.641984472811915344e-12 5.616309645217722867e-12 -3.333246874464068522e-13 -2.610727637998312638e-11 1.540700042509893646e-11 2.189217995079772653e-11 4.412759073505965181e-11
-1.191268978880579959e-13 7.656035473466480626e-13 4.211039208443804501e-13 -4.300490026081889233e-12 7.699606473526574568e-12 7.599263432425912603e-12 3.830697076786539429e-13 -3.414455857311985406e-11 2.085695006396704958e-11 3.006396289165217800e-11 6.004852959753102720e-11
-1.362807856366395077e-13 9.247465301461467481e-13 2.375039949496463816e-13 -4.561861338447089970e-12 8.914969609749458570e-12 7.871981507086938767e-12 2.670430295529368421e-12 -3.365013116708237298e-11 2.848865987117790154e-11 3.219992241131359133e-11 7.345028541472372989e-11
-1.401358372183905074e-13 1.003071116053454742e-12 -9.546737868730934005e-15 -4.316817741233582773e-12 9.271731286288070998e-12 7.306345730633993208e-12 5.159063969305434919e-12 -2.900077541951302436e-11 3.364686221955213229e-11 3.106992399502822814e-11 7.995835027311791797e-11
-1.298486405417247832e-13 9.718917189761201948e-13 -2.441743531815868959e-13 -3.666775318082551050e-12 8.737603747176032846e-12 5.807772813755119361e-12 6.879880871089196353e-12 -2.132260257213398186e-11 3.707940935815677577e-11 2.638105534119042996e-11 7.580423058090588492e-11
-1.113924980892380510e-13 8.609246263353802821e-13 -4.649042213633850367e-13 -2.826923525522259796e-12 7.807557472791385417e-12 3.181841677460532600e-12 7.681421554897840900e-12 -1.119896985377948092e-11 4.430107054971458784e-11 1.802518215710426712e-11 6.217630712403683744e-11
-1.218830962319984938e-13 8.565826985756344811e-13 -3.109731177003076206e-13 -3.490629691307246860e-12 8.843708394130869587e-12 2.404493490221476702e-12 5.539135879510348304e-12 -1.384033414474538345e-11 5.844782696839332060e-11 1.888974667465262500e-11 3.148054143828617731e-11
-8.843073410906520715e-13 -1.851692267665613126e-12 2.122078815723953302e-12 3.506277432052342385e-12 -2.027048747487486566e-11 -1.646090435129269019e-12 2.151002876121981711e-11 -1.388997417883708611e-11 3.575479221324228901e-11 2.162663440976675699e-11 1.349940740920529787e-12
-1.458725678158152267e-12 -4.260374873957215182e-12 3.917101989003847348e-12 1.091962604521083764e-11 -4.659583215720770189e-11 -7.165469179259520207e-12 3.504374304887799737e-11 3.394637342205073845e-12 4.772652836734402628e-12 1.062687072531827910e-11 -1.873625060725076980e-11
-1.712432724062039550e-12 -5.205994349549286936e-12 4.946525164552650267e-12 1.275349726550176268e-11 -5.543012276702336819e-11 -8.798840722873667725e-12 3.688272182999314937e-11 2.859938431902385528e-12 3.641510596974111365e-12 7.825146709321763427e-12 -2.381064091523322056e-11
-1.685732769370505124e-12 -5.694027820231175813e-12 3.436019358330867309e-12 1.199517540534563609e-11 -4.466736341913826696e-11 -5.204659928236200072e-12 2.851787828249230418e-11 -8.990431433823964236e-12 -2.162136073061523308e-13 1.087052337241557065e-11 -2.329885251443098292e-11
-1.624526576753163857e-12 -5.812534210004926894e-12 2.315518003156305405e-12 1.017488185401382386e-11 -3.238559899463580146e-11 -1.952957673166658440e-12 2.018577497368747275e-11 -1.786710852507619689e-11 4.359589071669617653e-12 8.880413195405304474e-12 -1.259935039218639726e-11
-1.542123975046020170e-12 -5.301609088454035649e-12 5.965082166268426763e-13 8.416913571396841209e-12 -1.842593946518786467e-11 1.907170394589281225e-12 1.082207301279115493e-11 -7.214823873872630740e-12 -8.463983260876168438e-13 3.806936231175520200e-12 -3.649799189435462071e-12
-1.506941652361480270e-12 -5.127156272465553345e-12 -2.666823951131092847e-13 6.980116590470805839e-12 -9.123570996169156785e-12 4.790978960648862337e-12 3.303133371688191992e-12 -2.177470204072803202e-12 -1.100655436701117475e-12 2.431147957342470549e-12 1.046579429571024542e-12
-1.522575863684509708e-12 -4.874008395714218550e-12 -1.061333469291299304e-12 5.742846896183481286e-12 -2.413838319610683629e-12 6.256683879270028873e-12 -8.077484874564321605e-13 -2.962691107220363035e-12 4.706708139898561224e-12 9.767903621085189312e-13 -1.668312585921328493e-12
-1.535542879385179253e-12 -4.390015540835916172e-12 -8.777449826127862204e-13 3.840672957903937458e-12 1.099409023468757925e-12 3.980122829770380706e-12 -3.538176964200598156e-12 -8.082430919970465260e-13 2.927244881896001549e-12 2.806877384874608866e-13 -2.028556149077926303e-13
-1.515112416851199610e-12 -3.524676523091131593e-12 -5.446327865046943891e-13 1.901955747909911771e-12 2.621963136464659529e-12 1.393137707506482855e-12 -3.432246270131384866e-12 1.022484821875686784e-12 1.144041396221562999e-12 2.446800917579023314e-13 3.005871571936279516e-13
-1.432766603035140762e-12 -2.267831173419335713e-12 2.220908124276453550e-13 -5.503176281810328312e-14 9.921314345624400702e-13 -2.468758410790736243e-12 -7.619745925948979717e-13 5.507821843553097799e-13 -6.168215612009140439e-13 9.972257111455229799e-13 -3.082008655275491516e-12
-1.297493083855230905e-12 -1.178923299348522845e-12 6.777585187806645356e-13 -1.096419401012580691e-12 2.193022389805621559e-13 -1.680080014065577698e-12 2.004808260827399451e-14 1.732805566321156273e-13 8.726907396891442064e-13 -4.217049995783601004e-13 -1.247759749205698589e-13
-1.120064298389666588e-12 -4.069864786766638375e-13 1.034709480927365678e-12 -1.214880933755262596e-12 -2.385587149508732069e-13 4.425568454681069216e-13 2.211402874359175033e-13 1.663091686978911252e-12 -3.528100993151602833e-13 -2.027215159578668237e-13 -7.718385890645529208e-13
-1.064551737030583218e-13 6.649621568711866479e-13 4.510842717588242144e-13 -3.960987441032991999e-12 6.889794252828024591e-12 6.860055312890277660e-12 -4.105031885310452320e-13 -3.189587388122073879e-11 1.881070277597345607e-11 2.674294461428498567e-11 5.392229103407813903e-11
-1.454546603320729245e-13 9.343578580730602717e-13 5.164446080182344727e-13 -5.253642783725348089e-12 9.403923725641307626e-12 9.283450599575269345e-12 4.631490831271856030e-13 -4.172256356354766819e-11 2.546896543640926993e-11 3.673097827263885381e-11 7.338733278969865744e-11
-1.664324497965118824e-13 1.128737398359524755e-12 2.931606381321298684e-13 -5.574902634331607360e-12 1.089081802667695714e-11 9.620705396747902141e-12 3.255096385284285727e-12 -4.113936797496380506e-11 3.478942635538401868e-11 3.935731309110158862e-11 8.976900724959388444e-11
-1.711508610538550650e-13 1.224427695743406267e-12 -8.375181716556377041e-15 -5.276116263369215163e-12 1.132794870389783950e-11 8.930406763549217478e-12 6.296845660652289844e-12 -3.546281344533762233e-11 4.109827832452674231e-11 3.798288093773873243e-11 9.772781530425408367e-11
-1.586003899614741980e-13 1.186507938514627879e-12 -2.949651712796073141e-13 -4.482422149000692541e-12 1.067620372673774553e-11 7.102953138395173339e-12 8.401516328836606084e-12 -2.608975399421660909e-11 4.527750179505653269e-11 3.226589368392564479e-11 9.267314427050543812e-11
-1.360491715035692856e-13 1.050979386758977923e-12 -5.650951242070465079e-13 -3.455707382741875495e-12 9.539860442247319544e-12 3.892201977542192033e-12 9.382685636447022289e-12 -1.371076224734520191e-11 5.411373768843931436e-11 2.204891027692632529e-11 7.601970241486050232e-11
-1.487998438536839826e-13 1.045454743887323155e-12 -3.779407319590728336e-13 -4.263076127563194652e-12 1.080093202138394932e-11 2.938744102362906448e-12 6.771580977154180534e-12 -1.690968181015624971e-11 7.137551391791589368e-11 2.308496013191569429e-11 3.855816942342743873e-11
-1.078582362313399469e-12 -2.256553589206803349e-12 2.590166240846314242e-12 4.265517201475664144e-12 -2.469991362921308975e-11 -2.002780111845134416e-12 2.624278720560082488e-11 -1.698993073353721690e-11 4.376323312056298754e-11 2.643557044384222364e-11 1.713702911880651266e-12
-1.782146433948659577e-12 -5.205107560190544070e-12 4.788246258875846059e-12 1.334061459604445651e-11 -5.693575814122890785e-11 -8.756352266524441725e-12 4.282592072348936682e-11 4.135978106693726085e-12 5.843516901539457793e-12 1.300379633992085220e-11 -2.288704651590120543e-11
-2.091988915126206390e-12 -6.359978991961845292e-12 6.046637519245034228e-12 1.558311937878790033e-11 -6.774000657064109896e-11 -1.075620970602607508e-11 4.507741748189186585e-11 3.499533610902644160e-12 4.438270362403283721e-12 9.565493123435905722e-12 -2.907707130217720456e-11
-2.060246692969920357e-12 -6.958731480383144225e-12 4.204174176620209162e-12 1.466447853815636307e-11 -5.462348942946748778e-11 -6.370401227540319622e-12 3.487544983360079085e-11 -1.094722980047592156e-11 -2.896151977996694679e-13 1.327318293399421053e-11 -2.846138182272495270e-11
-1.985526634870702218e-12 -7.103814676626932667e-12 2.834426667993324787e-12 1.244091310017495185e-11 -3.962594195589025115e-11 -2.400211524593516258e-12 2.470354060943187636e-11 -2.185153649406870062e-11 5.334080682683734239e-12 1.087508081839353485e-11 -1.542688069760774621e-11
-1.884259382116454462e-12 -6.478420440348214308e-12 7.339253472287030395e-13 1.028937520318307701e-11 -2.254969374833818280e-11 2.318926588407515829e-12 1.324856859372159935e-11 -8.807498551374192722e-12 -1.045656046107427332e-12 4.651096901687234859e-12 -4.508081296040476901e-12
-1.841294443669846343e-12 -6.265286813249707587e-12 -3.223522422776880480e-13 8.533471332985776062e-12 -1.117462045381377292e-11 5.847058874835166173e-12 4.053854304951708525e-12 -2.658062727511324422e-12 -1.358415484164378430e-12 2.970092102814719041e-12 1.243837700396019144e-12
-1.860087860579776930e-12 -5.955693197742895396e-12 -1.292710125472835223e-12 7.020108447540263718e-12 -2.967427427260299031e-12 7.648278523566027233e-12 -9.835555049153581498e-13 -3.602955910289519242e-12 5.804714267206699538e-12 1.177641783781401721e-12 -2.058675083896814439e-12
-1.875965947870440696e-12 -5.365719342636654584e-12 -1.069833536873371022e-12 4.696825362942067897e-12 1.331446651911295147e-12 4.867818491507423180e-12 -4.320783418315900065e-12 -9.922531218654504892e-13 3.580726074950515360e-12 3.424108200780454105e-13 -2.264197754294200611e-13
-1.851131660638534398e-12 -4.309375477953006286e-12 -6.645487005059223100e-13 2.328587460049980313e-12 3.204232202964908168e-12 1.709754367538206815e-12 -4.200388704889028084e-12 1.252711558311708812e-12 1.395428156310514632e-12 2.916971564667610874e-13 3.685537474588096490e-13
-1.750509413464038053e-12 -2.773619196955965644e-12 2.728865087715238469e-13 -6.353729141205664874e-14 1.212419384146969717e-12 -3.012429324798884780e-12 -9.354793941022315406e-13 6.824935027096141258e-13 -7.321042156108458317e-13 1.216135452813502084e-12 -3.782158914874356406e-12
-1.585473834010063909e-12 -1.442934674808129908e-12 8.306871450168915646e-13 -1.338265110111014258e-12 2.700128912989773928e-13 -2.059559604952582694e-12 2.078287362619457538e-14 2.299581398925055148e-13 1.044044914192178152e-12 -5.292963534699253201e-13 -1.504889655734813059e-13
-1.368762211814160018e-12 -4.989987672044496693e-13 1.266705009365466631e-12 -1.483730773618070006e-12 -2.929760026180607608e-13 5.344459582801950560e-13 2.709552525970992550e-13 2.042045684616564002e-12 -4.297727161805841059e-13 -2.639369092712436796e-13 -9.463851400312599055e-13
-1.319990052300053990e-13 8.241708887491584600e-13 5.610783502523350456e-13 -4.913552269401385040e-12 8.544950577031351399e-12 8.509820798389057518e-12 -5.128765520047511353e-13 -3.957415459015935495e-11 2.332554114490102105e-11 3.317723767603001230e-11 6.691446372134995138e-11
-1.803771006029444157e-13 1.158201883910411293e-12 6.429091892914002427e-13 -6.517951526963493909e-12 1.166461403558267594e-11 1.151743937378387838e-11 5.693703091934850527e-13 -5.177440246227169553e-11 3.158656968457759048e-11 4.557443570389498890e-11 9.108057803894261118e-11
-2.064271015611619433e-13 1.399320928810948176e-12 3.669863497240203042e-13 -6.918650483114600693e-12 1.351168064158737891e-11 1.194029885696991034e-11 4.030626270952648916e-12 -5.107346038600331420e-11 4.314707321839421367e-11 4.885122846061738778e-11 1.114149632917328584e-10
-2.122907155972652220e-13 1.518045960844650915e-12 -6.821171956039602716e-15 -6.548577051193437715e-12 1.405541671806808836e-11 1.108464127322372681e-11 7.806055311292027601e-12 -4.403437882105759152e-11 5.098220349318816463e-11 4.715256736470819922e-11 1.212981085458687684e-10
-1.967381258944600786e-13 1.471185458071418506e-12 -3.623366129261485804e-13 -5.564336261353052648e-12 1.324765818058518395e-11 8.820944085154525446e-12 1.041988851296337896e-11 -3.241313833645178163e-11 5.615185521084058266e-11 4.007183298369344146e-11 1.150489018756912384e-10
-1.687549970148050544e-13 1.303077377737295578e-12 -6.979932703235091733e-13 -4.289757247163118777e-12 1.183767238547674586e-11 4.834458851930243452e-12 1.163932607066316071e-11 -1.704252733842049588e-11 6.712974247731367516e-11 2.738618135100250687e-11 9.438226346483252547e-11
-1.845035430612114875e-13 1.295983923315510237e-12 -4.667698724548783138e-13 -5.287687109599293281e-12 1.339708979836107783e-11 3.647400416473450752e-12 8.406356830221845322e-12 -2.098101566322665486e-11 8.852343434193744013e-11 2.864969779980148890e-11 4.794628362785509387e-11
-1.336278314987548866e-12 -2.793581578183418722e-12 3.211060446354696738e-12 5.272610210441076984e-12 -3.057532254929059132e-11 -2.475910859569908360e-12 3.252055100885514554e-11 -2.110186572432555092e-11 5.438602341058701122e-11 3.281437995237944091e-11 2.196214964256926801e-12
-2.211147647039778860e-12 -6.458247506172369267e-12 5.943774906500979474e-12 1.655193299967868057e-11 -7.065114502038238123e-11 -1.086657791562151502e-11 5.314858432231236233e-11 5.119328994235230875e-12 7.263963717725039215e-12 1.615666749550876897e-11 -2.839286656066652347e-11
-2.595450933216869237e-12 -7.890681034486374891e-12 7.505880707101554295e-12 1.933646945745507875e-11 -8.406844248642185874e-11 -1.335256029022263224e-11 5.594726523479268616e-11 4.347924144802813194e-12 5.495131741208817783e-12 1.187397428773538357e-11 -3.606272384376501935e-11
-2.557020399254963281e-12 -8.636296678941509929e-12 5.223092545299710929e-12 1.820517362831419216e-11 -6.782978512830774454e-11 -7.916697878557745383e-12 4.330844573415896103e-11 -1.354282349086431101e-11 -3.869786811140324686e-13 1.646018886386597823e-11 -3.530921485837359733e-11
-2.464374884667495610e-12 -8.816632659713033927e-12 3.522732667877936358e-12 1.544668850604898788e-11 -4.922988931534728772e-11 -2.993471052267120676e-12 3.069612736673950226e-11 -2.713667791301200445e-11 6.626694331587697480e-12 1.352090615474861791e-11 -1.917745609944709794e-11
-2.338084630022464897e-12 -8.039400954130347460e-12 9.162021945612666026e-13 1.277310049638078559e-11 -2.801964444965678193e-11 2.865100275418797482e-12 1.646719179319745734e-11 -1.092010065397787225e-11 -1.309961295762205035e-12 5.770833174654467285e-12 -5.646548937049372156e-12
-2.284796446876210668e-12 -7.774959194846656065e-12 -3.961954682886340332e-13 1.059391753802330559e-11 -1.389523343143860012e-11 7.247895265808996632e-12 5.049647510223338212e-12 -3.295544311079030104e-12 -1.700321101131897105e-12 3.684974150595514476e-12 1.505490782158207080e-12
-2.307780389610295574e-12 -7.390493172525081424e-12 -1.599619513340157942e-12 8.714331051240703758e-12 -3.701735273872917984e-12 9.494158170574341147e-12 -1.216754588183928585e-12 -4.452234666524985098e-12 7.261163651352724460e-12 1.444060997789546191e-12 -2.576471119485157846e-12
-2.327519865575439022e-12 -6.659940901072699883e-12 -1.324629252125173358e-12 5.832468062972195910e-12 1.639232785928267239e-12 6.045301720156694224e-12 -5.358871148239945472e-12 -1.236333084639067219e-12 4.447535701524115611e-12 4.242833542408573593e-13 -2.576764380631390296e-13
-2.296844128455629499e-12 -5.350238803882237449e-12 -8.236110725227426752e-13 2.894492766910610328e-12 3.976582558968104251e-12 2.129730293034150730e-12 -5.219290647441974692e-12 1.558095636013158501e-12 1.728879931132040289e-12 3.540629058447115592e-13 4.587079789087522323e-13
-2.171979120291410577e-12 -3.444521332267195580e-12 3.402644211689572559e-13 -7.481944328319742620e-14 1.504620165664887735e-12 -3.733581191078976462e-12 -1.165624704787653654e-12 8.572018797670629683e-13 -8.850208040079562930e-13 1.506508111499430467e-12 -4.710872688916825524e-12
-1.967465678847804117e-12 -1.793132360992253312e-12 1.033539203819035534e-12 -1.659061165177428007e-12 3.372779971137940854e-13 -2.562920016795316838e-12 2.175753660735469414e-14 3.051380766663575148e-13 1.271337527346131299e-12 -6.720108221928953958e-13 -1.845959422806246600e-13
-1.698647368045041515e-12 -6.210483966447730251e-13 1.574435299860079064e-12 -1.840346437194085640e-12 -3.651577720444428869e-13 6.563322013893096651e-13 3.370322748707730013e-13 2.544708923697128491e-12 -5.318597202055027011e-13 -3.451360207094227041e-13 -1.177912278484715906e-12
-1.885504236635094636e-14 1.063953330563879359e-13 1.377255010256792079e-13 -7.710462099981101109e-13 1.285114105562808913e-12 1.337755795666793909e-12 -1.986039409743417732e-13 -6.472655291228046186e-12 3.360775415731936745e-12 5.314663688050729423e-12 1.134224455286179425e-11
-2.640808236475793816e-14 1.527344631342145295e-13 1.793626533557118728e-13 -1.056466470941503580e-12 1.807675799846901134e-12 1.864133396809349906e-12 -8.008400059848908877e-14 -8.767033553035414468e-12 4.719939648600037183e-12 7.502866318801172524e-12 1.588778322173913631e-11
-3.136652371956814367e-14 1.893174299018133138e-13 1.752080074297258356e-13 -1.195637180154458784e-12 2.183725997410719240e-12 2.087428598560600440e-12 3.725437567584639374e-13 -9.464260466265754852e-12 6.461431756906751789e-12 8.685698221850508427e-12 1.966267537924718848e-11
-3.251492773738202112e-14 2.070924518281857585e-13 1.285723301845801217e-13 -1.156931274251119553e-12 2.316320060383092548e-12 1.975709346736348289e-12 1.029720579092708430e-12 -8.472430392072060193e-12 7.975741494883330694e-12 8.650685045125776987e-12 2.154730258992904329e-11
-3.054712541168114925e-14 2.043745868346890400e-13 7.453845419152178779e-14 -1.014130011035569469e-12 2.219873993019114030e-12 1.707105897429590812e-12 1.542161293719837093e-12 -6.807980378440245835e-12 8.485897998000883867e-12 7.885589664368382428e-12 2.111154779417633222e-11
-2.596910213489664057e-14 1.796375792766079224e-13 3.859150884672754703e-15 -7.849166512470869926e-13 1.988662862781528343e-12 9.935548401151754383e-13 1.825422664056342375e-12 -3.978520424085018828e-12 1.058226540388378713e-11 5.623854560838734484e-12 1.778123579624759357e-11
-2.594222414892632852e-14 1.701740314841203614e-13 3.599235643742555404e-15 -8.072918196983261469e-13 2.053163829286636024e-12 6.424543073285056039e-13 1.551350314271007451e-12 -3.469182480093413676e-12 1.326794900461252232e-11 4.991471919707584780e-12 1.173334478119215501e-11
-1.412259976810402575e-13 -2.168994126243590914e-13 4.052457464160966988e-13 8.709450241635855956e-14 -2.131737508672305060e-12 -1.361244298378758333e-14 3.667607287861630610e-12 -4.278959385182619814e-12 1.211208045963983491e-11 5.878607465873950447e-12 3.206754358441294070e-12
-3.588080009448173879e-13 -1.048053419107236927e-12 1.088950102606301694e-12 2.598242742388550187e-12 -1.166703030047051551e-11 -1.755825648337310135e-12 8.947100793576345353e-12 -3.170614859731965629e-13 2.152370888503135170e-12 3.799811516944807974e-12 -3.726663253532356115e-12
-4.210294006797259054e-13 -1.296316106979678160e-12 1.333348530802255302e-12 3.249836612370593770e-12 -1.436286147164094968e-11 -2.347969974066507015e-12 9.714662378461216392e-12 9.436843121601296810e-13 1.000322635465276886e-13 2.191161297596189783e-12 -5.115582833956076256e-12
-4.528050643048636108e-13 -1.514095765150691547e-12 1.136650189720765188e-12 3.387210948232116926e-12 -1.335813307643019882e-11 -1.786780978945707808e-12 8.538246070079945923e-12 -7.559971016566508673e-13 -1.050871440702228567e-12 2.461982664530826045e-12 -5.877839705096925530e-12
-4.279306956547820491e-13 -1.514578617903348336e-12 7.943268291687461255e-13 2.895183381583566157e-12 -1.037562028876763605e-11 -1.078906928519370916e-12 6.656036987886176880e-12 -5.064050306273686921e-12 1.378270035969618088e-12 3.218201900072858583e-12 -4.762385738715666542e-12
-3.866088716601519130e-13 -1.347093619501172021e-12 3.660889145512083804e-13 2.265705142069144226e-12 -6.030954209281018844e-12 5.314671370453425994e-15 3.672545099670586767e-12 -1.924712403633294266e-12 -7.938569543487751139e-14 1.086403912438535929e-12 -3.010605214897139825e-12
-3.825771819177911380e-13 -1.319229346071501422e-12 8.546626552991197209e-14 1.938804761238815432e-12 -3.419546388111200281e-12 8.772464153440655269e-13 1.551076523269684070e-12 -5.757650410902095714e-13 -3.861899361206036853e-13 4.772678538181641435e-13 -2.183718777313119412e-13
-3.765729393295505050e-13 -1.252537197930328506e-12 -9.778783894193600985e-14 1.568839492675773010e-12 -1.348742515118256459e-12 1.655691185492838837e-12 -4.159658531452173038e-14 -1.485794881076293549e-13 2.582034970976115387e-12 -2.766807002413678480e-13 -5.667629308011329206e-13
-3.799138758550917575e-13 -1.164579636605826507e-12 -1.480145431153568731e-13 1.157329467903694040e-12 -2.133293175022966688e-13 1.183496529909330839e-12 -6.623301298057498611e-13 -2.219399216394555412e-13 5.863934839104187148e-13 3.922478818605210305e-15 5.715560980135930183e-13
-3.792432872330688437e-13 -9.841236956309989819e-13 -8.516738910815676950e-14 6.762787578226179800e-13 5.390228838133516427e-13 6.466218813568831057e-13 -1.055918912932205087e-12 6.589591780719554088e-13 2.140521955976221614e-13 -2.945358895818486846e-13 4.634235998246279323e-13
-3.628226832592909719e-13 -6.995547136065951725e-13 9.590432231343502848e-14 1.670987959073316684e-13 2.944020424426091906e-13 -4.495692443086090824e-13 -3.444005983940705629e-13 3.202978350286007902e-13 -6.194695556191056827e-13 1.510554216672567216e-13 -1.007978521445539193e-13
-3.346986463998609272e-13 -4.133858924633596049e-13 2.518693467366960405e-13 -1.471323410395670431e-13 -6.837912268617805076e-14 -6.294939457462649326e-13 7.440836697337979956e-14 1.394333619753748480e-13 -3.688905174289419766e-13 -3.663178689211880971e-13 -3.531656742723921383e-13
-2.900501086981490367e-13 -1.693471306800844631e-13 3.619241872584884852e-13 -3.028028582829275361e-13 -7.606674968519200736e-14 -6.483834336255837034e-14 1.646524035246975787e-14 4.816437538347522687e-13 3.062714506308983328e-13 -5.163618435509050250e-13 -2.938573723155505372e-13
-3.566837153234765866e-14 2.002179888585546713e-13 2.659167800187716493e-13 -1.465016471924581798e-12 2.437220633847973719e-12 2.542186092511337081e-12 -3.865472402866961817e-13 -1.232076798935475407e-11 6.360027757763588686e-12 1.010579081907974594e-11 2.162434147556552170e-11
-5.001165329583758671e-14 2.876553531836995832e-13 3.477407260951494727e-13 -2.010445555303214888e-12 3.432825274259063996e-12 3.547361517336815854e-12 -1.663140166920356473e-13 -1.671461160771768490e-11 8.947392354261801779e-12 1.428708170234107817e-11 3.033301993033131909e-11
-5.950659245912797581e-14 3.569561680707305652e-13 3.436860091808524114e-13 -2.281971766826252778e-12 4.154977092535057342e-12 3.986041368939060883e-12 6.832158547618118292e-13 -1.811704135319130247e-11 1.224795967049418611e-11 1.659534428729760480e-11 3.757374084767805746e-11
-6.169402400017351929e-14 3.904703107904057180e-13 2.565482709184254634e-13 -2.210147893592270656e-12 4.410698881581182577e-12 3.775866164412373672e-12 1.936859334012634315e-12 -1.624463940564156867e-11 1.514756305448625068e-11 1.655121208457864133e-11 4.118243702470349519e-11
-5.798143337723099738e-14 3.854837162225097185e-13 1.540175462381166511e-13 -1.939496283126835691e-12 4.230976265965019676e-12 3.266610669751847124e-12 2.919616290323702100e-12 -1.308095243904102547e-11 1.613749995008945973e-11 1.511363137145546653e-11 4.037422480263824202e-11
-4.928246680646844809e-14 3.387884523573359302e-13 1.861326137089273219e-14 -1.502216376817237008e-12 3.790776776774361267e-12 1.910934068500657898e-12 3.466919667709690673e-12 -7.688598983929231736e-12 2.010574253032173691e-11 1.081824715886668373e-11 3.406875626919039895e-11
-4.899264019494442321e-14 3.200465009445332607e-13 1.441767015949750804e-14 -1.531624778803953444e-12 3.896141328402234607e-12 1.227296966460374463e-12 2.969906430774968485e-12 -6.608867925235600571e-12 2.514843871014940139e-11 9.531529572018912194e-12 2.269458064784555719e-11
-2.611257005728432343e-13 -3.895076409027248551e-13 7.578193285519326447e-13 8.907138875695345883e-14 -3.763843044436094402e-12 1.698113488756293394e-14 6.808734963378906710e-12 -8.223713084929326290e-12 2.335214747655249701e-11 1.123427848819928710e-11 6.398097898108725008e-12
-6.822660814919346171e-13 -1.992707277747448840e-12 2.083456540044358804e-12 4.927279185583857436e-12 -2.219352602279927182e-11 -3.331896928229169538e-12 1.703454143592177156e-11 -7.537143093010458831e-13 4.212840444597302855e-12 7.361787542426328330e-12 -6.958811495609819647e-12
-8.012637435479434659e-13 -2.469015050666486930e-12 2.547366155058871916e-12 6.194968778456848270e-12 -2.739341149054868295e-11 -4.482075697728551298e-12 1.854226126151250237e-11 1.815385925525567935e-12 1.101486021934150897e-13 4.197683076225739597e-12 -9.660331095351031017e-12
-8.652518341295447782e-13 -2.891742545839005468e-12 2.192328195758672587e-12 6.485953103548235683e-12 -2.564741407542905228e-11 -3.448497724792218932e-12 1.639091891927848943e-11 -1.296515484519007511e-12 -2.095225811255313863e-12 4.667287315736865235e-12 -1.120350782331810649e-11
-8.158983439052250465e-13 -2.886026723885913428e-12 1.532720272069646353e-12 5.540072660193675617e-12 -1.994736525402987424e-11 -2.106421101546701784e-12 1.279938797764423479e-11 -9.597787669084477133e-12 2.621122485490940119e-12 6.186786915010609855e-12 -9.226553921828221525e-12
-7.363506093785775522e-13 -2.567378319803396285e-12 7.170188608734263262e-13 4.327948979518733969e-12 -1.161369974024973852e-11 -3.159527871318679489e-14 7.078014692950303889e-12 -3.701502014490629410e-12 -1.311508238356642990e-13 2.085503999964886260e-12 -5.852597299951247617e-12
-7.288542863370514292e-13 -2.514570345959707846e-12 1.776056312902626931e-13 3.708300340208413139e-12 -6.619961775278193008e-12 1.636181689389926518e-12 3.024837478981653690e-12 -1.101154492885497888e-12 -7.407097250687019584e-13 8.972699447848907337e-13 -4.572881726285882135e-13
-7.172042292797294239e-13 -2.390230970532282161e-12 -1.717197211845930407e-13 3.002836345588027901e-12 -2.642292138548778648e-12 3.136259891658404701e-12 -4.478396221336767648e-14 -2.073315175464293172e-13 4.844823320063700589e-12 -5.613138076108623919e-13 -1.094066387189164809e-12
-7.233927685677580284e-13 -2.222866688637422118e-12 -2.759302850615242435e-13 2.219676660027102140e-12 -4.443320645939544215e-13 2.260741089847676852e-12 -1.239508869563168615e-12 -4.148401982078742185e-13 1.115246315834318410e-12 -1.047505800995656988e-14 1.070557351610979398e-12
-7.224761448608935284e-13 -1.882332567858797896e-12 -1.534307471059187574e-13 1.307896939176345287e-12 9.888568607041156597e-13 1.254192219019302622e-12 -2.019309519445252707e-12 1.337515702120899857e-12 4.374234419540125565e-13 -6.085601079361892455e-13 8.251700412942878987e-13
-6.916845379853054429e-13 -1.344819649231912232e-12 1.844354427581548490e-13 3.370176946945858782e-13 5.647632547011868699e-13 -8.426434553645557699e-13 -6.665274657367793834e-13 6.286022325425564873e-13 -1.315803355228423286e-12 2.890378676610526500e-13 -1.422333671860434884e-13
-6.380898473444440543e-13 -7.973305366701383243e-13 4.852495971156155986e-13 -2.706425187526833245e-13 -1.282351680709118588e-13 -1.207549330888237383e-12 1.357906794843588592e-13 2.669362626858780302e-13 -7.527540840145267994e-13 -7.254920208900784351e-13 -6.053290486240292408e-13
-5.534251830916175086e-13 -3.294748619127104373e-13 6.985277240138112344e-13 -5.781911622776242737e-13 -1.396778636807646498e-13 -1.385546667830796336e-13 2.270204405306012088e-14 9.151873133240784071e-13 5.867390580784874317e-13 -1.005902269661861897e-12 -5.045971370339313383e-13
-5.156517770076286822e-14 2.889258300613219500e-13 3.871220926926227247e-13 -2.121159583651236031e-12 3.526526133665143537e-12 3.680965090308492050e-12 -5.642491729535847220e-13 -1.785011774103073864e-11 9.195786745233378667e-12 1.463576446486898831e-11 3.134600550428768896e-11
-7.232857312877885834e-14 4.152210056036333722e-13 5.069433163436313873e-13 -2.912425967698591480e-12 4.969389894612624405e-12 5.138841676607016949e-12 -2.478489353873566753e-13 -2.422900119396728954e-11 1.294440602558116779e-11 2.070151222903144564e-11 4.399092416227965785e-11
-8.611276004933637732e-14 5.154561881682921892e-13 5.029845264338284623e-13 -3.309095849466668165e-12 6.018780729988909181e-12 5.781171268698250541e-12 9.769445555978493512e-13 -2.629822340140071500e-11 1.771906286635887780e-11 2.407388255131973543e-11 5.450858450656292988e-11
-8.928258376404974789e-14 5.638514234830465612e-13 3.775530085716904570e-13 -3.205959840772997487e-12 6.390920093508953439e-12 5.477907558299644944e-12 2.794544039093838740e-12 -2.359325271228643656e-11 2.192845767917505633e-11 2.402113676341437841e-11 5.974738352432696077e-11
-8.392031879225678422e-14 5.567198132069344488e-13 2.291689872927130451e-13 -2.814427022349422566e-12 6.132461519167673068e-12 4.741117738831208865e-12 4.221984423325447449e-12 -1.901204883828826565e-11 2.337203206155616643e-11 2.194773289492180158e-11 5.858702246201757065e-11
-7.132503469361107076e-14 4.892633069362762391e-13 3.256742660926398782e-14 -2.180421361358807098e-12 5.494664980929202337e-12 2.778317198246034818e-12 5.018940658198070719e-12 -1.119649619625083864e-11 2.911010974715426979e-11 1.572955204195893701e-11 4.946857682669330315e-11
-7.078650353842455221e-14 4.617484273067232192e-13 2.464927197014393036e-14 -2.216474696137847305e-12 5.638659316869137839e-12 1.780263284301584800e-12 4.311147754612699354e-12 -9.577420875197197655e-12 3.638131966439718087e-11 1.382413392890335366e-11 3.305848732147648696e-11
-3.744871181711255429e-13 -5.526987189768014989e-13 1.091169874515495529e-12 9.091144144172926525e-14 -5.306874986798712435e-12 4.592389956940897112e-14 9.778583043056948320e-12 -1.195347985505103501e-11 3.397966321930028339e-11 1.629804463492359790e-11 9.415604146063407438e-12
-9.880930995562715777e-13 -2.885869881522314717e-12 3.023759260357125222e-12 7.129359232236817168e-12 -3.214624581034938440e-11 -4.822056732898114239e-12 2.468115952523883421e-11 -1.166625097556491756e-12 6.161044495564565408e-12 1.072966045715852523e-11 -1.001473161583115831e-11
-1.160772643657163741e-12 -3.577794423679483271e-12 3.695214978486993209e-12 8.979574299578314728e-12 -3.971372689794430803e-11 -6.499862701159056215e-12 2.688871407486829932e-11 2.639580437773826466e-12 1.196842841186563044e-13 6.094846017616072250e-12 -1.395733085469218682e-11
-1.255218574579145168e-12 -4.194301402743007259e-12 3.190475213591146563e-12 9.415806239883454183e-12 -3.726692523775556033e-11 -5.019657034422155802e-12 2.381561745159367007e-11 -1.807516595437203091e-12 -3.082692414522364755e-12 6.752379689270478494e-12 -1.623889308067703288e-11
-1.182719488362399746e-12 -4.182722290661152582e-12 2.230873792617278472e-12 8.040807234238210322e-12 -2.899745278561450176e-11 -3.077946889095524012e-12 1.860792698885160841e-11 -1.388437562662319953e-11 3.796222177330012889e-12 8.993581551684499013e-12 -1.344744970756316987e-11
-1.067029317647827432e-12 -3.721150999453458913e-12 1.048827962234692643e-12 6.277793706631795521e-12 -1.689219922830654283e-11 -6.650756511233259561e-14 1.029789668371709836e-11 -5.381456426042914737e-12 -1.801031411642766294e-13 3.030150348165595491e-12 -8.539688998020854228e-12
-1.056257058181455120e-12 -3.644758003710939799e-12 2.647284523461950539e-13 5.381352410819691704e-12 -9.645973649923434933e-12 2.353736627267952430e-12 4.418296224203829479e-12 -1.597904703179581072e-12 -1.075907652334872641e-12 1.294375949029310083e-12 -6.832156937263304661e-13
-1.039268911757782157e-12 -3.465914851159568777e-12 -2.416164776375905095e-13 4.358676925516195038e-12 -3.865363359295637534e-12 4.536120822527782053e-12 -4.778278473388878894e-14 -2.628527663215768181e-13 6.984229542439871478e-12 -8.304418935596457949e-13 -1.592640227527413906e-12
-1.048149771241016246e-12 -3.223471970283668305e-12 -3.968713792610569337e-13 3.224124427441636359e-12 -6.627579442330459316e-13 3.279271430245901528e-12 -1.785219345500007987e-12 -5.972265246211882199e-13 1.615259241215158422e-12 -2.409161544423601032e-14 1.542369609654276346e-12
-1.047000659201949574e-12 -2.731586203791369315e-12 -2.179699866298751347e-13 1.905095422464496154e-12 1.414157071058238441e-12 1.828654385816764594e-12 -2.930191820973009221e-12 1.979120047424005063e-12 6.486315776002331015e-13 -9.054863288473525474e-13 1.167164460305940178e-12
-1.002621460814947526e-12 -1.954917710217311298e-12 2.681419360265755615e-13 4.976812520378877474e-13 8.203892722042230181e-13 -1.214288832599612419e-12 -9.711004691516733721e-13 9.201109824412973647e-13 -1.974226586318728943e-12 4.194986449898706373e-13 -1.814000190919628470e-13
-9.249444356199192720e-13 -1.160351228400827980e-12 7.059110144527563791e-13 -3.874177039015192493e-13 -1.848249249463938896e-13 -1.754100011259521881e-12 1.938221530233125295e-13 3.874942654760411360e-13 -1.115706795835050164e-12 -1.065102349851845125e-12 -8.437336166583097879e-13
-8.024449741041087756e-13 -4.808772416013097954e-13 1.016787413259217176e-12 -8.385692081616756632e-13 -1.998197879185760630e-13 -2.082598251155093184e-13 2.859620688043071870e-14 1.325107241266581476e-12 8.519190980500910946e-13 -1.468765186373250213e-12 -7.038481256661759475e-13
-6.766302683563360115e-14 3.787555373399023251e-13 5.098602589089696122e-13 -2.785600774648320818e-12 4.629607810086712326e-12 4.834145943782576130e-12 -7.441984578948968299e-13 -2.344939580820665013e-11 1.206740887359320118e-11 1.922302756464065471e-11 4.119061700815968066e-11
-9.492772951408311179e-14 5.443999492052243839e-13 6.681593022837001192e-13 -3.825813502759130235e-12 6.525387066787223646e-12 6.750448890910638879e-12 -3.304150060210937848e-13 -3.183842340246561003e-11 1.699196893786091625e-11 2.719706446850879687e-11 5.782155652358499110e-11
-1.130554092449708836e-13 6.759607187260934407e-13 6.642976525441799312e-13 -4.349209715748270854e-12 7.906155429989916652e-12 7.599003731268979681e-12 1.274387970511404398e-12 -3.458287083076477407e-11 2.325935774803894689e-11 3.164700003478348957e-11 7.165759893552112076e-11
-1.172200492037722274e-13 7.394252441245232804e-13 5.000880631449167717e-13 -4.214365574782669416e-12 8.396184672185666749e-12 7.201474247756629269e-12 3.663075670034514861e-12 -3.103480210962136240e-11 2.879510859708497723e-11 3.158553172782545752e-11 7.854711629947605431e-11
-1.101872468606266100e-13 7.301214906591222859e-13 3.052708499934104813e-13 -3.700422793731812019e-12 8.057994384969806560e-12 6.234272533264116834e-12 5.540823283205229885e-12 -2.501815434336410557e-11 3.069805750713836949e-11 2.886826360622162492e-11 7.703015285829859309e-11
-9.364636947228683451e-14 6.416411796976868875e-13 4.669806671941506925e-14 -2.867203436208261049e-12 7.220101836812092442e-12 3.656669907407409202e-12 6.590589673388625010e-12 -1.474875691502250514e-11 3.822835296394922575e-11 2.070296898027672326e-11 6.506315509698723535e-11
-9.285598846858909334e-14 6.052424228019482057e-13 3.501027031477795140e-14 -2.909985740596308049e-12 7.403214498356092521e-12 2.340222830086046329e-12 5.669351424962842592e-12 -1.258351637838731593e-11 4.775626007930675984e-11 1.817102578897029411e-11 4.355346375321876518e-11
-4.892821895136073826e-13 -7.179536341576324074e-13 1.428736222190237167e-12 9.277476481076947146e-14 -6.869421271603377447e-12 7.523269621452325646e-14 1.278599005511369735e-11 -1.573041606089142864e-11 4.474158251892971601e-11 2.142585097669189191e-11 1.247127204739064826e-11
-1.297787836100986593e-12 -3.790328091324315852e-12 3.975953756066656492e-12 9.359288439326373296e-12 -4.222483517768799538e-11 -6.331062219193419047e-12 3.242448249787264880e-11 -1.584757866163819397e-12 8.133887000191941519e-12 1.414012602572846822e-11 -1.310929920028929656e-11
-1.524828163700720338e-12 -4.700596254547285508e-12 4.857580361423930308e-12 1.179939603639914026e-11 -5.218985427999247146e-11 -8.543168156599295778e-12 3.534072240780366174e-11 3.474198333716045454e-12 1.293405614442063902e-13 8.016001908439708502e-12 -1.830867370473039661e-11
-1.650117127719455821e-12 -5.513333398595456043e-12 4.201245549310743628e-12 1.238271250250182764e-11 -4.903338547719495724e-11 -6.610686406344856494e-12 3.133421430561870477e-11 -2.324980210720038362e-12 -4.082647263145085981e-12 8.863841709160550398e-12 -2.133795960713253836e-11
-1.554179728895584871e-12 -5.495816844807542636e-12 2.937856687662884172e-12 1.057316797848938984e-11 -3.816199453063611226e-11 -4.061759322435973014e-12 2.448992515295792160e-11 -1.822517499937932499e-11 4.986183063655107052e-12 1.183587302430554741e-11 -1.772172611591323199e-11
-1.401890037562558582e-12 -4.889515156153361819e-12 1.384833371044485315e-12 8.252297636626325350e-12 -2.223745459081606867e-11 -1.018613785473625607e-13 1.355849972379435223e-11 -7.082656804567988009e-12 -2.296745463132291215e-13 3.986743404552050417e-12 -1.126076367861616613e-11
-1.387800411715503441e-12 -4.789238864587131830e-12 3.529530941225813979e-13 7.075563156205979086e-12 -1.271025474658284803e-11 3.080366304553288398e-12 5.829377696730194854e-12 -2.100937190235860420e-12 -1.415344744699024173e-12 1.696504054450764240e-12 -9.120004641950342530e-13
-1.365406666432635571e-12 -4.555202639154603690e-12 -3.123972010403341723e-13 5.731664485135569651e-12 -5.103902458567883766e-12 5.953685447551489697e-12 -5.081953261681865373e-14 -3.190761785598886970e-13 9.150692304932692232e-12 -1.102973575692488243e-12 -2.097519407624548393e-12
-1.377013895217107843e-12 -4.236731658868953793e-12 -5.193419854962310226e-13 4.241275196760817200e-12 -8.839462018260049507e-13 4.310682871357338929e-12 -2.337831286538857610e-12 -7.819194456869264519e-13 2.121595706108367042e-12 -3.788037810317714990e-14 2.020148760362799681e-12
-1.375629354623583886e-12 -3.591580139921166547e-12 -2.833254379155081667e-13 2.509846526921902320e-12 1.844835947734768849e-12 2.410381633225890941e-12 -3.852593825153725975e-12 2.628838603831420559e-12 8.625108101808101207e-13 -1.206167702064584026e-12 1.513483997951034865e-12
-1.317490725823831387e-12 -2.572731530132595678e-12 3.529070445639596245e-13 6.603766815625216611e-13 1.079248128579186275e-12 -1.590634316785509990e-12 -1.279525331834529555e-12 1.215306371233347986e-12 -2.640976732794805285e-12 5.516093274278656953e-13 -2.210620019323122756e-13
-1.215426802759731374e-12 -1.527962952824799346e-12 9.293630820315689039e-13 -5.056697158666737028e-13 -2.421303584480282605e-13 -2.307562782591836905e-12 2.525875362209243476e-13 5.095769354408032190e-13 -1.483249680627342605e-12 -1.409007646456975337e-12 -1.085153228152969066e-12
-1.054614056679543225e-12 -6.341943696524646954e-13 1.339072053896006589e-12 -1.102240190642250397e-12 -2.607223121621337731e-13 -2.788465273060265533e-13 3.456491172324899533e-14 1.740211324914551062e-12 1.120452804246256083e-12 -1.937481815647277814e-12 -9.056189921522241661e-13
-8.901600645422907079e-14 4.979100835527158222e-13 6.726662051951211939e-13 -3.666948282021702419e-12 6.092789652384914916e-12 6.363781800981110524e-12 -9.828920486863402897e-13 -3.087655389901334677e-11 1.587646983986079206e-11 2.530779917899256938e-11 5.424899437452022753e-11
-1.249043631405953407e-13 7.157492597087943688e-13 8.820041229901131107e-13 -5.037375696975091003e-12 8.589338320515341429e-12 8.888164042272723762e-12 -4.399347069101295240e-13 -4.193193564527198613e-11 2.236085565371079242e-11 3.581308474663660186e-11 7.616718819375037186e-11
-1.487934655731684270e-13 8.888618299849220255e-13 8.782713247515849093e-13 -5.728867954660988300e-12 1.040966215092482016e-11 1.001026620477504685e-11 1.668931559685940373e-12 -4.557203504920169410e-11 3.060827763776300422e-11 4.169235590304920092e-11 9.440489594966511689e-11
-1.542776787747699577e-13 9.723150036393616290e-13 6.626245921511130732e-13 -5.551964586003231147e-12 1.105606633213833126e-11 9.487697958935568565e-12 4.815138784697928629e-12 -4.090563959111038764e-11 3.790337243232437137e-11 4.161931761720906718e-11 1.034840073971988118e-10
-1.450289934187964220e-13 9.601300125081004292e-13 4.062161073079097134e-13 -4.875651204057634749e-12 1.061211597561350984e-11 8.214866563286051952e-12 7.290196075776023785e-12 -3.298494837659111724e-11 4.041565833164541527e-11 3.804799625183822039e-11 1.014940290043875559e-10
-1.232544868419831444e-13 8.437626919632708649e-13 6.544164343398884589e-14 -3.778184991804053386e-12 9.508806228779371651e-12 4.821760183713864637e-12 8.675302302227534499e-12 -1.946065041649314506e-11 5.032323967417917567e-11 2.729995405735381955e-11 8.574857146368237073e-11
-1.221300398004644356e-13 7.955799228951703556e-13 4.875360860713438947e-14 -3.829892932759697339e-12 9.743807363299872698e-12 3.082980739421355859e-12 7.470939640154924492e-12 -1.657094944933830506e-11 6.284454105443707003e-11 2.393695715734418748e-11 5.747451717945658149e-11
-6.415520237107523647e-13 -9.371558894511579770e-13 1.876500844747398685e-12 9.524636866628062519e-14 -8.942059590729363731e-12 1.141093270144495657e-13 1.677516277595943517e-11 -2.074033018965631087e-11 5.901672210674659956e-11 2.822762575956753621e-11 1.652446038809395109e-11
-1.708582181482374969e-12 -4.990045988908730420e-12 5.238991413420490546e-12 1.231717632303065596e-11 -5.559357230158793745e-11 -8.332681387266470905e-12 4.269560730648773842e-11 -2.139389755904869285e-12 1.075076242486587871e-11 1.866393545921686516e-11 -1.721408599546523223e-11
-2.007729328594027043e-12 -6.189935880561614501e-12 6.399399030688369023e-12 1.553974641300811412e-11 -6.873880386170153533e-11 -1.125350910829032203e-11 4.655188236816929306e-11 4.581276600597155436e-12 1.421491231088062773e-13 1.056431766394186086e-11 -2.408050908546265196e-11
-2.173930010169845759e-12 -7.262962376209272766e-12 5.541981084647345278e-12 1.631816303536268298e-11 -6.464099762275587108e-11 -8.721106094492004992e-12 4.130725132680804200e-11 -3.011369425687589838e-12 -5.409036603925690336e-12 1.166458888336603225e-11 -2.810161248380354721e-11
-2.046902879593826833e-12 -7.237570107431880433e-12 3.875633605688117352e-12 1.393221594233221855e-11 -5.031829388807510043e-11 -5.366736568869012276e-12 3.229209709916196713e-11 -2.398302499274889172e-11 6.564605767200399923e-12 1.560602836470075861e-11 -2.339133677429214961e-11
-1.846065782252362580e-12 -6.439290894266741941e-12 1.830527487438035004e-12 1.087137685774744013e-11 -2.932766446016586031e-11 -1.487564172153079815e-13 1.788352412149160560e-11 -9.339212739790589244e-12 -2.954284985881090472e-13 5.255615529308980526e-12 -1.487013109836266141e-11
-1.827575838318069705e-12 -6.307334623302216426e-12 4.699786024315059756e-13 9.322847697924097244e-12 -1.677486805324787750e-11 4.044203681792783537e-12 7.701105631962712822e-12 -2.768184246264773102e-12 -1.865590815097663773e-12 2.229906570984481381e-12 -1.215471847229923920e-12
-1.798011840580990479e-12 -6.000087588745849067e-12 -4.062842372251187888e-13 7.552862778858611539e-12 -6.746761695343711468e-12 7.834012955436993689e-12 -5.484762451691184265e-14 -3.936536805427221035e-13 1.202439517195848999e-11 -1.464473016095037248e-12 -2.767216008210727349e-12
-1.813235459830733664e-12 -5.580769194403176221e-12 -6.817930270548552744e-13 5.590474053344817921e-12 -1.177341196189312805e-12 5.678797785085947226e-12 -3.070842971212339137e-12 -1.026905228956126165e-12 2.793225320993015874e-12 -5.617047174342047158e-14 2.653898547776182884e-12
-1.811538635211956422e-12 -4.732318435849902795e-12 -3.700161260677068090e-13 3.312018164856363326e-12 2.416109612855392081e-12 3.182013293665207699e-12 -5.076113255006187262e-12 3.490657283853980156e-12 1.146210753931772264e-12 -1.605006278581762648e-12 1.972859282615095525e-12
-1.735148820511228535e-12 -3.392230196951817724e-12 4.653436576664505752e-13 8.761839090710797304e-13 1.422611259761277547e-12 -2.089837495174926321e-12 -1.688635254007509775e-12 1.606868067926258260e-12 -3.525386952381258348e-12 7.268474406612770141e-13 -2.736716086053549934e-13
-1.600736915502802886e-12 -2.015581242285755709e-12 1.225760905414568521e-12 -6.625250062968411724e-13 -3.181431066939727565e-13 -3.041703050452878152e-12 3.305368336202148702e-13 6.715133992305107691e-13 -1.970776657808914859e-12 -1.865180562943239013e-12 -1.405384086365122692e-12
-1.389103542544554332e-12 -8.375617563767496987e-13 1.766566267887985593e-12 -1.451986362800612577e-12 -3.415064186598814677e-13 -3.724762042008574120e-13 4.248209567726161825e-14 2.290825817785527251e-12 1.476649132541939670e-12 -2.559210628475246988e-12 -1.173257803005362375e-12
-1.418452278762753305e-14 6.945542427478653667e-14 1.577565136743035765e-13 -6.453183240480865320e-13 1.026738883012424300e-12 1.126664017596678051e-12 -2.571657589795962363e-13 -5.638789040361649401e-12 2.528879779057482762e-12 4.528396291376181122e-12 1.031126529087504559e-11
-2.032087710878929129e-14 1.013489135015844004e-13 2.202485613665731067e-13 -9.122670247786637634e-13 1.484730733337910185e-12 1.613682645109416970e-12 -2.137344460286354831e-13 -7.893670482651819413e-12 3.679983640044395767e-12 6.586156987375037725e-12 1.484692487475936991e-11
-2.523732286754945638e-14 1.292359891379776253e-13 2.594352230737552748e-13 -1.106326297839861933e-12 1.879742715268753422e-12 1.957186726110072536e-12 4.018720180068056212e-14 -9.333632451082911783e-12 5.036721572905586434e-12 8.225797201913912515e-12 1.887780582723861522e-11
-2.614126658902887150e-14 1.400850193780112468e-13 2.382092517519354411e-13 -1.091318944469554474e-12 2.026410062227175883e-12 1.883779735463189442e-12 6.365623416178153552e-13 -8.633408029255642844e-12 6.524768471599131935e-12 8.448682995640916114e-12 2.068205370228659179e-11
-2.468385801220515642e-14 1.384328364496912987e-13 1.967977137857787750e-13 -9.789306897937279583e-13 1.983679043536079641e-12 1.662517450211494705e-12 1.158777032993647192e-12 -7.221014265390888584e-12 7.228034081193412024e-12 8.001967079919854208e-12 2.046016115162405017e-11
-2.086317917129268988e-14 1.205661954710995485e-13 1.296625225884279470e-13 -7.730559245899704580e-13 1.784557087863237460e-12 1.085473789910158315e-12 1.494567624405097605e-12 -4.748982026365781197e-12 8.749185757004661325e-12 6.174404944537248803e-12 1.792484017706615610e-11
-1.821399096074481702e-14 1.047814954930421537e-13 8.637891767033892724e-14 -6.444321600923643548e-13 1.648988201112890326e-12 6.054140763824076979e-13 1.547866366026150860e-12 -3.043417044298600158e-12 1.035272165588226317e-11 4.690342800864768445e-12 1.423488800675377925e-11
-4.077896928135990804e-14 5.378085056264749030e-14 2.023125326919133551e-13 -7.349295739703283974e-13 1.318185883965185934e-12 4.765886698858691607e-13 1.315083556638803483e-12 -4.536401964555441898e-12 1.346755027048416099e-11 5.603655201616558537e-12 6.289812328708143213e-12
-2.975257846806229763e-13 -8.678821395926879431e-13 1.048223207503362586e-12 1.989926407419152274e-12 -9.726195241957200908e-12 -1.349817422613203589e-12 7.646755665700087083e-12 -2.108807658739432606e-12 3.223760758547077148e-12 4.833380484006844978e-12 -1.480796205187219065e-12
-3.666306789659873309e-13 -1.150444379392856738e-12 1.273146162649618604e-12 2.928773519454500662e-12 -1.313926494229900335e-11 -2.201838816579379281e-12 9.030909243158846272e-12 9.720342620664946399e-13 -5.366555088411492145e-13 2.268299675457253722e-12 -3.929743871844032515e-12
-4.251177736254120567e-13 -1.403344331202782277e-12 1.307399099634408129e-12 3.326681102648695275e-12 -1.396126633339922046e-11 -2.090303964266638023e-12 8.891722924578161792e-12 8.994377996450296519e-13 -1.808206364003734732e-12 1.935445667038975208e-12 -5.250490073060257242e-12
-3.854021748531762461e-13 -1.351036639475333096e-12 9.022014265683640748e-13 2.798624809922956763e-12 -1.085395706744094473e-11 -1.402199834493835954e-12 6.918292970677630413e-12 -3.606473706662398002e-12 6.032173529816084784e-13 3.152601220091516724e-12 -5.527016243804742618e-12
-3.486025208657611863e-13 -1.241120970311246679e-12 5.340391394351248450e-13 2.224527412345617456e-12 -6.886068818291757980e-12 -4.105202085819777173e-13 4.269364170977526383e-12 -2.042522292344439977e-12 -5.142425002001769683e-13 1.069303798121680099e-12 -2.479224933744778980e-12
-3.378286720431845655e-13 -1.178129470436310920e-12 2.447460035965736348e-13 1.873770939925278751e-12 -4.200716353995953444e-12 3.940526342374946812e-13 2.182511051529227496e-12 -3.158680831663516496e-13 -6.047942203692533077e-13 3.380954927774844173e-13 -1.132906423141893469e-12
-3.312819022735176915e-13 -1.150803542988685188e-12 7.486123745371680223e-14 1.547036141834984627e-12 -2.065141972076468008e-12 1.230677267906267093e-12 4.376858997091454262e-13 5.899021140940586764e-13 8.462659584086122996e-13 -4.371439143812464366e-13 -5.682185553824770163e-13
-3.317913890607791846e-13 -1.072372621160061095e-12 -5.923291404221719414e-14 1.179118927653186170e-12 -6.450680056591554070e-13 1.096740844838682689e-12 -2.875979431117257307e-13 -2.411474622916490230e-13 1.021236503703595773e-13 -7.147009590171385616e-14 7.384857589997634216e-13
-3.341924173990246276e-13 -9.468666453926185971e-13 1.731921100945113964e-14 8.111231002922037258e-13 3.677845034735374266e-14 7.691043719879031095e-13 -9.556265988732522678e-13 1.473967318728023265e-12 3.195409246621105011e-13 -7.980783778775268276e-13 1.271131935580876875e-13
-3.224575323813687197e-13 -7.315137957716913637e-13 1.160119981570355073e-13 3.211797602836592793e-13 2.748247385552911586e-13 -2.493802958301123199e-13 -4.405775718236730377e-13 4.643943088669471894e-13 -1.743430635923996708e-12 1.638637052807045574e-13 5.876048727115372103e-13
-2.995509642616625360e-13 -4.640647050104646360e-13 2.810674074621513482e-13 -4.744185688447015084e-14 -2.761923767086725153e-14 -6.507196725965449333e-13 -2.370419100367439314e-14 -8.115335250609829785e-14 -5.754911401854234357e-13 -3.272575041669563961e-13 -1.556030015594145359e-13
-2.643431460217372090e-13 -2.272598199749365032e-13 4.016365163384289411e-13 -2.551214839944801323e-13 -2.031160667390705149e-14 -2.015279874126147095e-13 -6.981649386247151651e-14 7.194025997347442515e-13 5.200960173621072536e-13 -4.274712397602810733e-13 -1.691164213841994414e-13
-2.738151456954843339e-14 1.331878138323877455e-13 3.091006791980728262e-13 -1.251328777058824454e-12 1.986476595020139552e-12 2.185946242996350860e-12 -5.065718891884604235e-13 -1.095187364668946077e-11 4.874338023667034874e-12 8.788160237948235888e-12 2.007633974371045983e-11
-3.924885242361819408e-14 1.944049899241401389e-13 4.323240357788373043e-13 -1.770459278764187257e-12 2.874904563524688570e-12 3.133201975334346512e-12 -4.262759520561603320e-13 -1.534517956926060490e-11 7.101278008833699521e-12 1.279375608775898909e-11 2.892989643429665514e-11
-4.884657117592441979e-14 2.482179604195009725e-13 5.120425905681083999e-13 -2.153535330325341788e-12 3.647394393030612354e-12 3.813000021299917746e-12 5.388408083266668314e-14 -1.821282367612417403e-11 9.720897832857582777e-12 1.602869342922471471e-11 3.683928754495743876e-11
-5.058200951327731651e-14 2.687925190172235127e-13 4.725031021711164920e-13 -2.125678041226619875e-12 3.934230000275792325e-12 3.671596118064454082e-12 1.213579845682128591e-12 -1.686379419060204238e-11 1.262523738792684957e-11 1.648518561814990556e-11 4.034108614285051794e-11
-4.775909510940254539e-14 2.654619997653417296e-13 3.928736579361042926e-13 -1.908405171222548048e-12 3.854432674900472254e-12 3.242216183065706185e-12 2.233463366790705774e-12 -1.412344269954491070e-11 1.401620478343958598e-11 1.563598333021787882e-11 3.990852381258247881e-11
-4.035225960943675484e-14 2.310048177655353965e-13 2.624004141032133606e-13 -1.508447561395117636e-12 3.468352712571462881e-12 2.126555946538430751e-12 2.893597647644813198e-12 -9.326867391164495666e-12 1.694162328840050943e-11 1.210232075094866560e-11 3.501398444237002944e-11
-3.498683708931353727e-14 1.997605761110573239e-13 1.744954908473223951e-13 -1.245919887173445757e-12 3.188979374401428654e-12 1.179010144113415950e-12 3.023864062594344153e-12 -5.903296159962639935e-12 1.999782890445540722e-11 9.140424490081344842e-12 2.799159485152380871e-11
-7.470587484198531275e-14 1.156685924232187027e-13 3.868231444257538104e-13 -1.468306971910561698e-12 2.726319120732000413e-12 9.550639803401750856e-13 2.455749800232669788e-12 -8.851487477058436164e-12 2.625633630161908636e-11 1.092368597347306859e-11 1.253255425360087268e-11
-5.755726997382616403e-13 -1.678725296885637700e-12 2.041431738295424541e-12 3.832208127334124776e-12 -1.881577156067999020e-11 -2.597282329644040906e-12 1.481325173219435239e-11 -4.270218496907146140e-12 6.380989018136578423e-12 9.530281628373554536e-12 -2.688155488545869262e-12
-7.121526063778487202e-13 -2.236304127210569133e-12 2.483034204137603644e-12 5.695687115646160343e-12 -2.557491381358754813e-11 -4.291724554735692224e-12 1.758817168288435231e-11 1.895232582578208382e-12 -1.058004556628793528e-12 4.445255229497431128e-12 -7.632679848917506195e-12
-8.273069056500505739e-13 -2.729222462150036124e-12 2.565015998148465274e-12 6.484437174728288707e-12 -2.729545839922646090e-11 -4.108906575916738009e-12 1.738515030895638801e-11 1.830453523427155805e-12 -3.522507172964596175e-12 3.758838260290147788e-12 -1.023238678676744266e-11
-7.494417837331151204e-13 -2.626604063142505734e-12 1.768326841036384316e-12 5.455648033256351978e-12 -2.120533997384182050e-11 -2.752971836949296815e-12 1.351113464959859876e-11 -6.933388809061358420e-12 1.068745352139120575e-12 6.119749866168010825e-12 -1.081069800190892447e-11
-6.784125771583210196e-13 -2.417502959771516317e-12 1.055891104152116374e-12 4.345648450784770724e-12 -1.352873358063936754e-11 -8.333692016079810051e-13 8.393670001973527045e-12 -4.008661531306467478e-12 -1.048336696676243166e-12 2.093811482801309170e-12 -4.779665260045048768e-12
-6.564604552194008848e-13 -2.290522856321416677e-12 4.897903846217205480e-13 3.655218817314817175e-12 -8.264254374156156375e-12 7.379896331138201360e-13 4.312666414062851127e-12 -5.944915016787046718e-13 -1.239844598754326911e-12 6.614758533863016843e-13 -2.257081796999720336e-12
-6.432864256645717014e-13 -2.237684283880612932e-12 1.590281020957385887e-13 3.016350621879640190e-12 -4.092253051222949983e-12 2.365496799657837768e-12 8.988638120262262947e-13 1.172655749795396940e-12 1.531904310973451337e-12 -8.462397158251963626e-13 -1.039653734029966682e-12
-6.439847813351185025e-13 -2.085589498079394777e-12 -1.089680121169173586e-13 2.302473361523235714e-12 -1.298231085364801708e-12 2.128611903183677663e-12 -5.232503996594061064e-13 -4.927618252329427806e-13 1.911622509280663819e-13 -1.305800513771213369e-13 1.385481022500539136e-12
-6.485807305391868643e-13 -1.843405621318332202e-12 4.047677220415661106e-14 1.587425602389944425e-12 4.055723567756207142e-14 1.501319260719124658e-12 -1.848289559126589989e-12 2.875468906016768227e-12 5.713980274721471375e-13 -1.560011065119510092e-12 2.831692823480658378e-13
-6.260988662349357200e-13 -1.428461420508911690e-12 2.290059808275661243e-13 6.367265425262535105e-13 5.276860081432688615e-13 -4.633528527233411791e-13 -8.705925018830603656e-13 9.082287078997248118e-13 -3.401622637184473114e-12 3.203169528813119558e-13 1.210999100648085988e-12
-5.820074327834152344e-13 -9.091164485437881519e-13 5.504453722376331697e-13 -8.424506239246021879e-14 -6.194611367048609416e-14 -1.268848297165547308e-12 -4.456793771571761355e-14 -2.114445198298325294e-13 -1.134551007239574203e-12 -5.754016987814527179e-13 -2.648325985828005339e-13
-5.139686972791087637e-13 -4.489524506576371840e-13 7.845047153241969975e-13 -4.910780782893306216e-13 -4.158034000792565387e-14 -4.009228778616530545e-13 -1.367058380365355536e-13 1.400188943735671873e-12 1.041152325327689125e-12 -7.761974475487771860e-13 -3.101763010940677127e-13
-4.074611225328003409e-14 1.977293386021202494e-13 4.623684398936555985e-13 -1.865037574453202627e-12 2.958404676783090671e-12 3.258685337503306558e-12 -7.591489007853973112e-13 -1.633245786459308687e-11 7.249581268676804228e-12 1.310203965881459653e-11 2.996549105247897707e-11
-5.841722533158076179e-14 2.886425025250509110e-13 6.470952587548804350e-13 -2.639553892516407561e-12 4.282736792601024674e-12 4.672025655670406856e-12 -6.415213058137030443e-13 -2.289136004134503430e-11 1.056602204406075739e-11 1.908021961612835247e-11 4.319181611361274958e-11
-7.275570649167843620e-14 3.687106261265411419e-13 7.678618473288328425e-13 -3.214050145855981548e-12 5.437501854199764053e-12 5.692394358736109135e-12 6.774689900492213689e-14 -2.720484805824489613e-11 1.446456248198563613e-11 2.393073814781832690e-11 5.502902097333123165e-11
-7.533319534925018449e-14 3.991340964530580966e-13 7.097767447791578518e-13 -3.173180071528492665e-12 5.866287086831226871e-12 5.482129999925836661e-12 1.797920390995581156e-12 -2.519877421395069595e-11 1.880319260357519442e-11 2.462381282283550207e-11 6.024993476409644511e-11
-7.112742817137174363e-14 3.941038589842508781e-13 5.914441597616776842e-13 -2.849690420467967887e-12 5.748953575918080511e-12 4.841988475260004090e-12 3.321797164011334326e-12 -2.111359504314735267e-11 2.089060705153450232e-11 2.336701629713226075e-11 5.960402420694607745e-11
-6.008888041660943385e-14 3.428454361071058913e-13 3.968281913591204733e-13 -2.253184264264225527e-12 5.173540661793085072e-12 3.180870628097361560e-12 4.310398494903542976e-12 -1.396294634217731165e-11 2.523812324245783398e-11 1.810558445769932426e-11 5.232030298004534091e-11
-5.197265391590103480e-14 2.959450914171910942e-13 2.637339258460219653e-13 -1.855047882997827430e-12 4.748531444684670055e-12 1.759894941587800682e-12 4.518617958191772780e-12 -8.799510253047420292e-12 2.976543997122008795e-11 1.364705545010236765e-11 4.192317797584376213e-11
-1.090629762085751375e-13 1.783439085801837987e-13 5.736779506653727586e-13 -2.211007906308923381e-12 4.152368409215558107e-12 1.439623784324616847e-12 3.610892395062881180e-12 -1.322140169575405320e-11 3.920759796834428498e-11 1.631131772881995593e-11 1.885470915740550978e-11
-8.571511885623871951e-13 -2.499867184775553750e-12 3.047259985473648702e-12 5.697883190289390526e-12 -2.802079721877310181e-11 -3.860586504866706845e-12 2.207077872633064670e-11 -6.459149052534143189e-12 9.578368401227955268e-12 1.428690306292684639e-11 -3.910787805621572840e-12
-1.062064237279718373e-12 -3.335959800775440364e-12 3.708296737695397586e-12 8.497755412219879112e-12 -3.816857004959548528e-11 -6.408166350054106074e-12 2.625416608068275500e-11 2.830162300932120917e-12 -1.585982055708334679e-12 6.649881613257333990e-12 -1.138265897944339261e-11
-1.234606075402516146e-12 -4.071946028002334387e-12 3.838618529877192209e-12 9.682317710017345606e-12 -4.079911209838209149e-11 -6.153171144823030744e-12 2.598652048507117043e-11 2.773314429373775805e-12 -5.258583483950561518e-12 5.605400023590882014e-12 -1.527759001025868682e-11
-1.118106624727631436e-12 -3.918377742700644876e-12 2.645461377868425584e-12 8.146434111960712173e-12 -3.168827403384938876e-11 -4.120914713179858808e-12 2.018776012260645806e-11 -1.030254655370520933e-11 1.540152372721148728e-12 9.124593159862515034e-12 -1.616152953583282741e-11
-1.012413169577061601e-12 -3.608832598242493198e-12 1.584379333963281836e-12 6.493725394736420559e-12 -2.025584255210849197e-11 -1.261602839302045093e-12 1.257040736907613155e-11 -5.999797979592063266e-12 -1.589225359738509257e-12 3.131343106872428612e-12 -7.109334609626533079e-12
-9.791404144112353808e-13 -3.417049461145792608e-12 7.379527723241309872e-13 5.459304446031767938e-12 -1.237945373479408892e-11 1.086286912235903247e-12 6.469909846397353135e-12 -8.766533699732709108e-13 -1.882983658813923059e-12 9.889675472383888373e-13 -3.395553034822068342e-12
-9.592547265500507189e-13 -3.338373752088900633e-12 2.442684419753410851e-13 4.504335415772113597e-12 -6.145144677621563642e-12 3.514724196874506732e-12 1.365918264169069234e-12 1.762816542251442544e-12 2.226226584973753600e-12 -1.260529178161075366e-12 -1.517047173890924745e-12
-9.601442431747821285e-13 -3.111679498472521777e-12 -1.593328752214787776e-13 3.440103044217358049e-12 -1.959707943573452840e-12 3.173591791894005055e-12 -7.618841680035418595e-13 -7.475895085408547607e-13 2.813345260397216627e-13 -1.904350060489052082e-13 2.040675228538485815e-12
-9.669629361627565481e-13 -2.751335842726999818e-12 6.393069073064779263e-14 2.373594274860555272e-12 4.437337454542214967e-14 2.242838756184164877e-12 -2.752288703762293121e-12 4.294771602644603451e-12 8.264270646275452539e-13 -2.331624153641842065e-12 4.412382769765403086e-13
-9.335976880159880952e-13 -2.134265790927997557e-12 3.434369025938376405e-13 9.562867188526110700e-13 7.837553929392839886e-13 -6.800350659158216151e-13 -1.306075519735621104e-12 1.357703953885923688e-12 -5.080859413075697396e-12 4.787542676964498767e-13 1.842309910882469721e-12
-8.680523804160401650e-13 -1.359824938954393521e-12 8.232470768540174811e-13 -1.215130581432178074e-13 -9.671073308956091787e-14 -1.894829570244970901e-12 -6.569849750901904928e-14 -3.434002154539141735e-13 -1.700714213288339614e-12 -8.266842005597545630e-13 -3.754387187151465159e-13
-7.667657911427650477e-13 -6.734643117188775607e-13 1.172238477728050535e-12 -7.300310482000474853e-13 -6.312089591047856539e-14 -6.028545632219677314e-13 -2.044441786525649792e-13 2.089605233761600132e-12 1.568832817139454611e-12 -1.129333488669794934e-12 -4.530317657330066434e-13
-5.847357258335255750e-14 2.833403945472953883e-13 6.656703433169357360e-13 -2.679091137257400102e-12 4.247617934129688188e-12 4.681619285253164189e-12 -1.094179483768278666e-12 -2.346952966669450391e-11 1.040022084611905029e-11 1.882418170213932135e-11 4.308294820815561035e-11
-8.384309884923661751e-14 4.136437787135235592e-13 9.319783824681929954e-13 -3.792363775224520534e-12 6.150154771250063058e-12 6.713197144215442856e-12 -9.270333399322412340e-13 -3.290098533097809575e-11 1.516182910762577334e-11 2.741889433368152042e-11 6.210952851487274795e-11
-1.044699606626378242e-13 5.285380299824323088e-13 1.107193103920359529e-12 -4.620769208149219264e-12 7.811988520774076497e-12 8.185315533742060671e-12 8.613522351977073926e-14 -3.913231189159081563e-11 2.075679281137647149e-11 3.441239929389797855e-11 7.915677890508303745e-11
-1.081643867858675969e-13 5.720255817068109082e-13 1.024508185723377812e-12 -4.562638334855060793e-12 8.429062724955259131e-12 7.883711276552909287e-12 2.573018458415011557e-12 -3.625470206241971883e-11 2.699793655300448477e-11 3.541928862581506799e-11 8.665801172284703911e-11
-1.021243356081802352e-13 5.647407543120625476e-13 8.548378493490880131e-13 -4.098257516160947229e-12 8.261939369535294166e-12 6.964005203173910979e-12 4.765416693131655041e-12 -3.038567724895553126e-11 3.000915265843673368e-11 3.362183903653726991e-11 8.572910557371831180e-11
-8.626850592293401867e-14 4.911963383809437914e-13 5.751398132205613571e-13 -3.241039691622181389e-12 7.435385906967954145e-12 4.579365527446767886e-12 6.189712890227338413e-12 -2.011246970494294988e-11 3.624300923250384348e-11 2.606860898915144726e-11 7.527625590850959252e-11
-7.450347759603094725e-14 4.235289678497757893e-13 3.821041793918897588e-13 -2.663025245083791270e-12 6.817198090156386108e-12 2.530409134924641649e-12 6.501333114622196793e-12 -1.264119121173109207e-11 4.272168016650823519e-11 1.962487262477037020e-11 6.040271570804379515e-11
-1.546359269209532019e-13 2.614795335443794454e-13 8.215313648452977723e-13 -3.196162990142323951e-12 6.043950392312640738e-12 2.082367764032924470e-12 5.143130402515151246e-12 -1.901787105385161125e-11 5.638678905609766988e-11 2.345773773140455663e-11 2.724072667255527546e-11
-1.230650758734401471e-12 -3.589070211107785453e-12 4.381440091192519723e-12 8.172606444203552678e-12 -4.023079643099112998e-11 -5.536295357536891582e-12 3.169751983195507992e-11 -9.362654306306466545e-12 1.381952982746418688e-11 2.059631991028872810e-11 -5.532547503087115250e-12
-1.526204251262178791e-12 -4.794597224141196491e-12 5.333545283996695563e-12 1.221455675145885837e-11 -5.487341568850092710e-11 -9.215518943454609978e-12 3.774916769178192818e-11 4.070299107546804956e-12 -2.286317403730270744e-12 9.574206586231194912e-12 -1.635681591600177606e-11
-1.774867746203985373e-12 -5.853000670350757643e-12 5.527987629613305827e-12 1.392414388920790693e-11 -5.871102317314265337e-11 -8.864784311697450006e-12 3.739580134696496066e-11 4.023971553678597750e-12 -7.561400572850237560e-12 8.054770455867511846e-12 -2.196979595015521232e-11
-1.607121819829980581e-12 -5.631849947517260255e-12 3.808935810370862277e-12 1.171562523880238569e-11 -4.559335386399631278e-11 -5.935421490403051568e-12 2.904396485180800370e-11 -1.477156325567377114e-11 2.165449853011749809e-12 1.311036523826712447e-11 -2.325913591311894986e-11
-1.455447998787603517e-12 -5.189070881926940021e-12 2.285392140372948356e-12 9.343040406732981160e-12 -2.917901107905403308e-11 -1.829633019017374093e-12 1.811063744079187127e-11 -8.640939391687692509e-12 -2.306686711304478304e-12 4.507576132499727383e-12 -1.019952272855774027e-11
-1.407158998375333935e-12 -4.911329810636267294e-12 1.067127580835178147e-12 7.852332442214167054e-12 -1.783805676511290419e-11 1.548285570542260196e-12 9.331383739865674660e-12 -1.250926763393675101e-12 -2.736074970922591407e-12 1.423368652953359167e-12 -4.905677333512239242e-12
-1.378370636510074305e-12 -4.798382451564934234e-12 3.573354253200493304e-13 6.478071702453104933e-12 -8.868201198273631655e-12 5.039115994995571584e-12 1.985442283387193954e-12 2.545634872001627310e-12 3.147209831899162681e-12 -1.810063117194925133e-12 -2.150285335432792702e-12
-1.379513718435621255e-12 -4.472735791177855610e-12 -2.261393091931710085e-13 4.949111062817450664e-12 -2.837123413947549394e-12 4.559704562444217267e-12 -1.078419746690759976e-12 -1.085605493287470611e-12 4.009434710867534631e-13 -2.698295646997604418e-13 2.909757079763162685e-12
-1.389280768208096485e-12 -3.955659187377082561e-12 9.504112294062693095e-14 3.416407106467215413e-12 4.943528901620828135e-14 3.226426721254856315e-12 -3.951397674649519956e-12 6.177404574175267938e-12 1.164710135036134574e-12 -3.355129742105948358e-12 6.509087734597500165e-13
-1.341479263924812984e-12 -3.070479455820291736e-12 4.952237108564466556e-13 1.380167069230818006e-12 1.123418431671622174e-12 -9.674530211355317435e-13 -1.883721634195078735e-12 1.953910048606555017e-12 -7.308281744345881478e-12 6.889133222126618903e-13 2.679711650097883014e-12
-1.247476481443055029e-12 -1.957666869792434665e-12 1.185104688356253051e-12 -1.709471624753648169e-13 -1.428242358090125955e-13 -2.725161948997116195e-12 -9.372711231297084327e-14 -5.184327465333719974e-13 -2.451700962983384372e-12 -1.159997681993930194e-12 -5.221521217923260288e-13
-1.102088302081298937e-12 -9.712678973369557929e-13 1.686547628983451980e-12 -1.046990031557572634e-12 -9.169334973831016344e-14 -8.707066921290722828e-13 -2.942956485211842130e-13 3.004080942007545856e-12 2.268774200100412210e-12 -1.597750519115000139e-12 -6.425222870540244220e-13
-1.109426692169047378e-14 4.518364413159708515e-14 1.707073438778091669e-13 -5.631913360964878701e-13 8.472453798774892688e-13 9.996458824889634119e-13 -3.095697107955766756e-13 -5.111702538593264552e-12 1.868261682023377037e-12 4.025477073478832884e-12 9.931763873417082760e-12
-1.607717986107394172e-14 6.603590608837509695e-14 2.473778421937439600e-13 -8.114593491886770680e-13 1.248064312188014676e-12 1.455886374780433728e-12 -3.142355468349169158e-13 -7.300428986073472957e-12 2.799642058014122346e-12 5.984581258680105229e-12 1.455015869809833957e-11
-2.104427526943441801e-14 8.713200054874083100e-14 3.235189829669771782e-13 -1.055450681678125441e-12 1.662563666114621182e-12 1.908100804518440548e-12 -2.322834167242302878e-13 -9.398362844250346303e-12 3.843829677101080362e-12 8.030145369879236055e-12 1.929747205683621492e-11
-2.160451640473234356e-14 9.063774572003222461e-14 3.258405321376179669e-13 -1.058732150043964066e-12 1.817414671558535560e-12 1.859737534159009127e-12 3.128461620678672275e-13 -8.922008659984460456e-12 5.330573264590078855e-12 8.524055014932834592e-12 2.089676914099803042e-11
-2.024737109795816183e-14 8.628152116655058426e-14 3.001087746447006028e-13 -9.679905319831880774e-13 1.811507412979025163e-12 1.661410981093492265e-12 8.494899791853297640e-13 -7.673781422711802399e-12 6.248278767548489065e-12 8.306358161840833088e-12 2.060383314769225299e-11
-1.692642335623941528e-14 7.213929821856894253e-14 2.409491746866148969e-13 -7.836512108950063631e-13 1.641007671707802949e-12 1.201237710714338121e-12 1.245085835414379922e-12 -5.504475241836837739e-12 7.308414042238111010e-12 6.898058773673678787e-12 1.851733553951911373e-11
-1.311504017658582754e-14 5.465813268085698622e-14 1.716946945473872995e-13 -5.794948089904454671e-13 1.416323629222026620e-12 6.338257054410941837e-13 1.474136304117822120e-12 -3.129797207299963268e-12 8.589722346790955257e-12 4.927215907613164913e-12 1.595850799978250368e-11
-1.710249851408779280e-14 6.334708276108677676e-14 2.147654308482336617e-13 -7.945169361819107972e-13 1.739912725939366138e-12 5.748222448431535623e-13 8.962290006650773830e-13 -4.317791779056814556e-12 1.188196921065074652e-11 5.521405575888235536e-12 9.169109638198839266e-12
-2.362212240071403993e-13 -6.902980583304055733e-13 9.857935646357633979e-13 1.388456215427395174e-12 -7.679325379051558419e-12 -9.376722913810034896e-13 6.307955655380723073e-12 -3.530018625516713184e-12 4.457237640406183111e-12 5.765029176091814241e-12 1.009040355452954039e-12
-3.352550454214663486e-13 -1.072548095672197520e-12 1.284023654942532299e-12 2.756402160573526933e-12 -1.263517719681182851e-11 -2.184985551050887549e-12 8.804746684350322537e-12 9.555816920127517049e-13 -6.422776420562762248e-13 2.567326091004053690e-12 -3.491206031768010908e-12
-3.971445205835601764e-13 -1.291726397350291831e-12 1.460964308594875817e-12 3.224377761223651793e-12 -1.454982155343133540e-11 -2.460065011590412717e-12 9.329933700319835084e-12 1.265884991523119637e-12 -1.445642985812231256e-12 1.935165476114286941e-12 -5.215238456983941058e-12
-3.629133333347122584e-13 -1.265484904723544183e-12 1.016907458492094357e-12 2.796923777834849660e-12 -1.140638409279183107e-11 -1.642042206918437464e-12 7.231620566721022047e-12 -2.364303454636594422e-12 -6.016438859019610420e-13 2.780687018531923237e-12 -5.618254891139918833e-12
-3.356072082328531282e-13 -1.214945574748415176e-12 7.128556355039912299e-13 2.318016030139905224e-12 -8.163287688936563038e-12 -8.256099770160783997e-13 5.130657041699966926e-12 -2.580285264673285587e-12 -6.671803571815418810e-13 1.322477451476397413e-12 -2.659964640665764555e-12
-3.140670686489117213e-13 -1.107781773354119563e-12 3.966858610515183784e-13 1.893242435883691418e-12 -5.118169134336485004e-12 1.849974282815448892e-14 2.889541051389223610e-12 -3.830026265304551678e-13 -1.015721440224986847e-12 3.971254640013992034e-13 -1.180296054776142948e-12
-2.993315064088193935e-13 -1.060421360561210235e-12 2.037864257196962712e-13 1.532759220309032474e-12 -2.843055297150632913e-12 7.917190983492612933e-13 1.048268877155719203e-12 6.151149569283201361e-13 -5.157098038857124354e-14 -1.672144897454045342e-13 3.167042426508766724e-13
-2.959648370630659729e-13 -9.987337882555677860e-13 3.545608977489435484e-14 1.216590281389238700e-12 -1.224483376558145719e-12 1.004383620122996705e-12 1.654114109850280548e-13 -3.322947413575029161e-13 2.298004393659191699e-13 -1.030735547440701028e-13 5.947559633825744747e-14
-2.948792155128405928e-13 -8.980444632170857503e-13 9.000464127863514961e-14 8.486939702036571995e-13 -3.266553188098101639e-13 7.229963905446035228e-13 -6.822544683100042354e-13 1.243612359027434739e-12 -1.811025082490236055e-13 -7.919703517663337394e-13 3.925465181003187843e-13
-2.886988948322875152e-13 -7.445659804478984792e-13 1.573367132952804251e-13 4.519437756007805610e-13 5.431004918915335975e-14 1.140639538892427204e-13 -5.573539152188837851e-13 4.705309361978256138e-13 -6.184568977907677970e-13 -4.571815497518781662e-14 5.168972876371457761e-13
-2.720591862377303515e-13 -5.094575741722271190e-13 3.044093741970834414e-13 4.532475407058728525e-14 -2.258491272838227102e-14 -5.080461982200643050e-13 -1.937513772046096733e-13 -1.510122856632119643e-13 -2.010648662124008602e-13 -1.696415627852809344e-14 -4.127666588681790018e-14
-2.444784149730182794e-13 -2.951579365686496080e-13 4.175293391017535280e-13 -1.846983606026540907e-13 -9.006534808031421238e-14 -3.018005679846444856e-13 -2.238593425668116721e-14 -1.679446588390106698e-13 7.136585974175822245e-13 -2.368923333684060928e-14 -3.054838624620495402e-13
-2.213462256516546463e-14 8.928067597960054037e-14 3.450976011758901933e-13 -1.129231484709017969e-12 1.694436695627402023e-12 2.006007098334077829e-12 -6.282572832172267786e-13 -1.026622425680554153e-11 3.714446051999486515e-12 8.077298491913489467e-12 1.999943656316733390e-11
-3.208893852720313371e-14 1.304330962919028481e-13 5.008586524499421414e-13 -1.628351805151301447e-12 2.498008022311343776e-12 2.923616379752626738e-12 -6.415819143786051958e-13 -1.467461803550063984e-11 5.573985222949599229e-12 1.201989828440985268e-11 2.932134695753741102e-11
-4.208102720801237845e-14 1.722779692737616234e-13 6.571190362420785946e-13 -2.123062261519973269e-12 3.333978815027231064e-12 3.841529613788464938e-12 -4.878935768501504918e-13 -1.894519920375607937e-11 7.657219863464938378e-12 1.617144510682965360e-11 3.896128045395622516e-11
-4.320266938043419269e-14 1.787299383421114155e-13 6.645784680487407792e-13 -2.132933414818798728e-12 3.648330929090408325e-12 3.749937192103645897e-12 6.029781214897646088e-13 -1.802394216135721129e-11 1.064762432476222545e-11 1.719778997937313987e-11 4.219069987971617297e-11
-4.045888223830995506e-14 1.695405610130624978e-13 6.143030225019388314e-13 -1.951716569197858047e-12 3.638987737731029701e-12 3.351838784733533711e-12 1.686982124856572781e-12 -1.551914493468744664e-11 1.251541228687897395e-11 1.677962432151757085e-11 4.159020526749628767e-11
-3.380041303292398707e-14 1.412327086617900165e-13 4.960112408666977252e-13 -1.582115404865646704e-12 3.297820315972769931e-12 2.433912522632674437e-12 2.488784336461376900e-12 -1.117313072677853413e-11 1.461588548444795442e-11 1.398139241699433747e-11 3.739728272933981835e-11
-2.610857252667075937e-14 1.061296016769114333e-13 3.553149137942989921e-13 -1.168854525787144343e-12 2.844139483423568056e-12 1.285595983675762074e-12 2.955608206825800646e-12 -6.363778553633539215e-12 1.721563565117065348e-11 9.989483268112069295e-12 3.226308098200447419e-11
-3.395776203687772032e-14 1.231596786196620522e-13 4.392152527157614864e-13 -1.591703113582582474e-12 3.481640803012890021e-12 1.158288851126524723e-12 1.811163844178623068e-12 -8.678239521777204283e-12 2.376592570239110393e-11 1.112927191350147559e-11 1.873183969575959603e-11
-4.703662946715585936e-13 -1.375481047475528692e-12 1.979175437873677474e-12 2.746571311836523226e-12 -1.528148469907333024e-11 -1.860287117284476773e-12 1.258883867257878857e-11 -7.162376848232146021e-12 9.125979651300976637e-12 1.165494148837550087e-11 2.271527833529012113e-12
-6.737888585901485252e-13 -2.157811190145247616e-12 2.592414646574244938e-12 5.546971986253579451e-12 -2.545240801028356173e-11 -4.407381240917480600e-12 1.774779386415330065e-11 1.921647172110005404e-12 -1.300711568915948582e-12 5.211777307025069539e-12 -6.992352119549141289e-12
-7.979103588562015340e-13 -2.593676100419530094e-12 2.957783174386151367e-12 6.488809882088149870e-12 -2.937482238054545800e-11 -4.991022361921323773e-12 1.884369760943548607e-11 2.558392971288394615e-12 -2.873508787067092571e-12 3.911407301388856289e-12 -1.050755370071687893e-11
-7.306879909951172201e-13 -2.547463993268384807e-12 2.063296698483142624e-12 5.646870934982744685e-12 -2.307738247119217238e-11 -3.338508868121562891e-12 1.463329100170271445e-11 -4.640856765335230441e-12 -1.302953011291786735e-12 5.569106154307580284e-12 -1.130142807253046716e-11
-6.764319627018620573e-13 -2.449780858679366832e-12 1.454318478761992723e-12 4.687629375820542501e-12 -1.659709224187674994e-11 -1.705538669967603662e-12 1.043968075535683117e-11 -5.265038908274097554e-12 -1.336855140835013749e-12 2.708875479751372167e-12 -5.439755702248934225e-12
-6.319745386587594510e-13 -2.230145505482145539e-12 8.144372603933524770e-13 3.823217309051373362e-12 -1.041657398548725933e-11 1.008149860360719713e-15 5.899453978936774822e-12 -7.944252231657224970e-13 -2.062176290718919516e-12 8.069395338251385809e-13 -2.360816671642393246e-12
-6.013745136472598985e-13 -2.131921755814996370e-12 4.209025440159156035e-13 3.095535742762459563e-12 -5.813745794192343452e-12 1.564247749447540930e-12 2.181669136982163772e-12 1.242166454246921685e-12 -2.108937614343679899e-13 -2.903888916879879780e-13 5.844405675644765135e-13
-5.940935812453267056e-13 -2.008123218789093745e-12 8.249784910619383391e-14 2.459908357340513870e-12 -2.535877785785690627e-12 2.022562997260059068e-12 3.731077441445717383e-13 -6.183731840363206725e-13 4.882188486652964787e-13 -2.463406665107768664e-13 1.365447412007789492e-13
-5.914805893458889343e-13 -1.807000851671854763e-12 1.880829016377861849e-13 1.713997493600144331e-12 -6.943776259000723275e-13 1.453081121966866571e-12 -1.343993308263725664e-12 2.481522635720042647e-12 -3.774648561295386582e-13 -1.595294315425056076e-12 8.107706011695960566e-13
-5.794130730976096072e-13 -1.502596651788874166e-12 3.212879266831635600e-13 9.230678564587956520e-13 8.404170205775434701e-14 2.642517721903349647e-13 -1.128922669833840384e-12 9.430576609271195852e-13 -1.142863929239837098e-12 -1.159295530589398904e-13 1.062069455032581410e-12
-5.462547697820746701e-13 -1.031068036624591129e-12 6.157816752815944999e-13 9.934500496957462961e-14 -4.234047586330417746e-14 -1.003134694267508982e-12 -4.143460244977988026e-13 -2.884786050149930940e-13 -3.300662292090360657e-13 -3.328254566057549338e-14 -9.883044605703732120e-14
-4.911442861407876788e-13 -6.002099215320526341e-13 8.441028049415910236e-13 -3.667981988403957578e-13 -1.886721525392121359e-13 -6.172992365871750628e-13 -4.267454407722822546e-14 -4.294881307851811950e-13 1.475372561764940235e-12 -5.704981953557538476e-14 -6.476442658698291981e-13
-3.677964593333572155e-14 1.477750756408743221e-13 5.764276020395370155e-13 -1.880085115010381204e-12 2.818236634362390838e-12 3.340948242298371345e-12 -1.050999555273505018e-12 -1.710371530535226919e-11 6.163403832892059096e-12 1.345205133232271025e-11 3.335425662373899280e-11
-5.332852786728315042e-14 2.158554888280159272e-13 8.371031291692014486e-13 -2.711962058434747438e-12 4.156059946957830378e-12 4.870565258705481411e-12 -1.075811403084766568e-12 -2.445650965994609901e-11 9.254145233988389876e-12 2.002576760515228229e-11 4.891541208818459280e-11
-6.998628436312115673e-14 2.852234770890473199e-13 1.099642944556856355e-12 -3.539253401514939522e-12 5.551114754776239486e-12 6.406231800722012036e-12 -8.269674390964260628e-13 -3.160912904754684816e-11 1.271567603644828300e-11 2.697091919539880693e-11 6.504545348784150490e-11
-7.185263347908458408e-14 2.955834523944501912e-13 1.113918887951449094e-12 -3.557867348545677694e-12 6.077047201674492894e-12 6.257298646893115307e-12 9.878308068736021978e-13 -3.009772385487800778e-11 1.770069166217251638e-11 2.870355531326301620e-11 7.043724917425662041e-11
-6.726945365119305655e-14 2.799827188906315476e-13 1.031086646104509921e-12 -3.256635132166808098e-12 6.063146997301514248e-12 5.594202240702694508e-12 2.797911989303342266e-12 -2.592608283350018971e-11 2.082877521152191314e-11 2.801947377268867775e-11 6.942877267499751478e-11
-5.618375397174003582e-14 2.328841296793612013e-13 8.343560337668432467e-13 -2.641283732538077898e-12 5.495588753532512063e-12 4.069067145573108408e-12 4.138550600653380508e-12 -1.869266188262032537e-11 2.430925090911431720e-11 2.337750211030392727e-11 6.244166652417856245e-11
-4.334446093451731859e-14 1.744054571980332584e-13 5.988913178248855647e-13 -1.950643959464814346e-12 4.738142100276257164e-12 2.150175813264133575e-12 4.920784098923572567e-12 -1.065369258483094130e-11 2.865792781914260767e-11 1.670463035914879557e-11 5.389122484689072686e-11
-5.631619701735204011e-14 2.024999310392538843e-13 7.369513685202362340e-13 -2.649172027324847321e-12 5.792044920462956791e-12 1.932260544357695627e-12 3.024831828803455206e-12 -1.446239071381026958e-11 3.953000341432607041e-11 1.856813957493555407e-11 3.141693953260503044e-11
-7.809591220861979657e-13 -2.284374874233257973e-12 3.296899401988575589e-12 4.548101157530438065e-12 -2.536572489787479477e-11 -3.084130696632344674e-12 2.092042290067334349e-11 -1.198073610260971795e-11 1.531914064061774759e-11 1.946795526203297604e-11 3.946307402658497993e-12
-1.122855301761615649e-12 -3.597417761959686426e-12 4.328004478113519432e-12 9.248676282700422633e-12 -4.245453486727068303e-11 -7.355403248159172755e-12 2.961079880642381105e-11 3.203136451908877986e-12 -2.174129489139079642e-12 8.719670337707791098e-12 -1.163662640816130219e-11
-1.329527706609630887e-12 -4.320716764313855965e-12 4.943325987968607315e-12 1.081909456283548788e-11 -4.904028494778509220e-11 -8.348361497177809838e-12 3.146377134578655654e-11 4.272914685980840492e-12 -4.767572007567024003e-12 6.532907384678524882e-12 -1.752783561217422539e-11
-1.218543038306074898e-12 -4.248015966939363236e-12 3.451342963903760040e-12 9.427346345901788308e-12 -3.855906175696912276e-11 -5.588891994825294173e-12 2.445167112373163929e-11 -7.660674850141101628e-12 -2.233273773614180046e-12 9.267948346597108774e-12 -1.884018368921319557e-11
-1.128538043558871839e-12 -4.087797354839149255e-12 2.437878830072640109e-12 7.830941014904439891e-12 -2.778463262302051602e-11 -2.872783397819165524e-12 1.748216668830326641e-11 -8.826400472715549195e-12 -2.225179482700222016e-12 4.547959733185903523e-12 -9.127193145899367030e-12
-1.053680310944998987e-12 -3.718966740414577745e-12 1.368591823548924844e-12 6.383343365696499389e-12 -1.744497409237565544e-11 -2.220703886238875350e-14 9.892148270541626780e-12 -1.340183589325732309e-12 -3.450316894754264117e-12 1.350562498118266779e-12 -3.926787117732881902e-12
-1.002035732894661239e-12 -3.553271703321986861e-12 7.089118028357442560e-13 5.168570720567292247e-12 -9.754413117891551533e-12 2.589001901150125839e-12 3.685155550256345894e-12 2.073955173640005033e-12 -4.222785560523716061e-13 -4.537674161865178734e-13 9.395588235609864580e-13
-9.895623055590679035e-13 -3.347082563254066183e-12 1.449027719484647387e-13 4.109179469819584075e-12 -4.275472771990334182e-12 3.373183299544371569e-12 6.486312707842057120e-13 -9.978410788493454961e-13 8.310226355980560395e-13 -4.363987990447891077e-13 2.387966696046148955e-13
-9.849231551826581313e-13 -3.012735993046029166e-12 3.181865464022066608e-13 2.861829392294895182e-12 -1.182177421073578857e-12 2.421542202934044223e-12 -2.221782405333416255e-12 4.123607801546602753e-12 -6.379434015114363400e-13 -2.660909221791072948e-12 1.365577719401701212e-12
-9.650463116088335586e-13 -2.508129343006420328e-12 5.387714972169496103e-13 1.548020192968356541e-12 1.234736128557870152e-13 4.634853690969378752e-13 -1.887112506783294465e-12 1.569862723171135872e-12 -1.838471742411162071e-12 -2.090725377850996953e-13 1.785256866271291921e-12
-9.099760946739075235e-13 -1.722988629748048751e-12 1.028819604732959266e-12 1.710061763862643434e-13 -6.854799036401420169e-14 -1.659866266939218781e-12 -7.069708450383737373e-13 -4.708276142032131057e-13 -5.011650411151163661e-13 -5.492558449595886337e-14 -1.751938577055520588e-13
-8.183474842252978821e-13 -1.004864871366623102e-12 1.409955953198275730e-12 -6.083532255859632263e-13 -3.194755923781296366e-13 -1.035812120683313970e-12 -6.958920166605194377e-14 -7.764525987485865775e-13 2.485794682780892129e-12 -1.013028382839765104e-13 -1.101524924329196864e-12
-9.095538713335301260e-15 2.802005005917264011e-14 1.868603120197110393e-13 -5.201725182963207507e-13 7.355821376186891127e-13 9.415326938086846555e-13 -3.664509028532925096e-13 -4.896776780243910098e-12 1.383963672487164838e-12 3.779068853046069295e-12 1.008297181962803509e-11
-1.327596618667513760e-14 3.983375570757125487e-14 2.805154385581246452e-13 -7.639459697761588347e-13 1.104521409698778938e-12 1.393629086896949254e-12 -4.151689677977714766e-13 -7.137693017194322450e-12 2.157068960382220150e-12 5.775243050243937987e-12 1.504065873865590729e-11
-1.785192555282834064e-14 5.234264243829942260e-14 3.863286997475565208e-13 -1.032462549450624526e-12 1.521530582032226509e-12 1.896128184354052077e-12 -4.207008912131553280e-13 -9.591062720061821899e-12 3.058215647525728488e-12 8.068726746126860304e-12 2.059951322362733374e-11
-1.870791264172458901e-14 4.994242315412614064e-14 4.291656935509592774e-13 -1.096828693437020116e-12 1.728540803072080416e-12 1.967827346108718834e-12 1.335896013595018416e-14 -9.795559478743012482e-12 4.442990718149975023e-12 9.088315913796230244e-12 2.282610910665023147e-11
-1.708547961430960804e-14 3.945319879426796315e-14 4.228512106085891817e-13 -1.020904601958037940e-12 1.746526468775177726e-12 1.779197056416816691e-12 5.889744053221581940e-13 -8.630944732080929664e-12 5.578171366321725314e-12 9.118562910867741963e-12 2.239567623186586645e-11
-1.400066276750298001e-14 2.598052717027328495e-14 3.758171528702766173e-13 -8.549767928036104888e-13 1.600548611021683739e-12 1.414723571233818699e-12 1.043404274656729962e-12 -6.713771652257404690e-12 6.268433396510010413e-12 8.173866223834154386e-12 2.014578351469341462e-11
-9.875168276590350886e-15 8.986337997622497443e-15 2.910797139671274428e-13 -6.201852635420521842e-13 1.357302845516255687e-12 7.670814027497644403e-13 1.354499946033488326e-12 -3.954674758930369187e-12 7.818758344082030773e-12 5.893150713955601390e-12 1.785785745203105086e-11
-1.176504020630880458e-14 1.246912415735473107e-14 2.988026156952223979e-13 -7.145599612590720816e-13 1.517580819931069673e-12 5.920063876405511869e-13 1.002307469333831135e-12 -4.183915835565400877e-12 1.028611324401390993e-11 5.789171156670040255e-12 1.253352884633284092e-11
-1.721401306277844707e-13 -5.170650865279057942e-13 9.060724685126472348e-13 7.786031095378449348e-13 -5.371227345250631855e-12 -5.643657565304995723e-13 4.895869198085341597e-12 -4.202363737480114157e-12 6.362275228575959442e-12 6.388015788551443967e-12 4.226891361525752041e-12
-3.270183033561736399e-13 -1.072745322266745219e-12 1.402133932453960020e-12 2.746197631921650258e-12 -1.297618513719607442e-11 -2.287522330416829057e-12 9.165190593566979207e-12 6.855205699495934563e-13 -5.943415838107726278e-13 3.293110024368588466e-12 -2.810709403277624319e-12
-3.849038047001192813e-13 -1.253684533863569189e-12 1.621359626743131736e-12 3.255133317216138737e-12 -1.540082804412032711e-11 -2.782146452833736385e-12 9.968718932526623166e-12 1.490886108989309871e-12 -1.661287752123408171e-12 2.165324883739157410e-12 -4.930439148670278141e-12
-3.765038021098162748e-13 -1.307677645003248493e-12 1.255166525789798759e-12 3.097317513780892563e-12 -1.322975682955268592e-11 -2.112725756976281743e-12 8.416773039988857648e-12 -8.225869553965237799e-13 -1.766241638977550047e-12 2.472644561396015252e-12 -5.703972885113427251e-12
-3.527168134414913926e-13 -1.274805980889992458e-12 9.416144444231893133e-13 2.636979005781798375e-12 -1.036913106607542445e-11 -1.393183936240500163e-12 6.688532670393553454e-12 -3.415522595525002825e-12 -5.517532457938678741e-13 2.214342664183555244e-12 -3.917888938803624703e-12
-3.142691547551373627e-13 -1.122260116781092214e-12 5.890463977111041459e-13 2.092847985127898401e-12 -6.642663541639362755e-12 -4.500758019707142245e-13 4.045676793518287395e-12 -4.999419980766208299e-13 -1.594075064634403848e-12 5.072599201832488953e-13 -1.520592611639505153e-12
-2.930137044887044755e-13 -1.052396096613801270e-12 3.478163442065607194e-13 1.691053826114964882e-12 -4.028443360145742670e-12 4.412364811329251499e-13 1.952370804017615172e-12 6.151938957793714651e-13 -1.068358342319131987e-12 7.528664128881021231e-14 -2.867973112942326074e-13
-2.810605426044304074e-13 -9.829798535315563771e-13 1.751851100615730732e-13 1.349687093422010584e-12 -2.101374770509359533e-12 9.961132527659644799e-13 6.501987982887617372e-13 3.313464759855879531e-13 8.672836260325902872e-13 -5.644143049080460475e-13 -1.927501362763350088e-13
-2.771446020092221606e-13 -9.076653334656827774e-13 1.730869132535726022e-13 9.506079059230000432e-13 -8.801179409994805896e-13 7.341419011607998870e-13 -2.733837154826902162e-13 9.028909246783262333e-13 -1.619026142003379222e-13 -7.824457818566743261e-13 8.396762491403640279e-13
-2.720224428146611130e-13 -7.878729330941414488e-13 2.021973099217934192e-13 5.919029116101490432e-13 -1.846606344530678264e-13 3.777766466779468018e-13 -5.174115356816621259e-13 3.551599413160575407e-13 -2.434787464413616934e-13 -3.213428849907035595e-13 8.826676007483404069e-13
-2.581576340092998668e-13 -5.771776398414405647e-13 3.431254699631131602e-13 1.725224367564869085e-13 -1.308236635527085851e-13 -3.105904720352201612e-13 -2.883479625143924210e-13 -1.389356639724507657e-13 2.622526734261501437e-13 2.300443213084746240e-14 -2.496814747769166949e-13
-2.368324441445239635e-13 -3.747511463466960392e-13 4.645203491319939286e-13 -1.113979539038860074e-13 -1.559925614415386882e-13 -3.978068530918374984e-13 -3.779602582182017320e-14 -7.922896686695499810e-13 7.745587411346463151e-13 7.938976337401370837e-15 -4.832421396552479553e-13
-2.094932222378944855e-14 6.351958758471884488e-14 4.355501605023468955e-13 -1.204710157778912815e-12 1.698491662894819724e-12 2.181868440510540579e-12 -8.574337081963865074e-13 -1.135546366973334858e-11 3.173204886217819809e-12 8.759422021762708117e-12 2.342968930627372076e-11
-3.058272470522160211e-14 9.002927394854333575e-14 6.549988381779533439e-13 -1.770898886029892268e-12 2.552759471452247616e-12 3.231959052855184884e-12 -9.754586601749370669e-13 -1.656852631280722427e-11 4.956524644322991830e-12 1.340759579977577947e-11 3.498178062616394769e-11
-4.116327759845306411e-14 1.181113784136869188e-13 9.038606930776858789e-13 -2.397035460891537059e-12 3.521478686426565644e-12 4.403480332494036549e-12 -9.954693545874144571e-13 -2.229850809431336733e-11 7.041860530392625023e-12 1.875476330325024126e-11 4.797690804539703945e-11
-4.320746169517297817e-14 1.119390795959809768e-13 1.008406027875113675e-12 -2.554949587878296086e-12 4.009162833728933141e-12 4.587185380041510052e-12 -2.193058060964893379e-15 -2.286485746737900016e-11 1.024078103975267343e-11 2.119485578867409282e-11 5.328036149446723549e-11
-3.939330458198543484e-14 8.673065083411910148e-14 9.961617781783840323e-13 -2.380060678929099271e-12 4.052768240702174983e-12 4.150055194468019067e-12 1.338254343513439432e-12 -2.016935982925908623e-11 1.289695744181260684e-11 2.129504514195026062e-11 5.227763082998007737e-11
-3.224336847258429989e-14 5.532429392463130259e-14 8.887331816461492448e-13 -1.996969215928928668e-12 3.716533487190830453e-12 3.314087358040578602e-12 2.399906157512397998e-12 -1.574614352830571403e-11 1.446185907681604818e-11 1.915858303326496600e-11 4.700745647416880677e-11
-2.260705618330549214e-14 1.579004171479127153e-14 6.901742111143000957e-13 -1.447435446390689424e-12 3.148805823700696564e-12 1.799844990135715080e-12 3.134429390455924723e-12 -9.287918540377102427e-12 1.809209889201377050e-11 1.382492031139838465e-11 4.173292295648860823e-11
-2.674813265483418987e-14 2.328687249538455709e-14 7.036433488022904700e-13 -1.652004412493027683e-12 3.502008389761785452e-12 1.377220772861930478e-12 2.343835759727489117e-12 -9.699726824756615932e-12 2.373876333630025936e-11 1.349633895234249797e-11 2.951308492968948047e-11
-3.918703227833573122e-13 -1.179557369736966795e-12 2.091622175700537535e-12 1.731111375078021820e-12 -1.217165565591824400e-11 -1.258011760152141147e-12 1.118638598331063924e-11 -9.837935560296213382e-12 1.501068818591738730e-11 1.492123345486245663e-11 1.024223381503733114e-11
-7.591089860954980138e-13 -2.492663908872451365e-12 3.274428264491240647e-12 6.371831762718908957e-12 -3.018305463459932858e-11 -5.316278252515260193e-12 2.132480919134010504e-11 1.483968854387420424e-12 -1.331827347342989320e-12 7.790763247158553083e-12 -6.383603681586144599e-12
-8.934558362652702986e-13 -2.912832979954456763e-12 3.779358628935210969e-12 7.571712032523002302e-12 -3.585130155028951423e-11 -6.481778871891405205e-12 2.321741395613709528e-11 3.507177322556139386e-12 -3.962187844392387202e-12 5.065093650626432466e-12 -1.137059238008546327e-11
-8.777254214956141167e-13 -3.047664571180267922e-12 2.950254434267830139e-12 7.242057957513926496e-12 -3.100416485465775852e-11 -4.971176727697365655e-12 1.972454529833824031e-11 -1.717568822388062155e-12 -4.250723984039596300e-12 5.720896772085196209e-12 -1.328257071620967445e-11
-8.217003563892163814e-13 -2.968540464910787659e-12 2.214191918900581583e-12 6.167756783310453919e-12 -2.436934752238837063e-11 -3.309131198701810653e-12 1.574133613877040871e-11 -8.030883620891848563e-12 -1.257481610504057541e-12 5.283531897046239099e-12 -9.297129643419282431e-12
-7.301018525731823289e-13 -2.608204255769617249e-12 1.391371417953659097e-12 4.884621062565168795e-12 -1.561772926706828983e-11 -1.105328033503981110e-12 9.540812370361329223e-12 -1.182895977186469627e-12 -3.750141848892771363e-12 1.203493995005570543e-12 -3.649186478912017127e-12
-6.806729340792266320e-13 -2.445453965618342582e-12 8.272799146428658372e-13 3.948251842620009000e-12 -9.508841245721845718e-12 9.762830550097910060e-13 4.644406579558021690e-12 1.427678558219989806e-12 -2.525654177069289474e-12 1.626826835700200327e-13 -6.396088553914073087e-13
-6.517370758166748892e-13 -2.282323086844235684e-12 4.246005459053903272e-13 3.149095317866129954e-12 -4.988509623705272814e-12 2.309978772577523945e-12 1.567567516102036467e-12 8.407433578876418460e-13 2.125592156627323875e-12 -1.353645654924021713e-12 -5.129410105988380616e-13
-6.423174970745865068e-13 -2.109834982223885573e-12 4.102113342144041652e-13 2.223951499325873739e-12 -2.121516286015760008e-12 1.708439133905214064e-12 -5.718072366731991359e-13 2.064454474537016259e-12 -3.998443489002089279e-13 -1.800918052100860283e-12 1.984429731855752181e-12
-6.303143480170699068e-13 -1.833518442550152062e-12 4.737170737024216577e-13 1.390177796795111518e-12 -4.562674931277758013e-13 8.981594236829835195e-13 -1.180312144729598406e-12 8.258666212289710961e-13 -5.934551540082166532e-13 -7.672285824954734308e-13 2.141614164719697753e-12
-5.985655056025452510e-13 -1.349844224359784064e-12 8.004739561345061013e-13 4.206251198647102448e-13 -3.230164538128648920e-13 -6.993008943168200318e-13 -6.617396770055719751e-13 -3.226969672109183337e-13 5.541135171724723229e-13 3.814572824519928068e-14 -4.616093022982163076e-13
-5.497414296376514684e-13 -8.817739398330064116e-13 1.083739161776777074e-12 -2.418654273630607285e-13 -3.846527614808604346e-13 -9.318980108459677097e-13 -7.066475420287247089e-14 -1.858920970884153317e-12 1.750740330850497068e-12 5.330367533612950925e-14 -1.138981017415095324e-12
-9.508375285653473599e-15 1.737633408742718354e-14 2.540516185690833098e-13 -6.207377438128919280e-13 8.167945754108381654e-13 1.127102519082325419e-12 -5.506516679310247882e-13 -5.977102597254633120e-12 1.347818062538098472e-12 4.655120144973658561e-12 1.269018791146521975e-11
-1.391169094343985251e-14 2.100521900384468042e-14 3.961160865280148131e-13 -9.326056687770595954e-13 1.253052921192271424e-12 1.700778579924084749e-12 -6.707925910584438460e-13 -8.907916628104268226e-12 2.216886656199334931e-12 7.313937461767468139e-12 1.934080809831028889e-11
-1.913432361828870571e-14 2.446407669908835953e-14 5.691204829522764875e-13 -1.307466049755815135e-12 1.781815889288929762e-12 2.392699146621384026e-12 -7.759925423882962880e-13 -1.240124677075289491e-11 3.300103959569194389e-12 1.055716349077973055e-11 2.739041281355883543e-11
-2.102622566197168613e-14 1.366816044367951541e-14 6.912014168695988834e-13 -1.505007894944401611e-12 2.133969677708711421e-12 2.715822723992543684e-12 -4.589214881107598698e-13 -1.392457373847722306e-11 4.815580733859419379e-12 1.283166914867453991e-11 3.229562295671996618e-11
-1.823988836063545049e-14 -1.214594487410814484e-14 7.174372238948960256e-13 -1.428120247582408271e-12 2.171090016587694547e-12 2.494457846834610649e-12 3.038241584074619127e-13 -1.258362567360120699e-11 6.446318393187262348e-12 1.330382178323832184e-11 3.194080597054696283e-11
-1.412723462377111619e-14 -3.453362441033566471e-14 6.804281864411387635e-13 -1.235569984322506187e-12 2.014789084782324370e-12 2.091693312219921249e-12 9.684762353991552944e-13 -1.031552980488667858e-11 7.264842773895094262e-12 1.263626950861058783e-11 2.887137253819032811e-11
-8.318656866012409036e-15 -5.681421098285063615e-14 5.609136198699526165e-13 -8.981098949406310068e-13 1.675836487017027747e-12 1.228008715263878815e-12 1.513271924133887548e-12 -6.439131525120456077e-12 9.129743233407836618e-12 9.640258225208531653e-12 2.612656867104783954e-11
-7.277295817601552929e-15 -6.029297293961410098e-14 5.060777971869410382e-13 -8.117757886806375460e-13 1.618859024038061319e-12 7.653548259227495827e-13 1.466178785107925163e-12 -4.986365329435585605e-12 1.122329404081300359e-11 8.205800680562492370e-12 2.124876653198448909e-11
-1.049761475537991531e-13 -3.539050391677223493e-13 9.237478828676722163e-13 -1.234233851615044987e-13 -2.287113378728196185e-12 1.065143389120197191e-13 3.403633901711842944e-12 -6.304367471875776269e-12 1.116719791525573880e-11 9.383567028988756265e-12 1.152981998036544386e-11
-4.028433042805577008e-13 -1.356627878327627275e-12 2.002960672021075597e-12 3.287751025445302855e-12 -1.671418093594883593e-11 -2.820754945762575160e-12 1.185099386428251564e-11 -1.059338224011982027e-12 1.464234845168382390e-13 6.587039533946167846e-12 -1.272414434291126453e-12
-4.822707191204512367e-13 -1.608680811883608102e-12 2.240672668533147119e-12 4.280607098811558974e-12 -2.064684495927848870e-11 -3.802099314193101927e-12 1.349590959351638647e-11 2.483882276327110132e-12 -3.318583691146216068e-12 3.380828215282478083e-12 -5.163544253023510391e-12
-5.230161074330392261e-13 -1.800563969037300691e-12 2.100437451955098758e-12 4.567679593130551731e-12 -2.062904545009347851e-11 -3.522603452986543606e-12 1.302152451829826126e-11 1.648134295092962077e-12 -4.375674103811506109e-12 3.032904848064553780e-12 -7.521745605189716439e-12
-4.696168437879563697e-13 -1.679309089265809190e-12 1.547410069767493350e-12 3.854136126030350952e-12 -1.665949692495148078e-11 -2.688872311037542005e-12 1.089528004916805020e-11 -4.422575666970351656e-12 -7.800393678708311217e-13 4.320074044069477005e-12 -7.646188158646020432e-12
-4.003936566920265216e-13 -1.437951833531205796e-12 1.055951490368032901e-12 2.940403184412764947e-12 -1.092079026601782760e-11 -1.366241629136175664e-12 6.971113169575797045e-12 -1.039820451071838831e-12 -2.278363244934993229e-12 1.101040915139475823e-12 -3.550594176602472713e-12
-3.698132737045665374e-13 -1.332458047520497078e-12 7.124493448387540482e-13 2.404188386004007063e-12 -7.216695979125793764e-12 -1.808299363720424128e-13 4.000937338256462519e-12 1.005267125952939302e-12 -1.870703093936801520e-12 -4.513821727895057178e-14 -8.729924941418598765e-13
-3.451674508768101110e-13 -1.245303739146270457e-12 4.455698401556975826e-13 1.910911128254814979e-12 -4.190545039956826297e-12 9.548087984874943548e-13 1.839279046856865609e-12 1.067658080619974150e-12 8.907886026852538281e-13 -8.894695258925560264e-13 -6.467472421971281108e-13
-3.318414270452226865e-13 -1.150491001073433300e-12 3.253418276927842967e-13 1.409956520948447949e-12 -2.167190786988380135e-12 8.640559929920972434e-13 6.214672699960274487e-13 7.235385263805041824e-13 -6.449824576526697622e-13 -7.366478111399827421e-13 1.379285636634903151e-12
-3.270983345594144119e-13 -1.037760922058545885e-12 3.492370346947433627e-13 9.988267647772046440e-13 -9.342398113214123821e-13 6.990458534691414300e-13 -2.307358447193056385e-13 1.287732627847306431e-12 -7.270790212026850349e-13 -8.010093429980648146e-13 1.471405059814800141e-12
-3.124228894826733162e-13 -8.394895556498529367e-13 4.568538987810676255e-13 4.838738751657787809e-13 -4.167539866879042719e-13 -1.122204200330528686e-13 -1.616263847060956725e-13 -1.076965312440458823e-13 -1.180569915464511753e-12 1.463967226888088402e-13 1.410836076655411993e-12
-2.909217634462525589e-13 -6.045945806638053835e-13 6.374236496052391708e-13 7.195050080681296586e-14 -4.655884975695213996e-13 -5.115685068778182268e-13 1.613529373924871378e-13 -1.129708134813541306e-12 9.468784921731013960e-14 5.107228289854364495e-13 2.604998446755987591e-13
-3.178829817355566341e-11 2.571530916405707789e-10 -1.605600152127092633e-10 -8.262482790623875758e-10 1.729788716144978279e-09 1.432949642846510414e-09 5.858363115383226928e-10 -5.309166070460410640e-09 5.512889062632013772e-09 4.712896308499517977e-09 9.618021181689580226e-09
-3.660701897639615069e-11 3.112866821362223288e-10 -2.646369805183164560e-10 -8.451252421454350376e-10 1.979411532042898179e-09 1.393619803644814132e-09 1.148552610899459007e-09 -4.579677998496132947e-09 7.464443571249804872e-09 4.512586446209099218e-09 1.154533164487423388e-08
-3.827567135525017330e-11 3.404931741256527824e-10 -3.527757776150933459e-10 -7.810274555488148728e-10 2.053564362045427893e-09 1.236658278582980196e-09 1.674483946752434124e-09 -3.350642720619544672e-09 8.678418222619461625e-09 3.915081970486217566e-09 1.243872767733993534e-08
-3.622494114882419789e-11 3.337293714547310900e-10 -3.990556661332750643e-10 -6.542225333976933156e-10 1.943598005631906321e-09 9.263981121509464741e-10 1.970029386620773680e-09 -1.842611193306696929e-09 9.421768285693408897e-09 2.906951012736487100e-09 1.150428662196063976e-08
-3.223001678875012213e-11 3.038507893865908203e-10 -4.133955081676908168e-10 -5.129215567910461236e-10 1.761573654024702560e-09 4.692021120918125731e-10 2.033607943531129703e-09 -2.316221499539189419e-10 1.059019005806281504e-08 1.556633488511647582e-09 8.988767229791926064e-09
-3.468872888387066138e-11 3.010968977736150180e-10 -3.585980413240578095e-10 -6.875762322308650377e-10 2.002642772647368139e-09 4.098026903322279534e-10 1.509416186216460296e-09 -1.264885234749041812e-09 1.320191547104800281e-08 2.149752379566845837e-09 2.687066721869382457e-09
-1.907833094083595811e-10 -2.821332254477099876e-10 9.300122025166002907e-11 7.361523550965050243e-10 -3.527853336568946597e-09 -1.801934866577521379e-10 4.442439667724925952e-09 -1.415971620377494421e-09 7.700255544020656151e-09 2.840528212428476134e-09 -2.044362857979071290e-09
-2.899540709165615634e-10 -7.555320402286368206e-10 4.349425679996139477e-10 2.036581397115888429e-09 -7.928707286300845548e-09 -1.052608255867903468e-09 6.459991548242711264e-09 1.283203369860725732e-09 1.828229767702585684e-09 1.108971845878286722e-09 -4.461950233636998045e-09
-3.406543330078716008e-10 -9.696798025258012156e-10 6.386175748889477618e-10 2.359677882680047328e-09 -9.389989665597947165e-09 -1.246436508100160162e-09 6.571009146547196103e-09 6.555799628033125650e-10 1.625777024072944181e-09 9.617126402835101114e-10 -5.185143187213848993e-09
-3.347623545344187411e-10 -1.089992589505403106e-09 3.871014286534311795e-10 2.187006929430772407e-09 -7.231681209008309506e-09 -5.355074317315582406e-10 4.784617979258916134e-09 -2.041556807684143872e-09 6.497116431995102993e-10 1.872763771473286525e-09 -4.563487602469077866e-09
-3.259967089054455969e-10 -1.136397537747465313e-09 1.902033824620975479e-10 1.835082454645299279e-09 -4.819119812259311476e-09 1.199978768703662528e-10 3.100341271796757616e-09 -3.685860243735059777e-09 1.598220024404297503e-09 1.624172402098872294e-09 -2.283442971485503802e-09
-3.205711483568874127e-10 -1.048289134783136693e-09 -1.921226170884077292e-10 1.564200077114055951e-09 -2.373372543204902378e-09 8.452169187491062864e-10 1.628939080959275978e-09 -2.112309905841977642e-09 3.693094027885058277e-10 9.337772983375549693e-10 -6.446589720440944922e-10
-3.204105319263809823e-10 -1.022112113618286305e-09 -3.446405738110248959e-10 1.298095906834921262e-09 -7.827609878548402150e-10 1.265085713867480616e-09 4.068187776740844307e-10 -1.300289457850115751e-09 2.186594424161875487e-10 7.562102179611683956e-10 4.049177020136642102e-10
-3.333764213107631857e-10 -9.705047813842711446e-10 -5.285915601609577176e-10 1.092618635047212901e-09 2.863882312244052071e-10 1.412632892210142392e-09 -5.619207584238025437e-11 -1.337083529602207093e-09 5.409697732269046235e-10 6.698104729218796607e-10 -3.878813870554230803e-10
-3.385482568203093376e-10 -8.426302156526179386e-10 -4.965495090119120742e-10 7.147021328532234515e-10 7.294212305144915025e-10 8.912633320669478801e-10 -2.931813610170472292e-10 -8.462897623436357817e-10 6.327178005260373262e-10 4.552220672575964928e-10 -3.971540018987753653e-10
-3.331456861054193987e-10 -6.236404714214890523e-10 -4.287515044008402816e-10 3.087770117102032173e-10 8.572362085901961712e-10 3.296838113482744727e-10 -8.004035904494835742e-11 1.509434200790757082e-10 2.986296217781171067e-10 -6.374256015531291388e-11 -2.225899361415499825e-10
-3.130821998604745829e-10 -3.594552959756730744e-10 -2.729194240207916013e-10 -6.512056880754973801e-11 3.921955811280217630e-10 -3.770437965550975589e-10 2.856329585656997623e-10 -7.605754794819684482e-11 5.373152007876101989e-11 -6.840306222661045968e-11 -2.585447221274292334e-10
-2.819100387386696454e-10 -1.517084839380589476e-10 -1.944752299883647058e-10 -2.133702770623193032e-10 1.436899173132525685e-10 -1.268423015685461815e-10 2.850064700962429532e-10 -1.136763982532302069e-10 3.307526451098645427e-10 -3.244224626143469784e-10 4.994649641047803085e-10
-2.399380677473522579e-10 -1.924055086495146014e-11 -6.612716635342581652e-11 -2.425275425791638227e-10 -9.240959631815533192e-11 1.301235877956644060e-10 1.447782014294572639e-10 -2.154566578995984665e-10 2.246837353134296465e-11 2.856663619676459185e-12 6.433481712510891410e-10
-1.920756596263055189e-10 5.903070910040481533e-11 3.376358334567455355e-11 -1.910238356105686612e-10 -1.260869296958381983e-11 3.004992417819073802e-10 -1.065454078608134543e-10 -3.330000793827716641e-10 -2.364166000680964013e-10 -3.314765473337214484e-10 -2.497490457299386830e-10
-2.409176859529045773e-11 1.803221629169550914e-10 -4.784715488012885072e-11 -7.144808979907200537e-10 1.392662633945594196e-09 1.238918476401685288e-09 2.541568786052199804e-10 -5.089308638732944814e-09 4.179245643119189350e-09 4.483928466960042440e-09 8.620449514413435014e-09
-2.920107167080378934e-11 2.278376035604209697e-10 -1.036660209747989211e-10 -8.028626872833191960e-10 1.682953758648108805e-09 1.375021551511852845e-09 6.310653220884198164e-10 -5.282864005946685514e-09 5.587178955114300367e-09 4.998283621700813441e-09 1.085681197607646149e-08
-3.140926850867923040e-11 2.577500960383594853e-10 -1.761621342126256324e-10 -7.750059355305769935e-10 1.806918210344939785e-09 1.279937173456187076e-09 1.122697590826332212e-09 -4.404447268205790723e-09 6.910258248215250233e-09 4.689421331935542719e-09 1.239978420089799478e-08
-3.065614557909887649e-11 2.628571426985877628e-10 -2.270878542023132849e-10 -6.799460012948413176e-10 1.756321290533291352e-09 1.099611374262194717e-09 1.483721675210820046e-09 -3.237957864212352164e-09 7.340345120548942248e-09 4.070387922149186749e-09 1.257255071274173981e-08
-2.740730974461152428e-11 2.420566820259211258e-10 -2.599442574197064325e-10 -5.386332649003896664e-10 1.604941432341004682e-09 6.422300891881061524e-10 1.627974841631805422e-09 -1.511833297904473325e-09 8.698090603720971362e-09 2.689650258923041068e-09 1.029635217422646307e-08
-2.659435228284741862e-11 2.279818085913221915e-10 -2.481372562644602414e-10 -5.414713457540602114e-10 1.615011450599413780e-09 3.967013456383868015e-10 1.435013082752281423e-09 -1.148342471806823876e-09 1.031204893482958682e-08 2.264387639364105428e-09 6.265965653617336385e-09
-8.769139361003883160e-11 2.008773472484935172e-11 -4.335601956807771302e-11 -1.528727810460808690e-10 -2.799661612869541930e-10 1.528683840949532084e-10 2.238343980589696949e-09 -2.048529157386499010e-09 1.031917069774458066e-08 3.048484019705712219e-09 3.471559575287446320e-10
-2.457670885845570043e-10 -6.179594775418899804e-10 4.314114724602782247e-10 1.600072175108316724e-09 -6.660559280696635487e-09 -8.274035272898124801e-10 5.657898463780243357e-09 1.533421435490176733e-11 2.808541693566069695e-09 2.127151159459804157e-09 -3.216853727068397030e-09
-2.882503714631962766e-10 -8.236265006899783349e-10 6.277944974394386817e-10 2.073763283610313963e-09 -8.510401595664721998e-09 -1.209729093939284297e-09 6.088574498050169843e-09 7.021886672936144471e-10 9.667191506143574689e-10 1.158481272069755185e-09 -3.676033755675265222e-09
-3.206600985334855341e-10 -1.023529685620196680e-09 5.516491408307622503e-10 2.226798362277209964e-09 -8.071034123352184736e-09 -8.420200230171297451e-10 5.308057267961791411e-09 -4.465345166349432219e-10 -9.112857791243697982e-11 1.441366323892484387e-09 -3.906640311885052799e-09
-3.042997353197836635e-10 -1.046748669034405187e-09 3.450681678410969559e-10 1.899162699048637986e-09 -6.086952496165982216e-09 -3.804155561110508164e-10 3.966357467697177194e-09 -3.558147423956921285e-09 1.561773874946275932e-09 2.214429340545672159e-09 -3.067724347600210047e-09
-2.815398570143169513e-10 -9.505871314687416448e-10 3.635575058011826848e-11 1.489536827865063331e-09 -3.199379010234992607e-09 3.772194075062665275e-10 2.062653845195248716e-09 -1.988558467081327552e-09 7.664912967814705402e-10 1.013923674720037705e-09 -2.338814129077940639e-09
-2.873510466039968316e-10 -9.463654975942083881e-10 -1.877004269007506595e-10 1.317437735144013069e-09 -1.582015193412169409e-09 8.935227218356947771e-10 8.771242671672430263e-10 -1.527004821071748313e-09 1.847502349853947774e-10 8.110975215434707741e-10 -3.193352882157879245e-10
-2.906293904074622217e-10 -9.145401490641160406e-10 -3.090117406449400030e-10 1.086264948901848312e-09 -3.249245141030276805e-10 1.340627825842344571e-09 -5.545219207588540577e-11 -1.101801083853056421e-09 1.764017762383313751e-09 4.515580075289415562e-10 -6.117411036425836483e-10
-2.971960171953100476e-10 -8.350229407113850913e-10 -3.718569962285546499e-10 8.074926662307909349e-10 3.613031401012381817e-10 9.889495774325980273e-10 -3.155348198659503268e-10 -9.742226871589939662e-10 4.022081261836650284e-10 6.201146809910381692e-10 1.830539601110477715e-10
-2.979390016551146302e-10 -6.759236331296077772e-10 -3.280841104255946361e-10 4.538164015771688136e-10 7.003083285745224827e-10 5.617729671499776446e-10 -4.406586722038411515e-10 -1.121443593197823404e-10 7.086481155230987904e-10 6.229482464545044562e-11 -3.188833018694624156e-10
-2.847365903477454368e-10 -4.547614968358352218e-10 -2.067558925481390642e-10 7.200382143277242982e-11 4.718646670624846537e-10 -2.283866237740401727e-10 3.783277199342233500e-11 -3.089606740677656859e-10 -2.537273021991816978e-10 2.897078666363392108e-10 -2.532978214629054147e-10
-2.623881948396035107e-10 -2.429211036195111779e-10 -9.286659682492111483e-11 -1.329930567922944811e-10 9.107764446870480193e-11 -3.500801459013793541e-10 2.077103712906308519e-10 -1.562870983247828281e-10 -3.446213188660692097e-10 5.144649589463954228e-12 5.787411590846847865e-11
-2.267612531972331975e-10 -7.696059932359909316e-11 -2.285257252373618018e-13 -2.561423389744866931e-10 -1.321675959087888062e-11 3.164777645740369567e-11 1.369748164398431653e-10 -1.519926121340276793e-10 3.017491600391001020e-10 2.604514982019693184e-10 2.941978513945097403e-10
-1.870092048029168089e-10 2.287959966009641406e-11 7.199949932421960470e-11 -2.119066752712379979e-10 1.749363751372252765e-11 2.859863784394045734e-10 1.849616490884007943e-11 1.010496487508318741e-10 -2.924053648504218681e-11 3.323290769929262952e-10 -1.076284205522237865e-10
-1.796132316654260882e-11 1.231829873602347078e-10 2.102786050387289185e-11 -6.014851686151261008e-10 1.100454537188023516e-09 1.044317669466390264e-09 5.536504131214033808e-11 -4.602798559952600962e-09 3.118891974167083282e-09 3.982913627213087162e-09 7.566799749151263776e-09
-2.293744515740338987e-11 1.623113134038493320e-10 4.975095431683315882e-12 -7.360274960304241608e-10 1.402707547180328910e-09 1.293329731322928520e-09 2.606213194947876148e-10 -5.460731420013185403e-09 4.089548585541890993e-09 4.976209354771640915e-09 9.795378792731874326e-09
-2.518375101986082398e-11 1.885945957440404449e-10 -4.713734221773889028e-11 -7.341888182615260263e-10 1.546400500557672875e-09 1.251123030455378821e-09 6.867791602872915741e-10 -4.912371736396121269e-09 5.331051267851228148e-09 4.934875354853502085e-09 1.171512864746195990e-08
-2.525205039751521189e-11 1.988632654219081661e-10 -9.440872015233169261e-11 -6.688989978145191603e-10 1.552419642176633293e-09 1.121557230955188951e-09 1.056178154775682802e-09 -3.982809406616186383e-09 5.938591387565525620e-09 4.546391759262478772e-09 1.242930539913170328e-08
-2.289136134315744271e-11 1.872101068227599675e-10 -1.319981081465763299e-10 -5.458839744286119704e-10 1.434000172218012582e-09 7.789108436858559814e-10 1.267923996925539581e-09 -2.510545870160525758e-09 6.846726669021601100e-09 3.467215497557761400e-09 1.103088503845278222e-08
-2.006252511377777245e-11 1.680675323405557556e-10 -1.543241947088364713e-10 -4.321056091047472894e-10 1.295007215901385909e-09 4.147379234519162502e-10 1.334025597420589086e-09 -1.171234477819327324e-09 7.790942808565311360e-09 2.342699162756975370e-09 8.732777982409375505e-09
-2.404988806153414377e-11 1.703807548965835924e-10 -1.066862335996400916e-10 -6.162688802479439326e-10 1.552687837228674290e-09 3.713851292168414901e-10 8.509583486382705815e-10 -2.258507738263516442e-09 1.059608638673763999e-08 2.970340677215775438e-09 2.665285737786580540e-09
-1.891252562663759374e-10 -4.449116631549325333e-10 3.926947473035166036e-10 1.030470850538982121e-09 -4.865149215254725528e-09 -4.804684622732225645e-10 4.414777027722971676e-09 -1.550366405172452377e-09 3.949196534363505552e-09 3.055036625089295789e-09 -1.340707041372891787e-09
-2.446012171350572283e-10 -7.077978748709449569e-10 5.915375633124382429e-10 1.802014649670578938e-09 -7.520100967754514099e-09 -1.108632322579144519e-09 5.502818599592279157e-09 6.269737627619735977e-10 6.484376747599776940e-10 1.353370164516048327e-09 -2.956280990353638857e-09
-2.898533598595234971e-10 -9.007809235124526192e-10 6.754132264272825089e-10 2.091002139308446336e-09 -8.350405052809544995e-09 -1.114247533592418219e-09 5.477839829396676014e-09 4.180349849120841733e-10 5.779826030126677936e-11 1.179656733497637629e-09 -3.696410127480586544e-09
-2.685428975000028625e-10 -9.147335670807681398e-10 4.271757207880435212e-10 1.799053793595424528e-09 -6.292789356794314665e-09 -5.949174761225767051e-10 4.014943934025954758e-09 -2.371325359347375103e-09 6.643735500959402814e-10 1.994669057783200264e-09 -3.751735131691698225e-09
-2.527798585641955850e-10 -8.905267727564821036e-10 2.100705609465637564e-10 1.463045832365667548e-09 -3.933715020975047918e-09 2.993901605014126809e-11 2.439107782405249628e-09 -2.275224650394136012e-09 5.450582437823777477e-10 1.059891166593302543e-09 -1.586900274071608520e-09
-2.506195271882892629e-10 -8.466136766804280318e-10 -3.943125637237569728e-11 1.262153715623111366e-09 -2.146426895675176583e-09 5.628120056816170715e-10 1.223338444097263301e-09 -1.234017042754962762e-09 1.246048428062505988e-11 6.953075619315836095e-10 -7.711609308015501723e-10
-2.498652179657489884e-10 -8.320496148305266958e-10 -1.331063642206304091e-10 1.024668283394090518e-09 -8.115254151403563529e-10 9.651280992426770338e-10 9.849556088035921888e-11 -5.929667806502639448e-10 7.562527435147346294e-10 3.076082288181773940e-10 2.108108348183404915e-11
-2.567312462489576964e-10 -7.796190427521326817e-10 -2.681570488355934368e-10 8.242658984534058546e-10 7.774495563652519295e-11 9.260367138218769351e-10 -2.559342088648093311e-10 -8.765207517907985872e-10 1.530604448058334691e-10 5.027732849113928932e-10 -4.825615973439577179e-13
-2.584701008971408280e-10 -6.671778582310391525e-10 -2.141596780174462426e-10 5.268302602309952005e-10 4.107010663987383518e-10 5.889777438346318174e-10 -5.688729210536392978e-10 -8.509473954282341120e-11 6.881961519672677014e-10 5.752676638006006331e-11 -4.309964873869462041e-10
-2.515481618807628827e-10 -5.011580897431664431e-10 -1.418326026856654992e-10 1.860004926137320358e-10 4.796705876531558406e-10 -5.560154855955434105e-11 -2.590560410543835232e-10 -1.136185152360916867e-10 -6.819252053475436393e-10 3.291618732576928357e-10 1.372285775210670723e-10
-2.344701583577215647e-10 -2.947601631363627876e-10 -1.830602940107188850e-11 -9.412505796677518489e-11 1.436311639858900039e-10 -4.598665209403722581e-10 5.383360818769422006e-11 -4.360629651330410060e-10 -5.343490850351035582e-10 2.757535595015355258e-10 -1.653735568236003981e-10
-2.082763920808734630e-10 -1.322534434748493759e-10 5.131293276444271235e-11 -2.020189751169877407e-10 -2.015768411859138726e-11 -1.232025714625202524e-10 8.142568840261862365e-11 -3.147009772461367401e-11 1.064903754309548198e-10 2.956492257263547598e-10 1.048676769416652768e-10
-1.757812218331857239e-10 -1.987177164275863311e-11 1.112596074708189761e-10 -2.031430672352535547e-10 -2.958897540723138212e-11 1.946465286099401654e-10 6.342108748339700855e-11 2.364675573174719874e-10 -7.715603788050447627e-11 4.492732498780657634e-10 -6.940543362306583758e-11
-1.320248569807014942e-11 8.224134866680295273e-11 5.708243214717247208e-11 -4.926235313843005163e-10 8.557370433226317315e-10 8.531647396129260022e-10 -5.342059332720282779e-11 -3.971808209527938619e-09 2.333828128953502931e-09 3.327537366969209344e-09 6.721631574891911654e-09
-1.759062794260769020e-11 1.127331417891430790e-10 6.379390021891360379e-11 -6.369520923230735352e-10 1.138822723584986011e-09 1.125473928813564687e-09 5.328853359804270749e-11 -5.064486461661307166e-09 3.081479334084347073e-09 4.455701798370609273e-09 8.914840319676617852e-09
-1.983471302357717840e-11 1.342193874457237055e-10 3.647218496149147805e-11 -6.662350926996915059e-10 1.299624767766097071e-09 1.150026799315811020e-09 3.848320667266009247e-10 -4.924724158339067498e-09 4.144931766835735857e-09 4.706889722107799779e-09 1.073111182374461770e-08
-2.021414086862056404e-11 1.443427045512789132e-10 3.922761532830623015e-13 -6.247834427386558432e-10 1.339680885041744892e-09 1.057684166223937231e-09 7.420223774483681935e-10 -4.206707043270122368e-09 4.856030106614106670e-09 4.501467419707230849e-09 1.157254432594101014e-08
-1.863579235819826040e-11 1.392020290096673597e-10 -3.345568200172610159e-11 -5.280584744046095236e-10 1.255900749835903297e-09 8.379842612964133824e-10 9.865797795023842438e-10 -3.082400371037625927e-09 5.315711327944040488e-09 3.807246389381516960e-09 1.092055751513253995e-08
-1.593316095728056676e-11 1.229129913133130293e-10 -6.527169242292053410e-11 -4.057256824300463726e-10 1.118622931273608783e-09 4.578491728999082331e-10 1.099178503415477409e-09 -1.616713328244222131e-09 6.339717798583347554e-09 2.593535417751903822e-09 8.930189464346724337e-09
-1.737637351616304394e-11 1.219896614530240627e-10 -4.358632951889985465e-11 -4.983347595288476240e-10 1.262632742705486117e-09 3.442170963304620721e-10 7.936765819631722105e-10 -1.978821919187732078e-09 8.341400859041422850e-09 2.703181019604930020e-09 4.543109790167774702e-09
-1.255727249689534836e-10 -2.621265819302332170e-10 3.021848180395172739e-10 4.933707820834923771e-10 -2.869143283838334361e-09 -2.319289942785653190e-10 3.057775715834967071e-09 -1.992292770385984898e-09 5.140825257909120571e-09 3.094842476267131510e-09 2.185202807848692567e-10
-2.082335893988585670e-10 -6.082770334367467413e-10 5.601513980307985370e-10 1.559363758418486585e-09 -6.656355439927654279e-09 -1.024436630992033275e-09 5.008982623064814487e-09 4.847374037089356139e-10 6.832914186105271769e-10 1.523390323470469790e-09 -2.678486469414111811e-09
-2.443102165612967715e-10 -7.425520552816906073e-10 7.078490631127247350e-10 1.820646397034242146e-09 -7.921914689632462976e-09 -1.260058019745885731e-09 5.272654349468352953e-09 4.097085751904562529e-10 5.228022480883259312e-10 1.118627374739489479e-09 -3.398035607142420274e-09
-2.408161627456992861e-10 -8.132990587456669628e-10 4.927208869552519400e-10 1.715379517660332104e-09 -6.393991443896152172e-09 -7.472950621501820847e-10 4.082789538896422920e-09 -1.268169672011620484e-09 -4.122443728871377974e-11 1.547781769759341965e-09 -3.321799526531729321e-09
-2.321528797365130698e-10 -8.305611177196283833e-10 3.327575499011986952e-10 1.455963283772849497e-09 -4.645239045775418714e-09 -2.842856034633711046e-10 2.896888262694948248e-09 -2.559124152091558675e-09 6.251416050494007658e-10 1.276445842151953945e-09 -1.810721942067824235e-09
-2.201658300934008250e-10 -7.571563310254876392e-10 8.717966722595182706e-11 1.203797288683104109e-09 -2.644904409790507242e-09 2.678991281955858616e-10 1.555154390589750479e-09 -1.025785234615395139e-09 -1.270228548698854119e-10 5.424738434349814720e-10 -5.344090507896487660e-10
-2.151018059243290341e-10 -7.321313302903156457e-10 -3.677430319749312127e-11 9.987013361737706604e-10 -1.313689602551891187e-09 6.818161382447790907e-10 4.796256207020437542e-10 -3.076979052483996046e-10 -1.732107152356064690e-10 3.488213400291387959e-10 1.298911872392207853e-10
-2.172186864253307696e-10 -6.959269191907931176e-10 -1.499541863547588520e-10 8.214712481472553691e-10 -3.523662746739125769e-10 8.945331556219072692e-10 -1.129791285590345408e-10 -4.143052798211321230e-10 6.874952939499272824e-10 1.323762188295308011e-10 -2.418337506537798134e-10
-2.190868588105180917e-10 -6.274479681751706993e-10 -1.240637885178704313e-10 5.497951822768372158e-10 1.525147447843556858e-10 5.696522914846174133e-10 -5.048436618738935683e-10 -1.173722992212814832e-10 4.216543103157514926e-10 3.867864684096006780e-11 -1.335894474236493184e-11
-2.162292162172787618e-10 -5.043398638363807918e-10 -7.714929983026076403e-11 2.732965480371053319e-10 3.742288099796093592e-10 2.020756062638383279e-10 -4.935702525303852602e-10 1.467924021841863117e-10 1.679524078196907756e-10 3.153117368896022999e-11 4.344493557196887170e-11
-2.044553610748052660e-10 -3.247291663097941024e-10 3.233658082368301982e-11 -6.355089467456718896e-12 1.413959750774001759e-10 -3.509667007580876754e-10 -1.104723183424485872e-10 8.509103883080378495e-11 -7.529985763610803280e-11 1.425829922615736209e-10 -4.593537867728876019e-10
-1.852425322468980190e-10 -1.691403514999009932e-10 9.785707936554097334e-11 -1.563872925631683454e-10 3.358484959609651206e-11 -2.423189620084052456e-10 -9.691217637203605472e-14 3.535260100699827918e-11 1.127494649473673698e-10 -6.849017939101473216e-11 -5.375205142633506403e-12
-1.599806220072613114e-10 -5.884096522437101751e-11 1.485663862507926621e-10 -1.731831057196483663e-10 -3.359894801883123111e-11 6.124100888633598194e-11 3.097047463145393703e-11 2.426889743177248359e-10 -4.993365756093721037e-11 -3.750284907650496198e-11 -1.060850063513036367e-10
-9.705499527848277211e-12 5.413556839878543472e-11 7.411939901826608060e-11 -4.007366450971073843e-10 6.651856922152704201e-10 6.955011901002147449e-10 -1.088347528410468258e-10 -3.377633557349931885e-09 1.731332392103298152e-09 2.766883439443376397e-09 5.938947296195635081e-09
-1.327030191056593299e-11 7.584741502828333663e-11 9.470090840637090721e-11 -5.363856094819734184e-10 9.137299141412794468e-10 9.464081097822520445e-10 -4.854037829377142353e-11 -4.468737074343701994e-09 2.376834535560992226e-09 3.814546992901100518e-09 8.122317762603588283e-09
-1.557026619775744498e-11 9.279096747830777303e-11 9.304571989018811830e-11 -6.008692154529817143e-10 1.090539567760093736e-09 1.050122231666890423e-09 1.723110212841402486e-10 -4.785127666084697072e-09 3.201984952737243286e-09 4.374781262862779344e-09 9.905670014238104558e-09
-1.599348750250882720e-11 1.005904033236106511e-10 6.974549897394532073e-11 -5.768066790121720131e-10 1.147469520502122724e-09 9.858242383157807402e-10 4.977906068531659180e-10 -4.254645120235063803e-09 3.930608741568400727e-09 4.326096890198825044e-09 1.075238827872549264e-08
-1.495407552800157699e-11 9.882807971451307380e-11 4.279178276358962590e-11 -5.037824014887984730e-10 1.095419055174580559e-09 8.491630071592486327e-10 7.511593705830086883e-10 -3.412991470728384592e-09 4.167610519545236866e-09 3.934109389055564205e-09 1.048695566906201140e-08
-1.266773857302554965e-11 8.658841548270453363e-11 7.425845509776928838e-12 -3.890942545668779218e-10 9.783355907202982843e-10 4.971439518730409158e-10 8.918276320994584272e-10 -2.008664503369309043e-09 5.173568633473386658e-09 2.814830334874579806e-09 8.833440741758324219e-09
-1.251573746027147394e-11 8.145299797187125721e-11 5.438353541668944413e-12 -3.928909068046817840e-10 9.996153935309416745e-10 3.167656900885632444e-10 7.679667021227203682e-10 -1.701480161718097446e-09 6.445492230461821603e-09 2.459222959502872378e-09 5.921683564252625593e-09
-6.539335968618432983e-11 -9.486353946018526430e-11 1.918139561536643250e-10 5.713321059750945551e-12 -9.020065469948974061e-10 1.378531570441868777e-11 1.711746570192190277e-09 -2.131483642822707361e-09 6.069457025807988503e-09 2.897637595493203621e-09 1.709735946512994778e-09
-1.751389854643304482e-10 -5.114919875065438997e-10 5.376831387898658620e-10 1.261972414896771417e-09 -5.699389010046934266e-09 -8.539354392953107784e-10 4.377789040863844876e-09 -2.263374362380361463e-10 1.107770994810497035e-09 1.919625236631747233e-09 -1.758679041092585684e-09
-2.057421544326232875e-10 -6.344109226474656326e-10 6.562911961580392748e-10 1.592988095615250725e-09 -7.047207434692979049e-09 -1.153938294363686974e-09 4.773296945383500357e-09 4.706708835743618677e-10 1.012154915066919935e-11 1.083885146093812822e-09 -2.463640185502558835e-09
-2.229564768680226356e-10 -7.448097308955816997e-10 5.693249778843800247e-10 1.674228879944184636e-09 -6.635341531290162238e-09 -8.960749845787116048e-10 4.240109163321318067e-09 -3.020680707801145084e-10 -5.585962932841307125e-10 1.194582629477184790e-09 -2.881299514057057506e-09
-2.098437214477824552e-10 -7.419005626824342350e-10 3.981546687609641804e-10 1.429338891153135647e-09 -5.167466460383489712e-09 -5.530126645822322431e-10 3.317330752089441675e-09 -2.462270001082233501e-09 6.755035467313316910e-10 1.604701339428458340e-09 -2.406345871627195451e-09
-1.891306856898945304e-10 -6.597264959968265209e-10 1.886617235853826047e-10 1.114145784045859638e-09 -3.011060904894095178e-09 -1.775047309860485182e-11 1.836358287994893606e-09 -9.594078643796186771e-10 -2.431776528478774686e-11 5.401261670076205476e-10 -1.541340641335978509e-09
-1.873083264668329241e-10 -6.465169579585677338e-10 4.886539777835245811e-11 9.562574867686530071e-10 -1.724333707221310861e-09 4.129129293818028441e-10 7.923849086387825485e-10 -2.847018170273671851e-10 -1.916040053726149787e-10 2.273774006484208262e-10 -1.197040140646322625e-10
-1.842307123027582022e-10 -6.149998065061936414e-10 -4.084668366199105883e-11 7.745023795849082752e-10 -6.946577770911444061e-10 8.030059887421473102e-10 -5.021012715292731566e-12 -3.766794583863055039e-11 1.238387961753325436e-09 -1.528139789839651456e-10 -2.801936778804504369e-10
-1.857873194025704986e-10 -5.721322001022818614e-10 -6.966923269856914873e-11 5.739079443610464893e-10 -1.228091739802705938e-10 5.825261424961209202e-10 -3.132520875362313095e-10 -1.039512200765070143e-10 2.888346468873258255e-10 -7.376257328222902447e-12 2.712470198272007607e-10
-1.856328684181366566e-10 -4.853378086693959906e-10 -3.756244322252216258e-11 3.402753733737891391e-10 2.464533978357968641e-10 3.273153821402284107e-10 -5.209133122836423645e-10 3.602547405569797837e-10 1.182635816015536909e-10 -1.666620354763398541e-10 2.075905440124896077e-10
-1.778548184232607077e-10 -3.483414812680729299e-10 4.771365175056001315e-11 9.087748016660320309e-11 1.461437234136709137e-10 -2.132193464824649688e-10 -1.735466669711947337e-10 1.651498952413980735e-10 -3.682345611260679288e-10 7.456828491494620633e-11 -2.389087538736725149e-11
-1.640881041210719607e-10 -2.071618892946751414e-10 1.259370767055417378e-10 -6.687101923392116906e-11 -3.450037028695802515e-11 -3.121965997282292608e-10 3.557802039180991282e-11 6.693257593175078416e-11 -2.091731695114087310e-10 -1.908626623418999835e-10 -1.373637993262741615e-10
-1.423829521123428386e-10 -8.611166522002484589e-11 1.815080730777099683e-10 -1.489661581489364501e-10 -3.462272767500439208e-11 -3.831634902333782402e-11 3.522862346623153430e-12 2.322586835830040336e-10 1.566346719370696389e-10 -2.649949030766489601e-10 -1.140017882365188855e-10
-7.036528306515829251e-12 3.397097513740647480e-11 8.074726653980045545e-11 -3.231782173612881031e-10 5.118092811954582872e-10 5.648695516164396425e-10 -1.330350687715878552e-10 -2.833523038457040409e-09 1.250970733071278620e-09 2.271700657581056675e-09 5.207253127231160002e-09
-9.829225405864508880e-12 4.832638007678974213e-11 1.101117225858738755e-10 -4.456281366444018731e-10 7.219298209907190095e-10 7.889640290887957203e-10 -1.103022335066707688e-10 -3.869156395012315969e-09 1.777244965178930382e-09 3.223198822105366887e-09 7.310815348497897038e-09
-1.206462449992628936e-11 6.083866237466627235e-11 1.288880908933340229e-10 -5.348834015376513820e-10 9.031673625149997639e-10 9.477556105468041553e-10 7.581469716698782766e-12 -4.534226924849804905e-09 2.394997317274195196e-09 3.985049897389093706e-09 9.170180571904028036e-09
-1.237258512897944668e-11 6.523180695618605886e-11 1.182133283295388880e-10 -5.231362561756904992e-10 9.653877047344158027e-10 9.040739975561604289e-10 2.927988131743078602e-10 -4.160957947725552589e-09 3.088747537969201607e-09 4.063152105511469910e-09 9.939259816516143859e-09
-1.161757845480969072e-11 6.406291875873170189e-11 9.817054260019160069e-11 -4.672992363707015889e-10 9.411491351009637787e-10 7.941334869637626958e-10 5.414902324873473525e-10 -3.468256584531101670e-09 3.416402383432452709e-09 3.836234884699581488e-09 9.776074336589857792e-09
-9.781873174869787328e-12 5.554677882893730444e-11 6.601072081443540283e-11 -3.683934872693082523e-10 8.442611088810037371e-10 5.210598386730980401e-10 7.020038697332498951e-10 -2.290315158459696181e-09 4.111052637290740260e-09 2.966426075014136984e-09 8.558514626405912850e-09
-8.415292093388747425e-12 4.774570046355779504e-11 4.370346909378371595e-11 -3.012735837598623707e-10 7.714574728697030005e-10 2.868371260640812912e-10 7.379671271133678829e-10 -1.431270756198385268e-09 4.832904494480230717e-09 2.224795861425637280e-09 6.867142949665742556e-09
-1.698238037869206654e-11 3.117262338991689093e-11 9.185027479251868299e-11 -3.669463373327957069e-10 7.048079624722617813e-10 2.389363196466901184e-10 5.696889960791343414e-10 -2.157308273530964183e-09 6.400691784955085892e-09 2.657585910343835717e-09 3.102753604386656426e-09
-1.391284437150109162e-10 -4.057494214513177714e-10 4.961116441470512051e-10 9.230363903422563144e-10 -4.548410801855968983e-09 -6.252867038104445094e-10 3.584683638438934568e-09 -1.068541864569879160e-09 1.570192448941171477e-09 2.337703316682946400e-09 -6.164861387316623340e-10
-1.726089969174838694e-10 -5.423525246995838959e-10 6.037567663152074073e-10 1.381816736891017107e-09 -6.208875021312407151e-09 -1.043046615060909804e-09 4.271850062099915596e-09 4.606671294833280564e-10 -2.600256753288562479e-10 1.084743646229300119e-09 -1.849492091935506261e-09
-2.008382845292514746e-10 -6.622160423284583687e-10 6.266665078669355323e-10 1.576264195098500737e-09 -6.649943949229442703e-09 -1.004964300570113493e-09 4.235288211952850435e-09 4.643236717831989655e-10 -8.597030205196255032e-10 9.090933833428767097e-10 -2.484501080299932490e-09
-1.817791123240353089e-10 -6.369883016857708917e-10 4.315474822368547471e-10 1.325826936936565736e-09 -5.162087149971136182e-09 -6.727126419302602049e-10 3.288019448618583784e-09 -1.666513548122108271e-09 2.397239864291613488e-10 1.482808061136179320e-09 -2.634919125950412705e-09
-1.646365731090060603e-10 -5.871263311873898589e-10 2.593731423509397205e-10 1.057876915997530684e-09 -3.307302658049387559e-09 -2.086393212997180691e-10 2.053116667291818008e-09 -9.777849902134148799e-10 -2.661900311394010900e-10 5.096517761064280400e-10 -1.145770319497287438e-09
-1.591149224344121660e-10 -5.554102470936076792e-10 1.214717803104311274e-10 8.886701183209142534e-10 -2.022420698786909799e-09 1.734231416666314774e-10 1.058829365918659051e-09 -1.385072986276301134e-10 -3.120705510394768873e-10 1.603509379390241026e-10 -5.604465683215363715e-10
-1.558597300688527091e-10 -5.428405143815950982e-10 4.123948444145290675e-11 7.333282018176823863e-10 -1.007089537672535339e-09 5.688596900267228995e-10 2.267449503455628288e-10 2.915843505192380016e-10 3.459307612008635261e-10 -2.054974113893719308e-10 -2.439343988665606882e-10
-1.559769150422824712e-10 -5.059779861177576463e-10 -2.524670873995497880e-11 5.604566245855176887e-10 -3.230419048513321318e-10 5.157383102290121269e-10 -1.204092566738296355e-10 -1.215140802175639384e-10 4.174262374897339802e-11 -3.122973340577847010e-11 3.317799188181038384e-10
-1.570972454656654214e-10 -4.476668610754616009e-10 1.116361662109959432e-11 3.873680354396493509e-10 3.561277266549293035e-12 3.655217184352399151e-10 -4.469535963034910416e-10 7.041452618220482839e-10 1.332504408536095766e-10 -3.827376193473178526e-10 7.364740186550934896e-11
-1.516945237040942781e-10 -3.476856890589907501e-10 5.614658149777352919e-11 1.567231908236837800e-10 1.274144732162958844e-10 -1.088892838578555114e-10 -2.137068502580484614e-10 2.213482418308515909e-10 -8.367437617955251250e-10 7.918361552968399791e-11 3.135037581351102477e-10
-1.410858036123105883e-10 -2.217926768614556273e-10 1.343163974762675025e-10 -1.903250877193854574e-11 -1.661081541414300514e-11 -3.090347286063746810e-10 -1.029901113709262729e-11 -6.339375663200457830e-11 -2.782490649255612592e-10 -1.277182210496139054e-10 -6.073969640392996833e-11
-1.246461628104031392e-10 -1.101382086809309120e-10 1.910191330837949602e-10 -1.181949390153789636e-10 -1.001268944160647666e-11 -9.865541427727222155e-11 -3.396677415780983933e-11 3.458622032664892046e-10 2.606899432011380451e-10 -1.798737878425129127e-10 -7.105926579819048505e-11
-4.822530188181304159e-12 1.927212925118891195e-11 7.612172009737394607e-11 -2.471854126551500149e-10 3.700164004623196406e-10 4.394436818023411369e-10 -1.390713711755512109e-10 -2.250716624466671597e-09 8.066537776840577423e-10 1.769334259034783709e-09 4.395314191574111518e-09
-6.821768286641832974e-12 2.746693615679017084e-11 1.078348073085052620e-10 -3.478385486896854875e-10 5.323816486282639371e-10 6.249165605822394344e-10 -1.391340129495432994e-10 -3.139403898182492017e-09 1.182376791484227519e-09 2.569641027015304945e-09 6.286779310083342691e-09
-8.829522555978933343e-12 3.580680108581591589e-11 1.396567602438026737e-10 -4.476602519636791700e-10 7.011401553816694976e-10 8.106239553694732260e-10 -1.066492983142054313e-10 -4.001858317736298694e-09 1.600922970617662262e-09 3.412867990686838630e-09 8.238955873150586878e-09
-8.983004001804138955e-12 3.675680872352857780e-11 1.402757433719961858e-10 -4.460371112730858062e-10 7.608516343190587759e-10 7.846958879833327176e-10 1.217521464337683733e-10 -3.776991374791565196e-09 2.212132421839958962e-09 3.600546085633743778e-09 8.837006674715588882e-09
-8.364722715540629777e-12 3.461653668775538752e-11 1.292217425801582492e-10 -4.061549120754446941e-10 7.552624185318649051e-10 6.978109661247363489e-10 3.471743998128638364e-10 -3.236602193510028645e-09 2.592143043759474261e-09 3.496686784363728431e-09 8.661672863991009821e-09
-6.964148967819603138e-12 2.868961769323756804e-11 1.043548533470953606e-10 -3.284769761601935538e-10 6.825139344970888770e-10 5.065887733997641259e-10 5.131930025847854428e-10 -2.328370331618298132e-09 3.014592783722342541e-09 2.910718379077691834e-09 7.766808281971354800e-09
-5.358838496485554901e-12 2.140330505837748327e-11 7.484604476107721981e-11 -2.420693493622659494e-10 5.872615509268622607e-10 2.672498020537989579e-10 6.096583289047106574e-10 -1.325036372789832018e-09 3.550010527513087186e-09 2.075996357145693132e-09 6.692479029819594859e-09
-6.951367135109258661e-12 2.484442922922617737e-11 9.170578001734492351e-11 -3.278181755832650558e-10 7.164941538033721692e-10 2.395134628389634679e-10 3.752149686494102588e-10 -1.791279067460835349e-09 4.889242887041730622e-09 2.301611998282573794e-09 3.908755197312051137e-09
-9.645225827659718826e-11 -2.821627320657118854e-10 4.081231332158397020e-10 5.606509509657154933e-10 -3.132475547731206276e-09 -3.804127834806604807e-10 2.585375447062536285e-09 -1.488250708528732064e-09 1.905194176851660553e-09 2.414786360050331055e-09 5.012236327037668986e-10
-1.389582234039417801e-10 -4.453073691348975042e-10 5.362413821769008821e-10 1.144968991099485860e-09 -5.257169122543735234e-09 -9.111524829925870343e-10 3.667326434758773383e-09 3.966917003581244612e-10 -2.697688428861241909e-10 1.081759735239263185e-09 -1.439264906504636451e-09
-1.645190283609512451e-10 -5.345489353630928855e-10 6.129723368549835054e-10 1.339367177523977885e-09 -6.076489567563093159e-09 -1.035843816889525311e-09 3.899029419239041635e-09 5.296411805202854662e-10 -5.876707644888653445e-10 8.095823156173208420e-10 -2.171089526488675759e-09
-1.508236839580826060e-10 -5.257609973873952824e-10 4.280252006549421079e-10 1.167663119747893672e-09 -4.778529591153789645e-09 -6.934068604712241766e-10 3.030197050432153925e-09 -9.426602136681998772e-10 -2.817422371036212966e-10 1.145919339079731444e-09 -2.332236378926888052e-09
-1.397204540955464180e-10 -5.062048938033338950e-10 3.028437050194231033e-10 9.703207975182508109e-10 -3.447485070961579485e-09 -3.578150373671315613e-10 2.169334947689792414e-09 -1.096546744122729444e-09 -2.753442884195255819e-10 5.643965170341952425e-10 -1.133490791644239621e-09
-1.304051348709493374e-10 -4.603101828156968639e-10 1.702562306431364129e-10 7.906015942640022064e-10 -2.164939932633004884e-09 -4.572843298775800176e-12 1.228322839323207016e-09 -1.678618575389290119e-10 -4.266053556197380626e-10 1.675012656893173053e-10 -4.830628077998390446e-10
-1.239506513957740154e-10 -4.395947115126742034e-10 8.831268380602882335e-11 6.399953893709021587e-10 -1.211687398100482478e-09 3.184632557160446868e-10 4.593816141222544856e-10 2.564364195250349828e-10 -5.456338547256968563e-11 -5.383342357811467699e-11 1.213184081580238212e-10
-1.223909922179590743e-10 -4.141722984605931884e-10 1.849038051366794683e-11 5.092229568992222543e-10 -5.328415738347563352e-10 4.175043222565909153e-10 8.241074321683428114e-11 -1.210550444118569511e-10 1.038190493506947723e-10 -5.567329085362245477e-11 2.507979042824758858e-11
-1.217849850311691159e-10 -3.728331137119245495e-10 3.973264193159109843e-11 3.544126435686467867e-10 -1.477833728667882826e-10 2.992361632134956073e-10 -2.737763182944801408e-10 5.098860190001654286e-10 -7.866589821311206846e-11 -3.295561321157404688e-10 1.627176384079463510e-10
-1.193569992649850553e-10 -3.106644722231118978e-10 6.694989096619031781e-11 1.924247094442215707e-10 1.374144826402686190e-11 5.976276758635454795e-11 -2.343025712020140224e-10 1.946318825089018999e-10 -2.185290972163361994e-10 -2.758475342807748016e-11 2.195587827318307508e-10
-1.125662008039073778e-10 -2.135991386046805027e-10 1.275143754189879503e-10 2.151815238318943149e-11 -7.688012246179218178e-12 -2.042721956956993138e-10 -8.956878083260764191e-11 -5.618654216739493402e-11 -5.748706225401875573e-11 -7.378377467465467938e-12 -2.133916841905785249e-11
-1.012418274579227076e-10 -1.247340642199675250e-10 1.746979097238289992e-10 -7.497018710043533813e-11 -4.020978173816817103e-11 -1.288459229769703402e-10 -7.951149768920322233e-12 -1.025902905231493354e-10 3.102789794336338220e-10 -1.331276161296566516e-11 -1.386229141446219033e-10
-3.141738325856541629e-12 9.436200023354176885e-12 6.578244746098281991e-11 -1.812543669676019348e-10 2.551061903882716999e-10 3.284369597699547725e-10 -1.297359270563430362e-10 -1.709954970023067261e-09 4.742983727238987090e-10 1.318364672382429372e-09 3.533079434274256991e-09
-4.483970609411019490e-12 1.306323160922972891e-11 9.673903086511818104e-11 -2.605196702143212293e-10 3.749537256425171742e-10 4.756293458259238342e-10 -1.444859382253539626e-10 -2.439438918693831512e-09 7.253527826727160567e-10 1.973882438802316427e-09 5.156763246486266716e-09
-5.956551402220066430e-12 1.691080827836604846e-11 1.317212825312053488e-10 -3.480091432944652847e-10 5.105174975627963256e-10 6.394743850663155424e-10 -1.457999552686348233e-10 -3.239902933315430443e-09 1.017859848003195092e-09 2.724273597680349457e-09 6.977696555048791728e-09
-6.206561498197488847e-12 1.586505001731681098e-11 1.459518063219236690e-10 -3.683726482733771117e-10 5.770118157558244720e-10 6.616576274201366391e-10 -2.274462051333962383e-12 -3.299907006405516582e-09 1.469464364613693332e-09 3.057280189858842696e-09 7.689953933945263816e-09
-5.628079047744445120e-12 1.214606401750299387e-11 1.435629942718621651e-10 -3.415470662152794142e-10 5.805694229770226040e-10 5.957306942822303227e-10 1.901999758628946701e-10 -2.897415506683358707e-09 1.844471639792429992e-09 3.057851217470629958e-09 7.506511932329201719e-09
-4.592168773461311088e-12 7.635547338647491150e-12 1.278517140191701407e-10 -2.859228441098983310e-10 5.310217279121316613e-10 4.751246166041271586e-10 3.417921441491081071e-10 -2.258365773294473338e-09 2.060598771921455155e-09 2.746611456902249738e-09 6.728531363059521455e-09
-3.207800708470109474e-12 1.990729239267729301e-12 9.918650517736635537e-11 -2.068181179484186476e-10 4.490258918054442050e-10 2.576854958432884118e-10 4.466490550140744078e-10 -1.330314320814709771e-09 2.577306656826227595e-09 1.978676045796410834e-09 5.966748589850044586e-09
-3.783425625872961166e-12 3.034520368004447220e-12 1.007845371430711121e-10 -2.350708912129381837e-10 4.980304291823559923e-10 1.964372963829540813e-10 3.348781924829518576e-10 -1.381898951358847261e-09 3.375612760270179088e-09 1.925726460422545856e-09 4.226879496313383430e-09
-5.545228588442740514e-11 -1.670342289161582872e-10 2.974491369749282627e-10 2.429864481633011408e-10 -1.719967780968797493e-09 -1.768296778238957613e-10 1.585183886013888861e-09 -1.405529465773763977e-09 2.149781923164538941e-09 2.129498065802397973e-09 1.479349687638416235e-09
-1.081018139736226777e-10 -3.551067944391229674e-10 4.672096554905183062e-10 9.074731893238019905e-10 -4.301578290218843846e-09 -7.576615516543994051e-10 3.039651756501015179e-09 2.078467434165656736e-10 -1.883588937112872679e-10 1.115061219997145327e-09 -9.034879089664671329e-10
-1.272142200945002659e-10 -4.148725992829213528e-10 5.388926610344924923e-10 1.078861743775950075e-09 -5.109608990603733845e-09 -9.240593927685008050e-10 3.309565465756868751e-09 5.014996213067816253e-10 -5.695318042031961204e-10 7.227534803811993653e-10 -1.615433313753098490e-09
-1.251318545776245217e-10 -4.344577178157792318e-10 4.216965263492571868e-10 1.033537230659030920e-09 -4.427705819340870431e-09 -7.109675511556528149e-10 2.817016614005523116e-09 -2.352902863201437573e-10 -6.123202188740851346e-10 8.130510162016759565e-10 -1.893184661924609349e-09
-1.171408921979732655e-10 -4.231307323783340586e-10 3.166141283725350166e-10 8.803880013142497657e-10 -3.483853607986087633e-09 -4.746389396243215112e-10 2.251392835194204567e-09 -1.148448990840143927e-09 -1.782612624127676800e-10 7.586984858573914706e-10 -1.332001247512274302e-09
-1.039819499222637378e-10 -3.715389213993125821e-10 1.992199122351673567e-10 6.969123011781855388e-10 -2.233233644937085216e-09 -1.601769468006853367e-10 1.365809271559943848e-09 -1.685464060631149231e-10 -5.386898229898362099e-10 1.719958411063991279e-10 -5.230243279941548167e-10
-9.693180860672572673e-11 -3.482946043251306181e-10 1.187026356036745147e-10 5.631852239081621481e-10 -1.361036055103056561e-09 1.368902410964713432e-10 6.664043068795010125e-10 2.027513170716280010e-10 -3.618312796190169934e-10 2.270753003472102645e-11 -8.983884222689709005e-11
-9.275060909819106810e-11 -3.249717681517173866e-10 6.127882848639166366e-11 4.491897981208136333e-10 -7.153761996872720582e-10 3.288556509825578555e-10 2.258636409591774582e-10 1.241662342786573801e-10 3.087739760593945454e-10 -1.953778158210533888e-10 -8.089181679590401477e-11
-9.140128353291224679e-11 -3.005673330483089576e-10 5.886769036661864553e-11 3.173582708118860686e-10 -3.055798236374656543e-10 2.435090384562740099e-10 -7.896142632927839767e-11 2.917893919390324390e-10 -5.619664534250677217e-11 -2.557917786838895449e-10 2.810762176121869694e-10
-8.968314116973255481e-11 -2.612992698967591455e-10 6.761520963542034760e-11 1.986434838982335912e-10 -6.582626414875219545e-11 1.289503556569375716e-10 -1.673262141340745559e-10 1.162929622079176732e-10 -8.561509455157027099e-11 -1.105686792894110374e-10 3.075529430347946154e-10
-8.517680562693588409e-11 -1.926292953252246935e-10 1.142295207857608974e-10 6.075724199463290611e-11 -4.709558702784070500e-11 -9.857042191914666224e-11 -9.399815561697669956e-11 -4.633370183559024819e-11 7.897661236485688678e-11 4.681685458890230884e-12 -6.295563794836802975e-11
-7.826303203173450181e-11 -1.260761028138640171e-10 1.545825491576517476e-10 -3.383374479121250929e-11 -5.534266952133678726e-11 -1.333873938662148312e-10 -9.814613792466965210e-12 -2.658263072334424360e-10 2.491109012192298003e-10 8.022791500540240266e-12 -1.643855001209414318e-10
-1.738302495246940434e-12 3.073880252287721028e-12 4.694755264777704675e-11 -1.141477449128696525e-10 1.497147255474629224e-10 2.072707391172739114e-10 -1.022114054452125989e-10 -1.100101868815148158e-09 2.455332638741355789e-10 8.572721083002858768e-10 2.338086205136427403e-09
-2.497979286228009291e-12 3.602220790177393431e-12 7.194925551462055399e-11 -1.685470090972006248e-10 2.257299643020580908e-10 3.073502026437776916e-10 -1.224025611034598062e-10 -1.610914721152008140e-09 3.977236996303527729e-10 1.323611713529620526e-09 3.501498760272148019e-09
-3.401641937619014590e-12 4.105401000906409437e-12 1.023541532647368421e-10 -2.339971056039941993e-10 3.178462405877613984e-10 4.281272690468998412e-10 -1.406215371030218589e-10 -2.220747033310377652e-09 5.867626669485570365e-10 1.891698671061054828e-09 4.909555746511120550e-09
-3.722680005362596206e-12 2.119505765358561815e-12 1.238351785259027483e-10 -2.684103243098129633e-10 3.790088806595456805e-10 4.844195174623727320e-10 -8.511717945376855521e-11 -2.486044867729968049e-09 8.505668610940112547e-10 2.290305661395410500e-09 5.765206455378371660e-09
-3.209216826586059569e-12 -2.544281767881903180e-12 1.282071989415716138e-10 -2.538357632736071412e-10 3.841244638802650432e-10 4.433953517537363315e-10 5.052949636578495256e-11 -2.239388690524114265e-09 1.137000329691642292e-09 2.367661681378844846e-09 5.680747604262528194e-09
-2.471710646341867400e-12 -6.547075252570246550e-12 1.215058234454231646e-10 -2.192647158604692445e-10 3.557678477170017649e-10 3.711488040438951795e-10 1.685139906730373514e-10 -1.833196189420882398e-09 1.281049589304257012e-09 2.246544246206010068e-09 5.125352998140446297e-09
-1.441224854650019810e-12 -1.046917010346902703e-11 1.002347982599226276e-10 -1.592786907455084159e-10 2.953626693507654325e-10 2.184860161625872226e-10 2.653444599472559148e-10 -1.145950446377680865e-09 1.605352774254233708e-09 1.716228339565121607e-09 4.632613647843783455e-09
-1.232873417915377923e-12 -1.112533564454967972e-11 9.002064654393361547e-11 -1.424839108594698441e-10 2.833277829873415116e-10 1.349410452929379008e-10 2.597670486519227804e-10 -8.763322888466082827e-10 1.967099177203457887e-09 1.452352538329448159e-09 3.781764426456421187e-09
-1.769622333589642214e-11 -6.023073975441886078e-11 1.608620854325073412e-10 -2.965219535376914353e-11 -3.695944187570350935e-10 2.509972500410171609e-11 5.788637032908802114e-10 -1.117023006761603932e-09 1.987662529780801728e-09 1.661935862230317899e-09 2.076682369566762003e-09
-7.084067832215907490e-11 -2.388196088336453284e-10 3.541747632175026635e-10 5.772257113398648800e-10 -2.943728452266112211e-09 -4.955988245600402745e-10 2.087480165566270190e-09 -2.020333905871741624e-10 3.261699531605736593e-11 1.178568717080836481e-09 -2.068908040027452262e-10
-8.493422316438348275e-11 -2.835591897794357651e-10 3.959803812868106530e-10 7.551512939134514286e-10 -3.645017915648078856e-09 -6.717092679543910353e-10 2.383308219839306150e-09 4.413436483565158105e-10 -5.915560880470648587e-10 6.001943068454722270e-10 -9.027266720682503478e-10
-9.242163618416337858e-11 -3.180509155437382782e-10 3.735163329801257864e-10 8.087059220116242687e-10 -3.659559148368564358e-09 -6.259548148764636143e-10 2.308907767163709591e-09 3.098586926034669771e-10 -7.864940539599779684e-10 5.336653549384363246e-10 -1.325620054961691772e-09
-8.280756184540181533e-11 -2.959830580302765581e-10 2.748354897893563101e-10 6.817617438272936886e-10 -2.954648630968482732e-09 -4.788565985890156706e-10 1.931595890781886189e-09 -7.684908470447836923e-10 -1.434547101511232333e-10 7.661213033953894077e-10 -1.360466368515456802e-09
-7.057446880349029142e-11 -2.535323931195010067e-10 1.879517745333876279e-10 5.203120605974237635e-10 -1.940966152709855869e-09 -2.455390062999169436e-10 1.240453686236976815e-09 -1.842149417262698046e-10 -4.067735763241457456e-10 1.961083553465244884e-10 -6.282535456189198502e-10
-6.510615852912046460e-11 -2.345636574902075487e-10 1.273345301937355536e-10 4.250326216030056829e-10 -1.285343460769659027e-09 -3.717534678890141731e-11 7.151983044982519571e-10 1.799105108117009349e-10 -3.324297444494821547e-10 -8.477226095350591441e-12 -1.664777342565066404e-10
-6.074373779382708164e-11 -2.194086657047862838e-10 7.982848244444409131e-11 3.381364651664128707e-10 -7.489138694780586752e-10 1.648229727600910844e-10 3.323903725486958453e-10 1.916054855625422661e-10 1.430345690509410298e-10 -1.560581444488456907e-10 -1.154016770179673474e-10
-5.832809331352502502e-11 -2.025530709152785428e-10 5.806300764825335689e-11 2.494734501866085666e-10 -3.887345276272749892e-10 1.512065090264691155e-10 1.160721144667865744e-10 1.229385895212330486e-10 -1.161659910069568770e-10 -1.276493373446723238e-10 2.415294020256650838e-10
-5.751643888184729023e-11 -1.830120050974704500e-10 6.227293808575330829e-11 1.777359756569367173e-10 -1.706096660827031919e-10 1.243575285968340687e-10 -3.727981886782608785e-11 2.357720662768917768e-10 -1.312583511460776201e-10 -1.450360606424885504e-10 2.560026879882925465e-10
-5.491275862817584321e-11 -1.483658090156698039e-10 8.059957312960224858e-11 8.674964149170924705e-11 -7.564462729168785813e-11 -1.852118573989538351e-11 -2.613594811215659852e-11 -1.956310543063542643e-11 -2.185481892298122734e-10 2.722520845246879241e-11 2.571312314798949471e-10
-5.114750219609206110e-11 -1.071400251430039272e-10 1.125086962369599917e-10 1.374772560007560131e-11 -8.303450889470095007e-11 -9.008244675506889763e-11 2.929972984353855853e-11 -1.994042530601630920e-10 1.306837045564320167e-11 9.057824254583224466e-11 5.186301527621453275e-11
-5.805398449393213135e-13 2.371497104423376280e-13 1.923508205622533467e-11 -4.311617685463397924e-11 5.277296450703186674e-11 7.624996866332197773e-11 -4.711245015557988914e-11 -4.173416336048999493e-10 8.896563720599997331e-11 3.223736150627497340e-10 8.931197621404245257e-10
-8.565233007072494769e-13 -1.811384559318035416e-13 3.105210849923641959e-11 -6.673185005739311925e-11 8.272698746846435070e-11 1.180176491202156091e-10 -6.288908308252429032e-11 -6.394822348274692293e-10 1.518987077946985969e-10 5.207069056471380518e-10 1.397411536754770973e-09
-1.183923334413520519e-12 -8.508893204719028979e-13 4.594288175736808184e-11 -9.576650072528182740e-11 1.198235521124602851e-10 1.693537062066408539e-10 -7.965713818053780552e-11 -9.109510267926249387e-10 2.331059926218259912e-10 7.706252028190766869e-10 2.021380074817200039e-09
-1.425926579502421830e-12 -2.112289399653181644e-12 6.070738818615034784e-11 -1.216316752894684838e-10 1.542665184509187384e-10 2.140657422781087216e-10 -8.371927663895338134e-11 -1.144182249108314981e-09 3.294399683861149169e-10 1.016524832979052233e-09 2.595098227974284349e-09
-1.149242963207710521e-12 -5.217945250996179589e-12 6.605375352693776282e-11 -1.181090671735341472e-10 1.567718613599899333e-10 2.022154190081338214e-10 -2.911934953782221436e-11 -1.068084666595885031e-09 4.415050380213362974e-10 1.096334743020776845e-09 2.603324137770677006e-09
-7.815086922661823967e-13 -7.836293399247364060e-12 6.587835955500097985e-11 -1.048659345620913411e-10 1.460728237325523917e-10 1.744579211234523310e-10 2.673404717507928853e-11 -9.065806986162113131e-10 5.094070777348222664e-10 1.086115208029649300e-09 2.393965119218441222e-09
-3.232513513551930931e-13 -9.679757684451199895e-12 5.794005827736795759e-11 -7.951622899307117468e-11 1.202796346039332563e-10 1.181695290584070908e-10 7.831609189538317224e-11 -6.265398997669850399e-10 5.934536987488830098e-10 9.043656418249626423e-10 2.159872334312900012e-09
7.135320193414893144e-14 -1.069244981323267930e-11 4.779964627510272152e-11 -5.394826472233557782e-11 9.322195940632948507e-11 5.894074795354643921e-11 1.153676219058373863e-10 -3.484235110167004548e-10 6.795140361978672810e-10 6.720736174230443598e-10 1.979746596439215005e-09
-3.725470404329982441e-13 -9.324590401539245979e-12 5.196404901616774785e-11 -7.534028647826472017e-11 1.232922470452132590e-10 6.606405248700466868e-11 6.204502905722509275e-11 -4.933487882082637665e-10 9.106318586806353436e-10 7.593921890003986924e-10 1.385749267929440525e-09
-2.558165521803555156e-11 -9.011411774435866704e-11 1.548410188233548875e-10 1.912186591064200376e-10 -1.109694080378344036e-09 -1.665945477844813792e-10 7.938440222365744087e-10 -3.158009188518305021e-10 1.392691517005010896e-10 7.232195574394605682e-10 1.830996697809843356e-10
-3.512962262783460923e-11 -1.205249906123326875e-10 1.827917529317678554e-10 3.280336693504627984e-10 -1.627713921699731508e-09 -3.083653241409954227e-10 1.072172105680899097e-09 2.241453702652836456e-10 -3.034990719038952802e-10 3.123433068957466083e-10 -3.402256874322079923e-10
-4.104212891590423304e-11 -1.393828342219359790e-10 1.986156479972790958e-10 3.805664549708257917e-10 -1.837093707124135679e-09 -3.372932255624705896e-10 1.150736418923469178e-09 3.263419641739958429e-10 -4.631133720257586875e-10 2.208342736580281804e-10 -6.051212971824500313e-10
-3.561684077871986834e-11 -1.255786888204624192e-10 1.443534140234879914e-10 3.196063782339663932e-10 -1.475135202764827473e-09 -2.613905556176200448e-10 9.484005016361038050e-10 -1.558112657596933014e-10 -2.116334084061759503e-10 3.159816309935848995e-10 -6.539402409459133442e-10
-3.083662163735273808e-11 -1.112032344318526904e-10 1.069160816019016792e-10 2.586067415868852635e-10 -1.089645366013840728e-09 -1.745387173586101199e-10 7.160003698228092303e-10 -9.831857725890726230e-11 -2.499842333968962569e-10 1.200676217450678878e-10 -3.445229086091618737e-10
-2.690863844718382629e-11 -9.662554683835731634e-11 7.775612704273029422e-11 2.017285730725770930e-10 -7.426866091899487898e-10 -8.102621639985187367e-11 4.527413893335444253e-10 1.071699844318598636e-10 -2.238280306731879694e-10 6.926143784931079108e-13 -2.050451046731315584e-10
-2.407989085442700519e-11 -8.864577783545874919e-11 5.151220600535385421e-11 1.591148550582191412e-10 -4.719305128331611581e-10 1.468286482716511926e-11 2.617044921264641995e-10 1.222012100539652527e-10 -9.803004144500307242e-11 -4.654127671954539121e-11 -6.788056434157444187e-11
-2.214271196537627359e-11 -7.991455407955116523e-11 3.547659589666047736e-11 1.175141662024064987e-10 -2.754726966012756601e-10 3.932104228588880640e-11 1.482504231373305129e-10 -3.411240673886285213e-12 -3.551136263264459901e-11 -3.651584013568007998e-11 2.174955282303483088e-11
-2.146396457870778981e-11 -7.319881906276920484e-11 3.577811974825875904e-11 8.908426776872168295e-11 -1.511980509735857430e-10 4.795135118284119593e-11 3.709961798692115557e-11 2.286859578689141231e-10 -1.373502707918388654e-10 -1.278545795572815211e-10 1.082166321938039293e-10
-2.044634637794224543e-11 -6.355790824935149438e-11 3.596186764825770719e-11 5.357556009866492082e-11 -7.907849561484172432e-11 9.096958099318474016e-12 2.551025035761759196e-11 1.541294309756327549e-11 -1.435923107395390892e-10 -3.492114133451987418e-12 1.133504359889810442e-10
-1.920762662424546900e-11 -5.012608436951106019e-11 4.658678921556307889e-11 2.277465566704000153e-11 -5.642102977042662323e-11 -2.226790845480113772e-11 2.795576180369205185e-11 -4.466690196545739098e-11 -5.872677939447519199e-11 2.002544216158927049e-11 7.595115117906572501e-11
