-4.228428328900038176e-13 -9.425402956894284533e-13 -1.396933440926242431e-12 2.139739451207547595e-12 4.111937826762031931e-12 7.141558814568236113e-12 -1.379651688468851456e-11 1.330159615236286322e-11 7.843121518569717919e-11 -6.811695366871920041e-13 3.968522355266624508e-12
-4.848024370976002677e-13 -1.391303046913172669e-12 -5.622652757934225004e-13 2.799940452593553462e-12 1.651884258630263365e-12 8.520044584316973800e-12 -1.561927750827467847e-11 1.448412445492240079e-11 6.711578677429618408e-11 2.101952150322496207e-12 7.660276935128018799e-12
-5.532444995411309922e-13 -1.883832198067371379e-12 3.505119980900431274e-13 3.473259378394112418e-12 -9.439353921310840309e-13 9.957245261107975691e-12 -1.727631191853731565e-11 1.501780239795107186e-11 5.287064595889019510e-11 4.380051022074207130e-12 1.080637900049844384e-11
-6.214915298898288977e-13 -2.369064822785026771e-12 1.205484676114512887e-12 4.098761442967221398e-12 -3.206726584528548386e-12 1.125236652869071355e-11 -1.830096926888592248e-11 1.511845306260487444e-11 3.776598942048900606e-11 6.728269574540597422e-12 1.192914769212861573e-11
-6.795553824861857248e-13 -2.777566156850435635e-12 1.850952479939583465e-12 4.573542586044810979e-12 -4.744686275905674238e-12 1.198349086136224735e-11 -1.827240677851129067e-11 1.436008018811679486e-11 2.296648926362556481e-11 8.964571452997393628e-12 1.155942905308694758e-11
-7.157476538705532876e-13 -3.038297736670961861e-12 2.122645275395329877e-12 4.754990314501377523e-12 -4.891213269277344387e-12 1.161114779173963809e-11 -1.607559171718856346e-11 1.271364079761206568e-11 1.110542068648453497e-11 1.082957894423487807e-11 1.040643424812902827e-11
-7.244143399241077350e-13 -3.093008923493631151e-12 1.949649316996329127e-12 4.512075967248961822e-12 -3.490904485838937485e-12 9.960920671928517953e-12 -1.168256922823800288e-11 8.299793633134430521e-12 3.495702933858047575e-12 9.764167610052624821e-12 8.715677018710078006e-12
-7.174993387090459811e-13 -3.000003791452090753e-12 1.492026774790848726e-12 4.064636223830142226e-12 -1.379829616207500010e-12 7.797018193878802885e-12 -6.684099959501449420e-12 4.183992137251624328e-12 -1.314285316652762691e-12 8.141961636264806805e-12 7.333967607872234196e-12
-7.008183354228577833e-13 -2.786890692681595920e-12 9.239798989738642846e-13 3.507600063209500997e-12 5.566390559437062874e-13 5.675380042099663022e-12 -2.967219541079463035e-12 1.053539272140023999e-12 -3.853104622659326510e-12 6.292321380389602694e-12 6.077445654252982675e-12
-6.771730427852542347e-13 -2.477882571340588323e-12 3.710815181476234786e-13 2.897507755183535138e-12 1.863817487292342318e-12 3.922510139278785358e-12 -9.490540833139372147e-13 1.163796581720312555e-13 -4.541738115095913404e-12 4.992370643540359626e-12 4.933878022602459450e-12
-6.428658460971833411e-13 -2.098130303764674096e-12 -9.444869115308514171e-14 2.260632776106145071e-12 2.446942884209904990e-12 2.537091025034913477e-12 -2.388109943821776676e-13 -4.249773260987330257e-15 -3.749277457619445467e-12 4.034528568253433095e-12 3.988364805060223402e-12
-5.959327615643844562e-13 -1.676194956660173524e-12 -4.473127536753829911e-13 1.616981312538676139e-12 2.421789140808791749e-12 1.450928347267090389e-12 -4.714711347882865334e-13 -3.646120126095553353e-13 -2.821012921269513569e-12 2.205592633661844803e-12 2.644682336626064429e-12
-5.347642381233027634e-13 -1.236563364897766229e-12 -6.759706397067720281e-13 1.015695018104312382e-12 1.996353840698599451e-12 6.872873328032916763e-13 -7.905912523075686310e-13 -3.154942221744368223e-14 -1.470543146180735368e-12 1.335692117130920520e-12 1.206818915675440631e-12
-4.620440708421299483e-13 -8.254947407550933967e-13 -7.582946886633742713e-13 5.168125532051603402e-13 1.349774361523878114e-12 2.134256756216231332e-13 -7.626293746451432487e-13 6.638491847250585310e-13 -1.699281175607993428e-13 8.361758218921461139e-13 3.523764158585945729e-13
-3.835155113979991808e-13 -4.879906734998498077e-13 -7.017715681702660899e-13 1.880756058678232007e-13 6.325610156570236262e-13 1.266301014775622145e-14 -5.025541426861202044e-13 7.865571668430446691e-13 3.481707218425706551e-13 1.670674125188348528e-13 -4.842535574572406343e-13
-3.049630190484688894e-13 -2.363704014867458373e-13 -5.440114791518424097e-13 2.407300086544596233e-14 4.183815490787746635e-14 -9.468000752859180089e-16 -7.236826146471635875e-14 2.753793721184446714e-13 -1.817847239007398831e-13 -5.110610603485110551e-13 -3.631783132581646575e-13
-2.314636978558098413e-13 -6.484536853068891724e-14 -3.449660989062008236e-13 -5.765882487944295211e-16 -2.551029282311916512e-13 4.665600269457671414e-15 1.735157665071183309e-13 8.653339483923987815e-14 -3.255727876636960228e-13 -4.572392260757014694e-13 2.527509810561053802e-13
-1.676799378211660123e-13 3.713345424858471724e-14 -1.567158803422406493e-13 4.661387385217212335e-14 -2.575748593141817375e-13 -2.331390891992828664e-14 1.674628936274359859e-13 1.181550233312449075e-13 -1.434742341981512330e-13 -2.139939154978900911e-13 2.838434893761243629e-13
-1.154258081058453590e-13 8.067489382783457939e-14 -1.703427513367196417e-14 1.141219893855646774e-13 -1.175014863700229212e-13 -9.881267956602961201e-14 8.424689852068349810e-14 1.508317065957552356e-13 -1.080283528996734350e-13 -1.188040186810367004e-13 -6.368216419365796993e-14
-7.498647617742810316e-14 8.735776408103439685e-14 5.852922151193000879e-14 1.633035015160895562e-13 -2.921752732522356020e-15 -1.575636662628638986e-13 -7.163982145877254697e-14 -5.723386641468304667e-14 3.470584441544413729e-14 9.443228224610293778e-15 1.011106852777326756e-13
-4.328612557122650032e-13 -9.160010927233040294e-13 -1.568438823541403565e-12 2.110254461522647303e-12 4.642095358599556170e-12 7.217245158040255933e-12 -1.398257739752171003e-11 1.284851805722780599e-11 8.309670409521040117e-11 -2.022493622660233881e-12 2.698919953685597273e-12
-4.967677530248576580e-13 -1.378207015455067330e-12 -7.099839170501753555e-13 2.801394234675018330e-12 2.090895628552684393e-12 8.639695207271150721e-12 -1.595651305322146860e-11 1.424517916885285819e-11 7.192920905459092801e-11 9.592686257812660552e-13 6.724321844811937764e-12
-5.681567654902191641e-13 -1.892860160780795739e-12 2.485085019128407886e-13 3.515677553714277250e-12 -6.620460694279587686e-13 1.016273299925187125e-11 -1.781736043538275183e-11 1.499270644026821505e-11 5.748476282195275419e-11 3.410335782628641868e-12 1.039731903817973872e-11
-6.408729663619263119e-13 -2.409972801553725979e-12 1.170612374884541414e-12 4.194371983650766279e-12 -3.146693979198987769e-12 1.159992083622559315e-11 -1.911662134437615467e-11 1.529297686119463017e-11 4.184609568092497064e-11 5.897989921213721253e-12 1.209064188626581880e-11
-7.052934675633471100e-13 -2.861382068614900821e-12 1.904776679610664332e-12 4.739845110127683413e-12 -4.975670694653438485e-12 1.254634018097828403e-11 -1.946123332496066708e-11 1.476965123275072039e-11 2.610165465028218109e-11 8.337421938970719595e-12 1.211329013276149794e-11
-7.487042942573727011e-13 -3.171759771540927456e-12 2.274087924573342896e-12 5.006779683330989537e-12 -5.442124477867934135e-12 1.241827082631433852e-11 -1.768044707540712249e-11 1.347242950946171664e-11 1.305401404666678842e-11 1.067013377979875832e-11 1.104659035552629299e-11
-7.620688196830966146e-13 -3.263785105382864678e-12 2.163048229112584832e-12 4.817198732507014018e-12 -4.200200029199642650e-12 1.087108070841788647e-11 -1.338413037384046611e-11 9.168146372319237885e-12 4.504070660699992172e-12 9.972215474876674868e-12 9.280326353846879585e-12
-7.568349179808660491e-13 -3.190350920188804700e-12 1.715632460916208266e-12 4.372104742485055487e-12 -2.008497467770848908e-12 8.624928806417857082e-12 -8.029908440521373687e-12 4.667187009561447659e-12 -8.971051988546721702e-13 8.224044525365553600e-12 7.800288032739415788e-12
-7.405240838694632918e-13 -2.986631636334540790e-12 1.126284142587511237e-12 3.796828085167013616e-12 1.288559371887509749e-13 6.339852321739481440e-12 -3.780094471706201596e-12 1.042693745235387182e-12 -3.890977991993822757e-12 6.122368340086047447e-12 6.430916931084463581e-12
-7.169677731276023174e-13 -2.676335711443447447e-12 5.347758295361065963e-13 3.158220868795845661e-12 1.652743490985505727e-12 4.414225494858371016e-12 -1.290547542620369950e-12 -1.641066676062000692e-13 -4.793473664177709958e-12 4.743538954181432328e-12 5.201375735973057062e-12
-6.829751003590114134e-13 -2.287764214788079667e-12 2.716569721874585724e-14 2.489985346586051247e-12 2.405038204809471015e-12 2.884923945493743830e-12 -2.733976398479344737e-13 -2.816774899256278118e-13 -4.078410629737246953e-12 3.878886021663081891e-12 4.191942640338486747e-12
-6.361705550333202343e-13 -1.850186464594310838e-12 -3.626390872341133197e-13 1.806811084956922139e-12 2.479863222015597923e-12 1.681381469017406015e-12 -3.866424246513211502e-13 -6.440770975576515591e-13 -3.119819485889883684e-12 2.028994105153337402e-12 2.829407544154000739e-12
-5.742677917681192511e-13 -1.385832580401252146e-12 -6.278782009132772879e-13 1.157284029071585725e-12 2.106044144183890512e-12 8.152725945246055717e-13 -7.062352622096373092e-13 -2.599411750552130667e-13 -1.658812294274198640e-12 1.174201278922116167e-12 1.387995654344313254e-12
-4.995427695030577706e-13 -9.424658557036366565e-13 -7.427668883106288165e-13 6.032618054992901034e-13 1.469806563198888867e-12 2.545014669631908371e-13 -7.328928064591886703e-13 5.487622886300155384e-13 -2.128322366845228946e-13 7.463731105569163488e-13 5.098766379515996412e-13
-4.177066094535909489e-13 -5.707724925557999212e-13 -7.104498288174470763e-13 2.251632443969106247e-13 7.295385955619610790e-13 6.978758624987293104e-15 -5.268635868106365326e-13 7.884798042983046828e-13 4.348892248892411367e-13 1.613325815201240290e-13 -4.476512344625221829e-13
-3.347664765687785068e-13 -2.884261343462562854e-13 -5.655560060570827223e-13 2.675540563109212727e-14 9.158760121663588420e-14 -1.586394639018727164e-14 -1.167992878823799243e-13 3.009409462050931794e-13 -1.207183285546269359e-13 -5.068745220932009208e-13 -4.440311312917662333e-13
-2.561986904192644805e-13 -9.279547594814884169e-14 -3.684340888990078973e-13 -1.339037237070321217e-14 -2.461362771151681455e-13 8.668293059177519944e-15 1.476824372833569611e-13 8.962929101417294052e-14 -2.708412281272966452e-13 -4.238150826399103044e-13 2.049264717249854132e-13
-1.871657758083401239e-13 2.668602844204325995e-14 -1.736589867916376527e-13 3.096149951123659745e-14 -2.662015597168317905e-13 -4.475809988395450265e-15 1.538190197967756929e-13 9.665358832169657584e-14 -8.644464188328522001e-14 -1.609857607940968562e-13 2.956474693868046818e-13
-1.299907453981757071e-13 8.096537479044076733e-14 -2.397091767721663036e-14 1.035270954439661346e-13 -1.194050070087093168e-13 -7.924399385236282514e-14 8.862472841447202508e-14 1.434636338292811763e-13 -1.075724986228769040e-13 -6.490326501319548989e-14 -6.865031662340288036e-14
-8.522317309980667402e-14 9.328423143104800936e-14 6.039692209838102598e-14 1.599881319799331617e-13 4.759252685427086618e-15 -1.418370568236109015e-13 -7.161565645685089692e-14 -4.444088282350632888e-14 4.699421058150779043e-14 -7.606405826453693589e-15 7.028072429651491693e-14
-4.407282747906112186e-13 -8.951495339323018737e-13 -1.703115487965887000e-12 2.087023850563921020e-12 5.058536852881849767e-12 7.276670422226634027e-12 -1.412836120640535191e-11 1.249132420577134468e-11 8.675951981431616365e-11 -3.077465406370676065e-12 1.699867628746235308e-12
-5.061635586274664911e-13 -1.367905137519116227e-12 -8.260028843669430299e-13 2.802450454236143677e-12 2.435836694004668795e-12 8.733614384672084046e-12 -1.622099075008900104e-11 1.405605898662364860e-11 7.570876347003312353e-11 6.015879268153664011e-14 5.986810090153615664e-12
-5.798661552876443575e-13 -1.899924282039415147e-12 1.683654651819061204e-13 3.548900022948657480e-12 -4.404232366513301664e-13 1.032401939336755753e-11 -1.824188433728696454e-11 1.497160793026141262e-11 6.110839319198835442e-11 2.647145687057877636e-12 1.007329757120251732e-11
-6.560905517166659378e-13 -2.442064137877403338e-12 1.143165299549510267e-12 4.269366762694403763e-12 -3.099244469658442206e-12 1.187270937730754093e-11 -1.975678034166700427e-11 1.542886037953798793e-11 4.505097579328487989e-11 5.244562286131887825e-12 1.221484391294489546e-11
-7.255007571433075237e-13 -2.927159256763357249e-12 1.946959928129418101e-12 4.870350695096483570e-12 -5.156707458380411434e-12 1.298809768906298628e-11 -2.039440608732200380e-11 1.509034670772449966e-11 2.856531751030998831e-11 7.843780331332837529e-12 1.254625009042947491e-11
-7.745783991987930835e-13 -3.276509229521203325e-12 2.392905894212835423e-12 5.204372210693640734e-12 -5.874292598019167682e-12 1.305173506664231115e-11 -1.894012775637942601e-11 1.406692782814771554e-11 1.458662411200329970e-11 1.054291386427583537e-11 1.154858054753848454e-11
-7.916421292551446642e-13 -3.397884505603643607e-12 2.330634652461180587e-12 5.056789593618138880e-12 -4.757272045482056983e-12 1.158593833579690343e-11 -1.472083832406697617e-11 9.849452379988458045e-12 5.297366010887925753e-12 1.013402798911516126e-11 9.723431772181103489e-12
-7.877351831453526821e-13 -3.339859829431356557e-12 1.891336230763231212e-12 4.613665001389333053e-12 -2.502765179033699697e-12 9.275582252155180342e-12 -9.088246401952454939e-12 5.047454508273068341e-12 -5.687371498101007870e-13 8.288513807767282056e-12 8.166567338087392428e-12
-7.717185507627331640e-13 -3.143534598341734977e-12 1.285316056581759167e-12 4.024094528599628562e-12 -2.078949866110345009e-13 6.862318213275775421e-12 -4.420317029875187445e-12 1.035148452581666639e-12 -3.919917468019424708e-12 5.989061424054812403e-12 6.708734345600753728e-12
-7.482316508267419572e-13 -2.832248164761428514e-12 6.634989506842144291e-13 3.363104616914209671e-12 1.486274209189132550e-12 4.800952656682086531e-12 -1.560170073665406128e-12 -3.839961574873924556e-13 -4.991099154439172115e-12 4.547857281411356983e-12 5.411514149524395991e-12
-7.144852299481822953e-13 -2.436764533695206677e-12 1.228494386552365913e-13 2.670228646223097818e-12 2.371568620670326017e-12 3.158537783296502715e-12 -3.015305158724418849e-13 -4.997994649036272639e-13 -4.336889045518806757e-12 3.756085787053249358e-12 4.351635232657703174e-12
-6.677812327613213932e-13 -1.986907159626921469e-12 -2.959949514037359643e-13 1.956017516924608239e-12 2.525110853152689062e-12 1.862706290767757748e-12 -3.204588120542647612e-13 -8.636231112189645997e-13 -3.354553514991589666e-12 1.890150423261048876e-12 2.974086206111370036e-12
-6.053020754958828037e-13 -1.503147861962319566e-12 -5.899654270622794512e-13 1.268602324424694264e-12 2.191951183390079258e-12 9.160485032578440387e-13 -6.400365031923881265e-13 -4.393252306828298409e-13 -1.806740913556612722e-12 1.047331936204002708e-12 1.529825949198740917e-12
-5.290042693675030582e-13 -1.034427412288199138e-12 -7.304367573636943997e-13 6.712802004819361625e-13 1.563939301887556787e-12 2.869625740391501440e-13 -7.093549365939221134e-13 4.581933682361075976e-13 -2.465901560895273668e-13 6.756581492167969952e-13 6.333599924727079623e-13
-4.445720800279190340e-13 -6.358820571457133020e-13 -7.171385582663737974e-13 2.543862773558252883e-13 8.056277840478136207e-13 2.591098376221563472e-15 -5.457145058583628777e-13 7.898083787759190635e-13 5.029538959683201013e-13 1.566233515422222955e-13 -4.189428514252693635e-13
-3.581873470296927656e-13 -3.293906820204553919e-13 -5.823738677673428378e-13 2.891759985542225081e-14 1.306484854521253083e-13 -2.760430121381388756e-14 -1.515091735617834378e-13 3.210224938267004081e-13 -7.268892538010809766e-14 -5.035958995395946748e-13 -5.074638907248833361e-13
-2.756394659277899775e-13 -1.148041908338443702e-13 -3.867926443789741955e-13 -2.344844188837058425e-14 -2.390955727305319246e-13 1.170576206048945106e-14 1.273952723102233606e-13 9.204499945413647646e-14 -2.279190270672425358e-13 -3.976453683993714258e-13 1.674859470211156280e-13
-2.024836385335842797e-13 1.844353636088206856e-14 -1.869239169791761881e-13 1.864950645761012562e-14 -2.729573977320850213e-13 1.026121133346574827e-14 1.430912936067731658e-13 7.970473014624132954e-14 -4.159967554285529068e-14 -1.194145668590040859e-13 3.048670697222472779e-13
-1.414425563737863998e-13 8.117259261588475860e-14 -2.939416504857108994e-14 9.517384914962536315e-14 -1.208900699047762118e-13 -6.387858514576226978e-14 9.204559988058074033e-14 1.376156280012878025e-13 -1.072473391050067171e-13 -2.266933957799625717e-14 -7.267859024221387254e-14
-9.327365306113511246e-14 9.793021858374493163e-14 6.187653559555715062e-14 1.573531051291741391e-13 1.080530892961460895e-14 -1.294681417092143052e-13 -7.156012980928674384e-14 -3.445893082521573282e-14 5.653740293244234836e-14 -2.097281540315214215e-14 4.615214605962205936e-14
-4.472377195576375785e-13 -8.778962307802527642e-13 -1.814551634876488962e-12 2.067802037460191629e-12 5.403115000297749927e-12 7.325840950616217605e-12 -1.424898779412062618e-11 1.219576961994156642e-11 8.979026069334661751e-11 -3.950385676135954473e-12 8.732170615039661060e-13
-5.139379744452495567e-13 -1.359381006605566075e-12 -9.220010048579417503e-13 2.803324407855692605e-12 2.721252904206851167e-12 8.811326374494260345e-12 -1.643982878089713774e-11 1.389957438858259082e-11 7.883609799453872635e-11 -6.837958885582612950e-13 5.376567269788479436e-12
-5.895549109893436910e-13 -1.905769381751286106e-12 1.020523351210039364e-13 3.576389448179686024e-12 -2.570448130894912274e-13 1.045747335692775293e-11 -1.859315015350897274e-11 1.495415029562677912e-11 6.410671074504398130e-11 2.015655714891450504e-12 9.805190966679731010e-12
-6.686821102057912884e-13 -2.468617624126406274e-12 1.120454637177557271e-12 4.331420047083971210e-12 -3.059983099620291207e-12 1.209842408766942743e-11 -2.028647012034205122e-11 1.554129512366633852e-11 4.770280484441850454e-11 4.703893583936174437e-12 1.231761298421231226e-11
-7.422209701081481665e-13 -2.981585586102053353e-12 1.981863812629774034e-12 4.978335547113314777e-12 -5.306503561573260944e-12 1.335362318748061540e-11 -2.116654562503996156e-11 1.535570127893358311e-11 3.060383767619815421e-11 7.435324134903599442e-12 1.290449619005863767e-11
-7.959875318874393070e-13 -3.363182567640614163e-12 2.491220006870945023e-12 5.367867127339083184e-12 -6.231883501762536799e-12 1.357588536889949490e-11 -1.998243127759434580e-11 1.455883637474477653e-11 1.585475887704401534e-11 1.043764769408218424e-11 1.196394465860379219e-11
-8.161121122489728487e-13 -3.508843004620035493e-12 2.469301476305318101e-12 5.255035389196601109e-12 -5.218212767566948375e-12 1.217743635095209475e-11 -1.582687687990364251e-11 1.041318861994828602e-11 5.953766118245777644e-12 1.026791728264903543e-11 1.009007257727600352e-11
-8.133031352498884663e-13 -3.463568691012090542e-12 2.036719628689970333e-12 4.813540344914090409e-12 -2.911739438683885641e-12 9.813955498354151450e-12 -9.963951965890456710e-12 5.362101036273112362e-12 -2.970340295276846074e-13 8.341857932221195642e-12 8.469639550381289458e-12
-7.975299355834382724e-13 -3.273361555742575573e-12 1.416904582152872253e-12 4.212142672919388922e-12 -4.865343886501921741e-13 7.294624627355283416e-12 -4.950059396140946443e-12 1.028905215912889620e-12 -3.943862996128218205e-12 5.878758656960326524e-12 6.938610118714419041e-12
-7.741004685497555189e-13 -2.961255540795964254e-12 7.700089289287456678e-13 3.532632542083835414e-12 1.348531748248376098e-12 5.120944134055555461e-12 -1.783265114160014305e-12 -5.659403532337265015e-13 -5.154621345667667466e-12 4.385943475297283155e-12 5.585389967912862600e-12
-7.405578050208591605e-13 -2.560052569692366170e-12 2.020214872560643231e-13 2.819368208901491412e-12 2.343874725875641854e-12 3.384935370024992150e-12 -3.248086340159557278e-13 -6.802811575194471525e-13 -4.550763059132865632e-12 3.654476612102862488e-12 4.483770427391400790e-12
-6.939370048388145856e-13 -2.100034608497516693e-12 -2.408512804931606993e-13 2.079476097868398891e-12 2.562550314367506847e-12 2.012740742123697878e-12 -2.656961940687439241e-13 -1.045283102978286552e-12 -3.548780598654203491e-12 1.775266342620134975e-12 3.093798353325028431e-12
-6.309809191526822947e-13 -1.600218598068416363e-12 -5.585950823266645767e-13 1.360710945930453047e-12 2.263033649901561860e-12 9.994339880692979620e-13 -5.852613526295886325e-13 -5.877538243303930345e-13 -1.929142187888192113e-12 9.423558391216335249e-13 1.647181258147879657e-12
-5.533817370447868217e-13 -1.110519596247385260e-12 -7.202343793084189434e-13 7.275609814207734597e-13 1.641827997440813185e-12 3.138220207563536104e-13 -6.898788863640237859e-13 3.832535002706262017e-13 -2.745226303159579212e-13 6.171461361124730259e-13 7.355344059468769949e-13
-4.668015029431925772e-13 -6.897559708492102915e-13 -7.226730453858314802e-13 2.785664291524068403e-13 8.685866196840713960e-13 -1.039403993592991199e-15 -5.613124107087649581e-13 7.909076876592070116e-13 5.592729672983518403e-13 1.527267712615440977e-13 -3.951885390530775123e-13
-3.775665882317960198e-13 -3.632861706288228434e-13 -5.962895504286329567e-13 3.070667441008303240e-14 1.629688167956536387e-13 -3.731867827602066089e-14 -1.802293376938018711e-13 3.376386634005485628e-13 -3.294773026108929956e-14 -5.008830536106996427e-13 -5.599503576026572504e-13
-2.917254384027576288e-13 -1.330149654241156688e-13 -4.019831504759316945e-13 -3.177083769987222088e-14 -2.332698496377306758e-13 1.421906933593317773e-14 1.106089679464153967e-13 9.404384048779396986e-14 -1.924037082840556923e-13 -3.759916386950606400e-13 1.365063574882561644e-13
-2.151581698543586093e-13 1.162341234616351348e-14 -1.978997806611845721e-13 8.462136098650213034e-15 -2.785474126681984537e-13 2.245513425509754356e-14 1.342148006752036534e-13 6.568065667398735822e-14 -4.493393973722482664e-15 -8.501711822501907859e-14 3.124956871191089409e-13
-1.509181822783403073e-13 8.134405186222280471e-14 -3.388154815717423913e-14 8.826208327967364947e-14 -1.221188625255986635e-13 -5.116471271557816660e-14 9.487614768891729124e-14 1.327767850560029474e-13 -1.069782908677794660e-13 1.227647612924332714e-14 -7.601172366817981059e-14
-9.993489961906987120e-14 1.017744696333206971e-13 6.310081917611428402e-14 1.551727925089238679e-13 1.580802571012631695e-14 -1.192336720970407038e-13 -7.151418515653190266e-14 -2.619951730940252767e-14 6.443377151655566833e-14 -3.203264660187351328e-14 2.618732301055572485e-14
-4.527851087445068078e-13 -8.631928586453587593e-13 -1.909518210776097345e-12 2.051421088796678290e-12 5.696766635781289381e-12 7.367744379316358055e-12 -1.435178651936879248e-11 1.194389616596910929e-11 9.237307687295065341e-11 -4.694293747964374678e-12 1.687403169850567360e-13
-5.205633798062074229e-13 -1.352116689183100101e-12 -1.003811198912788040e-12 2.804069196250519256e-12 2.964486369863348095e-12 8.877553013642588452e-12 -1.662632390732103876e-11 1.376621724127589441e-11 8.150123187960582963e-11 -1.317798685676266626e-12 4.856514549416147080e-12
-5.978117286736619152e-13 -1.910750611800243231e-12 4.553987405774523500e-14 3.599816106603752066e-12 -1.007685822480207328e-13 1.057120365190201995e-11 -1.889250106042808496e-11 1.493927278940502725e-11 6.666189556775129229e-11 1.477496040657402772e-12 9.576708853210644231e-12
-6.794127144350634116e-13 -2.491246669661031410e-12 1.101100469614428268e-12 4.384302240743250264e-12 -3.026524316041998670e-12 1.229077956356273888e-11 -2.073787503537604823e-11 1.563711270885206458e-11 4.996271001685931905e-11 4.243132359514359904e-12 1.240519342346319771e-11
-7.564700393007451609e-13 -3.027968041472211925e-12 2.011609119438546520e-12 5.070360907738144505e-12 -5.434160729944847286e-12 1.366512628464558331e-11 -2.182456772955430587e-11 1.558183808992837557e-11 3.234107721159982167e-11 7.087235228120623750e-12 1.320979573852908789e-11
-8.142325275676077979e-13 -3.437046124013419872e-12 2.575003903656390807e-12 5.507198509556006190e-12 -6.536624688866745871e-12 1.402256950847797666e-11 -2.087068880591591326e-11 1.497804388993585958e-11 1.693547119358412041e-11 1.034793920929448043e-11 1.231792053099990770e-11
-8.369655835561129966e-13 -3.603402525834786814e-12 2.587474204040437293e-12 5.423981686155538924e-12 -5.611029311480502096e-12 1.268151462965090337e-11 -1.676944980079696558e-11 1.089360814169633390e-11 6.513154363449915216e-12 1.038201856854566176e-11 1.040252614608883995e-11
-8.350923026487146597e-13 -3.568994150352287756e-12 2.160616262595903675e-12 4.983875352795464661e-12 -3.260269840998167114e-12 1.027276051945355714e-11 -1.071023368201658479e-11 5.630244759907853019e-12 -6.548694390319574967e-14 8.387318125279725966e-12 8.727919569982002912e-12
-8.195265578557144565e-13 -3.384000894337106011e-12 1.529045140277954066e-12 4.372398468290930465e-12 -7.239926165661144660e-13 7.663038836025068473e-12 -5.401509128315292208e-12 1.023584690758798835e-12 -3.964269523391150832e-12 5.784757953545854401e-12 7.134511678675837785e-12
-7.961460355004196415e-13 -3.071196427096758698e-12 8.607773934265424958e-13 3.677105291811930546e-12 1.231146767903136500e-12 5.393642856746688293e-12 -1.973388092255815198e-12 -7.209943261329409922e-13 -5.293975971473567212e-12 4.247959524223014604e-12 5.733568019007691036e-12
-7.627770152532883385e-13 -2.665119398956204609e-12 2.694923984830394299e-13 2.946465869638797797e-12 2.320273816577515690e-12 3.577872798347170737e-12 -3.446463907530442036e-13 -8.340887761653671586e-13 -4.733027820585581059e-12 3.567884642110759049e-12 4.596376860032507365e-12
-7.162271160802218860e-13 -2.196442522393963969e-12 -1.938575018330492159e-13 2.184688266646579126e-12 2.594456455327855183e-12 2.140601032634281481e-12 -2.190271510738460049e-13 -1.200094875432004744e-12 -3.714302124559488813e-12 1.677361415804957770e-12 3.195817787915284192e-12
-6.528645890404514569e-13 -1.682942881735098357e-12 -5.318610797624867547e-13 1.439206484760241572e-12 2.323610568835099999e-12 1.070495615701665189e-12 -5.385816292599067891e-13 -7.142455930880131637e-13 -2.033453313422040092e-12 8.528945574845290158e-13 1.747192180696179757e-12
-5.741563662534284291e-13 -1.175365827610995888e-12 -7.115398493240225201e-13 7.755238122000610898e-13 1.708205227078431965e-12 3.367118079348496956e-13 -6.732812753927428342e-13 3.193892795878047972e-13 -2.983268582016884335e-13 5.672818352853839869e-13 8.226080752359274861e-13
-4.857455550818529386e-13 -7.356676544348865370e-13 -7.273895695838590933e-13 2.991729045725559606e-13 9.222405301127736963e-13 -4.133340648022026052e-15 -5.746050419796311154e-13 7.918445254276961727e-13 6.072684294053861228e-13 1.494060813433624340e-13 -3.749449665636670347e-13
-3.940816978327288308e-13 -3.921721163751756648e-13 -6.081485815043147987e-13 3.223133484725386454e-14 1.905124037654424051e-13 -4.559733070283911711e-14 -2.047048398173305491e-13 3.517990662137419046e-13 9.199629028016709946e-16 -4.985711494159649709e-13 -6.046796504049332878e-13
-3.054340039619936693e-13 -1.485343005521708849e-13 -4.149285940175805852e-13 -3.886323506518578788e-14 -2.283051322317068065e-13 1.636092539496263070e-14 9.630357516071165089e-14 9.574726521333072297e-14 -1.621373331474318408e-13 -3.575381957918636630e-13 1.101053589799993909e-13
-2.259594840950411243e-13 5.811260326154661650e-15 -2.072534797981325693e-13 -2.196041565180321325e-16 -2.833112580644853473e-13 3.284687105576073587e-14 1.266501982868035191e-13 5.372925420422449251e-14 2.712880950345917088e-14 -5.570339897986866617e-14 3.189968421845160596e-13
-1.589933694742688107e-13 8.149017048739116848e-14 -3.770572389242102296e-14 8.237183349348146701e-14 -1.231660472110814374e-13 -4.032987170833816946e-14 9.728835809046906794e-14 1.286530930482751616e-13 -1.067490062784066605e-13 4.205751718653455299e-14 -7.885224065474901074e-14
-1.056116552721229234e-13 1.050505642284904725e-13 6.414416123590315539e-14 1.533147165436132275e-13 2.007137200128056010e-14 -1.105117935538950871e-13 -7.147503083048162364e-14 -1.916079384094242963e-14 7.116310583075189248e-14 -4.145790339587512168e-14 9.173176881099395473e-15
-4.576159213519170031e-13 -8.503887742338371591e-13 -1.992217608241255772e-12 2.037156126105262296e-12 5.952486220244605762e-12 7.404234987306879880e-12 -1.444130635470962097e-11 1.172455811749363604e-11 9.462226126726410944e-11 -5.342108508543390449e-12 -4.447366058147853538e-13
-5.263329572969201830e-13 -1.345790729580663779e-12 -1.075053672506827398e-12 2.804717776658134950e-12 3.176300483677613722e-12 8.935224914049896933e-12 -1.678872877470804219e-11 1.365008631663399217e-11 8.382210070586236032e-11 -1.869905036663810893e-12 4.403638927708399544e-12
-6.050019830018503770e-13 -1.915088397602346673e-12 -3.672667023255066817e-15 3.620216657175571470e-12 3.532087988277120582e-14 1.067024298768225488e-11 -1.915318371617185828e-11 1.492631705958671843e-11 6.888701785684051528e-11 1.008852406962977649e-12 9.377740601390452167e-12
-6.887572072808120304e-13 -2.510952638279723777e-12 1.084246349842944799e-12 4.430353447733344147e-12 -2.997387524111093659e-12 1.245828777927388647e-11 -2.113097032972009227e-11 1.572055318286157171e-11 5.193069500707908518e-11 3.841889335627475060e-12 1.248146077473468753e-11
-7.688785041756857790e-13 -3.068359105458694866e-12 2.037512116162758051e-12 5.150499016310241642e-12 -5.545327956021570915e-12 1.393639138985538119e-11 -2.239759071966187645e-11 1.577876398175572056e-11 3.385391119086030104e-11 6.784110228190585859e-12 1.347565863009253620e-11
-8.301207505621034865e-13 -3.501368455161842461e-12 2.647965129085197949e-12 5.628531948821094723e-12 -6.802001346965810503e-12 1.441155382939473275e-11 -2.164420687363947705e-11 1.534310084156379860e-11 1.787658396633483438e-11 1.026981869201172701e-11 1.262617204915007160e-11
-8.551253358921857051e-13 -3.685747448766842398e-12 2.690382130129910927e-12 5.571104574014546956e-12 -5.953104312742635554e-12 1.312047928059191243e-11 -1.759026714582598998e-11 1.131197012393783545e-11 7.000284393618862436e-12 1.048138097304824197e-11 1.067461894815257551e-11
-8.540668838120309258e-13 -3.660801418700116448e-12 2.268508717238378182e-12 5.132207566890795261e-12 -3.563779303343506432e-12 1.067230002485804087e-11 -1.136011547272736618e-11 5.863751382220268440e-12 1.361503630992028782e-13 8.426906057093023092e-12 8.952836617717697896e-12
-8.386817961977993334e-13 -3.480348546268998393e-12 1.626700094394260787e-12 4.511953438600542338e-12 -9.307775018587275136e-13 7.983863639675703873e-12 -5.794643455872562708e-12 1.018951436826086743e-12 -3.982040063986737496e-12 5.702899660669433221e-12 7.305107919673331039e-12
-8.153438961669199309e-13 -3.166935848463735631e-12 9.398209651587968669e-13 3.802915970088346739e-12 1.128924831698117384e-12 5.631116092413065203e-12 -2.138952193564411188e-12 -8.560194135430612075e-13 -5.415329651939248517e-12 4.127799460177667341e-12 5.862605370696598067e-12
-7.821260890791805682e-13 -2.756614363088585452e-12 3.282478467817433214e-13 3.057145862572413633e-12 2.299721521717222154e-12 3.745887796565876735e-12 -3.619216322309228320e-13 -9.680285053924667583e-13 -4.891748778708046447e-12 3.492478070385933408e-12 4.694437508908070897e-12
-7.356379323900548140e-13 -2.280397074889953661e-12 -1.529340803013817044e-13 2.276309796424904296e-12 2.622241163202163862e-12 2.251945143958096242e-12 -1.783865179127837590e-13 -1.334909048139240724e-12 -3.858442632078730738e-12 1.592103223657429416e-12 3.284659000230527007e-12
-6.719214655253256111e-13 -1.754981368429519053e-12 -5.085804052953405477e-13 1.507562469042047567e-12 2.376362546176740555e-12 1.132377954241613651e-12 -4.979316952368002502e-13 -8.243979600788688389e-13 -2.124290191041750837e-12 7.749893144621116107e-13 1.834284328270156576e-12
-5.922474609016913434e-13 -1.231835635172963460e-12 -7.039684231348275527e-13 8.172911095335864151e-13 1.766008268119608477e-12 3.566448379916368959e-13 -6.588276379258033172e-13 2.637746323038262764e-13 -3.190562073491431351e-13 5.238586872397630430e-13 8.984341219015195560e-13
-5.022425349841176858e-13 -7.756487587266845959e-13 -7.314968429585536088e-13 3.171175665628211430e-13 9.689637696019729055e-13 -6.827622258030679636e-15 -5.861806155579868435e-13 7.926603481842818858e-13 6.490641430170708546e-13 1.465143369606670360e-13 -3.573163297820050698e-13
-4.084634905646785747e-13 -4.173267593847541550e-13 -6.184757382237741192e-13 3.355904934309375017e-14 2.144980854298715674e-13 -5.280659949002992260e-14 -2.260187523016503912e-13 3.641303182064500134e-13 3.041284304266703699e-14 -4.965578821180952005e-13 -6.436310976736299386e-13
-3.173717841773373670e-13 -1.620489467035163805e-13 -4.262018274224136556e-13 -4.503948167116653284e-14 -2.239817253395403567e-13 1.822611011636311599e-14 8.384606192300388725e-14 9.723065234319537766e-14 -1.357805756383774523e-13 -3.414684510580471778e-13 8.711467336836420875e-14
-2.353655532387570681e-13 7.498851056576111518e-16 -2.153989275490460981e-13 -7.779892467844691430e-15 -2.874597401387544388e-13 4.189626943235602579e-14 1.200627430400110125e-13 4.332165781240422240e-14 5.466625801288976052e-14 -3.017623937536775429e-14 3.246582193102681330e-13
-1.660254553350919738e-13 8.161741441067051943e-14 -4.103591693549477217e-14 7.724244865282049973e-14 -1.240779632023016821e-13 -3.089460648089973566e-14 9.938897447351503470e-14 1.250620732810620260e-13 -1.065493391763955936e-13 6.799163291330803481e-14 -8.132583771025638511e-14
-1.105551237282338259e-13 1.079034737412975900e-13 6.505273098762657639e-14 1.516966549515260524e-13 2.378400634938958927e-14 -1.029165517251059377e-13 -7.144093418650325756e-14 -1.303128785969630983e-14 7.702318754835449138e-14 -4.966566549818693171e-14 -5.643190156081897558e-15
-4.619962493521650150e-13 -8.387787029301262088e-13 -2.067205086675540062e-12 2.024221408263458823e-12 6.184359334115389924e-12 7.437322764707384010e-12 -1.452247826178168809e-11 1.152567389117831903e-11 9.666170381458752413e-11 -5.929512963552192660e-12 -1.001005305310984316e-12
-5.315645081315925307e-13 -1.340054682625951342e-12 -1.139652612273409047e-12 2.805305878349849978e-12 3.368362416509098635e-12 8.987518778168269118e-12 -1.693598900877170417e-11 1.354478489945588517e-11 8.592654292500261845e-11 -2.370526121599962730e-12 3.992995070401631924e-12
-6.115217291668393245e-13 -1.919021676308841455e-12 -4.829601824148761864e-14 3.638714810354706176e-12 1.587196667315537337e-13 1.076004667445756710e-11 -1.938955709688892199e-11 1.491456949920209185e-11 7.090464212169192933e-11 5.839109399302240441e-13 9.197326635880481766e-12
-6.972303040401204756e-13 -2.528820979789147828e-12 1.068963919134323099e-12 4.472110271724730879e-12 -2.970967812518911418e-12 1.261017545731465970e-11 -2.148740854861151271e-11 1.579621264531847046e-11 5.371516063718639016e-11 3.478063209596946694e-12 1.255061602230100076e-11
-7.801298501612186759e-13 -3.104983607176401720e-12 2.060999597238542317e-12 5.223164055677354989e-12 -5.646128572188263535e-12 1.418236037516039991e-11 -2.291717793780300328e-11 1.595732606918462381e-11 3.522566973615307444e-11 6.509252383417728494e-12 1.371672917092219041e-11
-8.445273587738506576e-13 -3.559692575286841057e-12 2.714122544551463903e-12 5.738550754009544406e-12 -7.042630989645017881e-12 1.476426442602191830e-11 -2.234559251204839709e-11 1.567411535563213224e-11 1.872993568947159791e-11 1.019898311505220924e-11 1.290567837249793967e-11
-8.715916478032333325e-13 -3.760413510091887543e-12 2.783693643193397627e-12 5.704507898554307902e-12 -6.263279989520276301e-12 1.351850941780106530e-11 -1.833454128387374307e-11 1.169131883977546526e-11 7.441988364070128695e-12 1.057147760141963452e-11 1.092133844212851042e-11
-8.712720397673863191e-13 -3.744047438552387522e-12 2.366339938921302034e-12 5.266707444567817700e-12 -3.838985769518169034e-12 1.103458150520156178e-11 -1.194939420848214491e-11 6.075482946926954518e-12 3.189844980171924779e-13 8.462802326394053360e-12 9.156779609950432921e-12
-8.560507625915587645e-13 -3.567711547634381424e-12 1.715248486838703959e-12 4.638494571288543761e-12 -1.118279191641306487e-12 8.274770753929754466e-12 -6.151117051670442436e-12 1.014750246245581524e-12 -3.998153462450337521e-12 5.628674859971726968e-12 7.459795651568177016e-12
-8.327515102241447456e-13 -3.253747337918151131e-12 1.011493531430733898e-12 3.916994498847449455e-12 1.036235342359695156e-12 5.846444373827178634e-12 -2.289077039615674039e-12 -9.784530820932024887e-13 -5.525366810563342075e-12 4.018844620512150684e-12 5.979609679878211247e-12
-7.996708152632596714e-13 -2.839577200892741040e-12 3.815242061174837158e-13 3.157504678621937235e-12 2.281085781093041383e-12 3.898234989108665244e-12 -3.775859155591508137e-13 -1.089478028181432955e-12 -5.035668624353469598e-12 3.424103349706769558e-12 4.783353767345628431e-12
-7.532386433707675311e-13 -2.356522662384054624e-12 -1.158268681197432599e-13 2.359387396806300306e-12 2.647434881883512054e-12 2.352906146874001784e-12 -1.415357234209805214e-13 -1.457151470810651042e-12 -3.989141688710714403e-12 1.514795568233529746e-12 3.365215555643281734e-12
-6.892012423677608427e-13 -1.820302091852923491e-12 -4.874707112267847081e-13 1.569544092148875537e-12 2.424195275096644633e-12 1.188489614511122543e-12 -4.610724675525786007e-13 -9.242783502127027821e-13 -2.206656309834632318e-12 7.043489267933822033e-13 1.913254921956893168e-12
-6.086515173417763069e-13 -1.283039496327283212e-12 -6.971030517143312863e-13 8.551635050691388566e-13 1.818421036039249761e-12 3.747190646054016053e-13 -6.457218382199563660e-13 2.133461872353609862e-13 -3.378524943096942071e-13 4.844848545542470769e-13 9.671892051489517084e-13
-5.172011316826085983e-13 -8.119015280475508505e-13 -7.352211038222136979e-13 3.333888452549374847e-13 1.011329953723151715e-12 -9.270655522932560312e-15 -5.966767392031947422e-13 7.934000943190813646e-13 6.869623047637153237e-13 1.438922549734348856e-13 -3.413316068908146990e-13
-4.215041463717277371e-13 -4.401356708321198817e-13 -6.278398629712538422e-13 3.476295124943562875e-14 2.362470438212201679e-13 -5.934358638000610010e-14 -2.453450905382879579e-13 3.753116511685293207e-13 5.715543998042503521e-14 -4.947323574509101437e-13 -6.789502278671827677e-13
-3.281963375176134452e-13 -1.743033192073288411e-13 -4.364238046843735839e-13 -5.063977821751951029e-14 -2.200614869573771152e-13 1.991736181829580519e-14 7.255024236456080690e-14 9.857571009750227127e-14 -1.118816504008050467e-13 -3.268972497024637075e-13 6.626792553538811327e-14
-2.438944836717661696e-13 -3.839504490847475786e-15 -2.227847925972400345e-13 -1.463516540436546550e-14 -2.912213664160751944e-13 5.010178931350836470e-14 1.140895842409270524e-13 3.388459529504812375e-14 7.963577212995707760e-14 -7.029549895168259325e-15 3.297916595138346725e-13
-1.724017821608667092e-13 8.173279261386730828e-14 -4.405556137296989691e-14 7.259139158126181311e-14 -1.249048409285355972e-13 -2.233920285458056116e-14 1.012937033452726411e-13 1.218059250269358849e-13 -1.063682916336688457e-13 9.150732896681315268e-14 -8.356876587525445780e-14
-1.150376017733989074e-13 1.104903425768494057e-13 6.587657445638513076e-14 1.502294817237564730e-13 2.715042848605160283e-14 -9.602958489029258481e-14 -7.141001721423255786e-14 -7.473373322349598919e-15 8.233680238998097494e-14 -5.710803375495636072e-14 -1.907789472082690570e-14
-4.661375276002628098e-13 -8.278022306200250640e-13 -2.138100245852585566e-12 2.011992578043838523e-12 6.403578351532312018e-12 7.468604821095078502e-12 -1.459922032648453863e-11 1.133764342196847403e-11 9.858984705402505391e-11 -6.484860794043417028e-12 -1.526916569304017098e-12
-5.365105550495250766e-13 -1.334631668874629717e-12 -1.200726171267600413e-12 2.805861881260857550e-12 3.549942885636226541e-12 9.036958778936476599e-12 -1.707521273700859682e-11 1.344523011113168990e-11 8.791613860351385581e-11 -2.843826644596372063e-12 3.604761409205211270e-12
-6.176856701920285362e-13 -1.922740300094251047e-12 -9.048412462609875497e-14 3.656203452426397894e-12 2.753841709284580116e-13 1.084494945944163402e-11 -1.961303076723995021e-11 1.490346302041642392e-11 7.281215781265179548e-11 1.821599418830569886e-13 9.026758447413548107e-12
-7.052409946921286275e-13 -2.545714182735917540e-12 1.054515499955854345e-12 4.511588280324325705e-12 -2.945989908140067913e-12 1.275377410085652657e-11 -2.182439471632184944e-11 1.586774309598097999e-11 5.540224196120204895e-11 3.134092280781142004e-12 1.261599721938098590e-11
-7.907671716128137909e-13 -3.139609383411867262e-12 2.083205285293917053e-12 5.291863514389194528e-12 -5.741428155029951862e-12 1.441490599366547523e-11 -2.340840951888428391e-11 1.612614340593572865e-11 3.652256680137518991e-11 6.249394436319646414e-12 1.394464367000865521e-11
-8.581477491981771861e-13 -3.614833748879487733e-12 2.776669525732568044e-12 5.842565458489272648e-12 -7.270128661684065365e-12 1.509772641007260182e-11 -2.300870116949281623e-11 1.598706528319344142e-11 1.953671714203215160e-11 1.013201325630224266e-11 1.316993108679382124e-11
-8.871593370024802950e-13 -3.831004790480041013e-12 2.871912832406748116e-12 5.830630951399882734e-12 -6.556528338302287628e-12 1.389481770612680951e-11 -1.903819787869859007e-11 1.204996521673183851e-11 7.859587068119384805e-12 1.065665734147289197e-11 1.115459361629905971e-11
-8.875382518333441186e-13 -3.822750440604542421e-12 2.458832181826898076e-12 5.393867208639766512e-12 -4.099173297437071423e-12 1.137709206346644576e-11 -1.250651402524024961e-11 6.275659606690831442e-12 4.918407653510597230e-13 8.496739604440495939e-12 9.349592741104875640e-12
-8.724718454375364701e-13 -3.650306854077446498e-12 1.798964496341340380e-12 4.758129926489880318e-12 -1.295548288647727932e-12 8.549802086813412398e-12 -6.488136688134430531e-12 1.010778327127799243e-12 -4.013387493275095834e-12 5.558500745381003489e-12 7.606041548259270554e-12
-8.492091316361592288e-13 -3.335821230750745933e-12 1.079254685782527429e-12 4.024847376944298793e-12 9.486042253659757550e-13 6.050021465832067825e-12 -2.431009069911513269e-12 -1.094205136510221306e-12 -5.629398867184923166e-12 3.915835803110148618e-12 6.090228665791677224e-12
-8.162580661856148864e-13 -2.918012476409596763e-12 4.318930966839656677e-13 3.252386575498891772e-12 2.263467051501776857e-12 4.042268082692578153e-12 -3.923953462687733583e-13 -1.204299644784431386e-12 -5.171734277742917442e-12 3.359460060032757665e-12 4.867417562685896807e-12
-7.698788238811924554e-13 -2.428493819800013970e-12 -8.074471981396234019e-14 2.437931172628801718e-12 2.671253691620582915e-12 2.448357368455491164e-12 -1.066959992010490872e-13 -1.572722715568450250e-12 -4.112708057063495823e-12 1.441706846590374361e-12 3.441375866826636107e-12
-7.055380032776625829e-13 -1.882058043370700169e-12 -4.675130426927977805e-13 1.628143169533152409e-12 2.469417609278016432e-12 1.241539073021529024e-12 -4.262247698989770461e-13 -1.018707933742207768e-12 -2.284527432213200621e-12 6.375636191111796806e-13 1.987915824752884122e-12
-6.241603489438136858e-13 -1.331448990512622858e-12 -6.906123454351243897e-13 8.909690767033330642e-13 1.867973462140038448e-12 3.918069199800539338e-13 -6.333312646678267344e-13 1.656697899065683391e-13 -3.556230048489509447e-13 4.472597822278919503e-13 1.032192093294935012e-12
-5.313433872251112544e-13 -8.461758619224437250e-13 -7.387421182997776205e-13 3.487721456361628022e-13 1.051384072717369693e-12 -1.158036431962488116e-14 -6.066000535795807716e-13 7.940994688821290926e-13 7.227922367088951170e-13 1.414132685142810853e-13 -3.262192230229004096e-13
-4.338331295796368088e-13 -4.616998234381672281e-13 -6.366929553508932224e-13 3.590115217170947067e-14 2.568090888355332545e-13 -6.552382805606520278e-14 -2.636167258279246603e-13 3.858827810332465270e-13 8.243860433236367077e-14 -4.930064570144357628e-13 -7.123418746049745508e-13
-3.384301584814147617e-13 -1.858889295707352995e-13 -4.460879339928746563e-13 -5.593444787168777456e-14 -2.163551887059364598e-13 2.151631625788580861e-14 6.187087316067893128e-14 9.984736342907883924e-14 -8.928696887472847213e-14 -3.131212468136399961e-13 4.655885400309455982e-14
-2.519579616328074070e-13 -8.178435819923171643e-15 -2.297675860861036325e-13 -2.111632326388138039e-14 -2.947777078033978544e-13 5.785950659686289537e-14 1.084424004262909416e-13 2.496254463189554076e-14 1.032426166575779094e-13 1.485394772892852368e-14 3.346449503205190131e-13
-1.784301313612902782e-13 8.184187412474658715e-14 -4.691041370081113546e-14 6.819415806438399360e-14 -1.256865930025914208e-13 -1.425069604005706633e-14 1.030944846758000789e-13 1.187274754394291450e-13 -1.061971243019250808e-13 1.137396951017406038e-13 -8.568928986413655676e-14
-1.192754559071983606e-13 1.129360372100467462e-13 6.665545794906339075e-14 1.488423768008762300e-13 3.033313372489524088e-14 -8.951846261169260903e-14 -7.138078737931704968e-14 -2.218772664743695812e-15 8.736043546744463821e-14 -6.414424712748651471e-14 -3.177942272462656301e-14
-4.703311419024492182e-13 -8.166870441009466589e-13 -2.209891346141725448e-12 1.999609208470560240e-12 6.625567759939815349e-12 7.500282214514557276e-12 -1.467693223883612108e-11 1.114723673045383947e-11 1.005423573523863012e-10 -7.047226847184654688e-12 -2.059474044395546230e-12
-5.415191083856387635e-13 -1.329140123465232411e-12 -1.262571549577487439e-12 2.806424914312383903e-12 3.733818084484625001e-12 9.087023589986799603e-12 -1.721619592878452272e-11 1.334441721563794783e-11 8.993087793302778321e-11 -3.323108511575712820e-12 3.211621445179696695e-12
-6.239275088908236055e-13 -1.926505920527032255e-12 -1.332053837729961923e-13 3.673913112151656213e-12 3.935230244061584885e-13 1.093092521837952408e-11 -1.983932861398763672e-11 1.489221620275995875e-11 7.474377984813628567e-11 -2.246681884230432469e-13 8.854034713412628493e-12
-7.133529214496843229e-13 -2.562820877025139562e-12 1.039884490096802846e-12 4.551565198544734259e-12 -2.920696349059685655e-12 1.289918749036832012e-11 -2.216563957869352967e-11 1.594017753414425249e-11 5.711064386547574681e-11 2.785774419805126709e-12 1.268220468843641864e-11
-8.015389233559177673e-13 -3.174672747345882573e-12 2.105691600677631570e-12 5.361431170124503339e-12 -5.837932094830224111e-12 1.465039042864353429e-11 -2.390584907475100918e-11 1.629709419455616362e-11 3.783585346459676286e-11 5.986252539690827146e-12 1.417543845912239815e-11
-8.719402685675797877e-13 -3.670671774341931338e-12 2.840006948665961225e-12 5.947894657503435179e-12 -7.500501347436798483e-12 1.543540254313625652e-11 -2.368018989958962374e-11 1.630397013960969439e-11 2.035369432919949455e-11 1.006419707837716740e-11 1.343752331470303620e-11
-9.029237641935946527e-13 -3.902488173908544897e-12 2.961246896299393824e-12 5.958347893253423594e-12 -6.853482624746608785e-12 1.427588161252793681e-11 -1.975074696600339170e-11 1.241314400677663480e-11 8.282463190476052110e-12 1.074291355525254998e-11 1.139079656975050578e-11
-9.040100294818634946e-13 -3.902448057655362984e-12 2.552493299636489712e-12 5.522633962600368887e-12 -4.362648953345812286e-12 1.172393111735909151e-11 -1.307067446589073554e-11 6.478366009277030200e-12 6.668815062211490903e-13 8.531105776232299962e-12 9.544842562343423974e-12
-8.891004510276097216e-13 -3.733945964333335109e-12 1.883738470146695205e-12 4.879277180955991792e-12 -1.475057627444360533e-12 8.828309142217147975e-12 -6.829415422289998772e-12 1.006756214152255992e-12 -4.028814049541210404e-12 5.487439811888668477e-12 7.754135638946508491e-12
-8.658747375185437430e-13 -3.418932337617236686e-12 1.147872173849027734e-12 4.134063252172422781e-12 8.598656704292280134e-13 6.256171273376290014e-12 -2.574734770914614939e-12 -1.211420010175067029e-12 -5.734745637347424639e-12 3.811525215759735909e-12 6.202245608251565279e-12
-8.330549397298236609e-13 -2.997438982351992203e-12 4.828985252042357086e-13 3.348467547589038285e-12 2.245625667969944972e-12 4.188121401289589247e-12 -4.073919318269294956e-13 -1.320572322360981458e-12 -5.309519468995509947e-12 3.293999844463136731e-12 4.952543721460169778e-12
-7.867292958514092477e-13 -2.501374516643542420e-12 -4.521922058935091763e-14 2.517467549426415247e-12 2.695373515293021850e-12 2.545014859052529975e-12 -7.141598773320512439e-14 -1.689754495214081122e-12 -4.237836002065617167e-12 1.367694467322317924e-12 3.518498659230728206e-12
-7.220812210952634133e-13 -1.944594438832022546e-12 -4.473031595174651782e-13 1.687482795500268932e-12 2.515211444401060984e-12 1.295258946244194381e-12 -3.909366846478696405e-13 -1.114330873467784290e-12 -2.363382654698999285e-12 5.699343122157136557e-13 2.063520258093811054e-12
-6.398651743822818955e-13 -1.380470261928628853e-12 -6.840396136839052404e-13 9.272271427896807150e-13 1.918152109983117061e-12 4.091107238187390566e-13 -6.207841059333983915e-13 1.173908818121488155e-13 -3.736180908687523003e-13 4.095642782334404495e-13 1.098016457476881085e-12
-5.456643663638301250e-13 -8.808833391577418278e-13 -7.423076305958384098e-13 3.643498530936189097e-13 1.091944377435058762e-12 -1.391926210106563365e-14 -6.166487747360084200e-13 7.948076828316063861e-13 7.590749707397089054e-13 1.389029540205792526e-13 -3.109158566626028624e-13
-4.463179210085007146e-13 -4.835364938532660809e-13 -6.456579296077726569e-13 3.705373716695471745e-14 2.776309872471730475e-13 -7.178217268752535887e-14 -2.821192694463365789e-13 3.965875041666109820e-13 1.080412850509850034e-13 -4.912587461345534474e-13 -7.461555095605272168e-13
-3.487933099069057228e-13 -1.976209534504860188e-13 -4.558741944186629923e-13 -6.129602904287181655e-14 -2.126020523520936959e-13 2.313547752924019269e-14 5.105654339484309293e-14 1.011350874237982860e-13 -6.640674693594965986e-14 -2.991711499473099319e-13 2.660070892920249485e-14
-2.601233422102462219e-13 -1.257220045062769364e-14 -2.368386250009562685e-13 -2.767938685249118496e-14 -2.983789928761948671e-13 6.571526219036769047e-14 1.027238504069630079e-13 1.592774149075656107e-14 1.271477930687300107e-13 3.701399830694912093e-14 3.395595750752333249e-13
-1.845346641210759022e-13 8.195233426078559171e-14 -4.980134431641697877e-14 6.374135455064610138e-14 -1.264782246402548577e-13 -6.059970652892224028e-15 1.049180235336615423e-13 1.156101220668296351e-13 -1.060237939791586459e-13 1.362530231499854472e-13 -8.783661210910430886e-14
-1.235668661229314577e-13 1.154126394821134360e-13 6.744418467685646983e-14 1.474377425182371264e-13 3.355606047461764022e-14 -8.292505607218724788e-14 -7.135118824485002493e-14 3.102233061943372018e-15 9.244755487523370074e-14 -7.126938080480232635e-14 -4.464146646567604104e-14
-4.758936517683369508e-13 -8.019435933764212928e-13 -2.305116778533408547e-12 1.983183607837017797e-12 6.920019820652887729e-12 7.542299858345971467e-12 -1.478001116212372896e-11 1.089467671914668895e-11 1.031322136565715365e-10 -7.793162642818929861e-12 -2.765871034485399631e-12
-5.481625728170526232e-13 -1.321856004367177690e-12 -1.344604739297769680e-12 2.807171731224423269e-12 3.977714548315447715e-12 9.153430743002212095e-12 -1.740319938956710178e-11 1.321069655875966201e-11 9.260327632842973548e-11 -3.958839457504917415e-12 2.690151175348803722e-12
-6.322068324654367734e-13 -1.931500727195784473e-12 -1.898718851565622178e-13 3.697403624327353174e-12 5.502252292620175506e-13 1.104496551056538265e-11 -2.013949547349887214e-11 1.487729813521472228e-11 7.730592949335781245e-11 -7.642947661497557189e-13 8.624929803313235563e-12
-7.241127745097093086e-13 -2.585511602833490296e-12 1.020477566781722036e-12 4.604591534688407798e-12 -2.887146362606226663e-12 1.309206727710330584e-11 -2.261827491038980321e-11 1.603625628753159730e-11 5.937670900392902993e-11 2.323757261138828481e-12 1.277002384514890312e-11
-8.158268318814346181e-13 -3.221181629149952150e-12 2.135517985367789522e-12 5.453707368334236011e-12 -5.965937224893127635e-12 1.496274260555142477e-11 -2.456566478742832538e-11 1.652384739482884751e-11 3.957782830678376376e-11 5.637214816598929058e-12 1.448157017797009595e-11
-8.902349955469369807e-13 -3.744736664231889362e-12 2.924019220085934704e-12 6.087605822660228519e-12 -7.806073186921726738e-12 1.588330423545442355e-11 -2.457086860674723096e-11 1.672432031186565157e-11 2.143735241539987905e-11 9.974244062477747751e-12 1.379246403882068542e-11
-9.238340769064296152e-13 -3.997305441103415894e-12 3.079741734902428467e-12 6.127754696815431688e-12 -7.247369895239013743e-12 1.478133388828815389e-11 -2.069588911965912226e-11 1.289487303814814216e-11 8.843376198860121746e-12 1.085732584969642570e-11 1.170410181093453930e-11
-9.258585887851339797e-13 -4.008160881105811738e-12 2.676727646739596027e-12 5.693433262652018036e-12 -4.712129369499612109e-12 1.218398673215280867e-11 -1.381899037245491397e-11 6.747240629336156090e-12 8.990597373104891634e-13 8.576689878772934563e-12 9.803826590366795037e-12
-9.111570306887210279e-13 -3.844886879009740249e-12 1.996184697405369859e-12 5.039969795175662005e-12 -1.713163112818138512e-12 9.197727560996385206e-12 -7.282095702084374966e-12 1.001421185852150870e-12 -4.049276198145714427e-12 5.393182880330031871e-12 7.950571178532104826e-12
-8.879803952836726696e-13 -3.529172896355000009e-12 1.238888052329828179e-12 4.278929800104885239e-12 7.421607242479801911e-13 6.529613308530718877e-12 -2.765375980476393851e-12 -1.366896625019206536e-12 -5.874480109574434931e-12 3.673165148952105361e-12 6.350827556182093959e-12
-8.553347141085046480e-13 -3.102792198699354218e-12 5.505533468483300139e-13 3.475911646353958327e-12 2.221960426555310586e-12 4.381584731717074016e-12 -4.272837616414566244e-13 -1.474799185603205054e-12 -5.492281040595387291e-12 3.207171842136301497e-12 5.065457091354817600e-12
-8.090801645260192850e-13 -2.598045215631083278e-12 1.902652682868265685e-15 2.622966501726583705e-12 2.727366623749713667e-12 2.673223666810556804e-12 -2.461973526830994010e-14 -1.844988249147882797e-12 -4.403808700395148026e-12 1.269522672672310683e-12 3.620796174094542468e-12
-7.440245405846076864e-13 -2.027544209377289053e-12 -4.204962857531115785e-13 1.766192294738479298e-12 2.575953481096749378e-12 1.366514271321970128e-12 -3.441297225126839646e-13 -1.241167430006984811e-12 -2.467978107801166070e-12 4.802291787008844093e-13 2.163803786986490773e-12
-6.606964302414877673e-13 -1.445493248901079642e-12 -6.753213839526221979e-13 9.753207090437786203e-13 1.984710268081773255e-12 4.320629032301688542e-13 -6.041412532109279350e-13 5.335258140345610398e-14 -3.974872035709333577e-13 3.595640581804213986e-13 1.185327469589304293e-12
-5.646600554612363040e-13 -9.269201672738557557e-13 -7.470370105637779986e-13 3.850124969725845625e-13 1.145744535861057451e-12 -1.702163213049416857e-14 -6.299776384089144348e-13 7.957470737551069558e-13 8.072012573639435442e-13 1.355732125615932835e-13 -2.906171045187769376e-13
-4.628780468681615489e-13 -5.125011759842543137e-13 -6.575492853935976492e-13 3.858255346804558836e-14 3.052496517482949313e-13 -8.008339083795072841e-14 -3.066614861818208271e-13 4.107865048607034224e-13 1.420012939495329783e-13 -4.889405399217120437e-13 -7.910067240350076912e-13
-3.625392417661121683e-13 -2.131825907202300894e-13 -4.688549240980053662e-13 -6.840775867044158239e-14 -2.076238021088605708e-13 2.528317179820327844e-14 3.671215726164385543e-14 1.028431552484847735e-13 -3.605787235543922700e-14 -2.806674068927095129e-13 1.277471579931215856e-16
-2.709540982814273809e-13 -1.840019509683211327e-14 -2.462178201050269958e-13 -3.638479158433428959e-14 -3.031558232840627472e-13 7.613532451604220946e-14 9.513862853638770790e-14 3.943762147670459451e-15 1.588561915651093341e-13 6.640762020795027635e-14 3.460784506471413892e-13
-1.926318623750043437e-13 8.209885112581024798e-14 -5.363594387540823365e-14 5.783504921734573023e-14 -1.275282636456844471e-13 4.804403724049056430e-15 1.073368090239721705e-13 1.114751897257780686e-13 -1.057938843504160319e-13 1.661152406218319670e-13 -9.068487166243539191e-14
-1.292590952781369961e-13 1.186976639161311667e-13 6.849037061630727876e-14 1.455746017666305051e-13 3.783102768007114831e-14 -7.417940358088187322e-14 -7.131192715191128655e-14 1.016014252274953268e-14 9.919523180475110382e-14 -8.072032871125138085e-14 -6.170198934670359159e-14
-4.441216153330825430e-13 -8.812642053135141417e-13 -1.769878525938960546e-12 2.058349865754406744e-12 5.288734657129735546e-12 7.291348186388582468e-12 -1.411379211339726619e-11 1.202381292518020492e-11 8.833669943157832092e-11 -3.909250974533002307e-12 7.919420064842109631e-13
-5.101201687544322096e-13 -1.356744166480010933e-12 -8.905539012789114036e-13 2.783310680354762346e-12 2.651865792696328494e-12 8.753473700193751686e-12 -1.625656675549472272e-11 1.367307614485147917e-11 7.749762021401357052e-11 -6.961813415935655243e-13 5.139185296677777046e-12
-5.845941859837330340e-13 -1.894506800508620296e-12 1.143443128425804160e-13 3.543448059882238221e-12 -2.654982821145153641e-13 1.036148883462237662e-11 -1.834667673859507855e-11 1.469704616293167405e-11 6.297177403602069762e-11 1.985555809004067230e-12 9.415869199312730735e-12
-6.620431143171710630e-13 -2.446017704518558508e-12 1.108560338233948580e-12 4.281887275301065557e-12 -2.993703851336418784e-12 1.194423272922346409e-11 -1.995633035776137212e-11 1.526358050605873262e-11 4.688340437844787180e-11 4.665158075791247516e-12 1.186890207440803638e-11
-7.335282983206442623e-13 -2.945169974910170171e-12 1.942169946803337061e-12 4.906688065079372565e-12 -5.153371406594679544e-12 1.312707777718333653e-11 -2.073220651813024460e-11 1.502088560000942949e-11 3.018885455420509619e-11 7.310865479578150392e-12 1.251558230724647858e-11
-7.858375546505493653e-13 -3.314954940838569361e-12 2.431110290843801181e-12 5.276004142850079096e-12 -6.020321253107277570e-12 1.330644655494613388e-11 -1.949603487911776655e-11 1.413647677225274590e-11 1.578853758823009909e-11 1.010694035091644094e-11 1.174493756047069941e-11
-8.067271713837545997e-13 -3.461348311823618112e-12 2.419293485831348783e-12 5.177408255224732099e-12 -5.087459769307906950e-12 1.198633249406825037e-11 -1.556039781174053245e-11 1.019862653336428612e-11 5.925562389099982391e-12 1.005127868182930735e-11 9.926596816875888341e-12
-8.043690483667359109e-13 -3.416813530957901520e-12 2.000417887185451713e-12 4.751243623178133419e-12 -2.876109191889709263e-12 9.697586176385795202e-12 -9.922799616330981858e-12 5.406763833763010917e-12 -2.448981499403242390e-13 8.334920720127384161e-12 8.364932478233265440e-12
-7.889496068810366827e-13 -3.228931325000756511e-12 1.396079671348226664e-12 4.160508273377480608e-12 -5.269771050675372241e-13 7.237670815453203475e-12 -5.060962579929702159e-12 1.177187899235503719e-12 -3.827885927635498234e-12 5.920247838802088414e-12 6.859810628141981727e-12
-7.652914833627896384e-13 -2.920565551060271264e-12 7.610817625954403373e-13 3.488351892060291200e-12 1.275357017237541271e-12 5.090514563191948390e-12 -1.927922356753643613e-12 -4.917540750373857258e-13 -5.064800452133151220e-12 4.336936061475458097e-12 5.502266013854819516e-12
-7.315382698776819815e-13 -2.524078883188069075e-12 2.025412048929779720e-13 2.782555671704068696e-12 2.263775830730256420e-12 3.368353894175800416e-12 -4.392405168377332111e-13 -6.555538288280076529e-13 -4.459317317446334570e-12 3.593411881069946256e-12 4.395189025597069122e-12
-6.850394975607428147e-13 -2.070873241156281177e-12 -2.329259163050971691e-13 2.054901378060362728e-12 2.487270125280518266e-12 2.011564163858197793e-12 -3.226476851315187891e-13 -1.011475953134702443e-12 -3.491967126894994921e-12 1.761679107340383901e-12 2.980249350930363697e-12
-6.225765593102512983e-13 -1.580121485390090243e-12 -5.416460656029125712e-13 1.348592700711050145e-12 2.197962731175186419e-12 1.010821872180752792e-12 -5.802330448096329883e-13 -5.753360784965882800e-13 -1.883252004666736145e-12 9.252937053789209640e-13 1.551627300553218414e-12
-5.459640069118203403e-13 -1.100093599526877397e-12 -6.977030227470614953e-13 7.281093477663092648e-13 1.593161202661951560e-12 3.295564222732171523e-13 -6.488318646949904365e-13 3.599166945361497026e-13 -2.959685106771680745e-13 5.808504386005618299e-13 6.702394092514530650e-13
-4.606357587867251626e-13 -6.865225211747941648e-13 -6.982648831107993193e-13 2.849251911768804544e-13 8.394599696339152078e-13 5.667079278491480924e-15 -5.123495137429176850e-13 7.526069170436178784e-13 5.413758017564584159e-13 1.125013807177355063e-13 -3.813726125798673711e-13
-3.727889783770381417e-13 -3.643244186766589405e-13 -5.747936223621913953e-13 3.717784800819199391e-14 1.550550061106652454e-13 -4.513233631062507752e-14 -1.517115438713200161e-13 3.227469917799237607e-13 -5.704631494689137976e-14 -5.105261095738469919e-13 -5.350659270783027308e-13
-2.883157734300621509e-13 -1.357444948013207134e-13 -3.864117048367971552e-13 -2.893919617979602311e-14 -2.302678734940318894e-13 -1.533578847480736583e-15 1.137943797321025406e-13 8.759601719385918913e-14 -2.131985005328646694e-13 -3.892430279438512290e-13 1.409673651159620156e-13
-2.129339729129093701e-13 8.154587893510517240e-15 -1.891408184394977166e-13 8.072535368490986463e-15 -2.714604572160842478e-13 1.340802502121122845e-14 1.325492275115329233e-13 5.203412228673459028e-14 -1.325501601712002947e-15 -1.020074410879601357e-13 3.086948939384898624e-13
-1.496265269736522377e-13 7.805516637852520883e-14 -3.026563078764011881e-14 8.488317229763370789e-14 -1.187515303191848995e-13 -5.321255647319258641e-14 9.310084271264120444e-14 1.147221082107324289e-13 -1.088928477326231649e-13 -1.756798383543252933e-15 -7.602177087584023920e-14
-9.931236738378997322e-14 9.910037386239757626e-14 6.358041157813155827e-14 1.504372831798683430e-13 1.526721649477625484e-14 -1.171471763009831653e-13 -6.748667991360112908e-14 -4.099806108793715639e-14 4.803327536024181609e-14 -6.591439309842166880e-15 5.253591293084560685e-14
-4.530108429596416350e-13 -8.536321713218827526e-13 -1.928814825504594003e-12 2.015775002363165407e-12 5.801737139758845509e-12 7.349778258051581011e-12 -1.421082601455151623e-11 1.134336539994245978e-11 9.245563556407042531e-11 -5.434145566802658399e-12 -7.575926154507863940e-13
-5.206622183968897972e-13 -1.339455296640218880e-12 -1.033404281282535367e-12 2.767178609252127766e-12 3.098804305869153955e-12 8.842773755116553585e-12 -1.648620767702834234e-11 1.318871159553316771e-11 8.188504644597326166e-11 -2.043344235825030828e-12 3.831834194121578213e-12
-5.975630747974362597e-13 -1.895321428351056953e-12 7.686673812894653334e-15 3.563466106490487754e-12 5.298130903524278658e-14 1.051715216125974921e-11 -1.875730726980924033e-11 1.443218038448350599e-11 6.730708665930603534e-11 8.215543198157109832e-13 8.577752653311911006e-12
-6.787252851675608834e-13 -2.473849683073299964e-12 1.058430223533830738e-12 4.349127017436147355e-12 -2.866583233814924043e-12 1.221384254327574444e-11 -2.061205640927938811e-11 1.521338477538961325e-11 5.087412920630341372e-11 3.657999923912332539e-12 1.163118335969193714e-11
-7.557496105314332946e-13 -3.010540525956562196e-12 1.970146361824743912e-12 5.036600243919511547e-12 -5.286611207032424323e-12 1.358132750086602460e-11 -2.172811086789663627e-11 1.519796463962419481e-11 3.344801296586665848e-11 6.473250104997650945e-12 1.278501502498531506e-11
-8.150458540202356805e-13 -3.426968499832319251e-12 2.553064008823890130e-12 5.486025890685643639e-12 -6.467907207393022905e-12 1.400100523217377193e-11 -2.091850462043881545e-11 1.463357748202294121e-11 1.799557418424428398e-11 9.622550072676812431e-12 1.227240868302249543e-11
-8.420315828215953038e-13 -3.616973762119377200e-12 2.621307763351010711e-12 5.460814011450149401e-12 -5.786867897573993928e-12 1.286714775895969371e-11 -1.728379498194725879e-11 1.099347322511840785e-11 7.085327367329170236e-12 1.007379406855024250e-11 1.042838353764370735e-11
-8.421411850115708772e-13 -3.596359669951021262e-12 2.227634297840968460e-12 5.052886575769731477e-12 -3.573191493893742320e-12 1.055530766610318951e-11 -1.144874347145483226e-11 6.005438921324133042e-12 2.868274701839285006e-13 8.418073820344456747e-12 8.810757564064665966e-12
-8.274972826391619950e-13 -3.421335696482976651e-12 1.612640789900677999e-12 4.450710749509566467e-12 -1.062224774504112313e-12 7.960918602345038830e-12 -6.112868402765857979e-12 1.304437459178056991e-12 -3.762097060880050190e-12 5.764102063073360994e-12 7.201291520986223991e-12
-8.037778967085705254e-13 -3.115014154702304935e-12 9.437877465402644542e-13 3.752515779099586111e-12 9.607935405086808694e-13 5.638369089492939229e-12 -2.465579347380038403e-12 -7.377447357142621102e-13 -5.276793413660719512e-12 4.014141450318093484e-12 5.740419298798612137e-12
-7.701963495362764125e-13 -2.712555373748956028e-12 3.451009140197553371e-13 3.016766715187737203e-12 2.138661497876635198e-12 3.761388188164777507e-12 -5.953443310101980401e-13 -9.560491692639456064e-13 -4.760779803040286308e-12 3.353338820996868367e-12 4.552094604534459193e-12
-7.239133682055071683e-13 -2.247029295314792029e-12 -1.271338377949218501e-13 2.253769570518621961e-12 2.484609755893025837e-12 2.280400489361015959e-12 -2.839548945848668335e-13 -1.302316272080058414e-12 -3.786526986514189229e-12 1.546121681058959690e-12 3.096269800630299488e-12
-6.610148787320663737e-13 -1.735640307485537264e-12 -4.703356188343110185e-13 1.502581393432391768e-12 2.264867106754044573e-12 1.171589700158571985e-12 -4.838045058323613298e-13 -8.250937181721357814e-13 -2.062724146968131318e-12 7.270116677274889486e-13 1.673058711251944809e-12
-5.829345793647207250e-13 -1.226833584660919223e-12 -6.590920139028440172e-13 8.295287507919159662e-13 1.687317492345226682e-12 3.939316178693789398e-13 -5.792548550792488870e-13 2.058167338556276201e-13 -3.568840464593902639e-13 4.444853221881316168e-13 7.945434979002980072e-13
-4.948765247363948670e-13 -7.801773019613465803e-13 -6.858123399437261120e-13 3.343906486956885173e-13 9.244235533386966832e-13 6.921085343308674989e-15 -4.960807753157153979e-13 7.201750630050969032e-13 6.245065258143401734e-13 6.932431921908039338e-14 -3.320363346264321305e-13
-4.031778760555353618e-13 -4.262178222321908967e-13 -5.797495634838991060e-13 4.681197991503819889e-14 2.047621470426489774e-13 -6.837595446887240761e-14 -1.746715055979055513e-13 3.392854462514984347e-13 -5.104785520980444340e-15 -5.142944475364870715e-13 -6.058744735914363023e-13
-3.140420629268414750e-13 -1.710624529428430127e-13 -3.989005918298192425e-13 -4.096930821605754717e-14 -2.178956960421685689e-13 -1.176062483298694264e-14 8.755587374436070581e-14 8.488893061091676379e-14 -1.684231749340130029e-13 -3.649911843230300656e-13 9.308423434050371996e-14
-2.336339590283711847e-13 -7.394371712374472090e-15 -2.002741847608067071e-13 -1.035484233647869731e-14 -2.755792599600364631e-13 2.601148410940688116e-14 1.150403181208008713e-13 1.731880872035525456e-14 6.462959720329763557e-14 -5.534274063833709969e-14 3.172947434606282162e-13
-1.654457086535566764e-13 7.525467404535715345e-14 -3.458975192070974890e-14 6.943172126036619224e-14 -1.180542618934913978e-13 -3.292166561152050254e-14 9.608538200274708723e-14 9.110304717721131522e-14 -1.094544252012560575e-13 4.508978667902346670e-14 -8.432503330623489163e-14
-1.107017679231066555e-13 1.034951546909244699e-13 6.646547930311671642e-14 1.421631102355049999e-13 2.392001177963004792e-14 -9.731612674684646277e-14 -6.358960838956232714e-14 -3.894820677628455197e-14 4.755841191961594789e-14 -6.892416910808450541e-15 3.851215711998323941e-14
-4.603675722739949892e-13 -8.307577032560975987e-13 -2.060345188144792790e-12 1.980487664950176869e-12 6.226376609517469474e-12 7.398134743724042577e-12 -1.429092105666608867e-11 1.077926283571009614e-11 9.586387426363090693e-11 -6.697319228899754649e-12 -2.041461937597754305e-12
-5.293869133680612920e-13 -1.325136431755917583e-12 -1.151632985696179920e-12 2.753763546914725570e-12 3.468822505071269029e-12 8.916669023642007384e-12 -1.667601370165764113e-11 1.278671503524738951e-11 8.551568848830653042e-11 -3.159673417599167363e-12 2.747926657780120023e-12
-6.082960071744364941e-13 -1.895980645454832100e-12 -8.060244302098361226e-14 3.579966388621118190e-12 3.167315408383928931e-13 1.064594746861970314e-11 -1.909689935322523453e-11 1.421185611232783997e-11 7.089499458610558355e-11 -1.431897143589850083e-13 7.881874877281291635e-12
-6.925306940196519689e-13 -2.496864101117864188e-12 1.016910415393669625e-12 4.404709666378976167e-12 -2.761170078554952147e-12 1.243691401900624369e-11 -2.115449346785358547e-11 1.517085184185999022e-11 5.417716661955823960e-11 2.823211450465883300e-12 1.143211922604614025e-11
-7.741380926989636154e-13 -3.064617510085181608e-12 1.993255005837238970e-12 5.144054260671205563e-12 -5.396653055201939928e-12 1.395714426899976076e-11 -2.255208090844651075e-11 1.534373144555559343e-11 3.614622928708585954e-11 5.779012218244512976e-12 1.300614944652701511e-11
-8.392155647928347937e-13 -3.519640397339908283e-12 2.653934583554633230e-12 5.659764804372708204e-12 -6.838058659328354546e-12 1.457563054845454477e-11 -2.209542858395602512e-11 1.504414309341542374e-11 1.982357699544202411e-11 9.220460119452559815e-12 1.270779652111410344e-11
-8.712490633281435150e-13 -3.745748290911832542e-12 2.788464115178239133e-12 5.695299767207585073e-12 -6.365548548095165056e-12 1.359601776107544148e-11 -1.871001791689715429e-11 1.165043061717616915e-11 8.046658324471239140e-12 1.009085347573420837e-11 1.084329318244301977e-11
-8.734096347599965367e-13 -3.744976684926331496e-12 2.415757044690735696e-12 5.302594605546610884e-12 -4.150476508663195337e-12 1.126550951162597448e-11 -1.271262523121273850e-11 6.501221202678776679e-12 7.274663036741552482e-13 8.486495893669770438e-12 9.179590245884671650e-12
-8.594099329143716363e-13 -3.580607281798360033e-12 1.791985602607722833e-12 4.690986643780389061e-12 -1.505772996516161909e-12 8.559961944357162607e-12 -6.984782080118351330e-12 1.410467705155950480e-12 -3.707198042080099328e-12 5.635003849011610370e-12 7.483868819407707564e-12
-8.356416367351727687e-13 -3.275997171387191498e-12 1.095140800754756238e-12 3.971265600269657432e-12 6.998494755410003459e-13 6.092288770697099131e-12 -2.911835303702719676e-12 -9.407135354151138435e-13 -5.452114421211921951e-12 3.747088349497422546e-12 5.937500991590904780e-12
-8.022011799999682632e-13 -2.868602987509464334e-12 4.632257055228152256e-13 3.210716189856232553e-12 2.034605180340743720e-12 4.087090683765984030e-12 -7.255370270495365194e-13 -1.204842837429567031e-12 -5.010282770227225945e-12 3.154128377575333014e-12 4.681844246145936315e-12
-7.560954460227552457e-13 -2.392880054462628325e-12 -3.946172824426735993e-14 2.418453733182213932e-12 2.482088872465372933e-12 2.503181425554315880e-12 -2.524252892580129756e-13 -1.543031811096625866e-12 -4.030291181828713268e-12 1.367516108529642506e-12 3.192329185841351739e-12
-6.928369406201432979e-13 -1.864419981522870683e-12 -4.112069525600219393e-13 1.630125782991625377e-12 2.320017373266015919e-12 1.304876069834621940e-12 -4.041842315691666795e-13 -1.031836255526107340e-12 -2.211337497478317201e-12 5.628255635250126892e-13 1.773325377936052577e-12
-6.135423704750953488e-13 -1.331800804978640464e-12 -6.270304026205407282e-13 9.135604143585530945e-13 1.765110274258603930e-12 4.474000017201613042e-13 -5.216027736164119917e-13 7.814487621731824343e-14 -4.070318674982206236e-13 3.314615037827423703e-13 8.973568036033964515e-13
-5.232260344049804665e-13 -8.577641507577308079e-13 -6.754078892363675588e-13 3.754111604727312522e-13 9.946652461659539704e-13 8.057981851752930677e-15 -4.824687284532065625e-13 6.932070183111113434e-13 6.932630588027432504e-13 3.345280827595731946e-14 -2.913498658680256425e-13
-4.283403503618532695e-13 -4.775104377923742193e-13 -5.837662135614967677e-13 5.483937603072073806e-14 2.458725296937360024e-13 -8.759740139079720667e-14 -1.935054915724890672e-13 3.529308770117118244e-13 3.798039614300265777e-14 -5.174700701440242568e-13 -6.644142839461055827e-13
-3.353458617193210990e-13 -2.003443565847024467e-13 -4.091711964116277961e-13 -5.090954698527575387e-14 -2.076672281855631897e-13 -2.029372276207766698e-14 6.588001609713681306e-14 8.261045822030524228e-14 -1.314985367142071795e-13 -3.450243737260233929e-13 5.348170694315920020e-14
-2.507775642212578155e-13 -2.029750480857949077e-14 -2.094434083212098793e-13 -2.561384086511517640e-14 -2.789988781194638184e-13 3.638008630536420894e-14 1.005150184299512669e-13 -1.139629248972535096e-14 1.190828527053925804e-13 -1.674545151332423905e-14 3.244000858411293795e-13
-1.785486865572573295e-13 7.291786713872537340e-14 -3.814129130533948386e-14 5.661788116140434822e-14 -1.174721520677680940e-13 -1.614747454551888947e-14 9.853689817958615939e-14 7.152392356218119546e-14 -1.099089819201105185e-13 8.372839134151329030e-14 -9.127744363635024010e-14
-1.201370178291993711e-13 1.071243951954943984e-13 6.886912336571366999e-14 1.352893378061257096e-13 3.109397708522113603e-14 -8.089317286307955802e-14 -6.034998062924003195e-14 -3.723031872305761433e-14 4.717867831319293067e-14 -7.237177580386067969e-15 2.689121986788186665e-14
-4.666370226135649678e-13 -8.112639394684295157e-13 -2.172436179434320781e-12 1.950415576594829216e-12 6.588257001182522868e-12 7.439344440190235933e-12 -1.435917854662911479e-11 1.029853112485134860e-11 9.876839642826090051e-11 -7.773803667455688274e-12 -3.135583347633789444e-12
-5.368221525251978877e-13 -1.312933806042764717e-12 -1.252388221397244592e-12 2.742331147025126864e-12 3.784154311360216860e-12 8.979643029225271713e-12 -1.683776757158174223e-11 1.244413106637366178e-11 8.860974416363771465e-11 -4.111016079851969390e-12 1.824213920734339646e-12
-6.174426787061313101e-13 -1.896542434117264381e-12 -1.558429764843543503e-13 3.594028030891820757e-12 5.415011261032458897e-13 1.075570762785036893e-11 -1.938630183198047434e-11 1.402409439496268049e-11 7.395263198565087978e-11 -9.653505733747387809e-13 7.288843509190045541e-12
-7.042957490656075189e-13 -2.516477130718172906e-12 9.815269769713144091e-13 4.452077544170381976e-12 -2.671336332392408226e-12 1.262701691388544421e-11 -2.161676169341776868e-11 1.513460500718096110e-11 5.699203560181401420e-11 2.111799527103655681e-12 1.126247552725800126e-11
-7.898088712626311840e-13 -3.110702251254944616e-12 2.012948335389598180e-12 5.235627240041417918e-12 -5.490431400093958168e-12 1.427741764992901456e-11 -2.325427328878218559e-11 1.546795481827703838e-11 3.844566598380250408e-11 5.187378377744003587e-12 1.319460156565387977e-11
-8.598131422511465550e-13 -3.598615963209294006e-12 2.739897113075228605e-12 5.807826184317832672e-12 -7.153504022979853756e-12 1.506532980800378171e-11 -2.309841048841157101e-11 1.539402965222096640e-11 2.138141234029043201e-11 8.877796561171396103e-12 1.307883673372055622e-11
-8.961483814842788630e-13 -3.855490743234994431e-12 2.930915795389114113e-12 5.895129982979767072e-12 -6.858703789206201793e-12 1.421716529934803366e-11 -1.992545395252028073e-11 1.221029378038125399e-11 8.865910537925391404e-12 1.010539160215055341e-11 1.119688175474554532e-11
-9.000568016662852420e-13 -3.871629027304019887e-12 2.576076417301837592e-12 5.515397338193298707e-12 -4.642442382332293654e-12 1.187074793275712984e-11 -1.378971311385783838e-11 6.923729939989658131e-12 1.102981454524852677e-12 8.544805606362562304e-12 9.493911745017541077e-12
-8.866060915180119115e-13 -3.716339515224627134e-12 1.944824365450255857e-12 4.895751252214021944e-12 -1.883767546173683780e-12 9.070470399516565490e-12 -7.727832331601601170e-12 1.500827340889868803e-12 -3.660412755920729535e-12 5.524985549317969111e-12 7.724682946131457872e-12
-8.627961137315019891e-13 -3.413187897340112609e-12 1.224124813425029849e-12 4.157685555742643326e-12 4.774713215464032487e-13 6.479121941728863815e-12 -3.292137403657208088e-12 -1.113684804022499449e-12 -5.601524070985788287e-12 3.519504039518176106e-12 6.105455232869446359e-12
-8.294758951420910185e-13 -3.001587732513778939e-12 5.638923864834012859e-13 3.376001136134017043e-12 1.945927738802699480e-12 4.364656373223752047e-12 -8.364880538634236785e-13 -1.416866345592958314e-12 -5.222910747200172993e-12 2.984359999436076098e-12 4.792417695546836191e-12
-7.835212124610579592e-13 -2.517174976723734851e-12 3.525298811872843165e-14 2.558798598941407898e-12 2.479940558649294065e-12 2.693036722972912454e-12 -2.255555655725465963e-13 -1.748171087587842132e-12 -4.238028541979179211e-12 1.215307330195552193e-12 3.274191589657504247e-12
-7.199558992563977992e-13 -1.974166819157751008e-12 -3.608171357359466032e-13 1.738819903649986151e-12 2.367016771773188930e-12 1.418463542056591470e-12 -3.363313403171309977e-13 -1.208023529100915253e-12 -2.337986717306004922e-12 4.229051460613712230e-13 1.858773253044565495e-12
-6.396265200264981961e-13 -1.421254521809878624e-12 -5.997072980646373143e-13 9.851727198721568197e-13 1.831405765269515545e-12 4.929660908760639912e-13 -4.724713118169514244e-13 -3.065787347726177220e-14 -4.497681513516846645e-13 2.351419039214627816e-13 9.849749407271874180e-13
-5.473856625054613644e-13 -9.238841450683022045e-13 -6.665411513892493972e-13 4.103690954619307331e-13 1.054525652471570902e-12 9.026852444235590524e-15 -4.708684571871976630e-13 6.702246828596975332e-13 7.518578026442341192e-13 2.882883705481804826e-15 -2.566766050985702748e-13
-4.497839671550515847e-13 -5.212223233336624312e-13 -5.871892273654817961e-13 6.168037300154722554e-14 2.809070528228589293e-13 -1.039780376603681572e-13 -2.095559308490869703e-13 3.645595977258170392e-13 7.469785596422926715e-14 -5.201763555039751030e-13 -7.143022733202508291e-13
-3.535010912971358271e-13 -2.252985767841877065e-13 -4.179238691380785821e-13 -5.938068009550584910e-14 -1.989504644089109275e-13 -2.756568197541838177e-14 4.740771582966725168e-14 8.066872991700927058e-14 -1.000311317184656677e-13 -3.280085338545140125e-13 1.973218695551726854e-14
-2.653874509965069530e-13 -3.129363503809023118e-14 -2.172574773864883210e-13 -3.861765416091528368e-14 -2.819130979471154136e-13 4.521627321717609334e-14 8.813646780386446131e-14 -3.586748019153184518e-14 1.654882543573289065e-13 1.614739744320313590e-14 3.304553028973575652e-13
-1.897151256783521314e-13 7.092642571754736227e-14 -4.116793511770356501e-14 4.569784700596448243e-14 -1.169760744447136684e-13 -1.852404877759290094e-15 1.006260954442397980e-13 5.483847296229703054e-14 -1.102963577330732051e-13 1.166564498116274124e-13 -9.720233096083057759e-14
-1.281777963848133502e-13 1.102172564433749406e-13 7.091752380700504696e-14 1.294314661813113219e-13 3.720767487949032220e-14 -6.689742957306630051e-14 -5.758914974295276539e-14 -3.576632363601076934e-14 4.685506699189591209e-14 -7.530985042051046078e-15 1.698778461979044705e-14
-4.720966251052632246e-13 -7.942882557237123374e-13 -2.270047969222656822e-12 1.924228008524466008e-12 6.903391985083380196e-12 7.475230927821607152e-12 -1.441861896359828019e-11 9.879897272828147212e-12 1.012977308741896712e-10 -8.711234695702100518e-12 -4.088373117143415987e-12
-5.432969546315526480e-13 -1.302307437394298259e-12 -1.340128536664390293e-12 2.732375510840615056e-12 4.058753560808755611e-12 9.034482450534004349e-12 -1.697862710042460040e-11 1.214579990970510833e-11 9.130412939128206876e-11 -4.939470351299326213e-12 1.019820514688716956e-12
-6.254078412191290618e-13 -1.897031653845286189e-12 -2.213644167142446504e-13 3.606273278487631775e-12 7.372364068895754462e-13 1.085128966467456827e-11 -1.963832113402637469e-11 1.386058653625706665e-11 7.661530322352446644e-11 -1.681309925617092680e-12 6.772416155851825563e-12
-7.145410689476446834e-13 -2.533556673134499772e-12 9.507141455593298213e-13 4.493326739493304473e-12 -2.593106736817061611e-12 1.279256352254589506e-11 -2.201931704468823732e-11 1.510304030266148150e-11 5.944329770710455497e-11 1.492283266900452673e-12 1.111474531767601462e-11
-8.034553981303621545e-13 -3.150834057837838146e-12 2.030097805293917495e-12 5.315371403033583315e-12 -5.572096053438611413e-12 1.455632014926609653e-11 -2.386576091914304630e-11 1.557613180112741731e-11 4.044807607157823977e-11 4.672168028981588989e-12 1.335871063514229019e-11
-8.777500554690793048e-13 -3.667389966951651560e-12 2.814755549274016403e-12 5.936761935670444251e-12 -7.428202160020470608e-12 1.549177282914015322e-11 -2.397183356685682217e-11 1.569872008725240282e-11 2.273801642409290764e-11 8.579396097120873221e-12 1.340194832895025241e-11
-9.178313639063085373e-13 -3.951057362793292094e-12 3.054966473299878322e-12 6.069147401445226255e-12 -7.288156373026842482e-12 1.475807694756934503e-11 -2.098388769090228639e-11 1.269783737970858836e-11 9.579336962198257313e-12 1.011805178245558111e-11 1.150479600223860774e-11
-9.232618568612988997e-13 -3.981921224951406735e-12 2.715686752964649904e-12 5.700711566508336650e-12 -5.070859234385780132e-12 1.239780550313013089e-11 -1.472766963513572372e-11 7.291661685664397178e-12 1.429989948108792510e-12 8.595583238604723805e-12 9.767631190378270596e-12
-9.102892231620797114e-13 -3.834538721444904559e-12 2.077920389114626583e-12 5.074065670249183809e-12 -2.212935165329408539e-12 9.515034618894481694e-12 -8.374900078726626204e-12 1.579514893537945100e-12 -3.619670893967853418e-12 5.429178711349942440e-12 7.934390234154697644e-12
-8.864429479411352312e-13 -3.532657197410456176e-12 1.336447491947728534e-12 4.320024966569794490e-12 2.838185618040291193e-13 6.815986463833242984e-12 -3.623314497968970299e-12 -1.264312744794393940e-12 -5.731633931320744472e-12 3.321317620839677409e-12 6.251714212249019986e-12
-8.532274359106383139e-13 -3.117394353623319669e-12 6.515555861833989544e-13 3.519935623990275755e-12 1.868705084029752777e-12 4.606367892223675354e-12 -9.331071329893778723e-13 -1.601502006091660484e-12 -5.408072793769294750e-12 2.836521218723200450e-12 4.888707968961227028e-12
-8.074042926966297444e-13 -2.625414271244511022e-12 1.003165329958743156e-13 2.681014607408608758e-12 2.478069749485582131e-12 2.858367720643372158e-12 -2.021567016799647545e-13 -1.926811777525827667e-12 -4.418931710819041578e-12 1.082759912566382933e-12 3.345479528107764541e-12
-7.435718031906781225e-13 -2.069737258207031635e-12 -3.169363545759921523e-13 1.833473609081686546e-12 2.407945086336256686e-12 1.517378507155001111e-12 -2.772432535335062534e-13 -1.361452051756586079e-12 -2.448276196278295888e-12 3.010587573392734465e-13 1.933183514928452086e-12
-6.623412849541646799e-13 -1.499153176417813565e-12 -5.759136180279275533e-13 1.047534603259249043e-12 1.889137626117182550e-12 5.326462425101881440e-13 -4.296863393509369474e-13 -1.254061765243270152e-13 -4.869840339338972722e-13 1.512642567801847932e-13 1.061275124285366549e-12
-5.684245034446433992e-13 -9.814631790740777293e-13 -6.588197620683446811e-13 4.408113867881309700e-13 1.106653672161275309e-12 9.870570497728185987e-15 -4.607666349615751996e-13 6.502110589809042958e-13 8.028836501951506015e-13 -2.373821259879060204e-14 -2.264822153611511717e-13
-4.684576338727609663e-13 -5.592877855635818667e-13 -5.901700778333075032e-13 6.763769350790147513e-14 3.114160391649815744e-13 -1.182427275695211765e-13 -2.235330764747270105e-13 3.746861941931574853e-13 1.066723880201471168e-13 -5.225330599689291548e-13 -7.577460495365974257e-13
-3.693111437612449130e-13 -2.470293695835132574e-13 -4.255459271720996588e-13 -6.675756613197494691e-14 -1.913596766232348374e-13 -3.389829577673723993e-14 3.132154971152251374e-14 7.897782168881811047e-14 -7.262848576440803812e-14 -3.131906917539864722e-13 -9.657784877020505128e-15
-2.781101255041666690e-13 -4.086935514812844765e-14 -2.240621746746575563e-13 -4.994171761584798814e-14 -2.844508773106439854e-13 5.291105773369065337e-14 7.735689952342414946e-14 -5.717763562125519322e-14 2.058993015541142312e-13 4.479135754109047972e-14 3.357283454445308578e-13
-1.994391552070279121e-13 6.919222599855856470e-14 -4.380361633392133042e-14 3.618839333708251205e-14 -1.165440769311020427e-13 1.059611868424923885e-14 1.024454234701700660e-13 4.030834264310921880e-14 -1.106336947664131631e-13 1.453310712473433489e-13 -1.023618790226414705e-13
-1.351799183050379593e-13 1.129106015245739425e-13 7.270132489373826836e-14 1.243302770810779684e-13 4.253164409578642279e-14 -5.470956729033343746e-14 -5.518494539706542240e-14 -3.449143810314662394e-14 4.657325770521425799e-14 -7.786840323616556560e-15 8.363612092444823375e-15
-4.770471068102464578e-13 -7.788955968703907560e-13 -2.358557223205089977e-12 1.900482497302150660e-12 7.189139868055200118e-12 7.507770920657772077e-12 -1.447251643162053124e-11 9.500302062338900718e-12 1.035911988023984958e-10 -9.561247996560775605e-12 -4.952312914232444161e-12
-5.491679661790981298e-13 -1.292672005012301858e-12 -1.419686854283996646e-12 2.723348265004378878e-12 4.307745762706841676e-12 9.084207971270479468e-12 -1.710635115166852827e-11 1.187528887625598868e-11 9.374725670133775365e-11 -5.690669240175865455e-12 2.904387630855222148e-13
-6.326302335064954306e-13 -1.897475254660928283e-12 -2.807758225651187465e-13 3.617376630632931296e-12 9.147188946242508765e-13 1.093795845428657665e-11 -1.986683904048327822e-11 1.371232620017561334e-11 7.902967393540844180e-11 -2.330504318310850787e-12 6.304146924130393054e-12
-7.238309884455717677e-13 -2.549043509134512906e-12 9.227746870821019273e-13 4.530729351220980431e-12 -2.522172245200849580e-12 1.294267251854787497e-11 -2.238433314800186768e-11 1.507441910019791688e-11 6.166597368685205882e-11 9.305384152613870592e-13 1.098079132353914498e-11
-8.158293538355226991e-13 -3.187223478627078551e-12 2.045648047336122148e-12 5.387679233385841412e-12 -5.646145283993885351e-12 1.480921432367165430e-11 -2.442022585729220867e-11 1.567422103224723834e-11 4.226375656244517472e-11 4.205002310761481304e-12 1.350751614659286848e-11
-8.940143085791142271e-13 -3.729750630486397686e-12 2.882633256141634764e-12 6.053674119072703986e-12 -7.677284031592974894e-12 1.587844901169270595e-11 -2.476380783177744662e-11 1.597499741045488460e-11 2.396811388209886074e-11 8.308822215628631131e-12 1.369492899168250378e-11
-9.374923561443169976e-13 -4.037712165466953276e-12 3.167449125235712243e-12 6.226937276339671673e-12 -7.677561460419797764e-12 1.524854727687371083e-11 -2.194361991585965636e-11 1.313991635905197429e-11 1.022623463709743566e-11 1.012953138076276694e-11 1.178399650501052243e-11
-9.443029848678384209e-13 -4.081928409560914241e-12 2.842278086134449197e-12 5.868744795700270582e-12 -5.459325172171689716e-12 1.287571367872059051e-11 -1.557815943158533915e-11 7.625282903593593735e-12 1.726504101072060918e-12 8.641625741553358442e-12 1.001582563815590500e-11
-9.317638458052231862e-13 -3.941715566574260491e-12 2.198604885138133119e-12 5.235751837927993297e-12 -2.511407100972976084e-12 9.918142147234219853e-12 -8.961627184160983722e-12 1.650864641053794040e-12 -3.582728314194976134e-12 5.342306101242873053e-12 8.124541812924877878e-12
-9.078846579489805376e-13 -3.640985696708559647e-12 1.438295807299791801e-12 4.467225834744653463e-12 1.082243960288712575e-13 7.121437552305081550e-12 -3.923608521796328717e-12 -1.400894262888303680e-12 -5.849610734949634730e-12 3.141612574168218450e-12 6.384334190628984861e-12
-8.747640882991474872e-13 -3.222401727292167831e-12 7.310439787174816012e-13 3.650447872439644213e-12 1.798683632752761841e-12 4.825539225586331722e-12 -1.020716247580452656e-12 -1.768919941203934911e-12 -5.575968032221025618e-12 2.702468769061069782e-12 4.976018943983366343e-12
-8.290602181261123803e-13 -2.723559989519302317e-12 1.593127432265636509e-13 2.791833676916250657e-12 2.476373400497936296e-12 3.008281201308796899e-12 -1.809398393117874095e-13 -2.088793788094642082e-12 -4.582965221253763911e-12 9.625728670960465562e-13 3.410119695450207992e-12
-7.649854670945597286e-13 -2.156395522187475877e-12 -2.771475639623666595e-13 1.919300626845241298e-12 2.445056737994843655e-12 1.607069411357719313e-12 -2.236652757115356171e-13 -1.500572990727533991e-12 -2.548280914101179574e-12 1.905748428128912381e-13 2.000654839886360661e-12
-6.829378431819713609e-13 -1.569787592485466564e-12 -5.543387574862001479e-13 1.104081089554919901e-12 1.941485851701841784e-12 5.686261234856749961e-13 -3.908911707097839153e-13 -2.113189686215438972e-13 -5.207294449269349570e-13 7.520840562386550253e-14 1.130460130169505308e-12
-5.875014215962243651e-13 -1.033672828325138423e-12 -6.518184118968965123e-13 4.684148604341250032e-13 1.153920627652206153e-12 1.063560978894335485e-14 -4.516068328668246430e-13 6.320637551910036184e-13 8.491512134714023239e-13 -4.787682656328304702e-14 -1.991035265870833756e-13
-4.853899359793117263e-13 -5.938035509010398883e-13 -5.928729573314388553e-13 7.303947937319738052e-14 3.390799882154903261e-13 -1.311772003687444364e-13 -2.362068193109561286e-13 3.838684611629166419e-13 1.356652168415661482e-13 -5.246699965341326456e-13 -7.971385881329922560e-13
-3.836468705440654328e-13 -2.667337130482715445e-13 -4.324572100993588531e-13 -7.344653956745347672e-14 -1.844767485754046029e-13 -3.964037788299913263e-14 1.673545797610755238e-14 7.744459487414944344e-14 -4.778120367018430827e-14 -2.997546500189271773e-13 -3.630706993245898764e-14
-2.896463797816690026e-13 -4.955211597220521667e-14 -2.302323175304748548e-13 -6.020978449984238001e-14 -2.867520028428186332e-13 5.988828482335192726e-14 6.758255244256520094e-14 -7.650056697793633781e-14 2.425419199445323015e-13 7.076419832365558883e-14 3.405096642315474020e-13
-2.082563954027938042e-13 6.761974472034114300e-14 -4.619351387464200149e-14 2.756571952862299780e-14 -1.161523643670039863e-13 2.188378697706337408e-14 1.040950948156131783e-13 2.713318257082358024e-14 -1.109395744139986770e-13 1.713317142294560294e-13 -1.070402867121312477e-13
-1.415290753680727795e-13 1.153527857075229142e-13 7.431878224221580048e-14 1.197047864784118212e-13 4.735914020167335998e-14 -4.365825304442155830e-14 -5.300493904781188956e-14 -3.333543880250215379e-14 4.631772787352662373e-14 -8.018836482215996860e-15 5.436647637448644890e-16
-4.817274235559800772e-13 -7.643429654892141908e-13 -2.442236229217915662e-12 1.878032854858099042e-12 7.459293527663706790e-12 7.538535086798426741e-12 -1.452347251426261318e-11 9.141422611675737473e-12 1.057595044022476726e-10 -1.036487322869246628e-11 -5.769104634172442607e-12
-5.547185762850420134e-13 -1.283562408342857232e-12 -1.494903407694997055e-12 2.714813662019807836e-12 4.543149625287427763e-12 9.131219791550585743e-12 -1.722710485134085245e-11 1.161954051267563076e-11 9.605705428702731170e-11 -6.400872697614812497e-12 -3.991381997526736275e-13
-6.394584748861248478e-13 -1.897894643921749190e-12 -3.369449498911024660e-13 3.627874030600843836e-12 1.082515571067298203e-12 1.101989742361164121e-11 -2.008288593524420652e-11 1.357215690392122953e-11 8.131228428759446721e-11 -2.944270009342031157e-12 5.861432693237167141e-12
-7.326139250622426040e-13 -2.563685173223327112e-12 8.963599764710828765e-13 4.566090771324004943e-12 -2.455108881137338634e-12 1.308458954815939857e-11 -2.272942907511892608e-11 1.504735982988079144e-11 6.376735075186974538e-11 3.994498480888811793e-13 1.085414762839734951e-11
-8.275280204064300614e-13 -3.221627002962001054e-12 2.060349657926187205e-12 5.456040976926313413e-12 -5.716153393352928440e-12 1.504830719974032115e-11 -2.494443176293832048e-11 1.576695718466060651e-11 4.398034926515406441e-11 3.763331374223017160e-12 1.364820082631622572e-11
-9.093909659656358212e-13 -3.788708059633702867e-12 2.946806646451010386e-12 6.164206006716486206e-12 -7.912772665340170617e-12 1.624402296498875279e-11 -2.551256138939982554e-11 1.623619733739114124e-11 2.513108079342935709e-11 8.053014438974623492e-12 1.397192070457842702e-11
-9.560803812379040177e-13 -4.119637921288451514e-12 3.273793219916883221e-12 6.376116023573675895e-12 -8.045715405167444888e-12 1.571225098587363931e-11 -2.285097632754994048e-11 1.355786959817271687e-11 1.083782893827961194e-11 1.014038448432907362e-11 1.204796009003426687e-11
-9.641958271186202661e-13 -4.176477863340028539e-12 2.961960904844063924e-12 6.027607883827663001e-12 -5.826591223079434460e-12 1.332754079601723323e-11 -1.638223514693437687e-11 7.940697290331173806e-12 2.006836487512483996e-12 8.685155539262481133e-12 1.025047527433448539e-11
-9.520665254661770765e-13 -4.043043408846695491e-12 2.312703223403552196e-12 5.388614245737287915e-12 -2.793590426219440986e-12 1.029925074184001168e-11 -9.516334625935141765e-12 1.718320593007401869e-12 -3.547801808673528447e-12 5.260174410708301665e-12 8.304316175424210483e-12
-9.281562211616759675e-13 -3.743402343990499050e-12 1.534585919066589136e-12 4.606393455171784107e-12 -5.778701197670894554e-14 7.410219148026431693e-12 -4.207514495741724981e-12 -1.530022071005876183e-12 -5.961149143257018136e-12 2.971714625262508989e-12 6.509716646099940285e-12
-8.951254126194269484e-13 -3.321678494435486934e-12 8.061944240957771369e-13 3.773837627849843041e-12 1.732483482435850746e-12 5.032749642904286516e-12 -1.103544239765931621e-12 -1.927201319904087663e-12 -5.734700660650864164e-12 2.575732003685485766e-12 5.058565061283202677e-12
-8.495343064276512516e-13 -2.816349565367480118e-12 2.150893337172942908e-13 2.896604976948931268e-12 2.474769623288486725e-12 3.150013400075894395e-12 -1.608808514585446459e-13 -2.241935898280077131e-12 -4.738046870470378963e-12 8.489448272135384231e-13 3.471232228762744051e-12
-7.852305149820421349e-13 -2.238324553179099350e-12 -2.395301796461870065e-13 2.000443775839734597e-12 2.480143079745701307e-12 1.691865582108967101e-12 -1.730112260959743382e-13 -1.632101634922543600e-12 -2.642828037963350831e-12 8.612040286210930993e-14 2.064444027183965972e-12
-7.024103776894004988e-13 -1.636567251125525828e-12 -5.339413080633115646e-13 1.157541644312089697e-12 1.990977257577218861e-12 6.026424617969039037e-13 -3.542131829418971515e-13 -2.925432134637878146e-13 -5.526332557884884516e-13 3.303175237435784192e-15 1.195869478409461308e-12
-6.055372479830332588e-13 -1.083033221769609216e-12 -6.451991477460722069e-13 4.945119199839311057e-13 1.198608066405800815e-12 1.135889832473953898e-14 -4.429469109901011238e-13 6.149068092276448502e-13 8.928938006154223934e-13 -7.069811597051678696e-14 -1.732189836697092898e-13
-5.013981853047533573e-13 -6.264356751996960935e-13 -5.954283308320276805e-13 7.814647170189542571e-14 3.652342230152380947e-13 -1.434057957546936333e-13 -2.481889134815363861e-13 3.925496207065989658e-13 1.630758103203278454e-13 -5.266903125899031115e-13 -8.343813436496980835e-13
-3.972002484506657789e-13 -2.853627245314534432e-13 -4.389913206853956710e-13 -7.977047335683514101e-14 -1.779694445441520843e-13 -4.506909540340764192e-14 2.945377778319876307e-15 7.599504123522535407e-14 -2.428992037070934689e-14 -2.870518573507972421e-13 -6.150201477693067157e-14
-3.005530618508411534e-13 -5.776102957294683156e-14 -2.360657348214782422e-13 -6.991748871797022097e-14 -2.889275478770554589e-13 6.648474132572216609e-14 5.834162390759229562e-14 -9.476898155978181690e-14 2.771848283624440998e-13 9.531961465395609594e-14 3.450300500419411707e-13
-2.165924491557222242e-13 6.613307887887209850e-14 -4.845298668627834503e-14 1.941361368202795200e-14 -1.157820286906654443e-13 3.255544961852514346e-14 1.056547379536540324e-13 1.467703478504595914e-14 -1.112287610289683091e-13 1.959134153539294680e-13 -1.114633779680440115e-13
-1.475317375953856747e-13 1.176616916039285388e-13 7.584796945201144805e-14 1.153317241140634222e-13 5.192318371179124820e-14 -3.321004572691563680e-14 -5.094390282144501296e-14 -3.224252618133677809e-14 4.607614308754195631e-14 -8.238171826949737550e-15 -6.849522019558354399e-15
-4.864668884808575495e-13 -7.496064260674365239e-13 -2.526972732738153101e-12 1.855299507257677136e-12 7.732861266725418456e-12 7.569688045211495373e-12 -1.457507257381669500e-11 8.778007830011443480e-12 1.079552121247866932e-10 -1.117865429695924761e-11 -6.596218575735167194e-12
-5.603393330067014313e-13 -1.274337690716377184e-12 -1.571070513045225703e-12 2.706171206428313219e-12 4.781528412610914919e-12 9.178825736091647802e-12 -1.734938459958265220e-11 1.136056014142561086e-11 9.839604208912120861e-11 -7.120051367142488703e-12 -1.097429699271113050e-12
-6.463730090704628570e-13 -1.898319335686387074e-12 -3.938239156012074206e-13 3.638504096287256204e-12 1.252432781216768318e-12 1.110287191186282922e-11 -2.030166315105940425e-11 1.343021623434054159e-11 8.362374125829687760e-11 -3.565792174586428615e-12 5.413123664138374541e-12
-7.415078570866846192e-13 -2.578511874831264402e-12 8.696114508384023760e-13 4.601899077688482274e-12 -2.387198006286795831e-12 1.322830007276068731e-11 -2.307888618524569195e-11 1.501995861729432606e-11 6.589528407492550753e-11 -1.383503560115937034e-13 1.072590348640341918e-11
-8.393745300768944924e-13 -3.256465306391808235e-12 2.075237062955441961e-12 5.525266649824415999e-12 -5.787046238373433169e-12 1.529042163414947375e-11 -2.547526235874247430e-11 1.586086531170081162e-11 4.571863548369808179e-11 3.316078821342512143e-12 1.379066342802332665e-11
-9.249619472063453513e-13 -3.848410568847039718e-12 3.011791032496660969e-12 6.276134750284800296e-12 -8.151237299497276910e-12 1.661421688414096300e-11 -2.627077736127625672e-11 1.650069820227865674e-11 2.630874474422255212e-11 7.793973899330826625e-12 1.425241292140952433e-11
-9.749033139400779364e-13 -4.202599020079966196e-12 3.381481243486361986e-12 6.527180027108151859e-12 -8.418521909781722395e-12 1.618181477587258913e-11 -2.376979949528565178e-11 1.398110474344531358e-11 1.145715228304497447e-11 1.015137475730681644e-11 1.231525953326832969e-11
-9.843400666292858803e-13 -4.272222192280627137e-12 3.083156220303686720e-12 6.188478613763900783e-12 -6.198498610201877284e-12 1.378507790065968024e-11 -1.719647239902154419e-11 8.260097740077114540e-12 2.290711580082855774e-12 8.729235456516657981e-12 1.048809031115426577e-11
-9.726257816959057393e-13 -4.145651788064100052e-12 2.428243483643863471e-12 5.543408460863064119e-12 -3.079339849883743155e-12 1.068517561377115749e-11 -1.007805220130083109e-11 1.786629022512566999e-12 -3.512433923671079469e-12 5.177004786893196166e-12 8.486362449115837630e-12
-9.486839676776120564e-13 -3.847113287612795075e-12 1.632092900144056274e-12 4.747319813876651393e-12 -2.258963909986671421e-13 7.702650233880942887e-12 -4.495008339934416068e-12 -1.660781735163239115e-12 -6.074097127135435105e-12 2.799669593076158693e-12 6.636683632172752109e-12
-9.157440545569630453e-13 -3.422209877102081763e-12 8.822945850780280835e-13 3.898786727517791491e-12 1.665446729265075782e-12 5.242578690625920899e-12 -1.187418973022630418e-12 -2.087482983724812727e-12 -5.895439281827165231e-12 2.447393604433230663e-12 5.142154362591221249e-12
-8.702671373431857107e-13 -2.910311774132717042e-12 2.715708017455144994e-13 3.002700329170306895e-12 2.473145581544754878e-12 3.293536745113252273e-12 -1.405683681415621793e-13 -2.397013346431913228e-12 -4.895088371844451131e-12 7.338808128700828109e-13 3.533117076884358756e-12
-8.057314108992417834e-13 -2.321288966084675945e-12 -2.014374055454776052e-13 2.082612374846807106e-12 2.515672828739751745e-12 1.777733367572884290e-12 -1.217170356125785842e-13 -1.765292475887017778e-12 -2.738570005547128635e-12 -1.965408107639643356e-14 2.129039353715025259e-12
-7.221289974727864248e-13 -1.704190840542337891e-12 -5.132860863497426434e-13 1.211677808905711106e-12 2.041094114211395986e-12 6.370886827304069301e-13 -3.170716771727258796e-13 -3.747939309456984168e-13 -5.849402521193043543e-13 -6.951075826671445369e-14 1.262105439539757872e-12
-6.238010031056359776e-13 -1.133017409121287966e-12 -6.384962334126746177e-13 5.209387820453488032e-13 1.243860244702125126e-12 1.209132744183441050e-14 -4.341775498340666029e-13 5.975330429762429357e-13 9.371891863332660916e-13 -9.380780975597245150e-14 -1.470073247936796198e-13
-5.176087397038349614e-13 -6.594801891320154742e-13 -5.980159986666318294e-13 8.331800380228026702e-14 3.917189827114200230e-13 -1.557889303318686471e-13 -2.603224318175626621e-13 4.013404890073345292e-13 1.908328056784655385e-13 -5.287361610960306810e-13 -8.720947559720942662e-13
-4.109249078316709464e-13 -3.042271607171533364e-13 -4.456080067344576489e-13 -8.617432603069329447e-14 -1.713799046201207706e-13 -5.056641845803736186e-14 -1.101897470133432193e-14 7.452716894531410220e-14 -5.017657603006083071e-16 -2.741885333783104486e-13 -8.701536108134497646e-14
-3.115975776218620615e-13 -6.607368348206169331e-14 -2.419728722926868998e-13 -7.974787424270049680e-14 -2.911305867605475140e-13 7.316456070397611463e-14 4.898391311548503888e-14 -1.132682635498059071e-13 3.122655372656072259e-13 1.201853504446930419e-13 3.496075627260102075e-13
-2.250338501585494324e-13 6.462762536794040546e-14 -5.074101367268649012e-14 1.115848553600489088e-14 -1.154070130437845432e-13 4.336197555289070527e-14 1.072340912358845596e-13 2.063472317793870762e-15 -1.115216023871222334e-13 2.208057682433091135e-13 -1.159423662335427121e-13
-1.536102587224925406e-13 1.199997764762235989e-13 7.739648188010762529e-14 1.109033972773410276e-13 5.654490543798880076e-14 -2.262979912107399822e-14 -4.885682029398731570e-14 -3.113580190720890328e-14 4.583150533085716756e-14 -8.460279034894687526e-15 -1.433614028756714451e-14
-4.927534276682496424e-13 -7.300595261864955211e-13 -2.639369257684073159e-12 1.825145448016119132e-12 8.095728059396202227e-12 7.611010065803448704e-12 -1.464351611016658404e-11 8.295965746450024156e-12 1.108676513087068373e-10 -1.225807298631100320e-11 -7.693322313518291142e-12
-5.677948386502410016e-13 -1.262101802629408322e-12 -1.672100384203218693e-12 2.694707642808130865e-12 5.097719740502447986e-12 9.241971389537860859e-12 -1.751157936462244491e-11 1.101704235842577301e-11 1.014985314156270934e-10 -8.073987173866605441e-12 -2.023660271231238346e-12
-6.555446120232056921e-13 -1.898882654570604244e-12 -4.692695377940262705e-13 3.652604065381080907e-12 1.477815037652479337e-12 1.121293124650515210e-11 -2.059185446494111732e-11 1.324194271263825141e-11 8.668971304920544206e-11 -4.390194059282243809e-12 4.818475821386590636e-12
-7.533049806300407314e-13 -2.598178363708011664e-12 8.341315645357455029e-13 4.649396067137323662e-12 -2.297119391947254027e-12 1.341892113825682198e-11 -2.354241443791641293e-11 1.498361297317510255e-11 6.871782572603466136e-11 -8.517014299115956308e-13 1.055579737043396626e-11
-8.550880232153109920e-13 -3.302675662445616246e-12 2.094984070952791818e-12 5.617089233595416111e-12 -5.881080198848903793e-12 1.561156800029916023e-11 -2.617936874468335098e-11 1.598542728057970049e-11 4.802433990706734761e-11 2.722832316653566825e-12 1.397962921775408023e-11
-9.456156685479791970e-13 -3.927601402332343523e-12 3.097987875021482659e-12 6.424599709013116401e-12 -8.467542492358475527e-12 1.710525094539987391e-11 -2.727649315620226650e-11 1.685153846454685623e-11 2.787082638652900692e-11 7.450376311985745184e-12 1.462446449901865909e-11
-9.998705015390712566e-13 -4.312640603503553405e-12 3.524321213347366934e-12 6.727554931849732767e-12 -8.913021377541059975e-12 1.680465541487084159e-11 -2.498854852551546008e-11 1.454249396107543225e-11 1.227863758922665319e-11 1.016595250556076867e-11 1.266981190234777082e-11
-1.011059867219881727e-12 -4.399219758317357773e-12 3.243912586090550412e-12 6.401861395768745335e-12 -6.691805469841786671e-12 1.439196605917581503e-11 -1.827649617375490389e-11 8.683758137483042275e-12 2.667250300380699922e-12 8.787704103521775328e-12 1.080326857474151399e-11
-9.998960704198059988e-13 -4.281753994985000940e-12 2.581498849559876905e-12 5.748731208886759747e-12 -3.458364726826442782e-12 1.119707559528024240e-11 -1.082312783668578540e-11 1.877234957480515477e-12 -3.465521109223791439e-12 5.066686598816802294e-12 8.727832976712130260e-12
-9.759124611931417088e-13 -3.984677962757771750e-12 1.761428493602198654e-12 4.934247905953322167e-12 -4.488806982399239435e-13 8.090537821661779285e-12 -4.876347056231294363e-12 -1.834224484017867292e-12 -6.223914030892326363e-12 2.571464937298380030e-12 6.805095675538777792e-12
-9.430931139796122047e-13 -3.555557106973884811e-12 9.832356605099856835e-13 4.064522201552649301e-12 1.576527571793149570e-12 5.520900959397055067e-12 -1.298672426971234756e-12 -2.300084419605724358e-12 -6.108646831979215665e-12 2.277162474062874823e-12 5.253029207667517797e-12
-8.977676598203355659e-13 -3.034945495031268974e-12 3.464891736481060690e-13 3.143427742089435502e-12 2.470991410484598028e-12 3.483909543947442705e-12 -1.136254034861879813e-13 -2.602711785579647041e-12 -5.103391975018691996e-12 5.812571468483887132e-13 3.615202617383223666e-12
-8.329242893215434947e-13 -2.431334947852646734e-12 -1.509102371751890299e-13 2.191602770302869087e-12 2.562800335708088634e-12 1.891630452955189117e-12 -5.367919240380244686e-14 -1.941959995762804407e-12 -2.865564441400183141e-12 -1.599558904560317069e-13 2.214720139500001306e-12
-7.482842461988390668e-13 -1.793888387327817005e-12 -4.858885047948173522e-13 1.283485312937908868e-12 2.107570310811548931e-12 6.827789745432076404e-13 -2.678062937563367144e-13 -4.838932525169703802e-13 -6.277930252401022218e-13 -1.660929038887685266e-13 1.349962403489914392e-12
-6.480264846198316344e-13 -1.199317631177076061e-12 -6.296053264444814187e-13 5.559920042896036413e-13 1.303883816444865209e-12 1.306283895319116331e-14 -4.225456585602067709e-13 5.744880624483290816e-13 9.959436458733578683e-13 -1.244610610860568350e-13 -1.122395523426525654e-13
-5.391108067290560910e-13 -7.033112231706388404e-13 -6.014483425017156721e-13 9.017764776117009642e-14 4.268490019320033294e-13 -1.722142164823280141e-13 -2.764166208718404646e-13 4.130009067964395065e-13 2.276503490169164351e-13 -5.314498228856401448e-13 -9.221187284040766079e-13
-4.291296242907043839e-13 -3.292494003949574294e-13 -4.543845370439951017e-13 -9.466854951582386945e-14 -1.626393807862633311e-13 -5.785819938541659491e-14 -2.954162634360224205e-14 7.258014787999619792e-14 3.105141238224567143e-14 -2.571263119565400432e-13 -1.208568747035436388e-13
-3.262472875195395141e-13 -7.709978667842294859e-14 -2.498082406330814869e-13 -9.278713299491276237e-14 -2.940527499360967800e-13 8.202483305359073663e-14 3.657162128606276900e-14 -1.378061541995984129e-13 3.587974295402547085e-13 1.531678579210023452e-13 3.556792847547480936e-13
-2.362307263794668615e-13 6.263075568340402641e-14 -5.377590741365417003e-14 2.086857903819962433e-16 -1.149095831572795711e-13 5.769601037555886305e-14 1.093289831260280393e-13 -1.466745910947532592e-14 -1.119100340366925901e-13 2.538235811487671792e-13 -1.218834034162898829e-13
-1.616729545635462945e-13 1.231010681069793687e-13 7.945046576090785564e-14 1.050295583340296820e-13 6.267526777992428919e-14 -8.595906535424844508e-15 -4.608846396885353224e-14 -2.966781627746409937e-14 4.550701189098922520e-14 -8.754887345612683259e-15 -2.426657008841827490e-14
-4.628279724716230993e-13 -8.197611205458936982e-13 -2.108656105079763594e-12 1.953096561451906692e-12 6.404347344593733263e-12 7.408184415131176071e-12 -1.425352480055600752e-11 1.032012872165579809e-11 9.694209814371315716e-11 -7.445646493518432323e-12 -2.881911564048809545e-12
-5.322590990621783072e-13 -1.315547249134171122e-12 -1.199901992546648610e-12 2.732115013799386665e-12 3.643031113216842790e-12 8.928746424343851351e-12 -1.667173579461037164e-11 1.237357084525333214e-11 8.678185817925815182e-11 -3.875721207616193450e-12 1.901167323441832183e-12
-6.116905689149211711e-13 -1.889985694996462476e-12 -1.229947611992318161e-13 3.568004181449839984e-12 4.665641734776823976e-13 1.066777458871749244e-11 -1.914275813026086510e-11 1.388189526146717589e-11 7.226509784091781404e-11 -7.871336639327762737e-13 7.142798998136765216e-12
-6.967242395709687479e-13 -2.497111400806468432e-12 9.870142099282353557e-13 4.405973250977555741e-12 -2.657980272723679841e-12 1.247964630301240067e-11 -2.126946164550748745e-11 1.493719820499824246e-11 5.556749131902234083e-11 2.258307605774184475e-12 1.092070879620014223e-11
-7.797018159446392067e-13 -3.074519906760178038e-12 1.983547634587748907e-12 5.162871450490002550e-12 -5.365372986628944782e-12 1.404146564230221871e-11 -2.276736255050039287e-11 1.520212071960345941e-11 3.745763350632246434e-11 5.272223804946350331e-12 1.278360959995773913e-11
-8.470198747396648832e-13 -3.543669845246918720e-12 2.674216022499061844e-12 5.702400780359569821e-12 -6.911115501151359043e-12 1.473695638440205207e-11 -2.246208314888386653e-11 1.499110601541837524e-11 2.088618919429147051e-11 8.749146561190523178e-12 1.274098301324051347e-11
-8.823418454841686129e-13 -3.790180152471624957e-12 2.851156968017648503e-12 5.778264746148992777e-12 -6.598150891883057419e-12 1.388540128165049225e-11 -1.933532862986752673e-11 1.182359732284772522e-11 8.667002378062907519e-12 9.863779306863047468e-12 1.095485217146132655e-11
-8.865122249549388495e-13 -3.804044858047605028e-12 2.504932142624952513e-12 5.411728699264841676e-12 -4.470897832803183085e-12 1.161667893743589868e-11 -1.344685540787103236e-11 6.813747338664049714e-12 1.032962843920824609e-12 8.489949724087608910e-12 9.317279679617684749e-12
-8.732312242541373469e-13 -3.647411781022334009e-12 1.887180181637390275e-12 4.802941395505302228e-12 -1.808371318293922430e-12 8.891623001988155408e-12 -7.614164907414915211e-12 1.597744195774299188e-12 -3.581713229614922564e-12 5.597648416727772997e-12 7.598424050590671343e-12
-8.494647284028448387e-13 -3.347085926783866790e-12 1.183135508039660969e-12 4.077175433136450605e-12 4.767022433179278425e-13 6.361517560263067289e-12 -3.323895610124403010e-12 -9.617036437413666202e-13 -5.493687305245508750e-12 3.591081586238069928e-12 6.003717180257722111e-12
-8.159283985932373210e-13 -2.939957485687728551e-12 5.380199108011196695e-13 3.305984487269686119e-12 1.899376411100150577e-12 4.287544218977619200e-12 -9.319720221166532349e-13 -1.335242122169579682e-12 -5.101908216706513707e-12 2.976230942186166252e-12 4.700629069139741415e-12
-7.698598270325045533e-13 -2.461913414243283453e-12 2.051667601447074084e-14 2.502740726739952518e-12 2.418832186780612325e-12 2.645363122924908922e-12 -3.046031327445010741e-13 -1.654724841943812975e-12 -4.132908059990496488e-12 1.252148757694149873e-12 3.189428430528075874e-12
-7.066576839217174604e-13 -1.929241846472904114e-12 -3.627021516182141680e-13 1.700600792894094145e-12 2.300483913245363387e-12 1.400492340594066819e-12 -3.755126748200917626e-13 -1.136063890082829185e-12 -2.276011874846765584e-12 4.637496015552309083e-13 1.761260898518709379e-12
-6.272158692720275710e-13 -1.388987605124863471e-12 -5.906449913703246171e-13 9.665168852258971532e-13 1.772582182360445698e-12 4.994366949834039932e-13 -4.660917180165319925e-13 -1.192478263340524747e-14 -4.218451699603739022e-13 2.407358875571500226e-13 9.161270664694589912e-13
-5.363583602336788169e-13 -9.039197728782131884e-13 -6.501520203596922255e-13 4.070858199357596162e-13 1.011776030050025774e-12 2.019718620453746504e-14 -4.396202048412285339e-13 6.501945183383130196e-13 7.168893227355654081e-13 -1.618468503043393426e-14 -2.767744644214894622e-13
-4.404955275822631263e-13 -5.110367365034663207e-13 -5.686568074348402984e-13 6.672955290973211867e-14 2.615715329696075098e-13 -1.001909012212190982e-13 -1.754173416457945471e-13 3.505970977567725951e-13 5.789796618465565025e-14 -5.272726509468695163e-13 -6.790990347839103060e-13
-3.461003729112898136e-13 -2.215192230296366525e-13 -4.018047400852866876e-13 -5.359347795534781635e-14 -2.019205544092828739e-13 -3.828990790093119763e-14 5.900597599484149135e-14 7.533280421166307434e-14 -1.300377986800896075e-13 -3.499351386998487949e-13 3.946084329872162199e-14
-2.598502623021512601e-13 -3.165175800316271551e-14 -2.064181689034137268e-13 -3.466546539264470003e-14 -2.782329495655074328e-13 3.221082872453088086e-14 8.953522542084827877e-14 -3.100713969836941115e-14 1.391798494530425294e-13 -5.914407832845105931e-15 3.235387241950063201e-13
-1.858100669354281500e-13 6.853900909344512989e-14 -3.601750241157179666e-14 4.610489128797515992e-14 -1.152236172434288303e-13 -9.790607442209731548e-15 9.730014274340052902e-14 5.122128448151643434e-14 -1.087954613362528105e-13 8.662711769134406656e-14 -1.021708845644749998e-13
-1.256311264009266554e-13 1.071355204462866442e-13 7.173003950069747611e-14 1.272498588484356311e-13 3.574712418228154607e-14 -7.044467082036806589e-14 -5.537724464410155653e-14 -4.225497681236671046e-14 3.834591913508224887e-14 -2.832161666633778612e-15 3.015863646876311221e-14
-4.709817378317967363e-13 -7.915105475444367442e-13 -2.257849444925848145e-12 1.899902448889849920e-12 6.906445661145998073e-12 7.456746105638717245e-12 -1.428450563154791365e-11 9.449303183500170528e-12 1.006548349918660378e-10 -9.141837370053203310e-12 -4.678826673848110472e-12
-5.418939502228965837e-13 -1.295477355447242963e-12 -1.338217469770671688e-12 2.701533002194020052e-12 4.097829704068788289e-12 9.000104445775021676e-12 -1.682034080134617127e-11 1.167055665252060995e-11 9.083782828900418140e-11 -5.430227690055108662e-12 2.534554198354457397e-13
-6.234237421332385599e-13 -1.885250429290631187e-12 -2.318354348615196155e-13 3.570239759755270745e-12 8.138374735670810936e-13 1.079238286797037252e-11 -1.945735697924722678e-11 1.339863996409607723e-11 7.638020614242080571e-11 -2.156519337546940687e-12 5.898548353796431856e-12
-7.116609759206930943e-13 -2.516035931831473765e-12 9.271203052374844485e-13 4.451685398875754270e-12 -2.480227061110430422e-12 1.269939086472388696e-11 -2.181004970703593021e-11 1.468409960496541272e-11 5.946977529326443506e-11 1.065278978978969669e-12 1.027501780197949361e-11
-7.995602523521190919e-13 -3.127173089273773367e-12 1.993828601634945298e-12 5.266348737196567038e-12 -5.425878610911074402e-12 1.442135770048568643e-11 -2.362523033397658226e-11 1.518658264628074839e-11 4.080488863370703019e-11 4.249685118249777922e-12 1.273601019984223639e-11
-8.735129761115289783e-13 -3.639977460950022824e-12 2.773684921082497223e-12 5.880571688821423470e-12 -7.273552071321702125e-12 1.534440129237017960e-11 -2.373780774284061904e-11 1.527054273086798214e-11 2.331609701841341754e-11 7.999109907370427830e-12 1.309720353530136402e-11
-9.157685291402540422e-13 -3.933378672215485481e-12 3.040956324555194832e-12 6.040007842646919106e-12 -7.266330911283739880e-12 1.472696119297828751e-11 -2.103296831710358931e-11 1.248948665803394607e-11 1.001821111889124717e-11 9.650186830877364513e-12 1.138130728878645260e-11
-9.235373734007604067e-13 -3.977018700650106616e-12 2.736867987315602013e-12 5.710957571922018073e-12 -5.223963529071407514e-12 1.250538201367403599e-11 -1.512697226397866310e-11 7.487412634078966182e-12 1.665824945998596075e-12 8.534844048970400786e-12 9.731469789953917531e-12
-9.114498191445671870e-13 -3.836014461702151261e-12 2.117831108631851333e-12 5.097799650790288022e-12 -2.440783849137144626e-12 9.675336261150292981e-12 -8.891215286227998428e-12 1.857451217022284680e-12 -3.422758179010029443e-12 5.461945964280185431e-12 7.926075599910795329e-12
-8.876997754234745848e-13 -3.541105435137585333e-12 1.385315753044757493e-12 4.349759852532146218e-12 6.002487068165672756e-14 6.974388740805580345e-12 -4.068196789679902164e-12 -1.130507547876998342e-12 -5.669389472216263032e-12 3.244365956297611884e-12 6.221947307887542982e-12
-8.541712792443701633e-13 -3.130237307246100808e-12 7.014713635799576149e-13 3.548862686564243675e-12 1.688506089514017179e-12 4.734628747884929139e-12 -1.235829100455532646e-12 -1.649668366615632131e-12 -5.385673776274940355e-12 2.652721039896907915e-12 4.823026122417778491e-12
-8.082507200910576068e-13 -2.641820281985326918e-12 1.459370015849109885e-13 2.711829776041919647e-12 2.356224875358294229e-12 2.955556170967144934e-12 -3.349362319310830983e-13 -1.947714643778049059e-12 -4.421235445821996402e-12 1.003422694435835640e-12 3.266100374720679729e-12
-7.448027440185112739e-13 -2.091626976720111497e-12 -2.707470338643472756e-13 1.867411088988359484e-12 2.324571996856053304e-12 1.596240086632764461e-12 -2.913786137250444132e-13 -1.394315507531253383e-12 -2.454990379021159660e-12 2.435660494496421982e-13 1.830535557327246089e-12
-6.642375503237777014e-13 -1.525380576662743535e-12 -5.312950589665699229e-13 1.082476225154093782e-12 1.839954109057926586e-12 5.915171997143767025e-13 -3.716464495245806260e-13 -1.938285994305152972e-13 -4.712218221231995485e-13 6.982411704276444910e-14 1.015558063819520148e-12
-5.710747774659068306e-13 -1.008459025000914997e-12 -6.182602005831933787e-13 4.694094034665669016e-13 1.082411893021122323e-12 3.374872163782514003e-14 -3.897231542977265106e-13 5.896457294555942056e-13 7.917562228857222070e-13 -8.960810858853548052e-14 -2.345153864755925566e-13
-4.717700297134478290e-13 -5.830812656337423449e-13 -5.574188187527957598e-13 8.461437058728852954e-14 3.077569286665152593e-13 -1.258663104131626485e-13 -1.723472313911376514e-13 3.594655047533066122e-13 1.136006152758685584e-13 -5.390060082534830002e-13 -7.378852410493412089e-13
-3.730116089789018202e-13 -2.646977968976609456e-13 -4.026027336390114903e-13 -6.356898201055573616e-14 -1.890317571875073993e-13 -6.178228234981029211e-14 3.664785159856519672e-14 6.733376314108498315e-14 -1.036255463926517067e-13 -3.387233821271803360e-13 -6.114805579154588482e-15
-2.819006585093120876e-13 -5.263992524495540756e-14 -2.103744483730352808e-13 -5.505009463695766471e-14 -2.807523027199616093e-13 3.559786318847696439e-14 6.777897619190924442e-14 -7.178005491918393367e-14 1.962444424580143837e-13 3.302716481687906584e-14 3.294511000397934799e-13
-2.029747132589959557e-13 6.248404486151067166e-14 -3.647735537682774971e-14 2.616481001140771524e-14 -1.128692623862271542e-13 8.776631319640638112e-15 9.791300855275036564e-14 1.827125847355088036e-14 -1.076473251057578322e-13 1.186121132081398048e-13 -1.183357422225597498e-13
-1.382472454249045927e-13 1.099490759725838809e-13 7.654491482171141472e-14 1.142639057105527731e-13 4.581792615368274045e-14 -4.790830332009292514e-14 -4.845975649095115230e-14 -4.377284714202999257e-14 3.105086231864207399e-14 -1.942714767856456165e-15 2.154451169918588055e-14
-4.779312865373914835e-13 -7.674289562073204246e-13 -2.385001915337294861e-12 1.854529492039329187e-12 7.334436726653774893e-12 7.498138691886690902e-12 -1.431077517378643656e-11 8.706442239771925755e-12 1.038188162046859054e-10 -1.058830507617931129e-11 -6.211377695829138883e-12
-5.501059585253162333e-13 -1.278365371420122343e-12 -1.456103814401940265e-12 2.675420384305115601e-12 4.485544523433137032e-12 9.060926509631619001e-12 -1.694682344460021368e-11 1.107052701311434354e-11 9.429436430702385610e-11 -6.756210282970367559e-12 -1.152327965016243673e-12
-6.334240950477636644e-13 -1.881205650031368373e-12 -3.246077665454857070e-13 3.572095047741969055e-12 1.109937759648599715e-12 1.089857814183961843e-11 -1.972531526515519716e-11 1.298589015560491383e-11 7.988739117699356224e-11 -3.324764396555972306e-12 4.836337685672981631e-12
-7.243914515229713145e-13 -2.532153936402796334e-12 8.760576516206705400e-13 4.490596910197822771e-12 -2.328587193570827421e-12 1.288665645781828246e-11 -2.227062552759028643e-11 1.446757846278105759e-11 6.279579184627442175e-11 4.741041492726359564e-14 9.722824535933832625e-12
-8.164849165292778248e-13 -3.172035845432983882e-12 2.002568753136052641e-12 5.354497871609868760e-12 -5.477296999402626541e-12 1.474508500841276335e-11 -2.435623517618819251e-11 1.517268353671124083e-11 4.365820918958959066e-11 3.377297908568936588e-12 1.269380637398772433e-11
-8.960915974488903607e-13 -3.722044080184683353e-12 2.858432108644492562e-12 6.032384466770221706e-12 -7.582295189139098937e-12 1.586203125907899418e-11 -2.482494945337772139e-11 1.550818716313998249e-11 2.538794088989982693e-11 7.359131410195974003e-12 1.339954040246531963e-11
-9.442561819401152847e-13 -4.055405589869134395e-12 3.202685245926646859e-12 6.263026823572257593e-12 -7.835618389750380365e-12 1.544407321924546795e-11 -2.247961639786267620e-11 1.305622960074040356e-11 1.117106971575797384e-11 9.466871185518195925e-12 1.174430100780226735e-11
-9.550992928814587774e-13 -4.124458625599136037e-12 2.934595752058726939e-12 5.966018593607505067e-12 -5.866007009272936447e-12 1.326303353298695580e-11 -1.655952573944590703e-11 8.061479407719500048e-12 2.205644077099690761e-12 8.572426271063028954e-12 1.008415476292434802e-11
-9.440313800941788306e-13 -3.996789356676369004e-12 2.314501077842230650e-12 5.349183740480991482e-12 -2.980193925276252769e-12 1.034364159304908363e-11 -9.980612207379894063e-12 2.079304439066152967e-12 -3.287005961717207884e-12 5.346334572432415339e-12 8.205247885225326413e-12
-9.202974089240290922e-13 -3.706509787000768636e-12 1.557747004307861701e-12 4.582180206689546418e-12 -2.956044759087033725e-13 7.497152542935429320e-12 -4.703649277176174505e-12 -1.273785879701477113e-12 -5.818928467019882531e-12 2.949016307245683501e-12 6.407948397299254754e-12
-8.867745674783659939e-13 -3.292459212404356270e-12 8.408866104073797939e-13 3.755957386516056331e-12 1.508376612908062317e-12 5.116018283290178238e-12 -1.495624547344616790e-12 -1.917547232546341321e-12 -5.627567859419790636e-12 2.376728474087213504e-12 4.927381128517389863e-12
-8.409793664629162441e-13 -2.795203805436136289e-12 2.529289884531800358e-13 2.890115171761955700e-12 2.302578925367472013e-12 3.220183812898587860e-12 -3.612846485101167632e-13 -2.197451375990250786e-12 -4.667037956657716945e-12 7.912833816402885617e-13 3.331363296375100221e-12
-7.773218504190512144e-13 -2.230079720658023919e-12 -1.922889554603679395e-13 2.009661247679825889e-12 2.344909217925820850e-12 1.763269582782853299e-12 -2.199083345118318411e-13 -1.614383589799000570e-12 -2.607595653282502914e-12 5.587672940104543594e-14 1.889492154980774242e-12
-6.957993131663412704e-13 -1.641683740578771960e-12 -4.806284245663143569e-13 1.181378588471238431e-12 1.897250940608618205e-12 6.701428071841940896e-13 -2.911729542742487140e-13 -3.488483089275644624e-13 -5.132014763079571470e-13 -7.583316345079680670e-14 1.100191850969394526e-12
-6.006723324327682479e-13 -1.097615487848254895e-12 -5.910044080967205267e-13 5.225928007614865972e-13 1.142546909773992009e-12 4.538756476508073065e-14 -3.471125390401098039e-13 5.379661043293078755e-13 8.554935895310915816e-13 -1.522499693118582807e-13 -1.986128515335446690e-13
-4.984344950614844576e-13 -6.445375423478068787e-13 -5.477725774633386838e-13 9.990368267448977052e-14 3.470787289381513024e-13 -1.477163640598263265e-13 -1.696171324269139267e-13 3.670196941994912879e-13 1.611522605257319675e-13 -5.490112833092021503e-13 -7.879601064264385411e-13
-3.959574125580091523e-13 -3.015421605992311234e-13 -4.032269024814755149e-13 -7.205037393318684051e-14 -1.780647097102735769e-13 -8.184331602579244862e-14 1.765139837960847564e-14 6.054290984708455778e-14 -8.126057332540720920e-14 -3.291782838418859182e-13 -4.498637608192571858e-14
-3.007032809531496440e-13 -7.055712346287396696e-14 -2.137053537146305607e-13 -7.242835549697629913e-14 -2.829157427616704140e-13 3.842137753716856680e-14 4.921404557429169507e-14 -1.065483933781012622e-13 2.446996382102288154e-13 6.615186540939993982e-14 3.344897245262075799e-13
-2.176125043477765595e-13 5.730606808564585729e-14 -3.684165753242684581e-14 9.153401839371947267e-15 -1.108697051579117349e-13 2.457470946235156025e-14 9.841211075064253104e-14 -9.800959911622237851e-15 -1.066947645290409942e-13 1.457843861447322889e-13 -1.321427322251245630e-13
-1.490072017151782483e-13 1.123392201772040395e-13 8.066623158392423452e-14 1.031756715159458783e-13 5.440609936407785592e-14 -2.869701937602339986e-14 -4.256253881178134830e-14 -4.502267596123416154e-14 2.484192915283248348e-14 -1.266432679069851604e-15 1.416080184536910460e-14
-4.839831366560662712e-13 -7.464580709755896469e-13 -2.495729638543958985e-12 1.815017522145933314e-12 7.707142633184079053e-12 7.534184445180090319e-12 -1.433365137181093359e-11 8.059539301783021543e-12 1.065740944252123342e-10 -1.184792733839418473e-11 -7.545963595201310744e-12
-5.572571917362367617e-13 -1.263463803703234008e-12 -1.558762351470415783e-12 2.652680824464701894e-12 4.823176815751595118e-12 9.113891963972848774e-12 -1.705696785038681330e-11 1.054800532839756332e-11 9.730440696860026965e-11 -7.910910949528078119e-12 -2.376521288385702420e-12
-6.421326658763856965e-13 -1.877683348482765416e-12 -4.053963596129093801e-13 3.573710677412916252e-12 1.367789703180871750e-12 1.099105578273606956e-11 -1.995866039037718531e-11 1.262645668414478863e-11 8.294154035594845512e-11 -4.342103063556298331e-12 3.911336525362207553e-12
-7.354774851393608032e-13 -2.546189918372946027e-12 8.315909453273058304e-13 4.524482076082403908e-12 -2.196535189670942684e-12 1.304973226914802440e-11 -2.267170708101986998e-11 1.427902609108516088e-11 6.569217475224144447e-11 -8.389764330705103116e-13 9.241959968951214222e-12
-8.312233601009823417e-13 -3.211103514776352101e-12 2.010179905823244243e-12 5.431260458064737009e-12 -5.522073478028916999e-12 1.502699527749800163e-11 -2.499281345311375620e-11 1.516057978204121854e-11 4.614295597960194786e-11 2.617600068192997975e-12 1.265705406917182717e-11
-9.157536559486692715e-13 -3.793509854271787646e-12 2.932232192007216652e-12 6.164587032854655457e-12 -7.851156826798135985e-12 1.631279707422076643e-11 -2.577166110696267759e-11 1.571513416642558622e-11 2.719215720313420019e-11 6.801821213943472259e-12 1.366282323977581256e-11
-9.690639808216567465e-13 -4.161669845255751935e-12 3.343523052686767062e-12 6.457237627865673024e-12 -8.331368925410982402e-12 1.606855326970952577e-11 -2.373939567559834353e-11 1.354976425421833581e-11 1.217500944310646734e-11 9.307235017599532308e-12 1.206040547210239814e-11
-9.825842446110567138e-13 -4.252853199550901338e-12 3.106782305171932170e-12 6.188132456364917735e-12 -6.425115410184325412e-12 1.392281646101973668e-11 -1.780703110589752608e-11 8.561391878584684530e-12 2.675732839210406318e-12 8.605153813918695653e-12 1.039128211297392010e-11
-9.724042626818660514e-13 -4.136796375212859492e-12 2.485766477376416193e-12 5.568095637376581643e-12 -3.449926465553865196e-12 1.092561951543259819e-11 -1.092928782495767457e-11 2.272500102270627258e-12 -3.168789334733127998e-12 5.245657122776187974e-12 8.448358465725023002e-12
-9.486842880306355590e-13 -3.850548259346822435e-12 1.707904690786352932e-12 4.784577983840587145e-12 -6.052959172838038077e-13 7.952389068211400683e-12 -5.257018122171263517e-12 -1.398556396304953903e-12 -5.949150949973648656e-12 2.691818049991585436e-12 6.569923050285448077e-12
-9.151663708461893198e-13 -3.433726326766440613e-12 9.622930895109458396e-13 3.936300916294525281e-12 1.351515090629901059e-12 5.448142366114991321e-12 -1.721861320884170257e-12 -2.150823202080674025e-12 -5.838215606470478192e-12 2.136386858307276085e-12 5.018256220263184864e-12
-8.694803349858193035e-13 -2.928774224337978705e-12 3.461004376884077113e-13 3.045370799453173874e-12 2.255862599000717684e-12 3.450628555969799822e-12 -3.842295761513781367e-13 -2.414928709390842702e-12 -4.881089268001613124e-12 6.065468639586025331e-13 3.388195962840498452e-12
-8.056403460174291702e-13 -2.350648023286839033e-12 -1.239655868713249663e-13 2.133536440766814704e-12 2.362619393853058846e-12 1.908723283524797621e-12 -1.576701463535743847e-13 -1.806024676057610680e-12 -2.740488352669788864e-12 -1.075680798587683590e-13 1.940833104439424723e-12
-7.232841287719100517e-13 -1.742963605168494407e-12 -4.365065784583825329e-13 1.267505378103332731e-12 1.947146524200018455e-12 7.386120678042779058e-13 -2.210945159377215796e-13 -4.838435566857449731e-13 -5.497584624884906512e-13 -2.026753609484732178e-13 1.173893172115037345e-12
-6.264466640831565581e-13 -1.175255289604452783e-12 -5.672693408414288873e-13 5.689063091577259834e-13 1.194914063340818114e-12 5.552298214156760153e-14 -3.100060881062291518e-13 4.929621215666143699e-13 9.109977679678562820e-13 -2.068001554758374305e-13 -1.673479801840089364e-13
-5.216546149809183630e-13 -6.980552914795667975e-13 -5.393723720947283410e-13 1.132180214493675771e-13 3.813211867369503346e-13 -1.667439648948639165e-13 -1.672396843397298111e-13 3.735980820332421421e-13 2.025614907288012203e-13 -5.577241402324908214e-13 -8.315666159655136904e-13
-4.159392237903773989e-13 -3.336272064759486110e-13 -4.037704417464551713e-13 -7.943619230950854547e-14 -1.685143168944744225e-13 -9.931299429975862335e-14 1.108790077846672817e-15 5.462925794937984107e-14 -6.178456504049606232e-14 -3.208661602317790062e-13 -7.883676365443651162e-14
-3.170771008181743605e-13 -8.615989383397141373e-14 -2.166059913487567633e-13 -8.756180343765516303e-14 -2.847997244157145836e-13 4.088016476954148127e-14 3.304721385237793928e-14 -1.368255778781805998e-13 2.868956948873479043e-13 9.499772657330572771e-14 3.388774932925314913e-13
-2.303594792284609481e-13 5.279694831731988616e-14 -3.715889975099795366e-14 -5.660581867920779423e-15 -1.091284384659582773e-13 3.833209070935923343e-14 9.884674081492697397e-14 -3.424698890537074981e-14 -1.058652493672109125e-13 1.694467131504790469e-13 -1.441662226639101510e-13
-1.583772557583075760e-13 1.144206202496659397e-13 8.425518401510611345e-14 9.351974363758365348e-14 6.188490703065561812e-14 -1.196732680591771910e-14 -3.742708669132045566e-14 -4.611105806371533356e-14 1.943502659949788334e-14 -6.775111401547627067e-16 7.730872110414901145e-15
-4.894706374603816614e-13 -7.274427728988242875e-13 -2.596131733302274031e-12 1.779190142057283623e-12 8.045092810241778764e-12 7.566868851828130334e-12 -1.435439432369770132e-11 7.472961654210959848e-12 1.090724363239250283e-10 -1.299008675522569431e-11 -8.756096102358029384e-12
-5.637415555478174334e-13 -1.249951844983638702e-12 -1.651847730441456980e-12 2.632061787048093437e-12 5.129324075868072060e-12 9.161918269832677450e-12 -1.715684103903902246e-11 1.007421008059163289e-11 1.000337558910732632e-10 -8.957932962118101932e-12 -3.486555591865410863e-12
-6.500291418528380596e-13 -1.874489512175401629e-12 -4.786512191411277703e-13 3.575175649475933858e-12 1.601596323539868962e-12 1.107490966907798128e-11 -2.017024553304378403e-11 1.230054127681236922e-11 8.571088273972621765e-11 -5.264572415338845727e-12 3.072593990693409329e-12
-7.455297197811978587e-13 -2.558917013399249589e-12 7.912708690816021032e-13 4.555207372168740935e-12 -2.076797360578436302e-12 1.319760087599147848e-11 -2.303538682244268454e-11 1.410805670464123255e-11 6.831846293567033279e-11 -1.642705539578782653e-12 8.805937209340525433e-12
-8.445874086354947343e-13 -3.246528031791555486e-12 2.017081302044752576e-12 5.500864751309405467e-12 -5.562674446360518304e-12 1.528261674026343907e-11 -2.557002927484681673e-11 1.514960474826138298e-11 4.839599410122202365e-11 1.928745913065873428e-12 1.262372902029252706e-11
-9.335821803626470399e-13 -3.858311274114844320e-12 2.999150240155938344e-12 6.284461392764368517e-12 -8.094946467286165507e-12 1.672152789160025365e-11 -2.663008960999406669e-11 1.590278287208199060e-11 2.882812595975836717e-11 6.296481564342325437e-12 1.390155432291250950e-11
-9.915583927933445679e-13 -4.258024703267451017e-12 3.471227392941048312e-12 6.633337806365494923e-12 -8.780889519537483297e-12 1.663479904467276422e-11 -2.488169747866524764e-11 1.399727560816186319e-11 1.308532934745384959e-11 9.162485322853824764e-12 1.234703243457728447e-11
-1.007506158391832551e-12 -4.369274669871700622e-12 3.262912044226594616e-12 6.389533664568604462e-12 -6.932085591574557278e-12 1.452107303155070355e-11 -1.893820356360608695e-11 9.014686297534955444e-12 3.101984676918186956e-12 8.634829442528708775e-12 1.066976909724112766e-11
-9.981313055848196163e-13 -4.263747401124361399e-12 2.641060962014486791e-12 5.766593470207666472e-12 -3.875855300818580559e-12 1.145332658426154880e-11 -1.178949713169305615e-11 2.447679799603212419e-12 -3.061596700818988691e-12 5.154368097215897559e-12 8.668798398784054459e-12
-9.744240222175707128e-13 -3.981154795830707395e-12 1.844059807426156935e-12 4.968101678162951620e-12 -8.861078746614687944e-13 8.365173682145253269e-12 -5.758783974029514079e-12 -1.511691758446247525e-12 -6.067229874114855470e-12 2.458604162403128209e-12 6.716793177565458578e-12
-9.409105700591601374e-13 -3.561819940734362859e-12 1.072378118414638690e-12 4.099826974867701368e-12 1.209281290545625508e-12 5.749295071408434017e-12 -1.927000963586751664e-12 -2.362345618981459940e-12 -6.029219941944145774e-12 1.918457688540522291e-12 5.100656992711613155e-12
-8.953235193873036632e-13 -3.049888877990337280e-12 4.305834216853214122e-13 3.186148463241599762e-12 2.213502686777204639e-12 3.659583766593130589e-12 -4.050348335600042018e-13 -2.612125751918628132e-12 -5.075179776040857016e-12 4.390374792017752675e-13 3.439728847710894854e-12
-8.313180734729382920e-13 -2.459973039204456346e-12 -6.201353970516281927e-14 2.245859971284531144e-12 2.378678055063849262e-12 2.040613072821379825e-12 -1.012358216896131355e-13 -1.979794764052613881e-12 -2.860988485616654588e-12 -2.557712608633312225e-13 1.987386386816754884e-12
-7.482059188458569916e-13 -1.834798876439513556e-12 -3.964992029205720569e-13 1.345600635224821152e-12 1.992389224617811974e-12 8.006964031332589368e-13 -1.575510636760349761e-13 -6.062501678076053694e-13 -5.829064208481787020e-13 -3.176892133974071380e-13 1.240721665984140820e-12
-6.498174769125158006e-13 -1.245654991136509428e-12 -5.457476272866311598e-13 6.109009701859303164e-13 1.242397852983618667e-12 6.471324710829036830e-14 -2.763599048426673409e-13 4.521548708347467011e-13 9.613260469334137180e-13 -2.562634035272743363e-13 -1.389986347665366157e-13
-5.427094024609035943e-13 -7.465823803055992481e-13 -5.317555070054608414e-13 1.252907656775711569e-13 4.123704519704022248e-13 -1.839971955743504955e-13 -1.650839392819867173e-13 3.795630195042703528e-13 2.401092091124375778e-13 -5.656245025246471562e-13 -8.711067126851459135e-13
-4.340576826788585268e-13 -3.627202436768651298e-13 -4.042632950759461559e-13 -8.613326513581531098e-14 -1.598545217558822109e-13 -1.151535824368652299e-13 -1.389117952307762440e-14 4.926706861833854724e-14 -4.412474224632731171e-14 -3.133291628288812459e-13 -1.095305198439338245e-13
-3.319240222566407203e-13 -1.003076677839551885e-13 -2.192361376575326194e-13 -1.012840204236695700e-13 -2.865080204747981234e-13 4.310966412006301670e-14 1.838797877984158301e-14 -1.642793409887573755e-13 3.251568663435402113e-13 1.211536407061214826e-13 3.428560922443795027e-13
-2.419177677587903580e-13 4.870831505638560216e-14 -3.744655839612580500e-14 -1.909312535455762607e-14 -1.075495492699228121e-13 5.080656253523864118e-14 9.924084066777501177e-14 -5.641336591912407035e-14 -1.051130886364651764e-13 1.909024704477294764e-13 -1.550684933553461455e-13
-1.668735295048220971e-13 1.163079247948235641e-13 8.750945794075224892e-14 8.476425475924190535e-14 6.866629764963227248e-14 3.202280986016056260e-15 -3.277052808618101075e-14 -4.709794592151868345e-14 1.453233095937446707e-14 -1.435079760660620999e-16 1.900549062854401540e-15
-4.946586663680768539e-13 -7.094652018457373772e-13 -2.691054547847854700e-12 1.745317978707696662e-12 8.364599909790672970e-12 7.597769550552493631e-12 -1.437400524264915422e-11 6.918395489698021144e-12 1.114344352319581726e-10 -1.406991471313509222e-11 -9.900187638974938858e-12
-5.698720452222338081e-13 -1.237177276981903167e-12 -1.739853128111910908e-12 2.612567995256635873e-12 5.418763853733157816e-12 9.207323606934207464e-12 -1.725126379029607071e-11 9.626271401175340788e-12 1.026141550141172421e-10 -9.947815486299122507e-12 -4.536011624451917219e-12
-6.574946799059532135e-13 -1.871469971394952098e-12 -5.479083165222298170e-13 3.576560667896956707e-12 1.822643336261265836e-12 1.115418735357765171e-11 -2.037028374081677378e-11 1.199241213968304173e-11 8.832909276872359019e-11 -6.136699537251811918e-12 2.279624422599554239e-12
-7.550333694359747536e-13 -2.570949544747354045e-12 7.531511924045323294e-13 4.584255879927034816e-12 -1.963594020207799013e-12 1.333739978156306097e-11 -2.337921931643452722e-11 1.394641766584068899e-11 7.080142573351925461e-11 -2.402572471931781671e-12 8.393709649638974827e-12
-8.572221353332347960e-13 -3.280019310275452031e-12 2.023606063152011230e-12 5.566670498593732005e-12 -5.601059676592538138e-12 1.552428806679608042e-11 -2.611574447096025276e-11 1.513922863640047656e-11 5.052607636440497942e-11 1.277484818528867400e-12 1.259222261167841914e-11
-9.504377415047297505e-13 -3.919576259188821866e-12 3.062416343344751677e-12 6.397793800748472153e-12 -8.325431683999066466e-12 1.710795288367967530e-11 -2.744167077408294123e-11 1.608019094011149169e-11 3.037481441522915886e-11 5.818719971745681694e-12 1.412725703598243299e-11
-1.012825208398076067e-12 -4.349121149806463777e-12 3.591962477312132370e-12 6.799827602412947183e-12 -9.205878266157173651e-12 1.717014287908249158e-11 -2.596166003476487145e-11 1.442036475787564081e-11 1.394597004630257963e-11 9.025635087220543303e-12 1.261801719181378928e-11
-1.031067998930888268e-12 -4.479342626749786360e-12 3.410521259103977899e-12 6.579943729294946772e-12 -7.411388713021002669e-12 1.508668072899442176e-11 -2.000764414847374446e-11 9.443242918444492399e-12 3.504974528919699483e-12 8.662885560657969265e-12 1.093305810441261354e-11
-1.022454336684464570e-12 -4.383770280861475095e-12 2.787880505999853515e-12 5.954258607330310319e-12 -4.278539776550962774e-12 1.195223490556935280e-11 -1.260276193686591014e-11 2.613299354345116962e-12 -2.960253921159376866e-12 5.068061010017923296e-12 8.877208178464175105e-12
-9.987590520303527134e-13 -4.104633693178698866e-12 1.972784483581211821e-12 5.141609866513476557e-12 -1.151594987804051474e-12 8.755431253861571418e-12 -6.233166785246652119e-12 -1.618652945198239426e-12 -6.178864829561669793e-12 2.238117529088317503e-12 6.855648103451049506e-12
-9.652498212757940295e-13 -3.682923054724862491e-12 1.176455439402883166e-12 4.254428866268386300e-12 1.074809660452046760e-12 6.034012863036294240e-12 -2.120945450543279911e-12 -2.562324550273679383e-12 -6.209800526409031043e-12 1.712421635918358799e-12 5.178560873329624065e-12
-9.197563539081747714e-13 -3.164393897503286021e-12 5.104558874910083254e-13 3.319243416797620358e-12 2.173454492674178672e-12 3.857135590693128542e-12 -4.247046782468444234e-13 -2.798561091817674350e-12 -5.258678111768657314e-12 2.806696383326492209e-13 3.488449406540484187e-12
-8.555944806777985730e-13 -2.563331821609712601e-12 -3.442421811788101651e-15 2.352053629684382305e-12 2.393860338208292638e-12 2.165305194451548560e-12 -4.788130576385361569e-14 -2.144081637211278852e-12 -2.974912521134296753e-12 -3.958865007433311773e-13 2.031399098745114800e-12
-7.717676428093666037e-13 -1.921622388678562544e-12 -3.586751624118797959e-13 1.419433972324679001e-12 2.035162877404283277e-12 8.593925885193772352e-13 -9.747538881877829928e-14 -7.219766419553954119e-13 -6.142453839613960563e-13 -4.264263767324238298e-13 1.303903104753276159e-12
-6.719128657649256481e-13 -1.312212744869460811e-12 -5.254004244553613492e-13 6.506038419258210508e-13 1.287290292398343489e-12 7.340196863948857250e-14 -2.445499053545292760e-13 4.135746069019161234e-13 1.008907742835482463e-12 -3.030272771663117723e-13 -1.121964072596371091e-13
-5.626151593310433198e-13 -7.924611833223566450e-13 -5.245543188100904411e-13 1.367046598966301734e-13 4.417252548767515066e-13 -2.003088597744875984e-13 -1.630458401633487473e-13 3.852024299321602277e-13 2.756078232110180388e-13 -5.730937149252499927e-13 -9.084889734791770613e-13
-4.511873563388880467e-13 -3.902255764967323411e-13 -4.047292511664934969e-13 -9.246485628671744185e-14 -1.516673202197550920e-13 -1.301296967997813918e-13 -2.807255084904390730e-14 4.419751173023830727e-14 -2.742867468177484395e-14 -3.062034839945458300e-13 -1.385492154650567747e-13
-3.459606973013320588e-13 -1.136833504846859008e-13 -2.217227478087803674e-13 -1.142573702185866332e-13 -2.881230887133476432e-13 4.521749220900731386e-14 4.528746917921325325e-15 -1.902348606515341527e-13 3.613299978781517611e-13 1.458821393911294852e-13 3.466175653125233345e-13
-2.528452816682748832e-13 4.484281204629745124e-14 -3.771851849688171575e-14 -3.179261021738674016e-14 -1.060568251534976549e-13 6.260026084939844144e-14 9.961343303474153351e-14 -7.737004989611428245e-14 -1.044019756657267417e-13 2.111873153943843496e-13 -1.653757906293108072e-13
-1.749061330763520342e-13 1.180922326802747511e-13 9.058613518113546791e-14 7.648658191921264833e-14 7.507760511630334346e-14 1.754403279811880647e-14 -2.836809333107216061e-14 -4.803097595574341313e-14 9.897191713049064039e-15 3.613528582862143981e-16 -3.611593857203321716e-15
-4.999122596895324281e-13 -6.912604399697478244e-13 -2.787176953974714824e-12 1.711017757802773945e-12 8.688144794592825065e-12 7.629060767056491127e-12 -1.439386401345881271e-11 6.356820998478174011e-12 1.138262840711753599e-10 -1.516338902660601308e-11 -1.105873765742179085e-11
-5.760800097663752868e-13 -1.224241271848413362e-12 -1.828970697197433760e-12 2.592827853859381128e-12 5.711861436942954725e-12 9.253302766433667239e-12 -1.734687983251185453e-11 9.172671904531134056e-12 1.052271640919143831e-10 -1.095020767434517297e-11 -5.598730174592764621e-12
-6.650545646308300684e-13 -1.868412273569004009e-12 -6.180406519234004385e-13 3.577963194153498803e-12 2.046483835340523210e-12 1.123446692515967063e-11 -2.057284996007289043e-11 1.168038903293493633e-11 9.098039056994861051e-11 -7.019848182950251758e-12 1.476633696058475955e-12
-7.646571225463471863e-13 -2.583134140681597640e-12 7.145497788852569278e-13 4.613671494473278896e-12 -1.848960073969804983e-12 1.347896541463896309e-11 -2.372739702762189511e-11 1.378273593006232593e-11 7.331576709229801899e-11 -3.172042233854861379e-12 7.976272570649930437e-12
-8.700165346390088302e-13 -3.313933839413273190e-12 2.030213283628448563e-12 5.633307873948593604e-12 -5.639930007862734799e-12 1.576901353748565086e-11 -2.666835618264738360e-11 1.512872141598226578e-11 5.268307763057998710e-11 6.179934066133269899e-13 1.256031805674234193e-11
-9.675063162163967552e-13 -3.981615486261556710e-12 3.126481976569521647e-12 6.512558456565901798e-12 -8.558829670922737507e-12 1.749926134795710892e-11 -2.826350833947799649e-11 1.625984102543351221e-11 3.194104920203434716e-11 5.334920669451613781e-12 1.435581208798128905e-11
-1.034360784928877993e-12 -4.441368834315365367e-12 3.714223357271286964e-12 6.968421423875904686e-12 -9.636237824566010180e-12 1.771225214923729647e-11 -2.705527066294846565e-11 1.484880071998469158e-11 1.481748711929325799e-11 8.887055416966496293e-12 1.289242653821417095e-11
-1.054927603821801882e-12 -4.590801574431822529e-12 3.559995891444200145e-12 6.772760111801830054e-12 -7.896749042419662450e-12 1.565943631936927258e-11 -2.109059982616177004e-11 9.877215440511439458e-12 3.913057174017932922e-12 8.691296249557152814e-12 1.119967444345615501e-11
-1.047084751678621420e-12 -4.505309956722099693e-12 2.936555487164421530e-12 6.144295372367929605e-12 -4.686313187207191264e-12 1.245744820165265533e-11 -1.342630440108273415e-11 2.781011931375665401e-12 -2.857630424877026410e-12 4.980663222635072199e-12 9.088251750506988988e-12
-1.023401617340716867e-12 -4.229673061746702854e-12 2.103135921770372993e-12 5.317310773131301386e-12 -1.420437198670087196e-12 9.150620721190147517e-12 -6.713544622408832832e-12 -1.726965857183729485e-12 -6.291910580980029865e-12 2.014844496503255618e-12 6.996257818832781141e-12
-9.898966612944708372e-13 -3.805556615399605156e-12 1.281848040175897287e-12 4.410984546253655035e-12 9.386386450943740300e-13 6.322328786641208293e-12 -2.317340915783301208e-12 -2.764830720779319465e-12 -6.392663208008198220e-12 1.503781802715836212e-12 5.257449271818630209e-12
-9.444979598319540762e-13 -3.280345979536941419e-12 5.913377430996953741e-13 3.454020363565607008e-12 2.132900191916201409e-12 4.057183983094386141e-12 -4.446231013572960496e-13 -2.987352513953927875e-12 -5.444495416507164449e-12 1.203004225440178063e-13 3.537785676497454132e-12
-8.801776823502724602e-13 -2.667996805063738502e-12 5.586888920486735135e-14 2.459589314633954355e-12 2.409234490730469458e-12 2.291573116915246841e-12 6.147478364279492072e-15 -2.310444690270443429e-12 -3.090276276736171231e-12 -5.377724489861032968e-13 2.075968024434015963e-12
-7.956271293144087499e-13 -2.009543136478844455e-12 -3.203731206537467993e-13 1.494200380855775588e-12 2.078477085330308262e-12 9.188305486921985205e-13 -3.664050710590203877e-14 -8.391656115944982874e-13 -6.459803943577468880e-13 -5.365377076863813042e-13 1.367883001323343515e-12
-6.942874862034243052e-13 -1.379611624631861758e-12 -5.047960843141229514e-13 6.908084599770892189e-13 1.332750062169095430e-12 8.220049407733134543e-14 -2.123379069762816273e-13 3.745067850091100218e-13 1.057090754238571728e-12 -3.503821301517000222e-13 -8.505546646108646168e-14
-5.827724761476200670e-13 -8.389197812323615233e-13 -5.172621262039827619e-13 1.482627975034511927e-13 4.714510299926640271e-13 -2.168266630655397477e-13 -1.609819847573803396e-13 3.909131089697709378e-13 3.115550517810943497e-13 -5.806573203257955649e-13 -9.463436541712776267e-13
-4.685335070192786041e-13 -4.180785087611061914e-13 -4.052010963082918245e-13 -9.887646310861136973e-14 -1.433766530339391503e-13 -1.452950721370359440e-13 -4.243313944306190206e-14 3.906388832060290442e-14 -1.052161042089846773e-14 -2.989877547164278325e-13 -1.679346353385441404e-13
-3.601747614265530090e-13 -1.272280686661580455e-13 -2.242407828106342082e-13 -1.273946710086076451e-13 -2.897585677686449180e-13 4.735195805674663583e-14 -9.505631128752405037e-15 -2.165183937186657401e-13 3.979602682200368384e-13 1.709231449332144054e-13 3.504265744853644061e-13
-2.639108924801870286e-13 4.092845875895013528e-14 -3.799391554535130689e-14 -4.465258499709551453e-14 -1.045452368579911146e-13 7.454300223326612492e-14 9.999073417124465573e-14 -9.859157429150399014e-14 -1.036818761330983754e-13 2.317285105600318106e-13 -1.758133466992081391e-13
-1.830402489886764204e-13 1.198990899292119378e-13 9.370169408076557881e-14 6.810429999973579184e-14 8.156993564713864089e-14 3.206702867465988596e-14 -2.391002279663018328e-14 -4.897579722959915541e-14 5.203475857961152560e-15 8.725938778024460538e-16 -9.193396546734442920e-15
-5.068807510813087183e-13 -6.671132068160154037e-13 -2.914676012560639828e-12 1.665521120899881585e-12 9.117302469385362303e-12 7.670566176406794219e-12 -1.442020514427270891e-11 5.611935132061182496e-12 1.169988895237043906e-10 -1.661379953145008611e-11 -1.259546614178578839e-11
-5.843144019124341816e-13 -1.207082643169148012e-12 -1.947178373359985653e-12 2.566644054077950309e-12 6.100633085341610518e-12 9.314290613154182974e-12 -1.747370721912621539e-11 8.571006653916167393e-12 1.086931217939772340e-10 -1.227980467161786013e-11 -7.008345511126891043e-12
-6.750821759763334652e-13 -1.864356467515147104e-12 -7.110658608805468196e-13 3.579823533969852457e-12 2.343391232970992358e-12 1.134095165759280050e-11 -2.084153861942760863e-11 1.126651409428615073e-11 9.449713536996227128e-11 -8.191277694052274627e-12 4.115275580741174956e-13
-7.774222982317710307e-13 -2.599296077292381017e-12 6.633479383444617571e-13 4.652689064338133356e-12 -1.696906859142500846e-12 1.366674144429931599e-11 -2.418922825407123890e-11 1.356562453691691310e-11 7.665084960934807236e-11 -4.192685355250508462e-12 7.422574018863412645e-12
-8.869873312576548682e-13 -3.358918879042413626e-12 2.038977256534280422e-12 5.721697277715335660e-12 -5.691488539166131160e-12 1.609362324408851063e-11 -2.740135356094469628e-11 1.511478436764014762e-11 5.554417571493625780e-11 -2.567718015565354092e-13 1.251799907478919824e-11
-9.901464813592249640e-13 -4.063905798121653973e-12 3.211460163195962851e-12 6.664785036934259636e-12 -8.868414340988981840e-12 1.801830224655677362e-11 -2.935361333760233419e-11 1.649813318132049384e-11 3.401854050261233659e-11 4.693197678194472678e-12 1.465897296558534388e-11
-1.062926088209133456e-12 -4.563728367195207864e-12 3.876393112523649353e-12 7.192048298490042844e-12 -1.020707704004285909e-11 1.843131884902543746e-11 -2.850586196365773842e-11 1.541708842453269667e-11 1.597348822372421023e-11 8.703240011099585230e-12 1.325640965241401338e-11
-1.086575553966454081e-12 -4.738643386813212726e-12 3.758262619981523984e-12 7.028516371908130088e-12 -8.540542600362896579e-12 1.641915303509734658e-11 -2.252705815296732797e-11 1.045284697721835270e-11 4.454347765413383653e-12 8.728980856713737040e-12 1.155332072818746769e-11
-1.079755122819684230e-12 -4.666523088561976270e-12 3.133761540028971282e-12 6.396364682084711769e-12 -5.227193601611214267e-12 1.312757520432783173e-11 -1.451867083695662721e-11 3.003469907656592834e-12 -2.721508157309876584e-12 4.864736697387370071e-12 9.368184988487099732e-12
-1.056088104982769716e-12 -4.395528270186814706e-12 2.276037189350564645e-12 5.550364657878303271e-12 -1.777035945669493766e-12 9.674809485952776594e-12 -7.350729284817500645e-12 -1.870634696159436326e-12 -6.441857165640907937e-12 1.718689794799112709e-12 7.182765904733406310e-12
-1.022588819055212594e-12 -3.968220703163310549e-12 1.421643308955886992e-12 4.618643744923048069e-12 7.580181470273618582e-13 6.704757926409895641e-12 -2.577844562704968791e-12 -3.033439752972957707e-12 -6.635216641271816115e-12 1.227036927882241608e-12 5.362088726623355176e-12
-9.773158174178986575e-13 -3.434147594647454096e-12 6.986213732084735006e-13 3.632791730001048054e-12 2.079107993131241706e-12 4.322532957871919479e-12 -4.710433743620285815e-13 -3.237769975080727892e-12 -5.690967933909408844e-12 -9.241714720788664779e-14 3.603226482280753047e-12
-9.127854288254445443e-13 -2.806826943015445157e-12 1.345408329164408949e-13 2.602227220087895291e-12 2.429627131832309482e-12 2.459057911170293263e-12 7.781255192784411087e-14 -2.531112626231578639e-12 -3.243297521817483893e-12 -7.259733690295522224e-13 2.135085312479664265e-12
-8.272749227632395894e-13 -2.126163319985828027e-12 -2.695683744962104063e-13 1.593372334297110464e-12 2.135930085673012702e-12 9.976704817666171097e-13 4.405233739484242851e-14 -9.946078671999036404e-13 -6.880744715486078508e-13 -6.825920141731071583e-13 1.452747467063046119e-12
-7.239657178609673876e-13 -1.469011111566760387e-12 -4.774659933066085671e-13 7.441368276048942202e-13 1.393048988102022118e-12 9.387106888814135230e-14 -1.696111403891424521e-13 3.226862896674720915e-13 1.121001853468316637e-12 -4.131947411257839373e-13 -4.905507229274553588e-14
-6.095096233073854889e-13 -9.005435773731967896e-13 -5.075895865743854249e-13 1.635937879187889657e-13 5.108800096042627654e-13 -2.387362727690154017e-13 -1.582444372982415429e-13 3.984878899471595118e-13 3.592363165009847591e-13 -5.906898669717581841e-13 -9.965550082653168049e-13
-4.915418562193911921e-13 -4.550233048177886742e-13 -4.058269624857918319e-13 -1.073809718650574481e-13 -1.323797132842644821e-13 -1.654107890962786454e-13 -6.148136811923455892e-14 3.225452719914044498e-14 1.190432465107613968e-14 -2.894166381572793307e-13 -2.069121599972046190e-13
-3.790286361277888223e-13 -1.451941071729756226e-13 -2.275807644697767053e-13 -1.448203013271708319e-13 -2.919279059934479964e-13 5.018316462910370284e-14 -2.812116636264451027e-14 -2.513815013431688940e-13 4.465475357967345917e-13 2.041381343386518744e-13 3.554789350487096361e-13
-2.785885834068871962e-13 3.573636673433877632e-14 -3.835920873885483961e-14 -6.171036355861029266e-14 -1.025402297968131918e-13 9.038414040699437032e-14 1.004911953084481880e-13 -1.267403125010766392e-13 -1.027267187290977802e-13 2.589748436107994730e-13 -1.896579708811928167e-13
-1.938295349583861178e-13 1.222957485144808219e-13 9.783424592028732571e-14 5.698584036955858638e-14 9.018151828728769746e-14 5.133067827429298106e-14 -1.799673121222230543e-14 -5.022903073798242700e-14 -1.022381300691182987e-15 1.550716211245054408e-15 -1.659723333984966470e-14
-4.798767028468638372e-13 -7.582147724256639742e-13 -2.422568943013197192e-12 1.828137221622283030e-12 7.482043522930312429e-12 7.506186236331579310e-12 -1.426259511134778046e-11 8.256452695852409747e-12 1.046177773655783775e-10 -1.128549279271066453e-11 -7.011895200079317751e-12
-5.523881813569477204e-13 -1.269868015492654824e-12 -1.494466089530946665e-12 2.652156465003612634e-12 4.635167429358194177e-12 9.070203138423772183e-12 -1.692039287965438012e-11 1.063499890361917528e-11 9.525041296510876563e-11 -7.458738118323610717e-12 -2.006682693686376793e-12
-6.361036676193301156e-13 -1.875174900934735476e-12 -3.594255942442203678e-13 3.556160655291864580e-12 1.244334126871022535e-12 1.091370159938990618e-11 -1.973825192612983434e-11 1.261488306084683412e-11 8.095973652752176968e-11 -3.973707195831306615e-12 4.032539494976563053e-12
-7.276547180002857122e-13 -2.530682294770167936e-12 8.500050402763862806e-13 4.485223024533978919e-12 -2.228066926306575054e-12 1.291606010385830425e-11 -2.233873262909034833e-11 1.418238225781515889e-11 6.391442368444623205e-11 -5.288559210347337363e-13 9.086187838971036962e-12
-8.207448962090480102e-13 -3.177849414807551887e-12 1.991430841271571005e-12 5.363432018768057874e-12 -5.432066376820013658e-12 1.480265686714724776e-11 -2.450455740857334583e-11 1.497898887350449454e-11 4.476428539642747909e-11 2.868102155258775598e-12 1.232091331174163628e-11
-9.020271477055259012e-13 -3.738600683921291368e-12 2.869991823637788037e-12 6.059981119420750008e-12 -7.617664116974600028e-12 1.597518460556219672e-11 -2.509137741686093394e-11 1.539497891807931473e-11 2.634548592872095155e-11 6.885432166991003573e-12 1.328253267097519993e-11
-9.528236002455644292e-13 -4.087934647554563898e-12 3.247973144492489455e-12 6.320992516644176833e-12 -7.997153874777697556e-12 1.565661032923887216e-11 -2.294996916433187560e-11 1.309815952365243567e-11 1.181480774101773836e-11 9.129086049882959568e-12 1.178108770629205406e-11
-9.661595997769746244e-13 -4.173068523016874937e-12 3.011708089698932839e-12 6.056762887656133353e-12 -6.148958233221087866e-12 1.356947846980863869e-11 -1.722240627169461231e-11 8.310673998464527869e-12 2.503819802294059023e-12 8.504846124127447077e-12 1.016086020794655380e-11
-9.559464992770170634e-13 -4.053204697401557532e-12 2.400878532985459988e-12 5.447458061980359713e-12 -3.272299306684752382e-12 1.065062448898153770e-11 -1.060349957304591905e-11 2.293096618979971821e-12 -3.150647090237498544e-12 5.324764221552417469e-12 8.286738643992241249e-12
-9.324435269309257393e-13 -3.768002468586135956e-12 1.641579817818116876e-12 4.678127102360501163e-12 -5.337173640377542688e-13 7.761531228722477797e-12 -5.162711119795580084e-12 -1.219799643815714924e-12 -5.829582243943161787e-12 2.842456469146660335e-12 6.459561606913542549e-12
-8.987258948312705653e-13 -3.354804056435629267e-12 9.135168308002862938e-13 3.842547370731265907e-12 1.350751498095881861e-12 5.316866579656969277e-12 -1.759960816739704909e-12 -2.013749080686850402e-12 -5.703076626147009552e-12 2.197872413316200258e-12 4.941104151290476468e-12
-8.528542465150944162e-13 -2.855955502889364202e-12 3.123603521262299941e-13 2.966663549369092860e-12 2.217962114254204086e-12 3.363215583918037901e-12 -4.602676712379875092e-13 -2.288348031687422148e-12 -4.753512364825385000e-12 6.805421941778378666e-13 3.321770748280138753e-12
-7.892562298018906432e-13 -2.288025013893923171e-12 -1.431179583279999347e-13 2.075264544486939754e-12 2.305980595017565406e-12 1.862826670392950278e-12 -2.231363622624650875e-13 -1.695366745615571589e-12 -2.666168179343984925e-12 -2.789398662121347012e-14 1.864097024436346290e-12
-7.076447222015565082e-13 -1.694071830321210990e-12 -4.413699308640213674e-13 1.232346544600163469e-12 1.888328773001623721e-12 7.296835080709024913e-13 -2.471739406870647980e-13 -4.219116899421934873e-13 -5.102004829990908355e-13 -1.512766028373965566e-13 1.104305029788464881e-12
-6.121693743951589610e-13 -1.141477110777332002e-12 -5.615544643083229596e-13 5.557997083193350259e-13 1.147909804289470869e-12 6.577757640438308088e-14 -3.016180509831005395e-13 4.945459767491399947e-13 8.670487334427705824e-13 -2.004707691168956906e-13 -2.003341522034966546e-13
-5.092229827512321703e-13 -6.777198090509250906e-13 -5.273441330333343684e-13 1.149359181002740946e-13 3.550090115832846131e-13 -1.543604817771847981e-13 -1.407575328961524386e-13 3.638433330730735534e-13 1.888485666316433414e-13 -5.592531852117722378e-13 -7.926420555096785203e-13
-4.056574494609929795e-13 -3.236429152327187722e-13 -3.905860037085671069e-13 -7.188990696031794373e-14 -1.753360961865006869e-13 -1.014498896482529369e-13 1.853895004436981178e-14 5.606299681207120621e-14 -9.880675026828730450e-14 -3.364686730085756218e-13 -5.970147661464626272e-14
-3.090360811623950639e-13 -8.310018814040012429e-14 -2.064206905613600414e-13 -8.032451495121475273e-14 -2.838187015958565772e-13 2.771505023246858296e-14 3.825393166528411541e-14 -1.243270107915425092e-13 2.415451667151106047e-13 6.654663798941802153e-14 3.363652122803868518e-13
-2.244102236630764573e-13 5.178299871196960834e-14 -3.199633810977800263e-14 -1.415827501712508586e-15 -1.093961131375421576e-13 2.669131188249036593e-14 9.542799285539740864e-14 -2.538565036481161939e-14 -1.046475535550231140e-13 1.379775172507277588e-13 -1.446876202269830622e-13
-1.542630781775106721e-13 1.114268347088825014e-13 8.491309337466826862e-14 9.430726397067524252e-14 5.886903430540517989e-14 -1.970968872823757393e-14 -3.847254579048559430e-14 -4.409665969132924621e-14 1.876939973999194662e-14 -6.744660704352043161e-15 1.095220807966069523e-14
-4.874774527068993812e-13 -7.296908933897869808e-13 -2.563123370304478574e-12 1.765952513095613661e-12 7.974988639246857375e-12 7.548527474127138362e-12 -1.424058152519006369e-11 7.221183729177982911e-12 1.079934258133936828e-10 -1.313638147397486337e-11 -9.031394381348263499e-12
-5.613588229152706683e-13 -1.247842011223303687e-12 -1.627888059639138837e-12 2.608759161934783413e-12 5.096374946027016836e-12 9.130243762628463239e-12 -1.700147010380580459e-11 9.728478135303122089e-12 9.900956589076044488e-11 -9.219074852017337396e-12 -3.974745070446751387e-12
-6.469406536228794668e-13 -1.866359252741634107e-12 -4.685311012938723929e-13 3.542834858023181940e-12 1.615010224377520871e-12 1.101722133036321022e-11 -1.997374972748623878e-11 1.192252173975910756e-11 8.486729906846811573e-11 -5.555229684703984298e-12 2.393228333558049931e-12
-7.413166709126778592e-13 -2.542926880071815278e-12 7.838374632787516409e-13 4.512595147060814435e-12 -2.009175789874887762e-12 1.310069047068669806e-11 -2.278609994038006920e-11 1.373234363298835995e-11 6.771247936108533446e-11 -1.918627523222966496e-12 8.021419359556106205e-12
-8.388279827296736621e-13 -3.220820344399369092e-12 1.988913994114309585e-12 5.445200669028999018e-12 -5.433606608752791016e-12 1.512723078012122906e-11 -2.525178698882712371e-11 1.478386848405072352e-11 4.815575300491869620e-11 1.664084130751073650e-12 1.192157152267610163e-11
-9.263526005089340520e-13 -3.822466858395492415e-12 2.951598822448282906e-12 6.212171672908436190e-12 -7.907655211255253036e-12 1.651182957380091778e-11 -2.624380216980645904e-11 1.548745429923282256e-11 2.895276133758140527e-11 5.914935964538440741e-12 1.340573920751616021e-11
-9.844310727865800856e-13 -4.219459329328722469e-12 3.423958511890235645e-12 6.559442302458730437e-12 -8.616463220472379727e-12 1.644714428901386995e-11 -2.458143845657348056e-11 1.359839689807099918e-11 1.337894459993606775e-11 8.652930848803952625e-12 1.210640266299063252e-11
-1.002687628887091016e-12 -4.340815991971661835e-12 3.247547247043279512e-12 6.352579065706674538e-12 -6.943240206091467409e-12 1.448284834742217653e-11 -1.902516759653681130e-11 9.008430623068413084e-12 3.232797073639657908e-12 8.458551249196571401e-12 1.051754757569847321e-11
-9.941580476021170627e-13 -4.239473750118116032e-12 2.644880783346619904e-12 5.748100102196968857e-12 -3.992922135154955420e-12 1.149261163785076939e-11 -1.209109716180973073e-11 2.678085694318633044e-12 -2.911189806771307082e-12 5.208009109219274496e-12 8.592552731731412186e-12
-9.709172150043196707e-13 -3.962828668793067339e-12 1.863385475392633731e-12 4.961044702469465647e-12 -1.053980738346228324e-12 8.444709524711603964e-12 -6.126916161623453219e-12 -1.280736003596095786e-12 -5.959510443780015157e-12 2.502514515518356394e-12 6.663091886113648034e-12
-9.370200530576838461e-13 -3.547821871665172887e-12 1.097425446162778910e-12 4.095792781192662054e-12 1.051319424347317418e-12 5.823377500657629128e-12 -2.230114239413394468e-12 -2.319734657162712940e-12 -5.975263552855750750e-12 1.804582723015061908e-12 5.042865288017229821e-12
-8.911743766481068122e-13 -3.040165845092227149e-12 4.571555507756400496e-13 3.186469711773829619e-12 2.091629320500759124e-12 3.718514832129424497e-12 -5.822624089687838012e-13 -2.580137065693426348e-12 -5.039380506018695148e-12 4.001532669895948011e-13 3.366883374596129689e-12
-8.274411451100886022e-13 -2.457117494403511763e-12 -3.184665357348875259e-14 2.254838550749186613e-12 2.284629866843413165e-12 2.095872024206165906e-12 -1.723426836456619044e-13 -1.951069658542693928e-12 -2.848085784013037320e-12 -2.597128036653714503e-13 1.889030341048613181e-12
-7.449340179638426132e-13 -1.839568014219376965e-12 -3.624176825076836009e-13 1.362206105693565823e-12 1.926063563469275955e-12 8.517110782337838726e-13 -1.426122383300011898e-13 -6.150871851321992826e-13 -5.421392730856505524e-13 -3.385922830010906964e-13 1.175437662032366236e-12
-6.474954032535022755e-13 -1.256566261784947021e-12 -5.111665603445728735e-13 6.313238918122797418e-13 1.201782568647466180e-12 9.589247401761053562e-14 -2.248239077604390722e-13 4.123057879873779863e-13 9.311172126533715046e-13 -2.959383868877085587e-13 -1.730372256094756785e-13
-5.414486075337592522e-13 -7.599264265520944892e-13 -4.998435264453433613e-13 1.420776080806283628e-13 3.940839941926379634e-13 -1.776748607383771371e-13 -1.110765084892723239e-13 3.677809583214229441e-13 2.548473337160923251e-13 -5.762558961734018678e-13 -8.387263868669278764e-13
-4.337816306227720021e-13 -3.751397194962390854e-13 -3.787890163608756368e-13 -7.836830899623378220e-14 -1.642801889518075082e-13 -1.359156128403595605e-13 4.991392876268616440e-15 4.736925695823438322e-14 -9.541215158187336301e-14 -3.344472333059953493e-13 -1.053517896437295577e-13
-3.324483145683309897e-13 -1.099080598443582524e-13 -2.018815125133308746e-13 -1.019604085616000537e-13 -2.869665102455816367e-13 1.938513059351306365e-14 1.272358270434016466e-14 -1.686387420943253865e-13 2.773976561269456954e-13 9.420975097073551728e-14 3.431331035009405093e-13
-2.429363821246098120e-13 4.216445760934495284e-14 -2.737277962080153229e-14 -2.537754066699803485e-14 -1.066693403706736038e-13 4.111313615137345696e-14 9.274262520094327424e-14 -6.270234218376745293e-14 -1.021329571932855696e-13 1.526475898084214593e-13 -1.670668284009544505e-13
-1.681331387630913206e-13 1.124583576258212857e-13 9.259486027702924012e-14 7.675043339173837217e-14 7.003592474945679733e-14 4.322704728375238167e-15 -3.009450446461985444e-14 -4.332905798970746910e-14 8.544543568879045957e-15 -1.200700070872561368e-14 1.491438736067602406e-15
-4.940970263295065213e-13 -7.048468724228912195e-13 -2.685526166683158153e-12 1.711765781253724407e-12 8.404336013169150173e-12 7.585406689252682418e-12 -1.422129898179422387e-11 6.319009826853081725e-12 1.109329494344800430e-10 -1.474898414577347623e-11 -1.079111300468738228e-11
-5.691715713868325617e-13 -1.228654723978495680e-12 -1.744082076866038645e-12 2.570921997969375860e-12 5.498114513455234942e-12 9.182539892634434971e-12 -1.707192919793558770e-11 8.938221610182085612e-12 1.022830456319868626e-10 -1.075310423808114519e-11 -5.690070858261416177e-12
-6.563787986791771326e-13 -1.858674875533786538e-12 -5.635527715240186848e-13 3.531182792435607686e-12 1.937932345612805835e-12 1.110737554502056631e-11 -2.017868723312410828e-11 1.131871713818538944e-11 8.827019908485098632e-11 -6.933627714402374554e-12 9.639175441463634946e-13
-7.532149105721554029e-13 -2.553581984099256581e-12 7.262047446774464618e-13 4.536387364576103291e-12 -1.818423455247834960e-12 1.326147260458221055e-11 -2.317556258280237722e-11 1.333961709257324571e-11 7.102021501852229817e-11 -3.130007295929210314e-12 7.092326522182571484e-12
-8.545761876035106678e-13 -3.258233334739188830e-12 1.986708947855515201e-12 5.516370697501007651e-12 -5.434818479696089714e-12 1.540987060882490035e-11 -2.590241229433779907e-11 1.461327097336205370e-11 5.110962283728189018e-11 6.146096938383387579e-13 1.157209955137017024e-11
-9.475366846226523662e-13 -3.895493744908642481e-12 3.022651005042034613e-12 6.344676834870332020e-12 -8.160074549896714086e-12 1.697912567846038983e-11 -2.724732149260715842e-11 1.556747629332863458e-11 3.122406258031890060e-11 5.069015289328988270e-12 1.351171369077146347e-11
-1.011956604330719564e-12 -4.333988466568500076e-12 3.577198708261418911e-12 6.767057193726244246e-12 -9.155657578188119274e-12 1.713550777913469529e-11 -2.600209636938853917e-11 1.403339683434963473e-11 1.474210886193478788e-11 8.237225532227925874e-12 1.238898913291659749e-11
-1.034503242537025802e-12 -4.486913147544287072e-12 3.452968877040085616e-12 6.610208080136542866e-12 -7.635078284216115624e-12 1.527841425783246190e-11 -2.059554581609233618e-11 9.615806984277947213e-12 3.868231553513164151e-12 8.417395478053802059e-12 1.082777354534686232e-11
-1.027443618260106706e-12 -4.401721700365852252e-12 2.857461312263176105e-12 6.009998192812065644e-12 -4.620876186711588447e-12 1.222621246153642190e-11 -1.338753433360833543e-11 3.013817861063289617e-12 -2.702397109798194087e-12 5.106303091263094545e-12 8.858797742083895765e-12
-1.004432752730255787e-12 -4.132536316249442070e-12 2.056658095505180075e-12 5.207520993893970197e-12 -1.507549478756203809e-12 9.040074535615941124e-12 -6.967716120350938304e-12 -1.333262161909815470e-12 -6.072388284873560958e-12 2.206559703942632059e-12 6.840365624683645585e-12
-9.703790785842523765e-13 -3.715963488847185044e-12 1.257693399890223893e-12 4.316432051335220958e-12 7.901333544210913523e-13 6.264842228380739532e-12 -2.640428618150187931e-12 -2.585943653739756122e-12 -6.212339046464289193e-12 1.461989054352794798e-12 5.131499529715149034e-12
-9.245556152548781196e-13 -3.200641777531401074e-12 5.833566490652021347e-13 3.377978830197755622e-12 1.981278959635975605e-12 4.028223278959295809e-12 -6.891288315413051477e-13 -2.834289206424057480e-12 -5.288427728403713131e-12 1.557558334390149994e-13 3.406087241314386380e-12
-8.607040749921630772e-13 -2.604427002738895099e-12 6.514228943413893250e-14 2.411303094949557294e-12 2.265820010157188770e-12 2.299034936352043120e-12 -1.284328314582869284e-13 -2.173678905614315797e-12 -3.006573832005825553e-12 -4.615782552698686650e-13 1.910615013887587137e-12
-7.774167728946576124e-13 -1.966329623347225634e-12 -2.935813408260345385e-13 1.475368711021872136e-12 1.958782698173196461e-12 9.581423098674200683e-13 -5.166234621602053251e-14 -7.832127042570295831e-13 -5.699767819466473523e-13 -5.016353264124226074e-13 1.237231199694657521e-12
-6.782686209815812327e-13 -1.356848337929755941e-12 -4.672132209546306326e-13 6.971609165534408214e-13 1.248613747378666468e-12 1.222365014271861887e-13 -1.579147014348914553e-13 3.406816353548998961e-13 9.870002928565915260e-13 -3.790688934028938679e-13 -1.493156138824576132e-13
-5.695220152263190719e-13 -8.315688513192763390e-13 -4.758268093186848522e-13 1.657615404108914608e-13 4.280598122754003581e-13 -1.979314903817245844e-13 -8.514419047771493530e-14 3.712228555913900927e-13 3.123825043985363979e-13 -5.910280099723019695e-13 -8.788982323833534686e-13
-4.582833059075420083e-13 -4.200302903958627355e-13 -3.684573711523118521e-13 -8.398443894516245546e-14 -1.546797558111833749e-13 -1.659398229785760378e-13 -6.725548012742722799e-15 3.983181923623686822e-14 -9.241490642632812008e-14 -3.326664486247500877e-13 -1.451015275531048549e-13
-3.528461970081438494e-13 -1.332844936044096313e-13 -1.978837173492572651e-13 -1.208013060196559700e-13 -2.897308119977522120e-13 1.207956616440899396e-14 -9.513995378549353054e-15 -2.071797738010379297e-13 3.085841838946845072e-13 1.182794601547173816e-13 3.490966723765113600e-13
-2.590784648567189137e-13 3.376955301329863854e-14 -2.331441814773569018e-14 -4.625928181924280381e-14 -1.043051404514376345e-13 5.363209615423607325e-14 9.038770119437003623e-14 -9.518413034653598626e-14 -9.992825600675299798e-14 1.654041391466436132e-13 -1.865208006575540400e-13
-1.802193603877737819e-13 1.133473886258416959e-13 9.930696712453132932e-14 6.144285989802885185e-14 7.975931979110411826e-14 2.524495359666639321e-14 -2.280483723960801631e-14 -4.261168749027562648e-14 -3.392219791818436174e-16 -1.658163785456236499e-14 -6.741748950924406672e-15
-5.000993090561103273e-13 -6.823196178516629188e-13 -2.796514605747216561e-12 1.662632095796618260e-12 8.793645704605587098e-12 7.618846835600774518e-12 -1.420381459545107539e-11 5.500965840977894775e-12 1.135983554019735637e-10 -1.621120770605610010e-11 -1.238673359707204087e-11
-5.762557625736655102e-13 -1.211256699389614161e-12 -1.849440719662247792e-12 2.536613243840518204e-12 5.862390891470209791e-12 9.229959290626995933e-12 -1.713581782411065194e-11 8.221658430361639557e-12 1.052512654847277857e-10 -1.214408166614180789e-11 -7.245438359378306536e-12
-6.649368143385106628e-13 -1.851707087123904975e-12 -6.497134392807867046e-13 3.520617313141047265e-12 2.230741193814598774e-12 1.118912267060927746e-11 -2.036451383320102586e-11 1.077121878480650275e-11 9.135577044366939417e-11 -8.183486789402082091e-12 -3.321065565581319643e-13
-7.640036110979477855e-13 -2.563243476162036772e-12 6.739464186513232938e-13 4.557960903401958602e-12 -1.645459241459017176e-12 1.340726142530485198e-11 -2.352870690290352193e-11 1.298351325790461764e-11 7.401949631387249427e-11 -4.228422970355588838e-12 6.249873829577548132e-12
-8.688558347743453857e-13 -3.292157475507971428e-12 1.984709529428882984e-12 5.580903951701590529e-12 -5.435917343586046185e-12 1.566615359831830173e-11 -2.649236522385847278e-11 1.445858209729795472e-11 5.378803714418818566e-11 -3.369987065979097607e-13 1.125521666781319864e-11
-9.667453020901866637e-13 -3.961710699602868982e-12 3.087077400735661562e-12 6.464825572411624939e-12 -8.388955173775389671e-12 1.740284529553928034e-11 -2.815726021124201585e-11 1.564003604517856475e-11 3.328355947544209017e-11 4.301978773613057130e-12 1.360780577681084168e-11
-1.036915313809514261e-12 -4.437837486035429635e-12 3.716148884960078757e-12 6.955311494894150761e-12 -9.644570749996922709e-12 1.775967970670287830e-11 -2.729027448219551284e-11 1.442783196358848633e-11 1.597815475994346266e-11 7.860285739408880606e-12 1.264522371746064720e-11
-1.063351973589397387e-12 -4.619386391004282108e-12 3.639234441981164707e-12 6.843812565963395493e-12 -8.262400779484767755e-12 1.599979171998939364e-11 -2.201948245525655063e-11 1.016654401631374238e-11 4.444410233491490605e-12 8.380077571227219317e-12 1.110907018585459493e-11
-1.057625229331582853e-12 -4.548839637855034991e-12 3.050218191972289777e-12 6.247473654093178782e-12 -5.190272000812027819e-12 1.289140323500074126e-11 -1.456307560398472376e-11 3.318242194992815100e-12 -2.513074839474076912e-12 5.014081411696614547e-12 9.100214760845162558e-12
-1.034822885891070375e-12 -4.286418315824907868e-12 2.231907575780125569e-12 5.431012775991164206e-12 -1.918821837558522975e-12 9.579920322105342054e-12 -7.730109459339499752e-12 -1.380890116229182284e-12 -6.174739992171464941e-12 1.938203407125916523e-12 7.001108160480685308e-12
-1.000627294659923919e-12 -3.868425494077308593e-12 1.403015978850759115e-12 4.516496176785278111e-12 5.533035150111356409e-13 6.665139305891501836e-12 -3.012480201678247497e-12 -2.827328005165659204e-12 -6.427306677674006030e-12 1.151343084360902874e-12 5.211868416972604728e-12
-9.548239729284098001e-13 -3.346152941421472558e-12 6.977891893461739622e-13 3.551629260616066127e-12 1.881219033729349063e-12 4.309050667073442913e-12 -7.860297155776112664e-13 -3.064741042385904168e-12 -5.514250696130144006e-12 -6.585094747506178569e-14 3.441635253326483356e-12
-8.908651564324417426e-13 -2.737999543101419905e-12 1.530867783859795879e-13 2.553176942147924309e-12 2.248764215681800118e-12 2.483252417602647912e-12 -8.861768911242471849e-14 -2.375529295856803850e-12 -3.150282486647800005e-12 -6.446192596880707067e-13 1.930186863483571148e-12
-8.068704325129794062e-13 -2.081270405713170393e-12 -2.311641548269858771e-13 1.577978629882175194e-12 1.988450692061267836e-12 1.054648573740792142e-12 3.080624263468467232e-14 -9.356601057809234990e-13 -5.952183758409476699e-13 -6.494742058857713969e-13 1.293262337462141362e-12
-7.061721618176913529e-13 -1.447778867885335413e-12 -4.273586367819028004e-13 7.568584799543434461e-13 1.291077803340756241e-12 1.461238869363419800e-13 -9.724494202451191920e-14 2.757366105528343649e-13 1.037672145018693299e-12 -4.544472771966961448e-13 -1.278061003802925334e-13
-5.949775098049560337e-13 -8.965304468226652492e-13 -4.540497087319545202e-13 1.872368894212582275e-13 4.588673012961949471e-13 -2.162991386337413299e-13 -6.163012295656198161e-14 3.743437882005917003e-13 3.645523814376112252e-13 -6.044225878871946848e-13 -9.153239568361790805e-13
-4.805001407450113686e-13 -4.607347072392572098e-13 -3.590891761541760200e-13 -8.907685045725188607e-14 -1.459745873946964150e-13 -1.931642022897778629e-13 -1.734985350790905737e-14 3.299726719261176026e-14 -8.969716115522314950e-14 -3.310517256078150547e-13 -1.811445054716485646e-13
-3.713419276007324464e-13 -1.544810186063972972e-13 -1.942587254885744442e-13 -1.378852437579516795e-13 -2.922373367419609154e-13 5.455262406924208237e-15 -2.967786486888932223e-14 -2.421267591663127384e-13 3.368624921727396579e-13 1.401046097960920973e-13 3.545041260361750971e-13
-2.737152593599849944e-13 2.615749338815300915e-14 -1.963450803178090239e-14 -6.519374987272726845e-14 -1.021614084049370094e-13 6.498363153810822688e-14 8.825237923244577670e-14 -1.246369115118249905e-13 -9.792914866597997351e-14 1.769711095271619905e-13 -2.041606411386134279e-13
-1.911785126448387485e-13 1.141535152056608119e-13 1.053931542680254697e-13 4.756275473049192337e-14 8.857598440036073354e-14 4.421615135579824775e-14 -1.619494975650550105e-14 -4.196121216235358360e-14 -8.394554270106926864e-15 -2.072967848487706146e-14 -1.420717025070337839e-14
-5.057740265081319858e-13 -6.610217495232746135e-13 -2.901446032267848018e-12 1.616179796616751900e-12 9.161709457834510542e-12 7.650462030708077811e-12 -1.418728436941365371e-11 4.727565229459097522e-12 1.161183011297330333e-10 -1.759363283737896470e-11 -1.389527584581491863e-11
-5.829533450293143513e-13 -1.194808141119895407e-12 -1.949049588020550883e-12 2.504176828871005866e-12 6.206787486782089840e-12 9.274790840750613803e-12 -1.719621981024066228e-11 7.544200475622953814e-12 1.080574995486603153e-10 -1.345914880943228496e-11 -8.715924269578306398e-12
-6.730277896309567497e-13 -1.845119551398949683e-12 -7.311720317397043166e-13 3.510628422046194029e-12 2.507570485557981735e-12 1.126640856713141276e-11 -2.054019922750683428e-11 1.025359922265246244e-11 9.427295177206046820e-11 -9.365136883612031440e-12 -1.557402309031404833e-12
-7.742035352157204379e-13 -2.572377704695141655e-12 6.245400023827970334e-13 4.578357095742527473e-12 -1.481934257951750395e-12 1.354509404530784979e-11 -2.386257892785914380e-11 1.264684317544587345e-11 7.685509674007538532e-11 -5.266894440254791062e-12 5.453396574539284440e-12
-8.823561928085020701e-13 -3.324230258202978485e-12 1.982819223008297904e-12 5.641915403298659792e-12 -5.436956230850833589e-12 1.590845034930503453e-11 -2.705012242005175553e-11 1.431233508673414180e-11 5.632028139078942790e-11 -1.236674669639025984e-12 1.095562712098764108e-11
-9.849056399669151162e-13 -4.024313968928999293e-12 3.147987829105836739e-12 6.578417384062083348e-12 -8.605345008094194355e-12 1.780344109763942863e-11 -2.901754050482829751e-11 1.570863594697218542e-11 3.523066272303379614e-11 3.576801986700911017e-12 1.369865377806957613e-11
-1.060511941939773999e-12 -4.536019112437867129e-12 3.847516082701084525e-12 7.133292122218950326e-12 -1.010680228898417105e-11 1.834978846916818749e-11 -2.850815238887203618e-11 1.480074143416526197e-11 1.714674549683750964e-11 7.503916793791357582e-12 1.288747470949047551e-11
-1.090626331832875435e-12 -4.744630121981214271e-12 3.815334869895169201e-12 7.064668467628415540e-12 -8.855488186610387474e-12 1.668180119013994909e-11 -2.336571010148277402e-11 1.068722548097451322e-11 4.989144919106689829e-12 8.344796214513568829e-12 1.137501551633852675e-11
-1.086159727904678377e-12 -4.687928853280207681e-12 3.232455682871043247e-12 6.471989280074935778e-12 -5.728593983020618072e-12 1.352029231558303872e-11 -1.567446365418449904e-11 3.606053075159247339e-12 -2.334084511733435678e-12 4.926892568715208220e-12 9.328456836255458108e-12
-1.063554526842640572e-12 -4.431902456345216780e-12 2.397593105488671993e-12 5.642307859891093345e-12 -2.307649692389582123e-12 1.009030491360427353e-11 -8.450896445567028670e-12 -1.425918852568916616e-12 -6.271506017173368838e-12 1.684492203553318588e-12 7.153078430998149912e-12
-1.029224763464062902e-12 -4.012567134681691548e-12 1.540407819048942235e-12 4.705642130559407131e-12 3.293982671944563641e-13 7.043590830092456613e-12 -3.364227687847942511e-12 -3.055539205167741878e-12 -6.630542800506577583e-12 8.576500969473205879e-13 5.287851298979067550e-12
-9.834404842035523534e-13 -3.483723071992989034e-12 8.059767640983834674e-13 3.715803004004656899e-12 1.786619708177203950e-12 4.574552363826449424e-12 -8.776423947737701552e-13 -3.282616350325246281e-12 -5.727749744976263106e-12 -2.753639088441562209e-13 3.475243286979509446e-12
-9.193802459891272348e-13 -2.864282581449596566e-12 2.362318437096589389e-13 2.687308257665799782e-12 2.232639209367818023e-12 2.657416534263271970e-12 -5.097539144187474760e-14 -2.566364035151093312e-12 -3.286148477187145123e-12 -8.176711064623080625e-13 1.948690609286408773e-12
-8.347167067336930741e-13 -2.189938484060056929e-12 -1.721532820266016326e-13 1.674988781714681854e-12 2.016499601884869069e-12 1.145888168116978055e-12 1.087742461270630558e-13 -1.079787943950504068e-12 -6.190824510930023768e-13 -7.892450248064391815e-13 1.346235667691410008e-12
-7.325529125439172207e-13 -1.533747014120583231e-12 -3.896790492598133711e-13 8.132981475628096847e-13 1.331224452573774698e-12 1.687076581169601783e-13 -3.988613312573516686e-14 2.143358514596414256e-13 1.085578664074340730e-12 -5.257120110928073890e-13 -1.074704324150451611e-13
-6.190438124670692202e-13 -9.579468705805425999e-13 -4.334610563233386254e-13 2.075402569008263408e-13 4.879935224542485086e-13 -2.336644028836762695e-13 -3.939929625430953466e-14 3.772944005834457829e-13 4.138751741521516771e-13 -6.170861782301634779e-13 -9.497618069603445991e-13
-5.015045282727574820e-13 -4.992177479330948450e-13 -3.502322342038919958e-13 -9.389135199716315594e-14 -1.377444887717252575e-13 -2.189028563476714452e-13 -2.739435527376054150e-14 2.653569934828877706e-14 -8.712773215561964617e-14 -3.295251229120283384e-13 -2.152204978840069169e-13
-3.888282840845345882e-13 -1.745207784795718404e-13 -1.908315612113236652e-13 -1.540368539636682135e-13 -2.946070716618594969e-13 -8.075310596755617593e-16 -4.874132486076939229e-14 -2.751665708964798362e-13 3.635975585747568698e-13 1.607386881927141638e-13 3.596164764373249370e-13
-2.875532748808906809e-13 1.896084914806566474e-14 -1.615542282722680959e-14 -8.309490090314867874e-14 -1.001346667999188459e-13 7.571567576773652979e-14 8.623358876605008955e-14 -1.524823562202539052e-13 -9.603913912123476671e-14 1.879068315842608305e-13 -2.208378165272012566e-13
-2.015395872155570601e-13 1.149156486081958091e-13 1.111471977723442450e-13 3.444013301925472922e-14 9.691149415393933604e-14 6.215202766037963452e-14 -9.945785804411211779e-15 -4.134623537605328585e-14 -1.601028026081834799e-14 -2.465134670476617287e-14 -2.126517864677086336e-14
-5.115204589200031932e-13 -6.394547300157620828e-13 -3.007703534584636485e-12 1.569140458105210389e-12 9.534424632578585882e-12 7.682476773142128467e-12 -1.417054526091819371e-11 3.944390765586500817e-12 1.186700928495330655e-10 -1.899352840377162536e-11 -1.542288233172477072e-11
-5.897355690127309560e-13 -1.178151715572206716e-12 -2.049917267050653208e-12 2.471330501616674442e-12 6.555536405820519081e-12 9.320188962116175573e-12 -1.725738514947343963e-11 6.858181148525058231e-12 1.108991975660690788e-10 -1.479083514549111324e-11 -1.020499347274102196e-11
-6.812210155851119412e-13 -1.838448768018820809e-12 -8.136600589808532065e-13 3.500513300797417339e-12 2.787898213695795036e-12 1.134467117964154209e-11 -2.071810487455799750e-11 9.729438251070318792e-12 9.722699913310728312e-11 -1.056172010580438736e-11 -2.798182751629660180e-12
-7.845323619899828112e-13 -2.581627370482731007e-12 5.745092128128984266e-13 4.599011051133538756e-12 -1.316342727642704511e-12 1.368466854412497561e-11 -2.420067029510513316e-11 1.230591843764627409e-11 7.972653219690881355e-11 -6.318489611256491315e-12 4.646853836758888105e-12
-8.960271629086535240e-13 -3.356708365353531185e-12 1.980905030398742744e-12 5.703697895101875873e-12 -5.438008254131588606e-12 1.615380914875541359e-11 -2.761492831393734424e-11 1.416423989662969236e-11 5.888452697442690074e-11 -2.147720298840367333e-12 1.065225152256377704e-11
-1.003295480588005087e-12 -4.087708392971426991e-12 3.209668017758226866e-12 6.693444721998073208e-12 -8.824469482439054121e-12 1.820909945661250092e-11 -2.988869263753573825e-11 1.577810280117645721e-11 3.720237255458595333e-11 2.842460774987507099e-12 1.379064988964153258e-11
-1.084406774088737142e-12 -4.635441516089548200e-12 3.980543439808253442e-12 7.313521990896296621e-12 -1.057487529712268332e-11 1.894735476127537926e-11 -2.974142127765287752e-11 1.517836357138196290e-11 1.833010433392159294e-11 7.143044241631164392e-12 1.313278716779146166e-11
-1.118245371487790273e-12 -4.871456628114060352e-12 3.993660773807726394e-12 7.288315447293188757e-12 -9.456070753689358559e-12 1.737242958394110659e-11 -2.472895074433899398e-11 1.121448707710866810e-11 5.540763701627795344e-12 8.309069000101184711e-12 1.164432174861588612e-11
-1.115054832920268237e-12 -4.828775816245197503e-12 3.416996206209305896e-12 6.699342233091619773e-12 -6.273719022475606624e-12 1.415712900621541221e-11 -1.679989690311416190e-11 3.897501173079088885e-12 -2.152832194834652372e-12 4.838601882205283018e-12 9.559583335477788420e-12
-1.092649265596238787e-12 -4.579225160006531193e-12 2.565372490965145036e-12 5.856273195005407807e-12 -2.701391366386763414e-12 1.060713950894563288e-11 -9.180792396015131184e-12 -1.471516641903352054e-12 -6.369494931999316152e-12 1.427574724128353629e-12 7.306969236689643181e-12
-1.058183634423645145e-12 -4.158530372024941395e-12 1.679535952097191048e-12 4.897178424461731038e-12 1.026634148463400548e-13 7.426825048628632833e-12 -3.720420391003533416e-12 -3.286634430618189548e-12 -6.836347330628875733e-12 5.602455623780038085e-13 5.364794422347517668e-12
-1.012418638224048460e-12 -3.623031751087592622e-12 9.155315615295316830e-13 3.882051499659061497e-12 1.690824884961721219e-12 4.843409347054496966e-12 -9.704128313240079469e-13 -3.503245064056033380e-12 -5.943946897778483438e-12 -4.875245928602810727e-13 3.509276047044202467e-12
-9.482556964898332032e-13 -2.992161526767057836e-12 3.204276559912349317e-13 2.823134662609343920e-12 2.216310426017357147e-12 2.833781655262847195e-12 -1.285738889899842893e-14 -2.759610453835523055e-12 -3.423731479905420176e-12 -9.929098988658739877e-13 1.967428198911438391e-12
-8.629148896273997860e-13 -2.299979859254423966e-12 -1.123966589149607012e-13 1.773224902554409253e-12 2.044902982727437273e-12 1.238280805331086866e-12 1.877275712373560418e-13 -1.225737200620871736e-12 -6.432481096526850261e-13 -9.307821999709180744e-13 1.399878450701182792e-12
-7.592670512415053733e-13 -1.620801585715791238e-12 -3.515232860547571222e-13 8.704510731306358397e-13 1.371878457245713133e-12 1.915768321664169529e-13 1.819754828125132939e-14 1.521591398944221969e-13 1.134090603684319206e-12 -5.978773545060882559e-13 -8.687777237090110635e-14
-6.434142540908485902e-13 -1.020139446294826218e-12 -4.126122151636327053e-13 2.281002086735573808e-13 5.174878271775169206e-13 -2.512491211498715967e-13 -1.688752729347568309e-14 3.802823018518787037e-13 4.638212847252721860e-13 -6.299098056291052046e-13 -9.846348670144583481e-13
-5.227743596241550351e-13 -5.381871191136144454e-13 -3.412633630104971850e-13 -9.876669697376059291e-14 -1.294103823686228570e-13 -2.449667832056214494e-13 -3.756579457354354677e-14 1.999247340536759400e-14 -8.452583208381486818e-14 -3.279792281896533138e-13 -2.497271262929356460e-13
-4.065356250906184351e-13 -1.948137912589934711e-13 -1.873610863570170041e-13 -1.703925805160705918e-13 -2.970067545149744876e-13 -7.149470646689408417e-15 -6.804569959524512725e-14 -3.086239239574564683e-13 3.906704901370601930e-13 1.816335301837085772e-13 3.647934346870293161e-13
-3.015661688445380058e-13 1.167325726421003034e-14 -1.263237066725599751e-14 -1.012222780288779417e-13 -9.808231235636625783e-14 8.658334641934819474e-14 8.418928592571470535e-14 -1.806796982313191195e-13 -9.412524468562211996e-14 1.989807541896180080e-13 -2.377257501849017847e-13
-2.120316002388087149e-13 1.156874136291468287e-13 1.169739582073864703e-13 2.115167408080540023e-14 1.053523441270344443e-13 8.031456887407562779e-14 -3.617647989184191894e-15 -4.072348686804026201e-14 -2.372225009098967260e-14 -2.862257508072014703e-14 -2.841238272620286291e-14
-5.191426638726492462e-13 -6.108477178615624455e-13 -3.148646027268866801e-12 1.506746350621399977e-12 1.002880295678242899e-11 7.724941884545101107e-12 -1.414834208814648271e-11 2.905569390036610496e-12 1.220548503641721352e-10 -2.085038339438472258e-11 -1.744913614933707846e-11
-5.987316726181536937e-13 -1.156058232190592418e-12 -2.183710570243106562e-12 2.427762343102802748e-12 7.018125318141002036e-12 9.380406105830814902e-12 -1.733851629845416241e-11 5.948228670035030563e-12 1.146684937486662371e-10 -1.655721578393311278e-11 -1.218013052218340520e-11
-6.920887058884451227e-13 -1.829600478771555116e-12 -9.230741533344539027e-13 3.487096357147999139e-12 3.159731624177614891e-12 1.144848056910631636e-11 -2.095408315999355603e-11 9.034178569016213585e-12 1.011453181943352083e-10 -1.214889674306195577e-11 -4.443983651057405313e-12
-7.982327642481005207e-13 -2.593896345441363617e-12 5.081471742579561802e-13 4.626406946424440444e-12 -1.096698153272358315e-12 1.386980348534057688e-11 -2.464912275269229463e-11 1.185370768246922955e-11 8.353527287167113016e-11 -7.713350629781838631e-12 3.577036221886972928e-12
-9.141606639944178899e-13 -3.399788100393322473e-12 1.978365996912261893e-12 5.785647664932268403e-12 -5.439403676005976961e-12 1.647925891729602952e-11 -2.836410034640005472e-11 1.396780287048478491e-11 6.228580366921409852e-11 -3.356153043445796991e-12 1.024984684720083433e-11
-1.027688204438902196e-12 -4.171796270420858109e-12 3.291482093450482084e-12 6.846019729987285763e-12 -9.115121423147178894e-12 1.874717439837524329e-11 -3.104420965701828707e-11 1.587024528042019412e-11 3.981769566107547400e-11 1.868412996378742045e-12 1.391267571802860541e-11
-1.116101450474367976e-12 -4.767317768066367991e-12 4.156994107926450934e-12 7.552583196841899490e-12 -1.119573853456412929e-11 1.973998098190743049e-11 -3.137725863738801432e-11 1.567925060090081080e-11 1.989973982014321679e-11 6.664374234206144009e-12 1.345817547220959398e-11
-1.154879925882146905e-12 -5.039682337805638314e-12 4.230196519555200649e-12 7.584966149377598631e-12 -1.025269784592877868e-11 1.828849560766377643e-11 -2.653718575871081801e-11 1.191385947476103849e-11 6.272444062077485798e-12 8.261679556352827212e-12 1.200153597157051349e-11
-1.153381990982331843e-12 -5.015598595805418564e-12 3.661775172782459454e-12 7.000908627768476088e-12 -6.996785925643005484e-12 1.500184443037544366e-11 -1.829269850352748197e-11 4.284084907020735494e-12 -1.912414776918001878e-12 4.721490994300263199e-12 9.866155048488677213e-12
-1.131241222659652839e-12 -4.774637517479699704e-12 2.787919083848782748e-12 6.140081933671292887e-12 -3.223659751701989012e-12 1.129268128373745856e-11 -1.014894385811794848e-11 -1.531998640115202548e-12 -6.499469767821307645e-12 1.086793222927732731e-12 7.511093678546472816e-12
-1.096595373234660811e-12 -4.352139501348592565e-12 1.864078838537191193e-12 5.151236746793570380e-12 -1.980831250598254810e-13 7.935156087216788837e-12 -4.192882920564591190e-12 -3.593164669497565769e-12 -7.109331380786670764e-12 1.657610624605935073e-13 5.466853617506802211e-12
-1.050855954607954714e-12 -3.807814115624739851e-12 1.060847668137635058e-12 4.102567481912829676e-12 1.563760334426250144e-12 5.200027684057429271e-12 -1.093465759504429997e-12 -3.795892270781849411e-12 -6.230715972777833841e-12 -7.689396059771370549e-13 3.554417910765216585e-12
-9.865567845474060183e-13 -3.161783219426279447e-12 4.321069979684036204e-13 3.003298056322329659e-12 2.194651533756172291e-12 3.067716573076960799e-12 3.770324283818580566e-14 -3.015937129399868319e-12 -3.606224866216225563e-12 -1.225350829823216739e-12 1.992282184136262889e-12
-9.003176338165002038e-13 -2.445941372480517272e-12 -3.313404235602138108e-14 1.903527644278546319e-12 2.082577904868844253e-12 1.360832611077473774e-12 2.924531528132217063e-13 -1.419327789421180597e-12 -6.753020172474741926e-13 -1.118520498546836171e-12 1.471031521334845823e-12
-7.947013237909088202e-13 -1.736272852855181765e-12 -3.009125672340865100e-13 9.462600816275791672e-13 1.425802901175431831e-12 2.219110522286524799e-13 9.524113471809472170e-14 6.968645998642536748e-14 1.198438001068789394e-12 -6.935991940212539820e-13 -5.956317466311502262e-14
-6.757397908456210315e-13 -1.102633167282132995e-12 -3.849578122667338121e-13 2.553714209415085682e-13 5.566097788561091797e-13 -2.745739123909467043e-13 1.297262236573796767e-14 3.842455251819093509e-13 5.300710016917886778e-13 -6.469193714041724455e-13 -1.030891328014929364e-12
-5.509871727913998379e-13 -5.898770258973387015e-13 -3.293668369632501858e-13 -1.052334712163349016e-13 -1.183558238185288795e-13 -2.795385998572829080e-13 -5.105743527747030617e-14 1.131338174076342618e-14 -8.107460938909621186e-14 -3.259287159719680583e-13 -2.954975445333348892e-13
-4.300230658712141382e-13 -2.217309292943967389e-13 -1.827577651308195812e-13 -1.920872078105075985e-13 -3.001897509551535548e-13 -1.556157123192487891e-14 -9.365148460755584995e-14 -3.530025581591066729e-13 4.265806746127836203e-13 2.093489489195686940e-13 3.716602756579412574e-13
-3.201532066997718214e-13 2.006820794184126518e-15 -7.959309868400926464e-15 -1.252668651742250257e-13 -9.536002013026824243e-14 1.009984850040742711e-13 8.147767355684126788e-14 -2.180813279329055538e-13 -9.158660913612441394e-14 2.136694701619325646e-13 -2.601263096463989115e-13
-2.259484573844608718e-13 1.167111010921566867e-13 1.247027126825501526e-13 3.525543781671011912e-15 1.165484896030890657e-13 1.044057985349944528e-13 4.776145609392259307e-15 -3.989745827580986983e-14 -3.395159158932616967e-14 -3.389010749538578615e-14 -3.789260539949530048e-14
-4.956890340521572525e-13 -6.969733082805755269e-13 -2.715510770473292923e-12 1.686485746245491406e-12 8.530020469782719754e-12 7.592296904058089216e-12 -1.416781420264064121e-11 5.882676608892023350e-12 1.115432829010317157e-10 -1.540049450078720868e-11 -1.155775114050841828e-11
-5.710520124381553505e-13 -1.221068450747142487e-12 -1.775174372909057754e-12 2.546765502369083129e-12 5.629494586997879053e-12 9.190546483802384970e-12 -1.703156709162713389e-11 8.490157224245393841e-12 1.030201285715583640e-10 -1.144149083182491054e-11 -6.547004131535926645e-12
-6.585778830544234160e-13 -1.852833498961644270e-12 -5.924544236388936837e-13 3.512576988804942283e-12 2.060149308766534309e-12 1.111896757882263793e-11 -2.016984787464191815e-11 1.091824485322573065e-11 8.912565030286570884e-11 -7.587110724424587624e-12 1.146380372839468079e-13
-7.558627804286370787e-13 -2.551200100841653377e-12 7.036825881054610348e-13 4.526447433271235512e-12 -1.721386758671481926e-12 1.328313327793392243e-11 -2.321248628213196543e-11 1.301475959158302039e-11 7.193883400550122749e-11 -3.719901295673384021e-12 6.363651285670733077e-12
-8.579819554072726569e-13 -3.261561405823539010e-12 1.975605834684693532e-12 5.518524335406829028e-12 -5.381684025345574539e-12 1.545175373364498979e-11 -2.600608635769451506e-11 1.437775868549217453e-11 5.204985445196727030e-11 9.553649454395365018e-14 1.107583112377556783e-11
-9.522387926501800719e-13 -3.907352761861976253e-12 3.029335040546232816e-12 6.362495174554768059e-12 -8.172119431225248794e-12 1.706219619781213471e-11 -2.744836300046058905e-11 1.541404873485788154e-11 3.208714789600888651e-11 4.597128261038974500e-12 1.326732980107766736e-11
-1.018776563360094628e-12 -4.358555741722360726e-12 3.610973941919871342e-12 6.808174280804736418e-12 -9.268416050096779267e-12 1.729552560980323389e-11 -2.636441971108818676e-11 1.398897897047167026e-11 1.538613826999239632e-11 7.836412186466739312e-12 1.234380157469291977e-11
-1.043982842124944704e-12 -4.527527830173764873e-12 3.520023046425577609e-12 6.685518965854125476e-12 -7.881618115912620268e-12 1.554514062773543064e-11 -2.118679929812784849e-11 9.793148751010111337e-12 4.173121996491916760e-12 8.272406073436366558e-12 1.084633664507768899e-11
-1.038013160996470540e-12 -4.450869791406819144e-12 2.937420855462854553e-12 6.098428185158801450e-12 -4.903193722171820171e-12 1.251442966475030106e-11 -1.400207275898580466e-11 3.241684843777211077e-12 -2.560883478666554680e-12 5.087841196629288828e-12 8.915242501152553516e-12
-1.015390705241356420e-12 -4.186871042751369956e-12 2.137303185222527025e-12 5.295913139679850724e-12 -1.757255242645658556e-12 9.301293724423856558e-12 -7.466591910174129159e-12 -1.226015009238902846e-12 -6.051865892907109411e-12 2.131695287728046990e-12 6.883878833145292400e-12
-9.811310701855476099e-13 -3.771889924989666657e-12 1.328943220925707387e-12 4.397311595133629900e-12 6.142212746985223642e-13 6.468339297875974551e-12 -2.953429436580540631e-12 -2.639180613823817771e-12 -6.277550373832892038e-12 1.300255510872630379e-12 5.144490122131025116e-12
-9.351870055923529066e-13 -3.255757357115579223e-12 6.432770476303756133e-13 3.449686360266926917e-12 1.875838547492238580e-12 4.176150331676906098e-12 -8.367667261102972183e-13 -2.912284703239448167e-12 -5.368036353785927034e-12 4.327783369339596094e-14 3.387929948423935434e-12
-8.713414113393144508e-13 -2.657346171979772535e-12 1.149873355597061818e-13 2.473509026518184064e-12 2.209980579664328665e-12 2.403452448628795889e-12 -1.649621586844028357e-13 -2.232577555456077226e-12 -3.060813228744691470e-12 -5.292350685278525842e-13 1.874721173050286611e-12
-7.879746917235647234e-13 -2.015009794629014298e-12 -2.524101840664755531e-13 1.524907581418865842e-12 1.935637383207489722e-12 1.024308670707582437e-12 -2.516740740236493058e-14 -8.344320136101291515e-13 -5.648077941210172954e-13 -5.561789710725054288e-13 1.222130976876020306e-12
-6.885870107905060453e-13 -1.398797328994669372e-12 -4.348424786355330667e-13 7.316086066309598414e-13 1.243690763573384137e-12 1.512865958101313901e-13 -1.153207338031734123e-13 3.023242783784086426e-13 1.001595359970669945e-12 -4.204221300510412924e-13 -1.567220805179694447e-13
-5.793061053916909173e-13 -8.644310553173976690e-13 -4.514200995328661737e-13 1.833331858876990306e-13 4.288106846795034989e-13 -1.985932957047458243e-13 -5.099243402337443717e-14 3.695859481669847545e-13 3.419371825843145686e-13 -5.972444991219873216e-13 -8.823800931826545449e-13
-4.672021217740422443e-13 -4.429521184834253028e-13 -3.515728072568459074e-13 -8.106906766896241536e-14 -1.553083523055201896e-13 -1.838312895452784788e-13 2.490303355910333301e-15 4.014245699148220737e-14 -1.068794045366836457e-13 -3.371497784318306983e-13 -1.566463704935566477e-13
-3.606285645155184864e-13 -1.469108952185527387e-13 -1.869279198318457410e-13 -1.272934190882880023e-13 -2.927916704884119049e-13 -2.943567683177379721e-15 -1.931719455670699816e-14 -2.181328534270309164e-13 2.980010528527659389e-13 1.153175323166322807e-13 3.559019931078712802e-13
-2.655390938301164907e-13 2.719588369125507276e-14 -1.587401616773787571e-14 -5.654121895305047577e-14 -1.042037453124234277e-13 5.130821706694018393e-14 8.571736108048883027e-14 -1.071268629773535170e-13 -9.786288060865371998e-14 1.538266010888270624e-13 -1.945346177806172463e-13
-1.853114826219032210e-13 1.115855385287307302e-13 1.051467271506767254e-13 5.208585304167287495e-14 8.331832885808169828e-14 3.210358770289150764e-14 -2.027692105691495941e-14 -3.708888371933786350e-14 -3.772392370992452610e-15 -2.330520100701707231e-14 -9.053515529388924337e-15
-5.028543665294548710e-13 -6.683762809293120119e-13 -2.848286352549210792e-12 1.616456500299850912e-12 9.015149554062191652e-12 7.630596632321000674e-12 -1.410176251952619422e-11 4.701873708425812527e-12 1.146321890591035277e-10 -1.739107000834865126e-11 -1.378436637955651722e-11
-5.795131463856368604e-13 -1.197605610917727964e-12 -1.903550914455327361e-12 2.491671611244620686e-12 6.096270806618806326e-12 9.243338717690094403e-12 -1.705426198169847710e-11 7.391467568025288625e-12 1.065097807005774320e-10 -1.340278958832158932e-11 -8.823851505375696821e-12
-6.687353938774857814e-13 -1.840881067151081422e-12 -7.005459544972144470e-13 3.485030900452058909e-12 2.450829950725180862e-12 1.120777371205291831e-11 -2.033708097385073934e-11 1.002160915126460695e-11 9.283467801710728743e-11 -9.385506317421943913e-12 -1.913797838311337910e-12
-7.685544272904604116e-13 -2.558222478716613968e-12 6.336499331618036129e-13 4.537385637262537592e-12 -1.467495376479852887e-12 1.344207700123373453e-11 -2.358081654636280174e-11 1.236895434477052924e-11 7.562488687687166163e-11 -5.317006570681591149e-12 4.872830109563129983e-12
-8.746847026989238847e-13 -3.296868738528709300e-12 1.963757267886133386e-12 5.581431258596871842e-12 -5.333307465742132159e-12 1.573427109690606056e-11 -2.666078604587992129e-11 1.400639241646709343e-11 5.545077463527871134e-11 -1.295726693326157463e-12 1.029476168541429177e-11
-9.748007783963186652e-13 -3.981133013842799026e-12 3.096762984374839683e-12 6.492710190512600894e-12 -8.399673902137738961e-12 1.754084371116554313e-11 -2.849618376149821845e-11 1.533686517859043511e-11 3.483512005951249135e-11 3.429275083427657463e-12 1.311212742298422539e-11
-1.048706007191796623e-12 -4.479548197367593427e-12 3.773579693848410044e-12 7.023988878654471829e-12 -9.833401773609441433e-12 1.803310293452452759e-11 -2.791558873199293751e-11 1.431439227239074767e-11 1.715878822232101364e-11 7.100627718810112668e-12 1.252962683524276223e-11
-1.080065687644816380e-12 -4.690451034466011640e-12 3.758211442387785622e-12 6.975721793904976521e-12 -8.701336910143273975e-12 1.647343655407603966e-11 -2.307845016469972141e-11 1.046786668804359540e-11 5.009529172866094840e-12 8.087286845377548902e-12 1.112165691444856522e-11
-1.076443191885550481e-12 -4.635911080804629683e-12 3.194546740245172224e-12 6.405643461916418965e-12 -5.705977033042398999e-12 1.341340142085170235e-11 -1.569059860718973696e-11 3.742887700799549532e-12 -2.249244189327618617e-12 4.980500178385312320e-12 9.193323647287245364e-12
-1.054400259301842053e-12 -4.383124415683685427e-12 2.378742159900310736e-12 5.590074375729017064e-12 -2.382243425697472910e-12 1.005796494655320959e-11 -8.661617135605067315e-12 -1.164632454185741762e-12 -6.126540831651782525e-12 1.811093092352682403e-12 7.075800396996757238e-12
-1.019832182808029575e-12 -3.968406047009702698e-12 1.533510582899350813e-12 4.662588026131786943e-12 2.222096050206224987e-13 7.039942912330780632e-12 -3.607100169510600797e-12 -2.908819479047957586e-12 -6.541612455538223236e-12 8.604325413454259999e-13 5.232975823459126295e-12
-9.737907237990376007e-13 -3.444987615608970934e-12 8.081378384699094473e-13 3.681349685640134154e-12 1.678846239570820723e-12 4.582771505371924082e-12 -1.076083924740781507e-12 -3.202763370952788537e-12 -5.656952493986904920e-12 -2.743829161587837842e-13 3.404430313018773958e-12
-9.098268839929236296e-13 -2.833141659838838733e-12 2.451490394484175919e-13 2.666082868572478605e-12 2.139122573185899363e-12 2.677040575613490133e-12 -1.679214194151122990e-13 -2.475556107569379713e-12 -3.247720301481598809e-12 -7.638504892746668301e-13 1.860683248421956649e-12
-8.257068832302468994e-13 -2.169242073892791831e-12 -1.545302328182132533e-13 1.668529695171079313e-12 1.940082016936106920e-12 1.178958859132259755e-12 7.344213344463467287e-14 -1.022769254652397045e-12 -5.848918366007255234e-13 -7.435860795805875863e-13 1.259574454748910537e-12
-7.246211313739895906e-13 -1.524092473786993791e-12 -3.665045057122668470e-13 8.206299398927482320e-13 1.277870087687694204e-12 2.027905402731015410e-13 -1.955760871624591403e-14 2.066754098695526882e-13 1.068014438488998978e-12 -5.285622273272857735e-13 -1.427056221830100733e-13
-6.125265946316431341e-13 -9.567886380288895361e-13 -4.075176487376799971e-13 2.205144198693013721e-13 4.575654000146449018e-13 -2.153235140052088764e-13 3.103419185691373078e-15 3.715900989596194331e-13 4.193670176884123405e-13 -6.144722140522236761e-13 -9.217148656453723509e-13
-4.965580473827512077e-13 -5.031611346787905590e-13 -3.263704949293025075e-13 -8.269460139185588570e-14 -1.482678656667936873e-13 -2.255721206055448922e-13 2.445957935022538138e-15 3.513616210711431585e-14 -1.158096624643339908e-13 -3.380553338505192342e-13 -2.016584728999858789e-13
-3.854098727714565823e-13 -1.799511282216452812e-13 -1.727134446832986328e-13 -1.492647523132238386e-13 -2.985070839503701248e-13 -2.356157875075665407e-14 -4.715803780898763528e-14 -2.599644268009017583e-13 3.155040808444817748e-13 1.335554750106780479e-13 3.685138510461059099e-13
-2.854445101014511493e-13 1.365495610321204718e-14 -4.974546607570605185e-15 -8.398645104426596930e-14 -1.024704392046146099e-13 5.914829307677891406e-14 7.896881388111162088e-14 -1.449525806611775637e-13 -9.447631241783576623e-14 1.551553500394865741e-13 -2.171846176330229960e-13
-2.004639202750430185e-13 1.105791414942568407e-13 1.167064124383521369e-13 3.014648268866137585e-14 9.475649808817820711e-14 5.602767604379160396e-14 -1.207333926778496141e-14 -3.039084835544749229e-14 -1.351988244597030548e-14 -3.276541650927490004e-14 -1.690407935083939067e-14
-5.093520028825616532e-13 -6.424424283577915911e-13 -2.968681626436941524e-12 1.552927722676702324e-12 9.455101280423975848e-12 7.665331871672638810e-12 -1.404177342358027798e-11 3.630631778012700908e-12 1.174329390980039701e-10 -1.919669585375685685e-11 -1.580433527696426212e-11
-5.871859454529326670e-13 -1.176325683109970767e-12 -2.019958331079536427e-12 2.441674448291936436e-12 6.519607930591560337e-12 9.291218668034025404e-12 -1.707471132244348241e-11 6.394480344787334600e-12 1.096738805197954485e-10 -1.518213744280090568e-11 -1.088977356525644569e-11
-6.779465136432512121e-13 -1.830037149990407972e-12 -7.985615327192969887e-13 3.460007551828015956e-12 2.805188473931410294e-12 1.128830794764711344e-11 -2.048858280026485403e-11 9.207737266672447782e-12 9.619779167456581455e-11 -1.101729511850826992e-11 -3.754780231192754713e-12
-7.800634067604736917e-13 -2.564583612732762110e-12 5.701424002831048912e-13 4.547259956038392344e-12 -1.237160430277999972e-12 1.358620316803895023e-11 -2.391468255375026069e-11 1.178255617045435662e-11 7.896735156679186099e-11 -6.766276795301692369e-12 3.519201663900711561e-12
-8.898306903336130588e-13 -3.328877497723836869e-12 1.953006949122442787e-12 5.638434238350259941e-12 -5.289324930132981180e-12 1.599044329715896918e-11 -2.725434608795856810e-11 1.366895148743774889e-11 5.853483523061926962e-11 -2.558249864553598909e-12 9.584761924866275375e-12
-9.952594939820553150e-13 -4.048028106112883086e-12 3.157895896172443212e-12 6.610754520959317689e-12 -8.605906207368395910e-12 1.797483610355134844e-11 -2.944624532326333652e-11 1.526634670999269439e-11 3.732745459584744940e-11 2.369523656315659153e-12 1.296999366536870664e-11
-1.075845139698575513e-12 -4.589253229606121215e-12 3.921015105843350650e-12 7.219650267596112724e-12 -1.034560310243316958e-11 1.870185916201997429e-11 -2.932205971449681703e-11 1.460893158404474798e-11 1.876698828972617124e-11 6.432584507710164034e-12 1.269718161952559709e-11
-1.112787033774445420e-12 -4.838188150015392253e-12 3.974211031371851091e-12 7.238857209627937351e-12 -9.444649272138391021e-12 1.731523140919483137e-11 -2.479391607658419829e-11 1.107922469460116704e-11 5.768696409541947801e-12 7.918463513383475519e-12 1.137081923381248232e-11
-1.111298267728245273e-12 -4.803730936198214318e-12 3.427783259631356645e-12 6.684284631507184828e-12 -6.434267135261558558e-12 1.422887765722919233e-11 -1.722256503412472602e-11 4.197666283249231623e-12 -1.966420567616486438e-12 4.882963336221634706e-12 9.445286820439075766e-12
-1.089782366074482472e-12 -4.561118729618807235e-12 2.597774876786720355e-12 5.856899268690010015e-12 -2.949421237808282778e-12 1.074447805243243603e-11 -9.746277584012544103e-12 -1.108439414236482665e-12 -6.194073588073901515e-12 1.520493356244552680e-12 7.249758293276568774e-12
-1.054935418113357621e-12 -4.146648693244818181e-12 1.719117866028221800e-12 4.903231919571324510e-12 -1.337065744751037017e-13 7.558642606790483247e-12 -4.200791311320564712e-12 -3.152886741061567938e-12 -6.781063670274472951e-12 4.616858450181386100e-13 5.313192628168914591e-12
-1.008805008752622387e-12 -3.616626593708828339e-12 9.577321741022105990e-13 3.891504573483090448e-12 1.499849903582668128e-12 4.951802976587525258e-12 -1.293840875960875465e-12 -3.466179284088846571e-12 -5.919023723823103829e-12 -5.627237440495652861e-13 3.419343865048987003e-12
-9.447329449363488941e-13 -2.992595863340344039e-12 3.632610537548226200e-13 2.840778814829566443e-12 2.074631491123026109e-12 2.925342607651922730e-12 -1.710180388217875551e-13 -2.695786981346307816e-12 -3.417249638477060244e-12 -9.766080797521434459e-13 1.847961444737458124e-12
-8.599298072317533670e-13 -2.309145398674581888e-12 -6.569768773852673919e-14 1.798832633193874060e-12 1.943947083763162657e-12 1.319362246337217823e-12 1.626677396033693505e-13 -1.193428727965991155e-12 -6.031119775494928984e-13 -9.134229597570329936e-13 1.293405422287766884e-12
-7.573041777233334365e-13 -1.637756437118398162e-12 -3.044667015514577431e-13 9.014136540858232744e-13 1.308761837975584443e-12 2.496274029972194098e-13 6.726555811668823407e-14 1.199794465980641753e-13 1.128496619545007563e-12 -6.265774813390643924e-13 -1.299965889676703883e-13
-6.426584888871891022e-13 -1.040584437946400591e-12 -3.676425478715188754e-13 2.542788545183968463e-13 4.835739830480374129e-13 -2.304229955714097573e-13 5.220453745724125375e-14 3.734355020510783893e-13 4.896385512240590763e-13 -6.300343472436365715e-13 -9.574548344144041585e-13
-5.231857926716327572e-13 -5.577998321351438497e-13 -3.034590938653370516e-13 -8.413740009594971638e-14 -1.419198830087653349e-13 -2.634083855090635210e-13 2.487435391040847620e-15 3.067141867014881898e-14 -1.238375935592254176e-13 -3.387796108340795265e-13 -2.424952264472620355e-13
-4.078892612393404161e-13 -2.099432603973850139e-13 -1.597757868100038321e-13 -1.691792115607987326e-13 -3.037170139650720030e-13 -4.229610369808321754e-14 -7.239234840893718951e-14 -2.978327862348106406e-13 3.313234918913477750e-13 1.501212962873831278e-13 3.799657939413358431e-13
-3.035020563988479249e-13 1.355723321523776408e-15 4.946054777411003378e-15 -1.088801106543268922e-13 -1.009221054881328469e-13 6.621952109558171813e-14 7.281437694259764191e-14 -1.792080895794812774e-13 -9.145862113896873921e-14 1.563975666315111664e-13 -2.376789281404136002e-13
-2.142106234709290822e-13 1.096564196947767760e-13 1.272148425224933942e-13 1.023540472562501663e-14 1.051208220298762464e-13 7.770500439065612035e-14 -4.648565671610821341e-15 -2.428153485813949982e-14 -2.228339825818269273e-14 -4.132340868053509947e-14 -2.395770211251871453e-14
-5.154950408530720716e-13 -6.179238714658576777e-13 -3.082506525255906955e-12 1.492865919473987757e-12 9.871043363428030242e-12 7.698171482203513822e-12 -1.398505811131698946e-11 2.617851077353475874e-12 1.200808427148675495e-10 -2.090378266237757640e-11 -1.771406773031998400e-11
-5.944400134844914896e-13 -1.156207070032637751e-12 -2.130013004665885359e-12 2.394405793182426759e-12 6.919842129745589036e-12 9.336485636577967701e-12 -1.709404464917856723e-11 5.451902020146339820e-12 1.126653047217937963e-10 -1.686438034462263523e-11 -1.284295137225990071e-11
-6.866549509611703789e-13 -1.819785018771580625e-12 -8.912280735201379672e-13 3.436349805383977122e-12 3.140208469603231279e-12 1.136444714550693271e-11 -2.063181663740736517e-11 8.438281062807664007e-12 9.937736888746733488e-11 -1.256003176222340175e-11 -5.495294088616205960e-12
-7.909443017826926816e-13 -2.570597594719181025e-12 5.101006839522511410e-13 4.556595393568963120e-12 -1.019395626359249776e-12 1.372246387042773684e-11 -2.423032834671871069e-11 1.122815967584380289e-11 8.212740672080910867e-11 -8.136455514695011887e-12 2.239445215287960735e-12
-9.041501097213781476e-13 -3.359139427519315309e-12 1.942843308147386242e-12 5.692326367425065033e-12 -5.247742659730194539e-12 1.623263530457175727e-11 -2.781551354316996051e-11 1.334992581040465604e-11 6.145058829173209594e-11 -3.751872944669003042e-12 8.913509194033431126e-12
-1.014601707923244323e-12 -4.111272504649063154e-12 3.215692576901778575e-12 6.722356769707594034e-12 -8.800883716507635622e-12 1.838514406053200008e-11 -3.034445882086800005e-11 1.519967664470225613e-11 3.968377409007044294e-11 1.367606384893818443e-12 1.283561659607945374e-11
-1.101503197861577902e-12 -4.692971286441741436e-12 4.060404471037539207e-12 7.404633752795023366e-12 -1.082985188488789956e-11 1.933411910930931912e-11 -3.065177485221950727e-11 1.488739688229263145e-11 2.028742350313269858e-11 5.800998625533159137e-12 1.285559235982252733e-11
-1.143722665539279897e-12 -4.977862752479467351e-12 4.178422798251140945e-12 7.487632439448241641e-12 -1.014739659123403890e-11 1.811108669263043127e-11 -2.641576326935378993e-11 1.165721884250117035e-11 6.486433358091716803e-12 7.758853417466829570e-12 1.160638391790841573e-11
-1.144251184497058086e-12 -4.962392296711437186e-12 3.648291281294791073e-12 6.947719415696010074e-12 -7.122812014871637857e-12 1.499985062201354851e-11 -1.867092693296688640e-11 4.627626079789898287e-12 -1.699031568418387794e-12 4.790749396033203689e-12 9.683499510179126089e-12
-1.123233551978349737e-12 -4.729399294997287610e-12 2.804854246001002739e-12 6.109162631075842025e-12 -3.485646266562480342e-12 1.139352583923297796e-11 -1.077174449160880610e-11 -1.055313012096751265e-12 -6.257920847696917272e-12 1.245752612870104670e-12 7.414222717317177818e-12
-1.088122951548580151e-12 -4.315164039244855784e-12 1.894595939956043937e-12 5.130743068137960221e-12 -4.701992250601597319e-13 8.049035123155599093e-12 -4.762082749098186747e-12 -3.383634434216951177e-12 -7.007447225500415198e-12 8.470008246421014030e-14 5.389031727036931749e-12
-1.041908446217728023e-12 -3.778898656500544662e-12 1.099162647993633084e-12 4.090190604390052595e-12 1.330621989820774535e-12 5.300695166268192054e-12 -1.499714106426337727e-12 -3.715219709122864535e-12 -6.166792846147371409e-12 -8.353288535534736809e-13 3.433443529843268880e-12
-9.777340646261985342e-13 -3.143348116136122850e-12 4.749273021668720467e-13 3.005941018075229026e-12 2.013659898154689368e-12 3.160093968017398874e-12 -1.739456665933575361e-13 -2.903999119252016885e-12 -3.577527190599481698e-12 -1.177754779198381891e-12 1.835933909544426389e-12
-8.922850711598368385e-13 -2.441413730266403217e-12 1.828697011385597242e-14 1.922024503895509449e-12 1.947601217617075175e-12 1.452103352143244513e-12 2.470240065787874126e-13 -1.354774743790010827e-12 -6.203377839187207255e-13 -1.073991274582573361e-12 1.325390119138483818e-12
-7.882036003967317272e-13 -1.745217377511528153e-12 -2.458145061163806607e-13 9.777887310662121117e-13 1.337967720385473496e-12 2.939082223516473185e-13 1.493504956182493581e-13 3.801477060212962125e-14 1.185678085824501401e-12 -7.192437156024327691e-13 -1.179811297718717045e-13
-6.711459844940728381e-13 -1.119807220861303855e-12 -3.299435631925373207e-13 2.862006514065054240e-13 5.081631902297033419e-13 -2.446984476041645259e-13 9.862604436811903605e-14 3.751801949160924064e-13 5.560751328204942855e-13 -6.447472019182466367e-13 -9.912443529217323942e-13
-5.483603725566495439e-13 -6.094567133814457920e-13 -2.817980435566728886e-13 -8.550146024322537212e-14 -1.359183308169094928e-13 -2.991797990753365048e-13 2.526649525080073556e-15 2.645033143073434327e-14 -1.314274132227416105e-13 -3.394643607322161202e-13 -2.811033820294583566e-13
-4.291418741071644497e-13 -2.382986219209549383e-13 -1.475441795809720314e-13 -1.880068722169178732e-13 -3.086426204120660436e-13 -6.000822333039457332e-14 -9.624953855764148372e-14 -3.336345425983493717e-13 3.462795842609830956e-13 1.657830655322708814e-13 3.907927656161946715e-13
-3.205741418884217871e-13 -1.027229947281795728e-14 1.432525605214326675e-14 -1.324152402858911982e-13 -9.945826942202809094e-14 7.290484843925493829e-14 6.699580790925143794e-14 -2.115941609831120525e-13 -8.860561532701934858e-14 1.575719912749380995e-13 -2.570547954288891102e-13
-2.272071230394314761e-13 1.087840536983524581e-13 1.371497925155773373e-13 -8.589059528517523744e-15 1.149195301433198710e-13 9.819932861704761391e-14 2.371013279689098130e-15 -1.850562674694848871e-14 -3.056865967081872331e-14 -4.941436255522644300e-14 -3.062638503238506137e-14
-5.217157122018722440e-13 -5.930954618514249413e-13 -3.197769891453595314e-12 1.432045086533166151e-12 1.029224193179148733e-11 7.731426113671013989e-12 -1.392762607686842435e-11 1.592271353279616650e-12 1.227622093982206443e-10 -2.263244282612103416e-11 -1.964793447073808965e-11
-6.017857556510129693e-13 -1.135834209271568824e-12 -2.241458498133899083e-12 2.346539783052362629e-12 7.325134301848077764e-12 9.382324679053287818e-12 -1.711362232324243433e-11 4.497411858911345356e-12 1.156945332256444953e-10 -1.856788263111486012e-11 -1.482081250133165170e-11
-6.954734421414903827e-13 -1.809403328500502584e-12 -9.850656898779644227e-13 3.412393088384802878e-12 3.479462288134497519e-12 1.144154856806479116e-11 -2.077686062052657609e-11 7.659100858920838000e-12 1.025971281704528400e-10 -1.412226477314669374e-11 -7.257803715798976577e-12
-8.019627052602126578e-13 -2.576687581808918444e-12 4.493001904530322838e-13 4.566048813716247152e-12 -7.988788187352378245e-13 1.386044658674821806e-11 -2.454996314825961354e-11 1.066675700423179862e-11 8.532739721235584329e-11 -9.523949892995485027e-12 9.435158343588313261e-13
-9.186504921001022490e-13 -3.389783797142236279e-12 1.932551226577290631e-12 5.746899566257056188e-12 -5.205634899760346536e-12 1.647788803715972530e-11 -2.838377279426288200e-11 1.302686846033125737e-11 6.440318929331163198e-11 -4.960580454080015572e-12 8.233773511101948817e-12
-1.034188360618703836e-12 -4.175316160292060096e-12 3.274219667982242063e-12 6.835369401805760966e-12 -8.998325267444162101e-12 1.880063731260158147e-11 -3.125402354058581198e-11 1.513216405552807139e-11 4.206987164867537859e-11 3.530273749920208782e-13 1.269954135190511549e-11
-1.127485511440635999e-12 -4.798000087429175894e-12 4.201555376102128782e-12 7.591954978389218899e-12 -1.132022038058017315e-11 1.997436927356797853e-11 -3.199829431904517467e-11 1.516938130808983535e-11 2.182707325912177547e-11 5.161431077547639915e-12 1.301600503418176533e-11
-1.175049248167789589e-12 -5.119302500695177891e-12 4.385215298947332176e-12 7.739551578625900348e-12 -1.085902490027043748e-11 1.891699962925247743e-11 -2.805810660768219471e-11 1.224251741276609845e-11 7.213240723424270292e-12 7.597226257364881533e-12 1.184492556821832458e-11
-1.177620545591046454e-12 -5.123058748313562775e-12 3.871585980179761137e-12 7.214483368815246594e-12 -7.820058397006958416e-12 1.578056678537225462e-11 -2.013759254504271859e-11 5.063019503874075845e-12 -1.428263440096882218e-12 4.697370107383470152e-12 9.924722627937379387e-12
-1.157107479061554208e-12 -4.899806513966226009e-12 3.014550586601300424e-12 6.364613982339752654e-12 -4.028647849373986012e-12 1.205077598918003995e-11 -1.181017076220266450e-11 -1.001515225862363484e-12 -6.322574985872863276e-12 9.675398320490520678e-13 7.580765571900889973e-12
-1.121729894206608794e-12 -4.485809005339301892e-12 2.072291622379894078e-12 5.361129397944233888e-12 -8.109443057205532522e-13 8.545624990647135205e-12 -5.330467519604958600e-12 -3.617298208206825713e-12 -7.236691714423344481e-12 -2.970498415658677024e-13 5.465829250330775630e-12
-1.075430230081835309e-12 -3.943221439131259395e-12 1.242380452437963253e-12 4.291387537451544246e-12 1.159255458222582870e-12 5.653996491613312240e-12 -1.708189063989555665e-12 -3.967407390009544064e-12 -6.417693161419929614e-12 -1.111379014134281589e-12 3.447721383728992405e-12
-1.011152237589637487e-12 -3.296005506222841818e-12 5.880047346028758645e-13 3.173190464335828008e-12 1.951917778647324426e-12 3.397812005314026745e-12 -1.769102925179539266e-13 -3.114842544047215665e-12 -3.739830256651231242e-12 -1.381443473734093984e-12 1.823754378646443452e-12
-9.250492262413302536e-13 -2.575353607485000232e-12 1.033329850003303865e-13 2.046773215677191856e-12 1.951301533158860073e-12 1.586521976979456452e-12 3.324463270998739793e-13 -1.518159773371066033e-12 -6.377812824060162758e-13 -1.236588774606147104e-12 1.357779024657528383e-12
-8.194935158788230616e-13 -1.854036358955169148e-12 -1.864210932548611435e-13 1.055129000168622259e-12 1.367542694185716971e-12 3.387486414155952061e-13 2.324727825880726913e-13 -4.498573481179877536e-14 1.243582185030896657e-12 -8.130810213231195640e-13 -1.058138252318777288e-13
-6.999934920034070526e-13 -1.200031183997001951e-12 -2.917681576211511469e-13 3.185258607156885103e-13 5.330631444402528880e-13 -2.591543061327321265e-13 1.456342036965147154e-13 3.769469368438502614e-13 6.233513081521124323e-13 -6.596459912906176877e-13 -1.025460888124824954e-12
-5.738530971766738335e-13 -6.617664098083825246e-13 -2.598632518598170802e-13 -8.688275882634837072e-14 -1.298409341218501575e-13 -3.354032746514014693e-13 2.566359231523917843e-15 2.217590019009896226e-14 -1.391131494840564436e-13 -3.401577646018422150e-13 -3.201994489558540874e-13
-4.506630676549444128e-13 -2.670123249383438125e-13 -1.351579954768256139e-13 -2.070724678800173917e-13 -3.136304746644961888e-13 -7.794418014172307607e-14 -1.204082243265178142e-13 -3.698887444744147648e-13 3.614246848565338907e-13 1.816427607675450549e-13 4.017565637674070851e-13
-3.378619764574262177e-13 -2.204727154272840198e-14 2.382298710175126010e-14 -1.562477955416034885e-13 -9.797593424126105661e-14 7.967466177338293977e-14 6.110370673466834598e-14 -2.443895119851015287e-13 -8.571655473979661116e-14 1.587612579285349679e-13 -2.766755257818425222e-13
-2.403678663053846744e-13 1.079006633087611304e-13 1.472102957235793856e-13 -2.765141816182019666e-14 1.248420696845155102e-13 1.189526502123443698e-13 9.479302237986510260e-15 -1.265672555964632139e-14 -3.895862620233135539e-14 -5.760756600999148794e-14 -3.737934354150541387e-14
-5.299669590279772093e-13 -5.601624637909993370e-13 -3.350657977488584409e-12 1.351370874861826937e-12 1.085092978976745955e-11 7.775535843527461384e-12 -1.385144683262762801e-11 2.319178364486978186e-13 1.263188382431989044e-10 -2.492537904946766204e-11 -2.221306161718451242e-11
-6.115293232585448297e-13 -1.108811157246119791e-12 -2.389282467550926279e-12 2.283049157521533080e-12 7.862723538600579826e-12 9.443126671012796860e-12 -1.713959059710469460e-11 3.231353237712177290e-12 1.197125743317438274e-10 -2.082744884852510770e-11 -1.744429486517866988e-11
-7.071704992011851501e-13 -1.795632803492027668e-12 -1.109534150903041709e-12 3.380616320658114916e-12 3.929456675649024366e-12 1.154381772723154172e-11 -2.096925040760359279e-11 6.625577560699504004e-12 1.068678938832434703e-10 -1.619444804503238461e-11 -9.595638698196252452e-12
-8.165777785545004770e-13 -2.584765483255797994e-12 3.686529587711624353e-13 4.578588050781342636e-12 -5.063800414142769516e-13 1.404347014929300839e-11 -2.497393437450550684e-11 9.922099037919742613e-12 8.957194114877614586e-11 -1.136435566261564390e-11 -7.754359430717470940e-13
-9.378841454722552719e-13 -3.430431218754688890e-12 1.918899560538261592e-12 5.819286757129068305e-12 -5.149782151504215750e-12 1.680319711567669473e-11 -2.913752544145521169e-11 1.259835743531745748e-11 6.831958991058005569e-11 -6.563839043848848974e-12 7.332155807133205876e-12
-1.060168564635863235e-12 -4.260265193976451833e-12 3.351851399436707068e-12 6.985272055524199860e-12 -9.260216458891499576e-12 1.935175749140602611e-11 -3.246049193392670926e-11 1.504261372045049975e-11 4.523484855722529747e-11 -9.927345292321310056e-13 1.251904787188364030e-11
-1.161949073146927599e-12 -4.937312798928936910e-12 4.388781312551740143e-12 7.840422329670304912e-12 -1.197065688586486591e-11 2.082361240342298014e-11 -3.378434995559416826e-11 1.554341218609505913e-11 2.386930155093603864e-11 4.313093353987807509e-12 1.322878023155942294e-11
-1.216601576306407566e-12 -5.306911564438396130e-12 4.659509820105010600e-12 8.073703149790461197e-12 -1.180294572302693742e-11 1.998598183032400248e-11 -3.023655011916977428e-11 1.301887144190479882e-11 8.177295414760104699e-12 7.382840110510018862e-12 1.216133291249412401e-11
-1.221882464019360995e-12 -5.336170572015299503e-12 4.167769413000432745e-12 7.568325457487813915e-12 -8.744902691307357630e-12 1.681612738681900969e-11 -2.208301292213398043e-11 5.640535765243412854e-12 -1.069110106342913563e-12 4.573509575864743947e-12 1.024468673718217178e-11
-1.202038665931683606e-12 -5.125838725138817273e-12 3.292696832337540036e-12 6.703450766003359212e-12 -4.748898151674018308e-12 1.292256831751133457e-11 -1.318756422865547311e-11 -9.301565521273760315e-13 -6.408333775459924312e-12 5.985117334956807888e-13 7.801671994122446105e-12
-1.166306946584940374e-12 -4.712156570527959523e-12 2.307991429722831084e-12 5.666719337985794866e-12 -1.262916742491811813e-12 9.204313676096146069e-12 -6.084386688460474825e-12 -3.927235430979123112e-12 -7.540767086953766277e-12 -8.034120855623353727e-13 5.567695317943595958e-12
-1.119894325855509791e-12 -4.161183109419560845e-12 1.432347977552186912e-12 4.558259963773047911e-12 9.319507839910393908e-13 6.122623825889295701e-12 -1.984715239690034308e-12 -4.301915166195620778e-12 -6.750493341848617075e-12 -1.477538558704124675e-12 3.466659866753920910e-12
-1.055478901465388657e-12 -3.498493921220548585e-12 7.379933490911387188e-13 3.395034132365517363e-12 1.870021549734582287e-12 3.713126900337636486e-12 -1.808426431366626417e-13 -3.394510309610558783e-12 -3.955112926744492175e-12 -1.651621035911715660e-12 1.807599154733669501e-12
-9.685083852418673654e-13 -2.753014665949463581e-12 2.161400563596386735e-13 2.212242892805262933e-12 1.956209717823541802e-12 1.764818059026481037e-12 4.457525389724428268e-13 -1.734877588675502406e-12 -6.609187558561942383e-13 -1.452261992190089890e-12 1.400740443091939049e-12
-8.609972082940823114e-13 -1.998376460401368661e-12 -1.076402473772595341e-13 1.157714984496243222e-12 1.406771646165242799e-12 3.982260470144913588e-13 3.427281749876885711e-13 -1.550795934830944782e-13 1.320387567760978755e-12 -9.375490705314043797e-13 -8.967482087417862406e-14
-7.382575161276692434e-13 -1.306442168984993686e-12 -2.411313847722201120e-13 3.614027923099510551e-13 5.660910395172375013e-13 -2.783289028528119981e-13 2.079869521612691182e-13 3.792903851741993120e-13 7.125880379629700949e-13 -6.794081015732272912e-13 -1.070846518774050272e-12
-6.076672570724922858e-13 -7.311512434181695913e-13 -2.307684183524057544e-13 -8.871494624519570370e-14 -1.217797293891466034e-13 -3.834509599864346476e-13 2.619031134189496768e-15 1.650619216742277852e-14 -1.493076939973397546e-13 -3.410775116704308677e-13 -3.720574082897609486e-13
-4.792092937539621578e-13 -3.050988681369080438e-13 -1.187286639857557249e-13 -2.323615304327570223e-13 -3.202464836288988533e-13 -1.017348628263380786e-13 -1.524528837165778848e-13 -4.179771858647153191e-13 3.815135086347031021e-13 2.026794402269215071e-13 4.162992077689412974e-13
-3.607929739387322433e-13 -3.766587654696416468e-14 3.642100506119327188e-14 -1.878598675598849011e-13 -9.600972922077653650e-14 8.865430425354975354e-14 5.328828250791633529e-14 -2.878900508788643322e-13 -8.188443545645602685e-14 1.603387295023382403e-13 -3.027009321964393622e-13
-2.578245911400718778e-13 1.067289129946604120e-13 1.605547879966253705e-13 -5.293618727185074315e-14 1.380035636737269601e-13 1.464803529859341973e-13 1.890790698496575295e-14 -4.898602893046253276e-15 -5.008727874820859498e-14 -6.847522727323646111e-14 -4.633662943553354118e-14
-5.105351217507590015e-13 -6.362175032366712626e-13 -2.990232067724248032e-12 1.530217945029369861e-12 9.553925725478904274e-12 7.670693521549091259e-12 -1.398716808283078089e-11 3.233997458291302117e-12 1.178429505338902205e-10 -1.976550469072957324e-11 -1.649681046125856480e-11
-5.885951003153786986e-13 -1.170005365608311015e-12 -2.042764454003728462e-12 2.418270420251477400e-12 6.626903155876654342e-12 9.297413123690992991e-12 -1.702499280969371641e-11 5.963878024416012002e-12 1.101775802216048397e-10 -1.581221020337266844e-11 -1.170083763233507931e-11
-6.795861942911074468e-13 -1.824716976565576427e-12 -8.203853281440462881e-13 3.439995082235462583e-12 2.909374013026494044e-12 1.129612277307720021e-11 -2.046067141437935183e-11 8.802589377525467228e-12 9.680864924853448178e-11 -1.163704690817521442e-11 -4.598993076196537894e-12
-7.820068387195770500e-13 -2.561561762597600093e-12 5.523067392901921487e-13 4.533663700720608009e-12 -1.149006801343810581e-12 1.359972743091612214e-11 -2.392154011241338669e-11 1.143830041822240526e-11 7.965336768883461894e-11 -7.337085675195808472e-12 2.747996010807928673e-12
-8.922844875309028256e-13 -3.329850335258450184e-12 1.942914544371781171e-12 5.634180750278546366e-12 -5.232367704657950292e-12 1.601661075577618604e-11 -2.731220157873400232e-11 1.340476473678241903e-11 5.926573794667986130e-11 -3.063292042305448750e-12 8.998942367201844219e-12
-9.986186564382614119e-13 -4.055165926730438059e-12 3.160401094223952851e-12 6.618749095758623866e-12 -8.597400647793263143e-12 1.802770230313673646e-11 -2.957889279272916339e-11 1.508099599983450993e-11 3.804903058458511753e-11 1.917814012719738609e-12 1.261953299314131175e-11
-1.080785063724972960e-12 -4.605791904317898745e-12 3.943733456612126964e-12 7.244677274902976951e-12 -1.041290707235234009e-11 1.881021227007285807e-11 -2.957642078660535909e-11 1.450168841047912352e-11 1.935776529213377161e-11 6.015284786594989819e-12 1.255932034457809770e-11
-1.120154787552687492e-12 -4.868690899460720692e-12 4.026987045787774484e-12 7.294185760904002284e-12 -9.636402807948029151e-12 1.752363126099267340e-11 -2.526974695957047776e-11 1.116844279000079319e-11 6.079278231281346339e-12 7.701793272990995098e-12 1.132937167433671543e-11
-1.120055199479856301e-12 -4.843554765271943845e-12 3.497517521202888800e-12 6.758375654047916208e-12 -6.690571884160608975e-12 1.448329953091555511e-11 -1.779259220327540690e-11 4.414709231840139283e-12 -1.828456189518174773e-12 4.853891729490077543e-12 9.468340812601239644e-12
-1.099020874212543642e-12 -4.605876108437530560e-12 2.670800304857268434e-12 5.933352511402685336e-12 -3.194133955330805141e-12 1.098729211455151388e-11 -1.025069265874131930e-11 -9.618211716207023494e-13 -6.152864276400168119e-12 1.476992628145700268e-12 7.276345281077912194e-12
-1.064064501705012693e-12 -4.193791084161058262e-12 1.785824479582391283e-12 4.975046959578655110e-12 -3.197794396023037656e-13 7.756211478672057263e-12 -4.548890989785171848e-12 -3.149511148169665221e-12 -6.830604337332882935e-12 3.391533203797311662e-13 5.320250475441699044e-12
-1.017774054046497813e-12 -3.663652056718842397e-12 1.015154229964431465e-12 3.955469017918404337e-12 1.377307548804596903e-12 5.099454057478774543e-12 -1.488985212889163803e-12 -3.526627311592929363e-12 -5.988229069775413042e-12 -6.782455955537009943e-13 3.396973588771865988e-12
-9.536185029398452064e-13 -3.037940106234672661e-12 4.112009804032061251e-13 2.896522719346645230e-12 2.004148945994425440e-12 3.029850437510054515e-12 -2.434207457853487932e-13 -2.729192033887356096e-12 -3.464049648155729907e-12 -1.027740034579239436e-12 1.813990102746641193e-12
-8.687577841373541596e-13 -2.351688491302436169e-12 -2.500837593864608539e-14 1.844545687968051532e-12 1.907131530118216234e-12 1.389289800536312643e-12 1.647328608998063897e-13 -1.219767970716788110e-12 -5.990132990904926778e-13 -9.451542550104261301e-13 1.266649853773287736e-12
-7.659753333739090725e-13 -1.675417821147739411e-12 -2.711864507135780275e-13 9.349397137015330413e-13 1.293287462376734119e-12 2.867137962640124794e-13 1.009513692705172556e-13 9.254987577326104626e-14 1.161714535709193252e-12 -6.555756557320393683e-13 -1.371266161118550447e-13
-6.509759130846704644e-13 -1.071236604330210175e-12 -3.410088932617200358e-13 2.733871993860800785e-13 4.768105040226782238e-13 -2.237242580487322757e-13 8.607462746114474705e-14 3.742833970248305490e-13 5.189169002078247890e-13 -6.296859786269832349e-13 -9.651967730978395389e-13
-5.308891118593520137e-13 -5.802254262203392214e-13 -2.835470118941001276e-13 -7.843642459910262793e-14 -1.462184826752704028e-13 -2.767799762639375737e-13 1.895965220896291291e-14 3.798352416675869756e-14 -1.300207675920665695e-13 -3.344283541389312551e-13 -2.521088237756811617e-13
-4.147272067010682863e-13 -2.239860555449935531e-13 -1.458026069771218838e-13 -1.734267079285374174e-13 -3.089175578082961051e-13 -5.900275192341120908e-14 -7.924027391831267047e-14 -2.999342026859119101e-13 3.176449068242264209e-13 1.482774759967367415e-13 3.891678355857012664e-13
-3.092930085817673243e-13 -5.996329489903802601e-15 1.477595119545013232e-14 -1.178746162813808370e-13 -1.029038102045333982e-13 5.977230794853022902e-14 6.605882154000347627e-14 -1.843119422867269985e-13 -9.287443279457907075e-14 1.489039874544616033e-13 -2.388105470541934345e-13
-2.188664908074608506e-13 1.071257596725692206e-13 1.345600589820921051e-13 1.038710822909656376e-15 1.071519682981743285e-13 8.141397357357590612e-14 -4.202842806622606972e-15 -1.500119190441781903e-14 -1.962849169809399616e-14 -4.479188167535904267e-14 -1.979684161278762672e-14
-5.175103973868797094e-13 -6.069788030628943268e-13 -3.118948321508040076e-12 1.451320700360909766e-12 1.004386439187322321e-11 7.707225543746388072e-12 -1.388099886686147707e-11 1.890053948027914044e-12 1.207513769087321319e-10 -2.193417278252278561e-11 -1.898007196342651443e-11
-5.968454326212150542e-13 -1.144866125744397860e-12 -2.169013725894926617e-12 2.350741115248195276e-12 7.110089066642693692e-12 9.346709805656788670e-12 -1.699539152718811326e-11 4.651463745003767503e-12 1.134996127885522130e-10 -1.801914958410282918e-11 -1.434346444751351012e-11
-6.894437712276783561e-13 -1.809921993336772157e-12 -9.290892943621873933e-13 3.398027063258193560e-12 3.327721859628499197e-12 1.137649954664622608e-11 -2.056936660711698049e-11 7.676321881229472982e-12 1.004098052427959172e-10 -1.370527479353863189e-11 -7.075916603928936315e-12
-7.942242666647637693e-13 -2.564444418896117590e-12 4.784761074643530105e-13 4.529197370439012361e-12 -8.574064988403219404e-13 1.374281836639150397e-11 -2.422757888345922938e-11 1.057413385633230074e-11 8.330832035131021773e-11 -9.195821233322167398e-12 7.758859372589990467e-13
-9.082615205598736819e-13 -3.359617615194699993e-12 1.923918301403131744e-12 5.681059428579736485e-12 -5.138054520654962505e-12 1.627265870163222678e-11 -2.790065895801725036e-11 1.284145010062901879e-11 6.273062708101914167e-11 -4.691029460957799849e-12 7.779734536166753081e-12
-1.020231102654119274e-12 -4.122181442606146877e-12 3.217990588305894484e-12 6.732321564100164969e-12 -8.774243708546129283e-12 1.846874898278948981e-11 -3.055939223898080272e-11 1.483537998064786334e-11 4.097649647205117030e-11 5.269597343320552266e-13 1.213679082009121388e-11
-1.109887300664392322e-12 -4.720163483792090553e-12 4.097904609213464382e-12 7.444143074552253337e-12 -1.093610940759373895e-11 1.951399355878093152e-11 -3.108140096179313354e-11 1.465925022762052140e-11 2.137078977814291225e-11 5.011226927661272358e-12 1.256027037919558444e-11
-1.156557900245204597e-12 -5.030361308129591168e-12 4.271002388031005567e-12 7.582494263672583016e-12 -1.048372418872058787e-11 1.847621674114549597e-11 -2.725893169331436624e-11 1.179055169150938587e-11 7.069443374785245399e-12 7.326855999124304776e-12 1.150431759682632471e-11
-1.159803269543107511e-12 -5.032615432540480924e-12 3.774325820647070015e-12 7.079851572137568621e-12 -7.591876508570355882e-12 1.546126637340610287e-11 -1.971961352699812246e-11 5.029396253065380911e-12 -1.441122182980293891e-12 4.731519701731752136e-12 9.711257794314073867e-12
-1.139724142407425971e-12 -4.808849114794399438e-12 2.938239462865776502e-12 6.246893488497300166e-12 -3.941701399107323138e-12 1.183970205913359473e-11 -1.171770465942605175e-11 -7.647174812288149644e-13 -6.173036026557558723e-12 1.176768714633037991e-12 7.455663762005223119e-12
-1.104444544805150948e-12 -4.399405524616363460e-12 2.017523414631001860e-12 5.260963615819772962e-12 -8.230272006752915690e-13 8.415843286469260350e-12 -5.428154004108814448e-12 -3.355121364187189880e-12 -7.092544560056114062e-12 -1.301348101888212936e-13 5.398557982917637935e-12
-1.057907243017273182e-12 -3.863216265286378123e-12 1.205489728779178787e-12 4.206342439147407557e-12 1.094327224284816589e-12 5.576263820889025545e-12 -1.883051232704023819e-12 -3.819154761949786620e-12 -6.290590540753656440e-12 -1.051033251926435059e-12 3.389650026590140238e-12
-9.935525700045732946e-13 -3.224875893266660495e-12 5.639523816870464065e-13 3.107424090852756123e-12 1.875477030049976314e-12 3.355542278681798434e-12 -3.231447541332206731e-13 -2.956727059705370689e-12 -3.661889589441249943e-12 -1.267311891591349065e-12 1.771393100536458899e-12
-9.080167043805989971e-13 -2.518384230094178508e-12 9.439963916126606721e-14 2.005943503819651714e-12 1.872886726311819430e-12 1.584443471421439408e-12 2.418573665012789471e-13 -1.395080173214823118e-12 -6.119989055731131087e-13 -1.125398777683979884e-12 1.270876283749085707e-12
-8.036918813159518585e-13 -1.813895876855550914e-12 -1.829535336337629316e-13 1.040160057562293481e-12 1.304523807700828907e-12 3.662706776444825841e-13 2.092026157095983548e-13 -8.765756149215000348e-15 1.251960881545954311e-12 -7.684174183732182168e-13 -1.320049563408883140e-13
-6.860603111127953790e-13 -1.176233109021518224e-12 -2.790634723573426358e-13 3.225879466418471667e-13 4.925398365375216861e-13 -2.294393994604859219e-13 1.621668316562264784e-13 3.776100727916222270e-13 6.103668167419198403e-13 -6.417525686182371920e-13 -1.006442885008763985e-12
-5.622410262873314548e-13 -6.511843272784480256e-13 -2.432239622365870128e-13 -7.373928878172498183e-14 -1.454595372143703327e-13 -3.225879051229988733e-13 3.571709959761992124e-14 4.339029416051675685e-14 -1.401183153953889698e-13 -3.277274568196632973e-13 -2.975803707994065510e-13
-4.415257407681911060e-13 -2.647492182559249910e-13 -1.201567169922328569e-13 -1.950548691938961919e-13 -3.190925133574160661e-13 -9.197990405225207131e-14 -1.079517896625095051e-13 -3.342150846805211115e-13 3.171463053841138627e-13 1.630916428533644933e-13 4.074711818326780645e-13
-3.311176464073798267e-13 -2.435353318653257901e-14 3.365580794305229777e-14 -1.487568358870976248e-13 -1.038944350057645689e-13 5.931453118455761867e-14 5.362404414645313188e-14 -2.190499325096269627e-13 -9.273064979196268380e-14 1.443132580599728407e-13 -2.571504045599769125e-13
-2.357289358946991466e-13 1.037229669384015638e-13 1.514625226753822474e-13 -2.577444036977886722e-14 1.181692443345047666e-13 1.039251894417796451e-13 2.583242464938742677e-15 1.553762980347128463e-16 -2.346805412036534362e-14 -5.489016447655858058e-14 -2.106058590689113474e-14
-5.241053851720229893e-13 -5.793329936087747914e-13 -3.240639337260908285e-12 1.376702748204253042e-12 1.050711616492780415e-11 7.741771002986825005e-12 -1.378053876411564232e-11 6.189650101455421503e-13 1.235009517582928816e-10 -2.398507012752872281e-11 -2.132873702897186538e-11
-6.046460569280674725e-13 -1.121094822301355544e-12 -2.288372243622745205e-12 2.286859880268509353e-12 7.566980378637082809e-12 9.393326986746376463e-12 -1.696728895664852667e-11 3.409983954714609842e-12 1.166401813787202927e-10 -2.010648551826821851e-11 -1.684321045241441453e-11
-6.987640618630821019e-13 -1.795929400690548853e-12 -1.031860188961254048e-12 3.358304297004120243e-12 3.723335154577208557e-12 1.145250216953920317e-11 -2.067199493663950585e-11 6.610684809497428293e-12 1.038142865136947674e-10 -1.566167563825501140e-11 -9.419362828145676971e-12
-8.057756517592207453e-13 -2.567164498975593671e-12 4.086745486459364531e-13 4.524930818826309082e-12 -5.816136645761209259e-13 1.387810770958235224e-11 -2.451679821206512361e-11 9.756310776110738065e-12 8.676383047533544248e-11 -1.095419423501483099e-11 -1.090431872761742261e-12
-9.233673010491214799e-13 -3.387755357721401678e-12 1.905957815552402320e-12 5.725340864682211519e-12 -5.048781867912073601e-12 1.651473618039093414e-11 -2.845691137208021334e-11 1.230815137272348647e-11 6.600659236031303494e-11 -6.230950222711809964e-12 6.625264813699173928e-12
-1.040664648097648764e-12 -4.185535561991089062e-12 3.272435515955516690e-12 6.839666316800604869e-12 -8.941341573992392279e-12 1.888571372014497855e-11 -3.148632946082158883e-11 1.460260411175549095e-11 4.374464128021209131e-11 -7.888274072231704170e-13 1.167888565423512277e-11
-1.137401816518440605e-12 -4.828290049724350388e-12 4.243659999666298977e-12 7.632699863646009768e-12 -1.143067551487148941e-11 2.017933871589850950e-11 -3.250421993119249032e-11 1.480775997886430862e-11 2.327463411444184698e-11 4.061240476004592720e-12 1.256000421153437670e-11
-1.190975304369788940e-12 -5.183206400730828234e-12 4.501703213719601406e-12 7.855038037520603278e-12 -1.128472821258290294e-11 1.937678011226837552e-11 -2.913952681984847719e-11 1.237810239619694677e-11 8.006420849403992350e-12 6.971317312227150243e-12 1.166909975800711064e-11
-1.197389630412312012e-12 -5.211386575717710562e-12 4.036106697165257259e-12 7.383839023795035350e-12 -8.444305748746649678e-12 1.638615286239288944e-11 -2.154225143747087605e-11 5.610649027045766664e-12 -1.074710262517872556e-12 4.615402981182965865e-12 9.940567921637467931e-12
-1.178215404350941115e-12 -5.000783028597138027e-12 3.191185683463288122e-12 6.543411345832508832e-12 -4.648916991732748044e-12 1.264597375764576957e-11 -1.310568600470959137e-11 -5.778447722364245301e-13 -6.191980779331330621e-12 8.930331646213332470e-13 7.625067603598573090e-12
-1.142631683137248626e-12 -4.593846608835752983e-12 2.236695572191868659e-12 5.531379761304533848e-12 -1.299300541564575127e-12 9.039893835399721337e-12 -6.260494987467431142e-12 -3.548924123043268058e-12 -7.340159452178826634e-12 -5.736091836840409994e-13 5.472545545788252389e-12
-1.095859985949381007e-12 -4.051938574529254446e-12 1.385541853761098792e-12 4.443616294720871016e-12 8.263971518816629887e-13 6.027390818228312875e-12 -2.256430737632789883e-12 -4.095600019525640806e-12 -6.576532938236743809e-12 -1.403689994489392279e-12 3.382723983027805436e-12
-1.031316093402145974e-12 -3.401657604221243318e-12 7.084559504541562623e-13 3.306893795470888101e-12 1.753557988543244492e-12 3.663702999245618899e-12 -3.990206064230219067e-13 -3.171732327008926041e-12 -3.849030932015063045e-12 -1.493800490715674158e-12 1.731062777957057885e-12
-9.451416716301753448e-13 -2.676030658995581316e-12 2.073691466326087833e-13 2.158603839236006440e-12 1.840323196434974958e-12 1.769130792472826883e-12 3.145017206611314415e-13 -1.560661624722786316e-12 -6.242881940481864191e-13 -1.295690294571510783e-12 1.274816313302628642e-12
-8.393584804535478565e-13 -1.944865249325052989e-12 -9.946327162603977235e-14 1.139700429888610686e-12 1.315024871293349322e-12 4.416299419482881660e-13 3.114681182040127412e-13 -1.044120706236446286e-13 1.337432960948741891e-12 -8.749552749293489998e-13 -1.271763106974509748e-13
-7.192384342711557922e-13 -1.275546800143636927e-12 -2.204336651032044039e-13 3.691546062303561069e-13 5.073358794697911837e-13 -2.347583009964572679e-13 2.341206199886727455e-13 3.807966116065645291e-13 6.968473913861052319e-13 -6.530796917785973744e-13 -1.045530036269787458e-12
-5.918904503299537560e-13 -7.183131499070544610e-13 -2.050409748943875395e-13 -6.926255623035088710e-14 -1.447945082815077309e-13 -3.658583415860157189e-13 5.161919137728148659e-14 4.865062903769164157e-14 -1.495276121101957358e-13 -3.212094555617123632e-13 -3.405586129964766124e-13
-4.668700249403695100e-13 -3.033216506617887241e-13 -9.585924794516210477e-14 -2.154882490797551296e-13 -3.287443087455631474e-13 -1.231840406590720725e-13 -1.350764831142755260e-13 -3.665309928437270797e-13 3.165425848429724936e-13 1.771829867915173984e-13 4.247243481314120912e-13
-3.517589467401640122e-13 -4.173123877145697430e-14 5.154600481729032130e-14 -1.779578866852989886e-13 -1.048575573270408285e-13 5.883979998138000776e-14 4.183923836027057272e-14 -2.518679235284792439e-13 -9.266667615646771118e-14 1.400001640555938477e-13 -2.744461912282368391e-13
-2.516779834199682251e-13 1.004940879267739600e-13 1.674731891386235026e-13 -5.113992608596594462e-14 1.285743630233576082e-13 1.251839587538941819e-13 8.985549413634862347e-15 1.454348640386402752e-14 -2.700642260215639888e-14 -6.441637150939932666e-14 -2.220009753444079072e-14
-5.307837178672535017e-13 -5.513378106943903355e-13 -3.363868228735640208e-12 1.301141812666086885e-12 1.097622230089602156e-11 7.776753040925598562e-12 -1.367880911367911067e-11 -6.681873269946641309e-13 1.262852745498017078e-10 -2.606188574107320870e-11 -2.370708340227946535e-11
-6.125452624943687112e-13 -1.097023110212171789e-12 -2.409239158867170437e-12 2.222171348460540931e-12 8.029645669337653204e-12 9.440533305185517156e-12 -1.693883126157668100e-11 2.152814954571605125e-12 1.198204390896953113e-10 -2.222020020932732523e-11 -1.937454704656670567e-11
-7.082021386795142903e-13 -1.781759978839589700e-12 -1.135929853179651277e-12 3.318079538218383006e-12 4.123948021628732197e-12 1.152946529127860128e-11 -2.077592025960696644e-11 5.531580746254929045e-12 1.072617920879001283e-10 -1.764280053991413128e-11 -1.179242439172348370e-11
-8.174730186540135004e-13 -2.569918957432005171e-12 3.379908724146426101e-13 4.520610354491069962e-12 -3.023354961432911235e-13 1.401510679134526723e-11 -2.480967258488524646e-11 8.928152460487444818e-12 9.026300975835165588e-11 -1.273478870890215911e-11 -2.980335295916019802e-12
-9.386639822011519208e-13 -3.416248695673345943e-12 1.887770356347380470e-12 5.770181915340145080e-12 -4.958381037603938309e-12 1.675987293734109432e-11 -2.902019346894719608e-11 1.176811309221399264e-11 6.932395777158973519e-11 -7.790331757855679940e-12 5.456205475920786969e-12
-1.061356424042992814e-12 -4.249690325176921761e-12 3.327568496214436673e-12 6.948367648841199594e-12 -9.110551152097703827e-12 1.930794787836554378e-11 -3.242498090262452690e-11 1.436688655416960463e-11 4.654776860498972923e-11 -2.121242824055983328e-12 1.121519372176828262e-11
-1.165264048839252888e-12 -4.937783072564207699e-12 4.391257380939169027e-12 7.823639551092375318e-12 -1.193149172144843407e-11 2.085309220577297994e-11 -3.394501983275883761e-11 1.495814654279939323e-11 2.520253833434842532e-11 3.099248565519420196e-12 1.255973469617520422e-11
-1.225827660355034946e-12 -5.337983081559455822e-12 4.735319529408836102e-12 8.131026096423017090e-12 -1.209585494799243794e-11 2.028872438778793409e-11 -3.104388802523640703e-11 1.297307829510217607e-11 8.955239397567032985e-12 6.611285510169971588e-12 1.183596437054297364e-11
-1.235450990877085329e-12 -5.392416947908629336e-12 4.301195837574713544e-12 7.691668129732633710e-12 -9.307507583610744597e-12 1.732272763564514067e-11 -2.338792298221728339e-11 6.199247396471973287e-12 -7.036678088100487856e-13 4.497818840171200104e-12 1.017277597090814057e-11
-1.217193101562663891e-12 -5.195142515796915589e-12 3.447328518802218368e-12 6.843676459287758549e-12 -5.365070035132730559e-12 1.346243473990559463e-11 -1.451120799639659888e-11 -3.886104579927721690e-13 -6.211164954628952782e-12 6.057119047746712150e-13 7.796612297961418985e-12
-1.181301413326362149e-12 -4.790744950318817412e-12 2.458637523175972538e-12 5.805213300935824754e-12 -1.781592793716281972e-12 9.671830841681630313e-12 -7.103354697343433032e-12 -3.745176070764969113e-12 -7.590903589669730237e-12 -1.022687969992502622e-12 5.547468134342276507e-12
-1.134292358503018202e-12 -4.243045869251787245e-12 1.567869391226048108e-12 4.683888706980892435e-12 5.550811112873504246e-13 6.484218945749221231e-12 -2.634528833216306882e-12 -4.375538862272629439e-12 -6.866088944396680629e-12 -1.760803442281378686e-12 3.375710415895020852e-12
-1.069556855073187491e-12 -3.580673400371489593e-12 8.547856855612394698e-13 3.508884304932754205e-12 1.630098196046442261e-12 3.975758109041369376e-12 -4.758553412792048379e-13 -3.389454729765712003e-12 -4.038537280337103727e-12 -1.723151343876378043e-12 1.690222782735432841e-12
-9.827358072809494816e-13 -2.835669349817941305e-12 3.217663077528753334e-13 2.313193424097736308e-12 1.807348146937949140e-12 1.956152103870795615e-12 3.880641189451291187e-13 -1.728335615568591854e-12 -6.367327893527241722e-13 -1.468133873978404823e-12 1.278806136661998056e-12
-8.754758177121593774e-13 -2.077489751179633187e-12 -1.491790064918325007e-14 1.240498746232446260e-12 1.325658643861789191e-12 5.179415603758345239e-13 4.150260024535467548e-13 -2.012671165080244024e-13 1.423985196441087655e-12 -9.828395058803189268e-13 -1.222866431619858158e-13
-7.528358472526030794e-13 -1.376115570769327472e-12 -1.610629233019541516e-13 4.163097529713151323e-13 5.223189081894755134e-13 -2.401444204870130986e-13 3.069837253938472258e-13 3.840234208460336346e-13 7.844208661248802274e-13 -6.645499624069171488e-13 -1.085111153194265236e-12
-6.219145700573671719e-13 -7.862903146942206252e-13 -1.663754498911667479e-13 -6.472924900322065579e-14 -1.441210752425256149e-13 -4.096756091156687978e-13 6.772224609360754794e-14 5.397744155812513702e-14 -1.590558190736937525e-13 -3.146090833557333331e-13 -3.840799936254072447e-13
-4.925345983836591466e-13 -3.423815429981366296e-13 -7.125471948331651168e-14 -2.361798562975267639e-13 -3.385180792383393700e-13 -1.547825200414654812e-13 -1.625439653385953764e-13 -3.992552940893441483e-13 3.159312351535868348e-13 1.914524104960752584e-13 4.421955520359264342e-13
-3.726611021857824890e-13 -5.932855535705606523e-14 6.966228932453576198e-14 -2.075279663068554320e-13 -1.058328512616292026e-13 5.835906942253823610e-14 2.990550201040129289e-14 -2.851006525827400332e-13 -9.260189420297436936e-14 1.356325634640085377e-13 -2.919605539414942268e-13
-2.678285875327723095e-13 9.722440404920710206e-14 1.836861907971413342e-13 -7.682596846941177577e-14 1.391109766742311872e-13 1.467113861456233477e-13 1.546876559212433843e-14 2.911342643961604255e-14 -3.058950726075845747e-14 -7.406296617089991008e-14 -2.335400976919101236e-14
-5.396420176552909463e-13 -5.142043287192005729e-13 -3.527321978105334861e-12 1.200915975962008624e-12 1.159845590331524891e-11 7.823154044033480161e-12 -1.354387245064386835e-11 -2.375497020997987938e-12 1.299784668385186800e-10 -2.881662368903167854e-11 -2.686177897654394401e-11
-6.230229572000210684e-13 -1.065093813227833755e-12 -2.569559927610649631e-12 2.136366927340894432e-12 8.643335984083164791e-12 9.503148884671994003e-12 -1.690108427129422213e-11 4.852758734561406636e-13 1.240388089486878375e-10 -2.502388198227652743e-11 -2.273217251996467525e-11
-7.207210289534098425e-13 -1.762965315960144798e-12 -1.273970347408863873e-12 3.264724450274983827e-12 4.655330520188084406e-12 1.163155100482514951e-11 -2.091376927084111444e-11 4.100231258811144145e-12 1.118346459312462564e-10 -2.027061204645382276e-11 -1.494011008300152999e-11
-8.329886852700807264e-13 -2.573572533803594152e-12 2.442343505407965352e-13 4.514879581274434750e-12 6.810575718627492449e-14 1.419682563726220830e-11 -2.519814813706040375e-11 7.829663419874206444e-12 9.490440486866982000e-11 -1.509661185822172180e-11 -5.487148466676237832e-12
-9.589538653165260311e-13 -3.454042937311962795e-12 1.863646072331170615e-12 5.829660151701967031e-12 -4.838471204266320493e-12 1.708502818262395499e-11 -2.976734429872855183e-11 1.105179336469458209e-11 7.372419063410658310e-11 -9.858732772442583652e-12 3.905537157442601089e-12
-1.088802489977985312e-12 -4.334786734471642992e-12 3.400698197697431300e-12 7.092551690739655161e-12 -9.334994778313144635e-12 1.986800935592361596e-11 -3.367003061941717632e-11 1.405422512050082207e-11 5.026590377975326684e-11 -3.888590549350972208e-12 1.060014161990768171e-11
-1.202221179750915052e-12 -5.083017234693145864e-12 4.587034077618241536e-12 8.076906516558138563e-12 -1.259578631994567472e-11 2.174677494819221320e-11 -3.585613129400229973e-11 1.515762286453618891e-11 2.775975664362291542e-11 1.823239446187827782e-12 1.255937718838970317e-11
-1.272056658671371741e-12 -5.543282571935847610e-12 5.045193800908703952e-12 8.497103258796037969e-12 -1.317175286546483981e-11 2.149834909507031400e-11 -3.356987830860566818e-11 1.376226856383114854e-11 1.021377503798725107e-11 6.133730694460931196e-12 1.205729757470692900e-11
-1.285936489597024894e-12 -5.632539963366441528e-12 4.652816418300216212e-12 8.099980020237422400e-12 -1.045247916408979856e-11 1.856502282898515465e-11 -2.583606590361281336e-11 6.979978366037660613e-12 -2.115082087135356636e-13 4.341852412910841286e-12 1.048078227717168737e-11
-1.268894051318860902e-12 -5.452945588966672794e-12 3.787082507266221763e-12 7.241955290054831814e-12 -6.314992581018761024e-12 1.454540812842415175e-11 -1.637552601790649723e-11 -1.376055298052170813e-13 -6.236611296315699143e-12 2.246021019099408723e-13 8.024153279977591008e-12
-1.232593868292396166e-12 -5.051915621151201760e-12 2.753026640595171024e-12 6.168432660330740778e-12 -2.421316788382489622e-12 1.051004721292196757e-11 -8.221343998766834126e-12 -4.005489350780964883e-12 -7.923496610641558189e-12 -1.618356828890451320e-12 5.646847243532080459e-12
-1.185269976675830604e-12 -4.496535157637334130e-12 1.809713002705307810e-12 5.002591784491035419e-12 1.952010147301869689e-13 7.090166709430184506e-12 -3.136047201454275757e-12 -4.746856443821648460e-12 -7.250162958670192508e-12 -2.234487272102941416e-12 3.366407448108003006e-12
-1.120280316064530001e-12 -3.818124236242330357e-12 1.048880950554832621e-12 3.776809351010710067e-12 1.466338167598340771e-12 4.389675477088079874e-12 -5.777707736189314075e-13 -3.678246936129794149e-12 -4.289903035329729159e-12 -2.027367807572173710e-12 1.636051632528438750e-12
-1.032601568140402987e-12 -3.047417929947226655e-12 4.735054423260728597e-13 2.518244749798472768e-12 1.763609249012034102e-12 2.204221649037509740e-12 4.856390457769479218e-13 -1.950742411567861967e-12 -6.532395978762259171e-13 -1.696867166831921842e-12 1.284098332303702284e-12
-9.233827179445213712e-13 -2.253406064891776521e-12 9.722510478743772813e-14 1.374200046139124565e-12 1.339763532829377542e-12 6.191631184986061017e-13 5.523876604017909406e-13 -3.297379693504495234e-13 1.538790153193714290e-12 -1.125939732998664857e-12 -1.158008708582936691e-13
-7.974002597148820345e-13 -1.509512395561729172e-12 -8.231214889444575621e-14 4.788574687123500486e-13 5.421927557410604782e-13 -2.472886980986770522e-13 4.036310935032311751e-13 3.883035374277530575e-13 9.005804199047609221e-13 -6.797644032954681117e-13 -1.137612493486233047e-12
-6.617392809149928158e-13 -8.764568535036558440e-13 -1.150885710482034437e-13 -5.871616161466585633e-14 -1.432278173412711933e-13 -4.677958819177855048e-13 8.908172354429699442e-14 6.104305322513876655e-14 -1.716942608407133903e-13 -3.058541911428374798e-13 -4.418077949895681660e-13
-5.265767027801987474e-13 -3.941915194637263371e-13 -3.861868341807041230e-14 -2.636256994913357233e-13 -3.514822421224410277e-13 -1.966954998623484798e-13 -1.989774915574913136e-13 -4.426615906838865994e-13 3.151203258730526445e-13 2.103797156869729588e-13 4.653697748639253930e-13
-4.003862214170185225e-13 -8.267005755790883564e-14 9.369216299564745500e-14 -2.467504280250397148e-13 -1.071265043640675672e-13 5.772141681781814925e-14 1.407630819479156528e-14 -3.291813401495018420e-13 -9.251596574803219792e-14 1.298392732339808180e-13 -3.151920238392369956e-13
-2.892511353839120042e-13 9.288741690078646627e-14 2.051915043561080583e-13 -1.108965503180461767e-13 1.530869932547265809e-13 1.752658813562418831e-13 2.406825882207492798e-14 4.843934390026873141e-14 -3.534219654900242041e-14 -8.685844032684796753e-14 -2.488458656979399347e-14
-5.249501938587623462e-13 -5.745132780144386240e-13 -3.255170615782350517e-12 1.356332214443817492e-12 1.058331775912498284e-11 7.745960100800405388e-12 -1.372601415918112841e-11 2.589293445626649793e-13 1.237472772194231356e-10 -2.447963651843498262e-11 -2.195833926246585123e-11
-6.056643835374773808e-13 -1.115895728274059096e-12 -2.304147719664969323e-12 2.264287384909740805e-12 7.653671801964837359e-12 9.398160578575483292e-12 -1.691090608773269751e-11 2.997103777698022416e-12 1.169515785809266311e-10 -2.068208352653874322e-11 -1.761702350204196359e-11
-6.999432796787418711e-13 -1.791130330612179581e-12 -1.047473745644310770e-12 3.337064470715517122e-12 3.811949594952288943e-12 1.145769662260322561e-11 -2.062838970152869292e-11 6.199670224083614447e-12 1.042160315912068761e-10 -1.625355199912275304e-11 -1.026595524842204160e-11
-8.071422194134422706e-13 -2.563739090830932348e-12 3.952192023034948447e-13 4.508198345347967307e-12 -5.015933912060936985e-13 1.388553485162661279e-11 -2.449893254291278957e-11 9.392515771825872147e-12 8.724951907008580749e-11 -1.151240158298015731e-11 -1.904276985987065170e-12
-9.250472634880317153e-13 -3.386937543476537746e-12 1.897311449700793414e-12 5.715645412611829692e-12 -4.989446513285602181e-12 1.652880479526609216e-11 -2.847723039649080787e-11 1.201524372373778149e-11 6.655542279189641684e-11 -6.731211141294833032e-12 5.954676320039016716e-12
-1.042936253838019747e-12 -4.188965825834514252e-12 3.272173077321805445e-12 6.839474701321010290e-12 -8.916787101255802298e-12 1.891511095524387384e-11 -3.156329008394936938e-11 1.438604940095193517e-11 4.433570098581524066e-11 -1.230962006808851769e-12 1.122512237512321830e-11
-1.140810722612279828e-12 -4.838483052965988102e-12 4.257963559400993887e-12 7.645119383709580241e-12 -1.146243715205752266e-11 2.024712549826063567e-11 -3.267313129292528264e-11 1.465532958743178515e-11 2.380712362802599078e-11 3.642666736747331884e-12 1.231903072467995813e-11
-1.196404081691917571e-12 -5.204592103600965341e-12 4.540872656939060772e-12 7.891491751241287636e-12 -1.142068400936716133e-11 1.952766392777766993e-11 -2.949688405054083813e-11 1.237593093604564916e-11 8.335656355832483174e-12 6.681233020878585448e-12 1.156356083317396428e-11
-1.204600823099192275e-12 -5.243255695260618554e-12 4.097070593790029977e-12 7.444817763749373212e-12 -8.675653156664166767e-12 1.661034485067979227e-11 -2.206869393002730568e-11 5.800106256191878516e-12 -9.413111299942402711e-13 4.554906566135484299e-12 9.919493093294768483e-12
-1.186010094866354721e-12 -5.037552859512326332e-12 3.257839487597808743e-12 6.609924971172098744e-12 -4.888887024979844017e-12 1.287335309543177717e-11 -1.361456207948768715e-11 -3.975021121372306934e-13 -6.139583539877876881e-12 8.762001273071806201e-13 7.630097686878741164e-12
-1.150477083309381743e-12 -4.633713897996683549e-12 2.300455474074861783e-12 5.596211481688268287e-12 -1.498870941411357242e-12 9.236559107952992078e-12 -6.650808966786511951e-12 -3.480754776744018654e-12 -7.372847685091392945e-12 -6.489724690822852999e-13 5.471806107651102857e-12
-1.103472992758915300e-12 -4.092095149628091770e-12 1.441147242044837645e-12 4.501520006953985421e-12 6.856477195122497692e-13 6.177913272648761474e-12 -2.502260310478040257e-12 -4.129994477449045527e-12 -6.636121265555594401e-12 -1.518394486748563485e-12 3.361517883695715170e-12
-1.038758928413436623e-12 -3.440600130074358221e-12 7.552076685359506964e-13 3.357428158868167305e-12 1.667257919044166223e-12 3.770756351577010036e-12 -5.118778976973588257e-13 -3.182245029998083404e-12 -3.892593942878824255e-12 -1.531175276249038326e-12 1.698343683311243528e-12
-9.525367017037584194e-13 -2.713278482295828175e-12 2.478228545420176713e-13 2.201241756411074868e-12 1.789229393269856686e-12 1.843938533105890046e-12 2.870378122456531760e-13 -1.562175387894854218e-12 -6.213449477638839081e-13 -1.306055268706654086e-12 1.242769079059180078e-12
-8.466530306077694449e-13 -1.978812666912991654e-12 -6.515226658753654768e-14 1.172547293930323091e-12 1.288358332081480115e-12 4.869564903014751128e-13 3.312782376330713385e-13 -1.133855946487150652e-13 1.382734080333161409e-12 -8.842781843394508291e-13 -1.349518361244540216e-13
-7.263188735427906256e-13 -1.304277862183489870e-12 -1.918736266639779234e-13 3.898674031433816447e-13 4.930305131361819267e-13 -2.200196871038009610e-13 2.642080198081433431e-13 3.853938704485935759e-13 7.235456175034727209e-13 -6.446715416305554669e-13 -1.059105561848943003e-12
-5.985661986295445596e-13 -7.403602849550688362e-13 -1.822752886444847910e-13 -6.065671669986197289e-14 -1.537850600544398589e-13 -3.729119796407799011e-13 7.261649786530685676e-14 6.863481261837359742e-14 -1.421840340901441825e-13 -3.009874735978295226e-13 -3.463010295818732538e-13
-4.729097270536302543e-13 -3.179885041180574221e-13 -7.890364676410332936e-14 -2.171355731813163139e-13 -3.363190510699804191e-13 -1.400845489486195354e-13 -1.383205750697876481e-13 -3.581021095907960584e-13 2.926738672642881141e-13 1.824911351782047557e-13 4.288414048226371706e-13
-3.569832769031584447e-13 -4.998301294871411323e-14 6.389296388760615511e-14 -1.854383263949561005e-13 -1.092747702926881686e-13 4.872071904131004194e-14 3.319824707170195947e-14 -2.519415517674947548e-13 -1.004910937556888450e-13 1.369107405965745448e-13 -2.703023030148545058e-13
-2.559706125769224645e-13 9.713715035483155241e-14 1.765876635081718569e-13 -6.011858278452190835e-14 1.289215412489181434e-13 1.253558003827919970e-13 7.641542162622551834e-15 2.768439920109878080e-14 -1.645723333819663832e-14 -6.478215941316161924e-14 -1.291464497075892230e-14
-5.319928179897521017e-13 -5.437546142743488796e-13 -3.383919873676750039e-12 1.265868384067569635e-12 1.109455049186462910e-11 7.782778527521779691e-12 -1.357736929815940190e-11 -1.295400212975384934e-12 1.265759823457644021e-10 -2.690044142850022208e-11 -2.479794426506312867e-11
-6.140148114440384938e-13 -1.088411996271499290e-12 -2.431853132723379492e-12 2.181613178065170111e-12 8.169395568935832478e-12 9.447102314702311155e-12 -1.682809477107166229e-11 1.415663272921482448e-12 1.202102087905695290e-10 -2.322044553228858839e-11 -2.074677159658245501e-11
-7.098861047660890652e-13 -1.773242766878078569e-12 -1.159332989562410246e-12 3.278250796905670555e-12 4.272134417388551002e-12 1.153483433094759431e-11 -2.068064103032343797e-11 4.781829111306518048e-12 1.078093034864959686e-10 -1.868950492333266228e-11 -1.332718696196001761e-11
-8.193720931393304477e-13 -2.562945886218993437e-12 3.165595268854808041e-13 4.487187323596106134e-12 -1.625539113534968595e-13 1.402070386226248691e-11 -2.475235435680513627e-11 8.253910111796809622e-12 9.097468582875946155e-11 -1.373053833473253966e-11 -4.486960688741884150e-12
-9.409329491769550854e-13 -3.412645940423571003e-12 1.872194998284309856e-12 5.747306995805861442e-12 -4.846273344828631220e-12 1.677108791791921864e-11 -2.901990616504298655e-11 1.121484822841278303e-11 7.017450168817783057e-11 -8.686893566375760406e-12 4.181260975683665236e-12
-1.064415724963016159e-12 -4.252006561131129388e-12 3.323416221125451105e-12 6.939975691990225570e-12 -9.049158768109874975e-12 1.933687956369925926e-11 -3.251094200714341580e-11 1.394607547577690647e-11 4.752111743286866129e-11 -2.915419302076462153e-12 1.032211492168463258e-11
-1.170057422534842329e-12 -4.950269372095247956e-12 4.409287041191172307e-12 7.834537430977505975e-12 -1.195798848316238842e-11 2.093961627575719970e-11 -3.417735608267224058e-11 1.464022343737874449e-11 2.612649292184929990e-11 2.330745755430035926e-12 1.205804040796235133e-11
-1.234091477044361019e-12 -5.369233900384025428e-12 4.796049997752720666e-12 8.182778198440480774e-12 -1.230428957757992385e-11 2.052057831144161880e-11 -3.161121484937676761e-11 1.291356130555878751e-11 9.553802692580239875e-12 6.043866153558759574e-12 1.160066804305808398e-11
-1.247132068686519887e-12 -5.443058629740990575e-12 4.404133524341135851e-12 7.791071492025778056e-12 -9.707643445600040120e-12 1.770367836776076632e-11 -2.430829815645690671e-11 6.529150831242731249e-12 -4.632588160066857016e-13 4.374149607005458511e-12 1.010490710799833887e-11
-1.230005837269052775e-12 -5.254729526624074919e-12 3.562635328609111778e-12 6.955386588594294480e-12 -5.795907769597759369e-12 1.386042268613255732e-11 -1.543470587230889573e-11 -3.659522739088108123e-14 -6.104838502337698046e-12 5.944119022554774504e-13 7.791200738327022470e-12
-1.194273908810793811e-12 -4.856422471075020961e-12 2.571030526427652044e-12 5.915800615860526500e-12 -2.150965228849321475e-12 1.002354283227070790e-11 -7.835636678994912007e-12 -3.583539536948689000e-12 -7.636277454376065335e-12 -1.134074098901276326e-12 5.539852224746706370e-12
-1.146802410088280304e-12 -4.309716268067398688e-12 1.666656426409579423e-12 4.782970023628187778e-12 2.887228703740536644e-13 6.755756847791809126e-12 -3.109883674542009496e-12 -4.419165196661333143e-12 -6.965325836901875502e-12 -1.964362103954200324e-12 3.335043855562635427e-12
-1.081726292574561160e-12 -3.645774006415551450e-12 9.383915044298814173e-13 3.595847674979192592e-12 1.462815859441081102e-12 4.170047590812733760e-12 -7.049494837798000752e-13 -3.392457952535904622e-12 -4.113812258131293164e-12 -1.780591501612187784e-12 1.627397130825357939e-12
-9.948448618505909314e-13 -2.898743007473416831e-12 3.949229268221697057e-13 2.387716341192469383e-12 1.704881257661131169e-12 2.094312143636573277e-12 3.215436300721696671e-13 -1.715434267607058872e-12 -6.310233751993554760e-13 -1.473559927073397060e-12 1.214534697934790486e-12
-8.874805534757707119e-13 -2.135946275765812810e-12 4.810647641705375888e-14 1.299309934492002139e-12 1.269597197719566814e-12 6.049290773626192759e-13 4.436854046968437720e-13 -2.081210657229196608e-13 1.509472761139980382e-12 -9.895481553130716498e-13 -1.394541814795764130e-13
-7.645905785864334020e-13 -1.426526542229555404e-12 -1.077597971576214944e-13 4.548156331821019359e-13 4.913563784656794323e-13 -2.086858405202676854e-13 3.604495792761801022e-13 3.938186140648668753e-13 8.311638032314845989e-13 -6.455580800999129269e-13 -1.110688493770053601e-12
-6.331202862990713750e-13 -8.257458486432421609e-13 -1.230801678830405657e-13 -4.734043941337959202e-14 -1.631394832274764335e-13 -4.193709746040158238e-13 1.087233801021625991e-13 9.637222481782165591e-14 -1.412805260997556630e-13 -2.708488200456735444e-13 -3.922198028206556516e-13
-5.027873215636614052e-13 -3.692080639343561140e-13 -3.854080729925255951e-14 -2.375631026320659110e-13 -3.535548129073819021e-13 -1.859374226673067147e-13 -1.664415596704812055e-13 -3.782549848747098129e-13 2.673156405152114876e-13 2.031373325744974397e-13 4.477955076518723214e-13
-3.816318306348815641e-13 -7.481443941044425433e-14 9.358153799970090622e-14 -2.201724448172553783e-13 -1.151202074180216220e-13 3.769563868698135191e-14 1.322270852588560061e-14 -2.825162374146010645e-13 -1.096533426824431994e-13 1.302132124427053168e-13 -2.822275048802414368e-13
-2.752819901417590590e-13 9.057293638100180676e-14 2.011924763029198689e-13 -9.295548804340048322e-14 1.387137455826630626e-13 1.449642089007098402e-13 1.196131956146416938e-14 5.458221823623016389e-14 -7.917029482022444591e-15 -7.454989101523914791e-14 -4.068085345059623935e-15
-5.391247908109735346e-13 -5.126046882560367555e-13 -3.514293610991794105e-12 1.174233439000503310e-12 1.161229323707893462e-11 7.820071618934735668e-12 -1.342675642789564104e-11 -2.869889966039100309e-12 1.294402553712293721e-10 -2.935242964666442585e-11 -2.767448384013023121e-11
-6.224712717711594490e-13 -1.060577211351658353e-12 -2.561168639533993205e-12 2.097854056184105564e-12 8.691710568084418545e-12 9.496676677140185624e-12 -1.674411166844949330e-11 -1.865055510219062301e-13 1.235097751136364711e-10 -2.579175614330311966e-11 -2.391761756101428086e-11
-7.199552445020399323e-13 -1.755124214821374252e-12 -1.272600851918649405e-12 3.218641567389597684e-12 4.738234661705023251e-12 1.161296578089915762e-11 -2.073339399980247211e-11 3.345103361417892537e-12 1.114476885406022836e-10 -2.115740434958310136e-11 -1.642916949523148519e-11
-8.317572032786564557e-13 -2.562137561532744381e-12 2.369109155755268049e-13 4.465858732475404657e-12 1.808816727938870065e-13 1.415759428728946366e-11 -2.500883739126219756e-11 7.099951967841532716e-12 9.474681314815074692e-11 -1.597794564792148667e-11 -7.104505327375514604e-12
-9.570200308568045762e-13 -3.438674403257252311e-12 1.846765958251780822e-12 5.779321521227889322e-12 -4.701176965862117030e-12 1.701644014320709731e-11 -2.956932901340674446e-11 1.040346368332317966e-11 7.383938303535920496e-11 -1.066850013320909681e-11 2.383246837921781494e-12
-1.086167176367645390e-12 -4.315840019556823938e-12 3.375310887830585671e-12 7.041709412756246615e-12 -9.183100207971617548e-12 1.976397262388457900e-11 -3.347050102823851811e-11 1.349984344687294581e-11 5.074711443775278241e-11 -4.622197320008507341e-12 9.405782962477906470e-12
-1.199674138233281721e-12 -5.063465517188848933e-12 4.562525725163228325e-12 8.026322719019983016e-12 -1.245971558889627201e-11 2.164083460625379504e-11 -3.570056315175507097e-11 1.462441715219058668e-11 2.847580472098131323e-11 1.001444234287014663e-12 1.179219263289715507e-11
-1.272255678670762603e-12 -5.535953104052491335e-12 5.054455540594545782e-12 8.477709250268257139e-12 -1.319896628391651962e-11 2.152599245009012133e-11 -3.375220037837622261e-11 1.345731340937158928e-11 1.078819534630453765e-11 5.397309619757160385e-12 1.163725817660904824e-11
-1.290207821923259473e-12 -5.645411837475996540e-12 4.715155631812362432e-12 8.141742384763182638e-12 -1.075296020229225598e-11 1.881110240629762394e-11 -2.657694663780275360e-11 7.267318170096320588e-12 2.110294168661552028e-14 4.190384699835444019e-12 1.029204989540053965e-11
-1.274567730983217484e-12 -5.474691682018042380e-12 3.871399329420291087e-12 7.305311336387594006e-12 -6.714899819348589664e-12 1.486039916257432821e-11 -1.727904370194996961e-11 3.294834394451685155e-13 -6.069523833518315195e-12 3.091494742222854851e-13 7.954142391423693711e-12
-1.238636194662865382e-12 -5.081995110798107757e-12 2.845161650896652989e-12 6.239542541480661031e-12 -2.811898473006776737e-12 1.082096913140112019e-11 -9.036773688716011423e-12 -3.686893339645304392e-12 -7.902933409923474243e-12 -1.625072359555654257e-12 5.608702427484816944e-12
-1.190690389367027291e-12 -4.530140473017233322e-12 1.895136964297210434e-12 5.068083189761871840e-12 -1.137046865523086941e-13 7.341316490955994583e-12 -3.726222191489023877e-12 -4.711694244145527957e-12 -7.298811884852577305e-12 -2.416069782294911976e-12 3.308237481939988192e-12
-1.125246817674577011e-12 -3.853594484108096731e-12 1.123999411672620388e-12 3.837373556236779316e-12 1.255421541765902488e-12 4.574706744756102789e-12 -9.011952128861143188e-13 -3.605197278715757581e-12 -4.337986187893274295e-12 -2.033182710398776640e-12 1.555470915685739269e-12
-1.037697190659722406e-12 -3.086603202177192711e-12 5.439744556603175635e-13 2.576628883964521274e-12 1.619213663553336374e-12 2.348086772050300694e-12 3.560603897475196196e-13 -1.870410111906389230e-12 -6.408775322523494158e-13 -1.643030545940253324e-12 1.185845634767090320e-12
-9.288330723111576832e-13 -2.295117387727947758e-12 1.628798549526691189e-13 1.427745010852766138e-12 1.250429289079878364e-12 7.245722388952136682e-13 5.573284881084058247e-13 -3.038445921906909069e-13 1.637911278229887214e-12 -1.095952582626563305e-12 -1.441424875545626708e-13
-8.033548698930959421e-13 -1.550371073294776458e-12 -2.250846936565049826e-14 5.206448882553224120e-13 4.895548204535119538e-13 -1.970862413904782825e-13 4.578648991990275744e-13 4.024111603292911325e-13 9.401926553291468114e-13 -6.463629733858376980e-13 -1.162982944831263841e-12
-6.681199427569955770e-13 -9.122568143219123229e-13 -6.306742853723806744e-14 -3.381331627841190235e-14 -1.726839086173786806e-13 -4.663601795159668503e-13 1.453218318057584932e-13 1.246295677461771219e-13 -1.402661461103800096e-13 -2.401099106499828161e-13 -4.387210941719384468e-13
-5.330512485788905307e-13 -4.211143026062424131e-13 2.393972209053751212e-15 -2.582254801694144121e-13 -3.710570964226623369e-13 -2.323667247999278867e-13 -1.948891620311890384e-13 -3.985659484941695165e-13 2.416273713059902608e-13 2.241412305638998231e-13 4.669518809255590237e-13
-4.066001935473862034e-13 -9.998724697296835774e-14 1.236962486484753064e-13 -2.553455027804933573e-13 -1.210749445149388403e-13 2.649112306788574930e-14 -7.021913248568185068e-15 -3.134491964511443875e-13 -1.189634508606111517e-13 1.234390739369553772e-13 -2.942737237109383202e-13
-2.948449307068461214e-13 8.390940512763758617e-14 2.261484948083413335e-13 -1.262216831879754790e-13 1.486082034961450787e-13 1.647907084995343884e-13 1.630756155477325297e-14 8.180581672950597855e-14 7.848953825807535583e-16 -8.449816455259488890e-14 4.950436000926385358e-15
-5.485848097187240595e-13 -4.712866795043711344e-13 -3.687224454850332918e-12 1.052686651153197529e-12 1.229903960230409407e-11 7.869538058688950011e-12 -1.322697989137472016e-11 -4.958330888953364055e-12 1.332394955615852959e-10 -3.260480552036374004e-11 -3.148999480729421712e-11
-6.336881225287444309e-13 -1.023656484461915349e-12 -2.732695822324482159e-12 1.986753947687730950e-12 9.384521684259929347e-12 9.562433286837349123e-12 -1.663271444763329073e-11 -2.311660660160271014e-12 1.278863987693661537e-10 -2.920240410262322397e-11 -2.812350357881517298e-11
-7.333111917350307550e-13 -1.731091331064862205e-12 -1.422842056329711251e-12 3.139574453211309275e-12 5.356481185517908535e-12 1.171660119286207781e-11 -2.080336677551911823e-11 1.439395904176698215e-12 1.162737294930859209e-10 -2.443088524219002117e-11 -2.054371341642126935e-11
-8.481851089914678415e-13 -2.561065377002953500e-12 1.312630891832169272e-13 4.437567972503724498e-12 6.364228586754938497e-13 1.433916900813441418e-11 -2.534904260019266996e-11 5.569314232259312661e-12 9.975025306664618944e-11 -1.895896052594008928e-11 -1.057647923354708414e-11
-9.783583201433305314e-13 -3.473199175462410231e-12 1.813036268002218815e-12 5.821786347221761531e-12 -4.508717646824335341e-12 1.734188119050899943e-11 -3.029809660324230361e-11 9.327223771589819558e-12 7.870056935456392156e-11 -1.329695054069960217e-11 -1.682190973458316165e-15
-1.115018821185397189e-12 -4.400510242434398858e-12 3.444145212581226959e-12 7.176651448014430234e-12 -9.360763330629658055e-12 2.033047906481437773e-11 -3.474328305770392836e-11 1.290795057629722688e-11 5.502615408109012380e-11 -6.886108564570521533e-12 8.190338287638631751e-12
-1.238958457882927757e-12 -5.213611589223220925e-12 4.765785180666131532e-12 8.280711309105316312e-12 -1.312521842515212933e-11 2.257094737020226618e-11 -3.772098145185280977e-11 1.460345129786059618e-11 3.159198813447769399e-11 -7.617731492454936416e-13 1.143956575974669447e-11
-1.322877588323820529e-12 -5.757093442560755635e-12 5.397210836426867915e-12 8.868912851797088706e-12 -1.438568688288437912e-11 2.285959782136962264e-11 -3.659205482960594130e-11 1.417855920839610946e-11 1.242552331934126313e-11 4.539701537308711062e-12 1.168579219110594856e-11
-1.347344531270737053e-12 -5.913817972484757803e-12 5.127702799894885511e-12 8.606880647016096742e-12 -1.213949337598873482e-11 2.028001615608833169e-11 -2.958613629671238406e-11 8.246441002353098945e-12 6.635719804003918083e-13 3.946634519184168948e-12 1.054028055824288258e-11
-1.333675692682846301e-12 -5.766454747263355587e-12 4.280951291833086872e-12 7.769459895208054903e-12 -7.933872880827029439e-12 1.618679189715119383e-11 -1.972541755985419171e-11 8.150589525908940264e-13 -6.022681602943107868e-12 -6.922944437343660260e-14 8.170272093264868949e-12
-1.297479391759192243e-12 -5.381200057368918858e-12 3.208775737797562017e-12 6.668961579116133517e-12 -3.688576157787986468e-12 1.187869446375681602e-11 -1.062999058134309716e-11 -3.823984294531637094e-12 -8.256632247127282729e-12 -2.276344212619328054e-12 5.700026978531750789e-12
-1.248904454923715860e-12 -4.822516413082296258e-12 2.198199020780549177e-12 5.446264116940092483e-12 -6.474942385287500716e-13 8.118016819865040433e-12 -4.543748360749117707e-12 -5.099711774321889311e-12 -7.741155758410352896e-12 -3.015225664748945139e-12 3.272680861556159293e-12
-1.182973483290081994e-12 -4.129252539278501982e-12 1.370194184810216892e-12 4.157739266168543584e-12 9.803287487776906069e-13 5.111456334686824994e-12 -1.161500248259304213e-12 -3.887379812624328956e-12 -4.635335853056008620e-12 -2.368225738161401845e-12 1.460066258843113394e-12
-1.094537544820342526e-12 -3.335785460813693439e-12 7.416799734864435670e-13 2.827207002954016974e-12 1.505582112331910619e-12 2.684699515598088442e-12 4.018442460669615304e-13 -2.075973781886315603e-12 -6.539483214271760042e-13 -1.867820432452978356e-12 1.147791772561671194e-12
-9.836840427335255027e-13 -2.506245760764882568e-12 3.151180135444667201e-13 1.598104371084340568e-12 1.225004514216920102e-12 8.832697936199054658e-13 7.080673955744451303e-13 -4.308145703785164969e-13 1.808275202038140012e-12 -1.237089962554024336e-12 -1.503611688782381836e-13
-8.547727534798395568e-13 -1.714641424112060050e-12 9.057093413131364266e-14 6.079623885232313351e-13 4.871651900858655313e-13 -1.817002549362160737e-13 5.870789125963498169e-13 4.138085190423735447e-13 1.084811135446612532e-12 -6.474306022451802706e-13 -1.232347555993572695e-12
-7.145443246696578445e-13 -1.027007030475508718e-12 1.653490668460554678e-14 -1.587061604406883947e-14 -1.853438628979534464e-13 -5.286877859570615555e-13 1.938668947055495975e-13 1.621107842141148363e-13 -1.389206479872528784e-13 -1.993370844825520033e-13 -5.004015204518687125e-13
-5.731940456844608333e-13 -4.899639805047464577e-13 5.669084438825056251e-14 -2.856325523796176498e-13 -3.942725440950947629e-13 -2.939516630963046536e-13 -2.326227430303999624e-13 -4.255068966702559330e-13 2.075538353374054336e-13 2.520013037636402628e-13 4.923613527336867297e-13
-4.397188277303348313e-13 -1.333770618376157665e-13 1.636411221298461616e-13 -3.019998891325488412e-13 -1.289734503053485705e-13 1.162918509573634726e-14 -3.387486454071194061e-14 -3.544794139318901151e-13 -1.313126012221162989e-13 1.144536941797341049e-13 -3.102521165525948310e-13
-3.207936833406621364e-13 7.507073753017974709e-14 2.592507553155437589e-13 -1.703467611873452737e-13 1.617324493043837252e-13 1.910890523069311275e-13 2.207252102422831476e-14 1.179158498157717656e-13 1.232733698978722943e-14 -9.769379280191283950e-14 1.691281876982418775e-14
-5.394858346088662088e-13 -5.098531696390667935e-13 -3.519162072374321645e-12 1.158282108388557124e-12 1.165497729886856772e-11 7.822445415967690804e-12 -1.337629129789297033e-11 -3.157239940704304579e-12 1.294661369799935829e-10 -2.971655695548333485e-11 -2.818148961974932515e-11
-6.229244039738484154e-13 -1.057126814946784437e-12 -2.567189125585413642e-12 2.078098388533842963e-12 8.746458838031704678e-12 9.499296897401574423e-12 -1.668395873096915906e-11 -5.440757642919777626e-13 1.235623387593459636e-10 -2.625219905134791768e-11 -2.458944346610398136e-11
-7.204687540795549621e-13 -1.751290338038813350e-12 -1.279445494465954294e-12 3.197427217175188516e-12 4.801044797053405198e-12 1.161442738087632169e-11 -2.067327289343494261e-11 2.957788778383900729e-12 1.115598874810503941e-10 -2.166735341539474411e-11 -1.722252795410879689e-11
-8.322963453991774194e-13 -2.558434645689436916e-12 2.298637290159961260e-13 4.446406644504014018e-12 2.448515483667692388e-13 1.415671669546496209e-11 -2.496124696024793854e-11 6.739083116239177242e-12 9.494730158988949946e-11 -1.647740267921729793e-11 -7.914632052072367076e-12
-9.576057777486977299e-13 -3.435681596251838528e-12 1.840622449341565128e-12 5.763476712586429585e-12 -4.643410732187991836e-12 1.701407828563746912e-11 -2.954137632502681974e-11 1.009592372937526784e-11 7.412419967345840045e-11 -1.112707799682586518e-11 1.657653432276528789e-12
-1.086925553058611134e-12 -4.314442657085411686e-12 3.371874746218182509e-12 7.031199241097070961e-12 -9.140819175992775617e-12 1.976267459806610431e-11 -3.347301710862612561e-11 1.325766515497191853e-11 5.112742884787795469e-11 -5.026249146635492769e-12 8.854754182277102855e-12
-1.200974159643560018e-12 -5.065287913246190547e-12 4.566039912239716543e-12 8.022757588291192861e-12 -1.244780280222730934e-11 2.165588461918359658e-11 -3.575643266699184888e-11 1.443177458921664800e-11 2.888804451220539440e-11 6.157308633819053307e-13 1.143401378468841010e-11
-1.274913677266282995e-12 -5.544775389081177037e-12 5.074592440521448724e-12 8.488991227473731747e-12 -1.325868803302134730e-11 2.159708826348815834e-11 -3.394156316819168604e-11 1.335242695853100420e-11 1.110394338139999815e-11 5.052768984928792983e-12 1.144491242792822678e-11
-1.294886015263223765e-12 -5.664731248081332507e-12 4.760093225057163117e-12 8.180640423415181732e-12 -1.093169829943900937e-11 1.897759491697143883e-11 -2.699984191288212926e-11 7.393131578057098513e-12 1.405286259250143311e-13 4.079629399306573556e-12 1.020412764825391939e-11
-1.279981990284096779e-12 -5.498903163228099211e-12 3.925294844376581537e-12 7.354547897032950801e-12 -6.930501326635555752e-12 1.505133513778305529e-11 -1.775386141451219848e-11 5.351364682643929393e-13 -6.009284077631490081e-12 3.213333308186426372e-13 7.929881276758274640e-12
-1.244288033328408638e-12 -5.109678257843166517e-12 2.900573647784840728e-12 6.290585968885833773e-12 -3.014339049720833121e-12 1.100214175828288704e-11 -9.453962102695280620e-12 -3.545254916857489394e-12 -7.907667756364456358e-12 -1.640585115353475225e-12 5.597929029581616493e-12
-1.196052279731469104e-12 -4.558712383505783358e-12 1.944357228076112659e-12 5.114257328201159214e-12 -2.668162249657095770e-13 7.484604829953904913e-12 -4.016855803002727329e-12 -4.699310565225449873e-12 -7.344317782242384174e-12 -2.507743316732047329e-12 3.290242797305140000e-12
-1.130384676889777260e-12 -3.881877795215623240e-12 1.166349392352283098e-12 3.878150535997749027e-12 1.152922139605578476e-12 4.679547687024271452e-12 -1.063126507912519877e-12 -3.588139670356598519e-12 -4.378950915668441987e-12 -2.053147553383206460e-12 1.521150614033611017e-12
-1.042777592658765150e-12 -3.114476118527464034e-12 5.812871777431728706e-13 2.612350169333885880e-12 1.552665479843286173e-12 2.424561781855816841e-12 2.887242889710063296e-13 -1.840365386936887433e-12 -6.421282086244749454e-13 -1.626951651091167947e-12 1.149058009095490415e-12
-9.338797830928977496e-13 -2.321787372462366638e-12 1.958491455347781374e-13 1.457181714181939334e-12 1.210543997250875833e-12 7.767443182724471342e-13 5.525405208111070792e-13 -2.864435248817084816e-13 1.683158046454373461e-12 -1.078807113962632506e-12 -1.610086926402435959e-13
-8.083630001168038356e-13 -1.574359207959049167e-12 6.108833336835339820e-15 5.417010443034016020e-13 4.662340104487473968e-13 -1.725589826663151555e-13 4.769877383257918909e-13 4.117610665480431045e-13 9.624955569404539256e-13 -6.294908490222941876e-13 -1.179112222488624814e-12
-6.729956708637124148e-13 -9.319375179267007818e-13 -3.873145755383375721e-14 -2.244169154634540635e-14 -1.873296890559280871e-13 -4.646136860531141756e-13 1.669081309234034309e-13 1.581912470830168079e-13 -1.224215658647340894e-13 -2.018227528183135652e-13 -4.412311643263949952e-13
-5.376226118488218323e-13 -4.353723576214221769e-13 2.167626747804239942e-14 -2.562832679209126546e-13 -3.815235696371235039e-13 -2.458266588944080780e-13 -1.934120363921215189e-13 -3.793259010661200086e-13 2.155520257884274312e-13 2.376058146736034986e-13 4.649287720080501809e-13
-4.107053900062324387e-13 -1.087665261002253530e-13 1.382507094158753613e-13 -2.601764682283197345e-13 -1.282632293489454838e-13 1.360298371836021627e-14 -1.609708842832648929e-14 -3.090347013990400281e-13 -1.310755845313321461e-13 1.218250497035430345e-13 -2.869238061621196120e-13
-2.983465600967347936e-13 7.964072951515011784e-14 2.369314688097575599e-13 -1.339824787212076096e-13 1.463974616187079334e-13 1.607594232014058803e-13 1.238362501903592731e-14 9.343685931883147101e-14 1.678365078109024476e-14 -8.799547096190419531e-14 1.853132620083798999e-14
-5.470818700064300938e-13 -4.754619219631694302e-13 -3.656026107685828121e-12 1.048619226811646494e-12 1.222370397604445040e-11 7.862878580752901514e-12 -1.317036977884530016e-11 -5.055924882387532800e-12 1.323876364653780682e-10 -3.258314310751931796e-11 -3.163568631599642052e-11
-6.319587054027649282e-13 -1.025356233078950285e-12 -2.704103881449717849e-12 1.972233657742110898e-12 9.332652220665076286e-12 9.552549880742311695e-12 -1.653475237727787543e-11 -2.547883009227765955e-12 1.269496848546013496e-10 -2.934446731881656495e-11 -2.852215396943201371e-11
-7.312012584934863585e-13 -1.728939767783081369e-12 -1.400895238007931806e-12 3.114198093021364658e-12 5.339162610876710892e-12 1.169556998789106701e-11 -2.066160729331586054e-11 1.085095681790324253e-12 1.153488313583294052e-10 -2.471308926089978724e-11 -2.122341928395373499e-11
-8.454006000367006421e-13 -2.553741012302662656e-12 1.422748364192852220e-13 4.403693659936761035e-12 6.602678543545084038e-13 1.429486925626350331e-11 -2.516890176384907759e-11 5.178912103235620155e-12 9.896515146707163728e-11 -1.929213256094488265e-11 -1.144703665001956976e-11
-9.745047666825725893e-13 -3.458891321812433634e-12 1.808856809285203955e-12 5.778552367083985347e-12 -4.435041506251407089e-12 1.726039274975000011e-11 -3.006637239413906894e-11 8.938895453242177231e-12 7.812386635305073410e-11 -1.363097380380021697e-11 -9.583482831838267681e-13
-1.109732570600381449e-12 -4.377572142144330674e-12 3.421131794939243392e-12 7.122525328268363541e-12 -9.230941975347280323e-12 2.019381766634645764e-11 -3.444527959916880323e-11 1.254110670512778650e-11 5.478551345899944602e-11 -7.192553593155111674e-12 7.315295350644331976e-12
-1.232290948337206355e-12 -5.181694000927959922e-12 4.724924638219067012e-12 8.212614911853852478e-12 -1.294156036876970577e-11 2.238065661009726664e-11 -3.735468388982819066e-11 1.420659658102941572e-11 3.169953533544919771e-11 -1.143041957541083597e-12 1.075799769522414297e-11
-1.316263502217392825e-12 -5.722463559002664891e-12 5.356812302248846184e-12 8.798141401789679078e-12 -1.422275769106922593e-11 2.268605816229179294e-11 -3.629984831223191361e-11 1.377965552294288958e-11 1.269446993819796201e-11 4.020321779328826980e-12 1.125706496063449137e-11
-1.343405839567510121e-12 -5.889778161182776389e-12 5.122452594679465788e-12 8.575934278376358031e-12 -1.217763976678167675e-11 2.027385198549419771e-11 -2.974263051451835296e-11 8.263345240962834924e-12 7.605777618630123605e-13 3.759968063344216044e-12 1.028556690096077754e-11
-1.330855437334491416e-12 -5.747229789321793624e-12 4.295656201726122094e-12 7.761312598455502801e-12 -8.093055222632922430e-12 1.626886031359010933e-11 -2.013444962370294352e-11 1.130338849549811547e-12 -5.909221947428042285e-12 4.641534069253452534e-14 8.063922304207586613e-12
-1.295247213036850280e-12 -5.367399148343989507e-12 3.237930147739834194e-12 6.673097567037366486e-12 -3.904872083327702701e-12 1.200650883579439602e-11 -1.112941260510374620e-11 -3.486484255955433367e-12 -8.179596557045078729e-12 -2.147222145302937531e-12 5.654705824325320572e-12
-1.246220510297484407e-12 -4.812249970843766998e-12 2.228907876046913818e-12 5.452648539518892369e-12 -8.431057672388593729e-13 8.234248813276278408e-12 -4.964875870885494769e-12 -4.972383589802831964e-12 -7.731116184911445406e-12 -3.058460478366499630e-12 3.244601443641772983e-12
-1.179934521873083598e-12 -4.122399933755299899e-12 1.400224051694011955e-12 4.166608851340489699e-12 8.283063419035480308e-13 5.204817485339944446e-12 -1.448000193576231285e-12 -3.782733738205858617e-12 -4.652160417632978087e-12 -2.330954895731469229e-12 1.411368269173446886e-12
-1.091568548100234657e-12 -3.334295563220831260e-12 7.725449905371892154e-13 2.842043883978992730e-12 1.391110622241098479e-12 2.765769388970954409e-12 2.422644920933235767e-13 -1.960320633767365092e-12 -6.554849088438959817e-13 -1.777870423945729046e-12 1.079861648606642075e-12
-9.811024610783497002e-13 -2.511322116399103886e-12 3.477104599426174072e-13 1.618967062260668576e-12 1.145732571388891820e-12 9.559083035647614477e-13 6.563821329531576056e-13 -3.593187394544106484e-13 1.860222700734366614e-12 -1.163702036586741858e-12 -1.860723721926127829e-13
-8.529197258604188011e-13 -1.725379167050655366e-12 1.234273883237535651e-13 6.313228124341694568e-13 4.375979776755729595e-13 -1.322552829063451017e-13 5.929784935324092943e-13 4.324496877743518495e-13 1.098391677821841322e-12 -6.098462745861195362e-13 -1.249768802229141839e-12
-7.136038301888966068e-13 -1.040688520660300352e-12 4.855942921878684121e-14 3.938345802922276607e-15 -2.139621263542882999e-13 -5.086046480239301725e-13 2.261708351077282255e-13 2.250989105017310120e-13 -1.008718324581726874e-13 -1.260412298448019332e-13 -4.917891729029251841e-13
-5.731237934996212076e-13 -5.034310029253572329e-13 8.434365865207689979e-14 -2.745441859340567320e-13 -4.112809685892756811e-13 -3.060456250950765883e-13 -2.200084617436233616e-13 -3.780447503756331854e-13 1.635476367546247876e-13 2.753515395896386803e-13 4.810979802572245190e-13
-4.403612896550770050e-13 -1.439051218311860352e-13 1.848962435810192816e-13 -3.006149057260929344e-13 -1.426212729973416462e-13 -1.165617822359654421e-14 -4.613645488812690856e-14 -3.352034686073744618e-13 -1.527396938838822299e-13 1.132521982819402685e-13 -2.905151674713700141e-13
-3.218988151263346872e-13 6.810282670379171407e-14 2.742624038606457960e-13 -1.758702522767369160e-13 1.535030712504557754e-13 1.759186305857381365e-13 1.200703304490473324e-14 1.316475753594715331e-13 4.272625709898808072e-14 -1.035614000831568601e-13 4.326266423705179017e-14
-5.571578212460673532e-13 -4.298416734611622131e-13 -3.837560347218938262e-12 9.031235604549156197e-13 1.297813539680182858e-11 7.916524866821398574e-12 -1.289711431592729668e-11 -7.575058473190380209e-12 1.362624915357525008e-10 -3.638618568385625366e-11 -3.621887357259188860e-11
-6.439425851772566046e-13 -9.832107438404103090e-13 -2.885702389441169419e-12 1.831758988598567831e-12 1.011028268827896498e-11 9.623208090292269988e-12 -1.633667596120240435e-11 -5.206765959001410649e-12 1.314423339045980842e-10 -3.344723827478273037e-11 -3.374078714025442463e-11
-7.454378700978091038e-13 -1.699287707761372687e-12 -1.561977094276667787e-12 3.003729156254781616e-12 6.053059690126199369e-12 1.180322996211737925e-11 -2.064591577656571045e-11 -1.400218668579319989e-12 1.203740486084964741e-10 -2.875456796718784656e-11 -2.653331607912484925e-11
-8.627831936822023009e-13 -2.547509242441546567e-12 2.610907683713987200e-14 4.346961896848355204e-12 1.211430581455971962e-12 1.447814446507169089e-11 -2.544413009029680731e-11 3.108057124870251332e-12 1.042941568423438842e-10 -2.302740515508094071e-11 -1.613586316424664808e-11
-9.969207137318752582e-13 -3.489671750956765860e-12 1.766737241556492940e-12 5.798478461351598325e-12 -4.158506013507193308e-12 1.758712726192961660e-11 -3.076257259798318921e-11 7.402888336752363247e-12 8.342902350030400005e-11 -1.695396253215449760e-11 -4.431588632688989243e-12
-1.139984930739290263e-12 -4.461304128488620442e-12 3.486481938246600590e-12 7.243603938936354507e-12 -9.350344077702527753e-12 2.076570149993306614e-11 -3.573480012235958782e-11 1.158957478866087630e-11 5.963786659642726786e-11 -1.006758010804296574e-11 5.270359509073816583e-12
-1.273830688542691483e-12 -5.336094959856015897e-12 4.935685373138717708e-12 8.464405142946038708e-12 -1.359637765388981332e-11 2.334198801433086618e-11 -3.947459850424087319e-11 1.390714361000731275e-11 3.542945022585281269e-11 -3.477125464645111118e-12 9.858845497562613339e-12
-1.371111378408906005e-12 -5.958150503810592373e-12 5.731167539761441412e-12 9.208159021109587883e-12 -1.550140593126950353e-11 2.413044191279946141e-11 -3.942786820352462009e-11 1.434548411557862036e-11 1.480516900725277923e-11 2.649427366582226435e-12 1.100609492747626495e-11
-1.407770693750938621e-12 -6.188309775040575657e-12 5.603182045119919066e-12 9.100285177581246416e-12 -1.383054861392785457e-11 2.199350016401979941e-11 -3.338147306738921144e-11 9.417233612896807907e-12 1.583564902391710317e-12 3.334714423623982794e-12 1.039242372911937559e-11
-1.398348871072209148e-12 -6.076670786218732215e-12 4.787077374573046298e-12 8.300985937317429597e-12 -9.635811427689853956e-12 1.788442316549916066e-11 -2.329382087322481618e-11 1.920653932351934578e-12 -5.776339208207151888e-12 -3.182275524888303040e-13 8.241288288422905500e-12
-1.362856799362596230e-12 -5.709310437583341965e-12 3.685599920533095773e-12 7.180625782255291478e-12 -5.086961583564809882e-12 1.333943662084710705e-11 -1.335373867908907209e-11 -3.407439785103237054e-12 -8.540161615011436213e-12 -2.818887150629128096e-12 5.729853619269575785e-12
-1.312780693026108096e-12 -5.148621125918096335e-12 2.606525484729862624e-12 5.901658037953433710e-12 -1.608281830496492318e-12 9.229240927987014310e-12 -6.224034922070758068e-12 -5.333862411784431248e-12 -8.244318080930448231e-12 -3.788824792666364464e-12 3.184031351766914017e-12
-1.245673478193363136e-12 -4.441509515144192532e-12 1.710607326798467346e-12 4.549368898218638886e-12 3.971025483828359037e-13 5.902083151038904953e-12 -1.959827472769888653e-12 -4.040652155050519840e-12 -5.014823753343433315e-12 -2.699624298965746172e-12 1.265633825672703539e-12
-1.156299235244452746e-12 -3.625939312062485881e-12 1.026371269761796100e-12 3.146835264056897337e-12 1.176391259141811625e-12 3.218740357138936510e-12 1.798280976088535602e-13 -2.119036495202458899e-12 -6.733636394962532385e-13 -1.977792047295876470e-12 9.879223962861325911e-13
-1.043752037279634758e-12 -2.762794324072114850e-12 5.492634572227629868e-13 1.833665908791310949e-12 1.059472067399835163e-12 1.193849397216551238e-12 7.936964253736581388e-13 -4.556061761100108777e-13 2.095095499945085846e-12 -1.275993238919200350e-12 -2.194938384922698389e-13
-9.120325972948433221e-13 -1.925762636555988581e-12 2.791486059474967382e-13 7.502868015293225533e-13 3.994251777701619222e-13 -7.857464970526568340e-14 7.466721340176123434e-13 4.600767651614301380e-13 1.278910246761555583e-12 -5.835726004281373485e-13 -1.343507682738970412e-12
-7.674790603236993612e-13 -1.185001474220918994e-12 1.644440743168838001e-13 3.899302967900990081e-14 -2.494147940638686802e-13 -5.668390366166149142e-13 3.047573021832703864e-13 3.140593400295267425e-13 -7.216492737949596033e-14 -2.521891237596622186e-14 -5.589356079683732384e-13
-6.202248291799413580e-13 -5.937613644658869811e-13 1.675574890043979426e-13 -2.987256334716054120e-13 -4.508330540323023788e-13 -3.858837479016481791e-13 -2.552548850175832129e-13 -3.762330093839410871e-13 9.459533656513642083e-14 3.255845477328329569e-13 5.024598665391498741e-13
-4.797084829529284142e-13 -1.905548288431986996e-13 2.468452432542260729e-13 -3.542447789681731528e-13 -1.617288010710062572e-13 -4.519089511957754688e-14 -8.600215745459887691e-14 -3.698790768469322506e-13 -1.814554575501547710e-13 1.018806427183370322e-13 -2.952197460953517113e-13
-3.531491743019912264e-13 5.277204592777890338e-14 3.238431366737776882e-13 -2.314457910195143438e-13 1.628856803625265153e-13 1.959813749205140976e-13 1.145974293987389406e-14 1.822547228254187658e-13 7.715966906387156754e-14 -1.243247920555107307e-13 7.617457177259479156e-14
-5.551760621847230298e-13 -4.375800956611115371e-13 -3.799087064669404791e-12 9.181156177587617898e-13 1.284829139417633544e-11 7.907516336312118276e-12 -1.290014086984443699e-11 -7.330880671683528332e-12 1.353468358137670695e-10 -3.592237144171069481e-11 -3.577793526477472549e-11
-6.416192817293992645e-13 -9.892940083788890634e-13 -2.848134475256421204e-12 1.840195275837842956e-12 9.989967946613070329e-12 9.611068394068409851e-12 -1.630769961089583936e-11 -5.028546445709801485e-12 1.303976805536257690e-10 -3.304401153568258963e-11 -3.338101981641141780e-11
-7.426606609132359168e-13 -1.701890077431782939e-12 -1.529815340075962377e-12 3.001945286623797075e-12 5.959151016043588719e-12 1.178187976599164664e-11 -2.056922433327660800e-11 -1.323424172987635386e-12 1.192538053040819534e-10 -2.845413525384618977e-11 -2.634716799637423954e-11
-8.592907121104828247e-13 -2.544679144793505436e-12 4.760641732480363900e-14 4.333939398660286957e-12 1.158895647725779545e-12 1.443609815265596425e-11 -2.531229095352613233e-11 3.108085669913497044e-12 1.032074414244692703e-10 -2.280543391443505528e-11 -1.614210959667239612e-11
-9.922784620007676315e-13 -3.478848732522629630e-12 1.771691290260089691e-12 5.771493440408106564e-12 -4.151940585126214707e-12 1.750883674285353279e-11 -3.055484080997182056e-11 7.340408370340248960e-12 8.245715436689516318e-11 -1.678843744920294892e-11 -4.635856372580630324e-12
-1.133651160512056166e-12 -4.439665761798582528e-12 3.468681476848273850e-12 7.199200916451848492e-12 -9.266820218351317336e-12 2.062933005834085969e-11 -3.542257298524613952e-11 1.147548370338471402e-11 5.889622592075042728e-11 -9.936076583067664825e-12 4.936694756458173410e-12
-1.265358978148437613e-12 -5.301140924346099081e-12 4.890341309078171801e-12 8.397627560067773798e-12 -1.341908784761732795e-11 2.312754578572756756e-11 -3.902582125426153407e-11 1.371510660034106960e-11 3.502905248333204559e-11 -3.421921258972734600e-12 9.493361102219431485e-12
-1.360874868798550029e-12 -5.911044185336712084e-12 5.663954559318980950e-12 9.118358407370737260e-12 -1.524871683736005973e-11 2.385584820129128038e-11 -3.887334137989988637e-11 1.402766053128523649e-11 1.471706015735389695e-11 2.494408944406733006e-12 1.071675340882739149e-11
-1.397950883684586635e-12 -6.139576134321967815e-12 5.543110347284581725e-12 9.018293470742168095e-12 -1.364608166922496435e-11 2.178055720290176235e-11 -3.301972275896801044e-11 9.241676428517702900e-12 1.555252287322724824e-12 3.215606414859715073e-12 1.017909908992444173e-11
-1.389091813621064119e-12 -6.028161622337622428e-12 4.740062185748467217e-12 8.234907534588388755e-12 -9.552931219492075789e-12 1.774972109048306153e-11 -2.317821903376738385e-11 2.015661804675964504e-12 -5.732312440828493229e-12 -2.171010593890162882e-13 8.138802909303701896e-12
-1.354032189263949618e-12 -5.662252887503006690e-12 3.652910601656316060e-12 7.126174177477362015e-12 -5.089015363768571344e-12 1.327071750751230770e-11 -1.342396882702372315e-11 -3.186750960801371362e-12 -8.447585466427218239e-12 -2.645174894670883378e-12 5.688203985715441249e-12
-1.303868607522033519e-12 -5.104486765032005047e-12 2.583121635711830335e-12 5.856198507452243784e-12 -1.649607029727534479e-12 9.195472276292531802e-12 -6.366566886669340850e-12 -5.175950395115588352e-12 -8.182287220248725329e-12 -3.702878939621464485e-12 3.177654005413209457e-12
-1.236636065208043133e-12 -4.401356561585830293e-12 1.694653052757047909e-12 4.512566691019669392e-12 3.414061100486957272e-13 5.889547336230050931e-12 -2.115555401522622711e-12 -3.944922532213780286e-12 -4.993716808372004457e-12 -2.646026934215130921e-12 1.255485834879660603e-12
-1.147307305062058523e-12 -3.591438787399421622e-12 1.016203668983532665e-12 3.121451805229868024e-12 1.122851556888937344e-12 3.222336785335080468e-12 5.789210684077626367e-14 -2.018014884292315759e-12 -6.825209027838195216e-13 -1.892950183299487219e-12 9.595525862417734347e-13
-1.035141401227065459e-12 -2.736492549372644941e-12 5.456338938336463115e-13 1.821776543578812955e-12 1.014272808383217095e-12 1.215853687083118563e-12 7.212513740576776713e-13 -3.827927156941582165e-13 2.088339366154185871e-12 -1.204717943018726057e-12 -2.442374836840093834e-13
-9.041799685552213543e-13 -1.908685242820554236e-12 2.807807072205837565e-13 7.511963056876021616e-13 3.686365690289137216e-13 -4.759794212487390307e-14 7.170626826042629957e-13 4.775998449787917595e-13 1.278165419900325480e-12 -5.548161452745114870e-13 -1.342115743471163299e-12
-7.607172091456244100e-13 -1.176424337049276665e-12 1.705103375833025659e-13 4.781717562352097544e-14 -2.666974587199154772e-13 -5.415630374810328083e-13 3.072296943254794269e-13 3.466881010828105459e-13 -5.012146802762361754e-14 1.709206514801840839e-14 -5.525404794705096949e-13
-6.147420296670498720e-13 -5.917806587513102668e-13 1.753855465126691706e-13 -2.875573880013121892e-13 -4.591889241681212305e-13 -3.776548529305903274e-13 -2.426247671822439958e-13 -3.460154466222003679e-13 8.682272708869979548e-14 3.421696180311610919e-13 4.881243224562102128e-13
-4.755410799606445687e-13 -1.920327741106505112e-13 2.537093145675592904e-13 -3.458102077508260078e-13 -1.698061333086833358e-13 -5.347901756778944910e-14 -8.750571269238411244e-14 -3.536522150116952342e-13 -1.867400323040534625e-13 1.033520506639606650e-13 -2.824947924355645496e-13
-3.502072298731649853e-13 4.976616730857918217e-14 3.286088611602475606e-13 -2.275299012281736141e-13 1.548270360309701603e-13 1.833426229937089218e-13 3.414825219445573160e-15 1.762377749146484482e-13 8.741166820084814481e-14 -1.326424787954720886e-13 9.019003178060822677e-14
-5.659240230902254319e-13 -3.872471639319927901e-13 -3.988635814262953987e-12 7.438371809477739098e-13 1.367857157980576269e-11 7.967225740425885787e-12 -1.253792990067971791e-11 -1.037016616691363767e-11 1.392618814718071349e-10 -4.037520010414405079e-11 -4.132052480398686682e-11
-6.544502538954023658e-13 -9.413343822037884140e-13 -3.038844871399225835e-12 1.663309737501040799e-12 1.086463826239275273e-11 9.689442592397516120e-12 -1.600110841689136067e-11 -8.351151720095454499e-12 1.349569030105853470e-10 -3.798746077998847568e-11 -3.989923892172258614e-11
-7.578836984136341048e-13 -1.665838767842535808e-12 -1.700333343268972863e-12 2.850644152252688701e-12 6.785471058592878588e-12 1.189741581303412241e-11 -2.043941912137225651e-11 -4.562375751916065099e-12 1.244145924814326370e-10 -3.346754037479718687e-11 -3.324613357983490609e-11
-8.777394336723448357e-13 -2.532475328454125551e-12 -7.736139835228647259e-14 4.238751081780375351e-12 1.824981123996353256e-12 1.462443663263620982e-11 -2.549509609428570592e-11 3.125741821582915083e-13 1.088189696426612505e-10 -2.752569809413549852e-11 -2.248796950241575075e-11
-1.015875537067629864e-12 -3.505158071463967348e-12 1.723057567341291364e-12 5.759631476166903255e-12 -3.771557206947560380e-12 1.783907602166127820e-11 -3.119680457646770995e-11 5.174831294088035570e-12 8.819850299331265670e-11 -2.103813905199633186e-11 -9.631189137899507422e-12
-1.165394336030842035e-12 -4.521899627466908388e-12 3.532409756140785453e-12 7.298785736915393945e-12 -9.309830925309788685e-12 2.120737001373074978e-11 -3.671475959162768772e-11 1.002394831551620965e-11 6.435092812319518364e-11 -1.363225521594924458e-11 1.675567863487583652e-12
-1.309231704736239326e-12 -5.459505090226877246e-12 5.110330891875571176e-12 8.641538935794867883e-12 -1.404874485907466099e-11 2.411763567179314935e-11 -4.124078911199501502e-11 1.303587395978653269e-11 3.946496209265106601e-11 -6.488161376056580332e-12 7.726086290034849879e-12
-1.420059554634116664e-12 -6.161118677439284487e-12 6.071902723323666351e-12 9.541611858823252896e-12 -1.660596182404910651e-11 2.540600935654984342e-11 -4.228517443853942048e-11 1.432958274263607184e-11 1.742993500360170866e-11 4.244674602698397410e-13 9.930574796723880610e-12
-1.470471885775048495e-12 -6.471479939269313250e-12 6.103464651302255504e-12 9.605073926396964500e-12 -1.559935725238330638e-11 2.378501204830126245e-11 -3.738409876400855601e-11 1.052086899577756327e-11 2.630916967216248341e-12 2.446287154041258778e-12 9.991201231385560061e-12
-1.466786570944496929e-12 -6.402570371054667622e-12 5.335127116998518825e-12 8.867237305848369430e-12 -1.151330202204587124e-11 1.973438630535543686e-11 -2.727274362511458677e-11 3.214545421720687753e-12 -5.493284953798919682e-12 -5.718399573852711502e-13 8.218028998075152027e-12
-1.432538515814841307e-12 -6.055462748939070688e-12 4.209852752281643476e-12 7.732385626408063585e-12 -6.689196449543431625e-12 1.497184937704634458e-11 -1.653505274410329183e-11 -2.750656817050514917e-12 -8.800114046129189812e-12 -3.293030404914624930e-12 5.724184526323233048e-12
-1.380885711445345057e-12 -5.494568911397715454e-12 3.059486313498871293e-12 6.397085611794409333e-12 -2.747663798525438072e-12 1.049402024646067500e-11 -8.288079927863697986e-12 -5.414132050296309632e-12 -8.785108192973662603e-12 -4.548376644994652300e-12 3.086475628095480993e-12
-1.312353388338193559e-12 -4.773864523234920775e-12 2.090995197386084962e-12 4.976435361243326349e-12 -3.276285860487476438e-13 6.817426447344938785e-12 -3.051351858103044899e-12 -4.151737763819150481e-12 -5.455871238547489105e-12 -3.072726528545298920e-12 1.045992138419250390e-12
-1.221679266497873638e-12 -3.934788042497292639e-12 1.344131801091213471e-12 3.496128428199315159e-12 7.511840843260736310e-13 3.841771671183954770e-12 -2.181665468734464052e-13 -2.080621895413258825e-12 -7.240971057233609631e-13 -2.038182448929337386e-12 7.966247606744350215e-13
-1.107227328642245055e-12 -3.037393900138504765e-12 8.123073517516142029e-13 2.094305711683122530e-12 8.287869236706042189e-13 1.571281744226952768e-12 7.893370342686593807e-13 -3.996354324569842861e-13 2.390911204997082741e-12 -1.247209267577358669e-12 -3.276395674633998813e-13
-9.725562846599639469e-13 -2.153991981784518544e-12 4.931571030267310389e-13 9.131594038141150375e-13 2.699305244063270541e-13 7.291621246969849300e-14 8.738934555724756677e-13 5.453929910748967610e-13 1.527235808073274157e-12 -4.734588146080433411e-13 -1.465321689833756636e-12
-8.235834701707148054e-13 -1.358528284748679839e-12 3.356302699114819497e-13 1.082651962173657213e-13 -3.414719533930419853e-13 -5.805708674517108629e-13 4.121564769828623612e-13 5.153434064267190303e-13 2.018873688213454454e-14 2.171020139608774037e-13 -6.378170165287402539e-13
-6.703138522854916510e-13 -7.108212142206753089e-13 2.992242715951218479e-13 -3.033027171752737248e-13 -5.258719382675451187e-13 -4.705628730553398903e-13 -2.724120289318840489e-13 -2.980223387241408855e-13 -1.361402776572622029e-14 4.384312968490462210e-13 4.932308321810198349e-13
-5.225580791631122222e-13 -2.573127959196862026e-13 3.476854687605632290e-13 -4.052197807179073255e-13 -2.081984256603310643e-13 -1.093727605713273991e-13 -1.431911992622231822e-13 -3.758974399701941846e-13 -2.336189919023849106e-13 9.208764078158486641e-14 -2.735014508089902877e-13
-3.880859729430404834e-13 2.446572397914238076e-14 4.029983217429684538e-13 -2.963306303497014695e-13 1.548114201039688840e-13 1.920105538181197202e-13 -1.008016085453386992e-14 2.334943069029465675e-13 1.453507158362664579e-13 -1.749015981881935045e-13 1.533981072659807504e-13
-5.776232079004427695e-13 -3.302266767450870415e-13 -4.187469915708780693e-12 5.248068011968691892e-13 1.461906276875190063e-11 8.037841147219281986e-12 -1.203661181840556529e-11 -1.422025046698697255e-11 1.431709171897825435e-10 -4.582065188265242770e-11 -4.840866348196523782e-11
-6.684921779816802124e-13 -8.850212477208236925e-13 -3.239447883239623105e-12 1.428204802753570418e-12 1.188301017530018131e-11 9.782410285816832736e-12 -1.551986601392649226e-11 -1.273569291540434654e-11 1.395195934234464647e-10 -4.425025795625011626e-11 -4.856224930933843714e-11
-7.745347467793075082e-13 -1.620416784812242843e-12 -1.880125119474851137e-12 2.631251032818480360e-12 7.782454219368478699e-12 1.202957231480370056e-11 -2.011634186079889192e-11 -9.054860259006162971e-12 1.296409793477303739e-10 -4.006355658800654012e-11 -4.285284236741265630e-11
-8.977336838738706791e-13 -2.511379482839105693e-12 -2.098133535107926742e-13 4.076359166008714499e-12 2.669842018498644950e-12 1.482601881094815342e-11 -2.550988189058478857e-11 -3.737241231102367689e-12 1.146962761702856993e-10 -3.391089392377545660e-11 -3.175045332051871933e-11
-1.041150180958109616e-12 -3.524718597962758710e-12 1.670538447381081539e-12 5.690221473837375440e-12 -3.226049308030847738e-12 1.817875541343689085e-11 -3.172969818762671914e-11 1.899279428796950895e-12 9.446128637016892878e-11 -2.688966056315862426e-11 -1.736559860184071540e-11
-1.199196996886091978e-12 -4.601539930693684648e-12 3.598855649255559853e-12 7.356566292788760094e-12 -9.225598670897649280e-12 2.179649488680946872e-11 -3.798418142344285858e-11 7.675141114100614464e-12 7.059780764118314639e-11 -1.877097524679295224e-11 -3.858118403725012007e-12
-1.356242024912791053e-12 -5.622841517437911984e-12 5.346970245446514039e-12 8.865452817919886859e-12 -1.462383974281257785e-11 2.514365675047025143e-11 -4.357040711560693065e-11 1.168378491622023403e-11 4.492706027018674302e-11 -1.079999564054436749e-11 4.240964899368424314e-12
-1.485029824537657418e-12 -6.430125438521189987e-12 6.528474953299847201e-12 9.974210613570802385e-12 -1.804847200476028072e-11 2.708956050028123679e-11 -4.606673677277073837e-11 1.413586306694441080e-11 2.109835435158994307e-11 -2.825713660824824940e-12 7.974034576204852698e-12
-1.554395110183290385e-12 -6.849480211561705093e-12 6.779689016766867401e-12 1.027000053749276335e-11 -1.796112300726055584e-11 2.618300723815334177e-11 -4.276338904227052008e-11 1.182499200028713550e-11 4.184976831257937172e-12 9.166702989393910201e-13 9.087870007351893365e-12
-1.560506438966380135e-12 -6.846382397889753939e-12 6.100028662435376762e-12 9.644185782389356590e-12 -1.416311747233576928e-11 2.232509388003366662e-11 -3.293331243249745979e-11 5.069431368937424184e-12 -5.096815591841652490e-12 -9.895799330236360557e-13 8.008990003109006987e-12
-1.528549322131213840e-12 -6.528723786393889318e-12 4.950001999941741983e-12 8.500060503658468709e-12 -9.018945804505934368e-12 1.730508555834081551e-11 -2.122538727645053990e-11 -1.605031877695025471e-12 -9.131040429403396308e-12 -3.832337967844059964e-12 5.641431714849072481e-12
-1.475092114760348305e-12 -5.970076164586880304e-12 3.707242435766884614e-12 7.093913099091853616e-12 -4.467316593352442624e-12 1.234419984469902331e-11 -1.148800855918975326e-11 -5.254671859268840807e-12 -9.528667944864479920e-12 -5.457576372428569099e-12 2.931918849867606708e-12
-1.404278444503840490e-12 -5.231303560853638527e-12 2.636249592370495552e-12 5.577888249333793232e-12 -1.459255506988531544e-12 8.174523054328955559e-12 -4.874134477734241184e-12 -4.214645376761204622e-12 -6.100764898493032776e-12 -3.621231229573305316e-12 7.415016183741119907e-13
-1.311382842020189682e-12 -4.359523393473753712e-12 1.798831744031200733e-12 3.987841813117052438e-12 6.876951921643257045e-14 4.769996650499064313e-12 -9.905289294407540621e-13 -1.925601663764703767e-12 -8.371210231981909604e-13 -2.067351250978999744e-12 5.193120963268503033e-13
-1.194158623397165752e-12 -3.416222050982048907e-12 1.190000955155813246e-12 2.464323579804527317e-12 4.385244382800557235e-13 2.149593631285984586e-12 6.355119637390047864e-13 -2.143729607301322900e-13 2.780723981979186332e-12 -1.120959347794608785e-12 -5.051694660145492103e-13
-1.055384286989960498e-12 -2.470985094277232271e-12 8.023542631016676163e-13 1.149734709920504795e-12 4.244783705498394870e-14 3.345766214748363263e-13 9.703701610592425444e-13 7.281122864576509715e-13 1.916383940005159106e-12 -2.588222804894625647e-13 -1.636159181887378911e-12
-9.004496200965635500e-13 -1.602265612491536433e-12 5.855345561945895365e-13 2.159325800376472291e-13 -5.003478982389681026e-13 -5.619615564678257260e-13 5.233080072224040021e-13 8.306115368244133723e-13 1.561532416512473004e-13 6.029620025221940802e-13 -7.785328201795738103e-13
-7.391667766037838825e-13 -8.784457183150133731e-13 4.950875678894608189e-13 -2.980931794662999316e-13 -6.502773472356231964e-13 -5.631788739328065373e-13 -3.016572361747944785e-13 -1.388219878361765149e-13 -1.417441623898768751e-13 6.588712738093712791e-13 4.534429974487588552e-13
-5.817076309058605514e-13 -3.558576517330309449e-13 5.001976197887318198e-13 -4.678809810994926928e-13 -2.874004777773319501e-13 -1.934168118770211703e-13 -2.275497131009425856e-13 -3.635019483778528057e-13 -3.297575849113951934e-13 1.004543046049285680e-13 -2.722130703314692281e-13
-4.365929241279847067e-13 -2.010485369238680223e-14 5.242996763986611505e-13 -3.831222206568045460e-13 1.304329001621232990e-13 1.807435335935740428e-13 -5.503838960785009787e-14 2.928712556298910193e-13 2.182039664019051932e-13 -2.616478478730831447e-13 2.496043155348473944e-13
0.000000000000000000e+00 0.000000000000000000e+00 0.000000000000000000e+00 0.000000000000000000e+00 0.000000000000000000e+00 0.000000000000000000e+00 0.000000000000000000e+00 0.000000000000000000e+00 0.000000000000000000e+00 0.000000000000000000e+00 0.000000000000000000e+00
0.000000000000000000e+00 0.000000000000000000e+00 0.000000000000000000e+00 0.000000000000000000e+00 0.000000000000000000e+00 0.000000000000000000e+00 0.000000000000000000e+00 0.000000000000000000e+00 0.000000000000000000e+00 0.000000000000000000e+00 0.000000000000000000e+00
0.000000000000000000e+00 0.000000000000000000e+00 0.000000000000000000e+00 0.000000000000000000e+00 0.000000000000000000e+00 0.000000000000000000e+00 0.000000000000000000e+00 0.000000000000000000e+00 0.000000000000000000e+00 0.000000000000000000e+00 0.000000000000000000e+00
0.000000000000000000e+00 0.000000000000000000e+00 0.000000000000000000e+00 0.000000000000000000e+00 0.000000000000000000e+00 0.000000000000000000e+00 0.000000000000000000e+00 0.000000000000000000e+00 0.000000000000000000e+00 0.000000000000000000e+00 0.000000000000000000e+00
0.000000000000000000e+00 0.000000000000000000e+00 0.000000000000000000e+00 0.000000000000000000e+00 0.000000000000000000e+00 0.000000000000000000e+00 0.000000000000000000e+00 0.000000000000000000e+00 0.000000000000000000e+00 0.000000000000000000e+00 0.000000000000000000e+00
0.000000000000000000e+00 0.000000000000000000e+00 0.000000000000000000e+00 0.000000000000000000e+00 0.000000000000000000e+00 0.000000000000000000e+00 0.000000000000000000e+00 0.000000000000000000e+00 0.000000000000000000e+00 0.000000000000000000e+00 0.000000000000000000e+00
0.000000000000000000e+00 0.000000000000000000e+00 0.000000000000000000e+00 0.000000000000000000e+00 0.000000000000000000e+00 0.000000000000000000e+00 0.000000000000000000e+00 0.000000000000000000e+00 0.000000000000000000e+00 0.000000000000000000e+00 0.000000000000000000e+00
0.000000000000000000e+00 0.000000000000000000e+00 0.000000000000000000e+00 0.000000000000000000e+00 0.000000000000000000e+00 0.000000000000000000e+00 0.000000000000000000e+00 0.000000000000000000e+00 0.000000000000000000e+00 0.000000000000000000e+00 0.000000000000000000e+00
0.000000000000000000e+00 0.000000000000000000e+00 0.000000000000000000e+00 0.000000000000000000e+00 0.000000000000000000e+00 0.000000000000000000e+00 0.000000000000000000e+00 0.000000000000000000e+00 0.000000000000000000e+00 0.000000000000000000e+00 0.000000000000000000e+00
0.000000000000000000e+00 0.000000000000000000e+00 0.000000000000000000e+00 0.000000000000000000e+00 0.000000000000000000e+00 0.000000000000000000e+00 0.000000000000000000e+00 0.000000000000000000e+00 0.000000000000000000e+00 0.000000000000000000e+00 0.000000000000000000e+00
0.000000000000000000e+00 0.000000000000000000e+00 0.000000000000000000e+00 0.000000000000000000e+00 0.000000000000000000e+00 0.000000000000000000e+00 0.000000000000000000e+00 0.000000000000000000e+00 0.000000000000000000e+00 0.000000000000000000e+00 0.000000000000000000e+00
0.000000000000000000e+00 0.000000000000000000e+00 0.000000000000000000e+00 0.000000000000000000e+00 0.000000000000000000e+00 0.000000000000000000e+00 0.000000000000000000e+00 0.000000000000000000e+00 0.000000000000000000e+00 0.000000000000000000e+00 0.000000000000000000e+00
0.000000000000000000e+00 0.000000000000000000e+00 0.000000000000000000e+00 0.000000000000000000e+00 0.000000000000000000e+00 0.000000000000000000e+00 0.000000000000000000e+00 0.000000000000000000e+00 0.000000000000000000e+00 0.000000000000000000e+00 0.000000000000000000e+00
0.000000000000000000e+00 0.000000000000000000e+00 0.000000000000000000e+00 0.000000000000000000e+00 0.000000000000000000e+00 0.000000000000000000e+00 0.000000000000000000e+00 0.000000000000000000e+00 0.000000000000000000e+00 0.000000000000000000e+00 0.000000000000000000e+00
0.000000000000000000e+00 0.000000000000000000e+00 0.000000000000000000e+00 0.000000000000000000e+00 0.000000000000000000e+00 0.000000000000000000e+00 0.000000000000000000e+00 0.000000000000000000e+00 0.000000000000000000e+00 0.000000000000000000e+00 0.000000000000000000e+00
0.000000000000000000e+00 0.000000000000000000e+00 0.000000000000000000e+00 0.000000000000000000e+00 0.000000000000000000e+00 0.000000000000000000e+00 0.000000000000000000e+00 0.000000000000000000e+00 0.000000000000000000e+00 0.000000000000000000e+00 0.000000000000000000e+00
0.000000000000000000e+00 0.000000000000000000e+00 0.000000000000000000e+00 0.000000000000000000e+00 0.000000000000000000e+00 0.000000000000000000e+00 0.000000000000000000e+00 0.000000000000000000e+00 0.000000000000000000e+00 0.000000000000000000e+00 0.000000000000000000e+00
0.000000000000000000e+00 0.000000000000000000e+00 0.000000000000000000e+00 0.000000000000000000e+00 0.000000000000000000e+00 0.000000000000000000e+00 0.000000000000000000e+00 0.000000000000000000e+00 0.000000000000000000e+00 0.000000000000000000e+00 0.000000000000000000e+00
0.000000000000000000e+00 0.000000000000000000e+00 0.000000000000000000e+00 0.000000000000000000e+00 0.000000000000000000e+00 0.000000000000000000e+00 0.000000000000000000e+00 0.000000000000000000e+00 0.000000000000000000e+00 0.000000000000000000e+00 0.000000000000000000e+00
0.000000000000000000e+00 0.000000000000000000e+00 0.000000000000000000e+00 0.000000000000000000e+00 0.000000000000000000e+00 0.000000000000000000e+00 0.000000000000000000e+00 0.000000000000000000e+00 0.000000000000000000e+00 0.000000000000000000e+00 0.000000000000000000e+00
0.000000000000000000e+00 0.000000000000000000e+00 0.000000000000000000e+00 0.000000000000000000e+00 0.000000000000000000e+00 0.000000000000000000e+00 0.000000000000000000e+00 0.000000000000000000e+00 0.000000000000000000e+00 0.000000000000000000e+00 0.000000000000000000e+00
0.000000000000000000e+00 0.000000000000000000e+00 0.000000000000000000e+00 0.000000000000000000e+00 0.000000000000000000e+00 0.000000000000000000e+00 0.000000000000000000e+00 0.000000000000000000e+00 0.000000000000000000e+00 0.000000000000000000e+00 0.000000000000000000e+00
0.000000000000000000e+00 0.000000000000000000e+00 0.000000000000000000e+00 0.000000000000000000e+00 0.000000000000000000e+00 0.000000000000000000e+00 0.000000000000000000e+00 0.000000000000000000e+00 0.000000000000000000e+00 0.000000000000000000e+00 0.000000000000000000e+00
0.000000000000000000e+00 0.000000000000000000e+00 0.000000000000000000e+00 0.000000000000000000e+00 0.000000000000000000e+00 0.000000000000000000e+00 0.000000000000000000e+00 0.000000000000000000e+00 0.000000000000000000e+00 0.000000000000000000e+00 0.000000000000000000e+00
0.000000000000000000e+00 0.000000000000000000e+00 0.000000000000000000e+00 0.000000000000000000e+00 0.000000000000000000e+00 0.000000000000000000e+00 0.000000000000000000e+00 0.000000000000000000e+00 0.000000000000000000e+00 0.000000000000000000e+00 0.000000000000000000e+00
0.000000000000000000e+00 0.000000000000000000e+00 0.000000000000000000e+00 0.000000000000000000e+00 0.000000000000000000e+00 0.000000000000000000e+00 0.000000000000000000e+00 0.000000000000000000e+00 0.000000000000000000e+00 0.000000000000000000e+00 0.000000000000000000e+00
0.000000000000000000e+00 0.000000000000000000e+00 0.000000000000000000e+00 0.000000000000000000e+00 0.000000000000000000e+00 0.000000000000000000e+00 0.000000000000000000e+00 0.000000000000000000e+00 0.000000000000000000e+00 0.000000000000000000e+00 0.000000000000000000e+00
0.000000000000000000e+00 0.000000000000000000e+00 0.000000000000000000e+00 0.000000000000000000e+00 0.000000000000000000e+00 0.000000000000000000e+00 0.000000000000000000e+00 0.000000000000000000e+00 0.000000000000000000e+00 0.000000000000000000e+00 0.000000000000000000e+00
0.000000000000000000e+00 0.000000000000000000e+00 0.000000000000000000e+00 0.000000000000000000e+00 0.000000000000000000e+00 0.000000000000000000e+00 0.000000000000000000e+00 0.000000000000000000e+00 0.000000000000000000e+00 0.000000000000000000e+00 0.000000000000000000e+00
0.000000000000000000e+00 0.000000000000000000e+00 0.000000000000000000e+00 0.000000000000000000e+00 0.000000000000000000e+00 0.000000000000000000e+00 0.000000000000000000e+00 0.000000000000000000e+00 0.000000000000000000e+00 0.000000000000000000e+00 0.000000000000000000e+00
0.000000000000000000e+00 0.000000000000000000e+00 0.000000000000000000e+00 0.000000000000000000e+00 0.000000000000000000e+00 0.000000000000000000e+00 0.000000000000000000e+00 0.000000000000000000e+00 0.000000000000000000e+00 0.000000000000000000e+00 0.000000000000000000e+00
0.000000000000000000e+00 0.000000000000000000e+00 0.000000000000000000e+00 0.000000000000000000e+00 0.000000000000000000e+00 0.000000000000000000e+00 0.000000000000000000e+00 0.000000000000000000e+00 0.000000000000000000e+00 0.000000000000000000e+00 0.000000000000000000e+00
0.000000000000000000e+00 0.000000000000000000e+00 0.000000000000000000e+00 0.000000000000000000e+00 0.000000000000000000e+00 0.000000000000000000e+00 0.000000000000000000e+00 0.000000000000000000e+00 0.000000000000000000e+00 0.000000000000000000e+00 0.000000000000000000e+00
0.000000000000000000e+00 0.000000000000000000e+00 0.000000000000000000e+00 0.000000000000000000e+00 0.000000000000000000e+00 0.000000000000000000e+00 0.000000000000000000e+00 0.000000000000000000e+00 0.000000000000000000e+00 0.000000000000000000e+00 0.000000000000000000e+00
0.000000000000000000e+00 0.000000000000000000e+00 0.000000000000000000e+00 0.000000000000000000e+00 0.000000000000000000e+00 0.000000000000000000e+00 0.000000000000000000e+00 0.000000000000000000e+00 0.000000000000000000e+00 0.000000000000000000e+00 0.000000000000000000e+00
0.000000000000000000e+00 0.000000000000000000e+00 0.000000000000000000e+00 0.000000000000000000e+00 0.000000000000000000e+00 0.000000000000000000e+00 0.000000000000000000e+00 0.000000000000000000e+00 0.000000000000000000e+00 0.000000000000000000e+00 0.000000000000000000e+00
0.000000000000000000e+00 0.000000000000000000e+00 0.000000000000000000e+00 0.000000000000000000e+00 0.000000000000000000e+00 0.000000000000000000e+00 0.000000000000000000e+00 0.000000000000000000e+00 0.000000000000000000e+00 0.000000000000000000e+00 0.000000000000000000e+00
0.000000000000000000e+00 0.000000000000000000e+00 0.000000000000000000e+00 0.000000000000000000e+00 0.000000000000000000e+00 0.000000000000000000e+00 0.000000000000000000e+00 0.000000000000000000e+00 0.000000000000000000e+00 0.000000000000000000e+00 0.000000000000000000e+00
0.000000000000000000e+00 0.000000000000000000e+00 0.000000000000000000e+00 0.000000000000000000e+00 0.000000000000000000e+00 0.000000000000000000e+00 0.000000000000000000e+00 0.000000000000000000e+00 0.000000000000000000e+00 0.000000000000000000e+00 0.000000000000000000e+00
0.000000000000000000e+00 0.000000000000000000e+00 0.000000000000000000e+00 0.000000000000000000e+00 0.000000000000000000e+00 0.000000000000000000e+00 0.000000000000000000e+00 0.000000000000000000e+00 0.000000000000000000e+00 0.000000000000000000e+00 0.000000000000000000e+00
0.000000000000000000e+00 0.000000000000000000e+00 0.000000000000000000e+00 0.000000000000000000e+00 0.000000000000000000e+00 0.000000000000000000e+00 0.000000000000000000e+00 0.000000000000000000e+00 0.000000000000000000e+00 0.000000000000000000e+00 0.000000000000000000e+00
0.000000000000000000e+00 0.000000000000000000e+00 0.000000000000000000e+00 0.000000000000000000e+00 0.000000000000000000e+00 0.000000000000000000e+00 0.000000000000000000e+00 0.000000000000000000e+00 0.000000000000000000e+00 0.000000000000000000e+00 0.000000000000000000e+00
0.000000000000000000e+00 0.000000000000000000e+00 0.000000000000000000e+00 0.000000000000000000e+00 0.000000000000000000e+00 0.000000000000000000e+00 0.000000000000000000e+00 0.000000000000000000e+00 0.000000000000000000e+00 0.000000000000000000e+00 0.000000000000000000e+00
0.000000000000000000e+00 0.000000000000000000e+00 0.000000000000000000e+00 0.000000000000000000e+00 0.000000000000000000e+00 0.000000000000000000e+00 0.000000000000000000e+00 0.000000000000000000e+00 0.000000000000000000e+00 0.000000000000000000e+00 0.000000000000000000e+00
0.000000000000000000e+00 0.000000000000000000e+00 0.000000000000000000e+00 0.000000000000000000e+00 0.000000000000000000e+00 0.000000000000000000e+00 0.000000000000000000e+00 0.000000000000000000e+00 0.000000000000000000e+00 0.000000000000000000e+00 0.000000000000000000e+00
0.000000000000000000e+00 0.000000000000000000e+00 0.000000000000000000e+00 0.000000000000000000e+00 0.000000000000000000e+00 0.000000000000000000e+00 0.000000000000000000e+00 0.000000000000000000e+00 0.000000000000000000e+00 0.000000000000000000e+00 0.000000000000000000e+00
0.000000000000000000e+00 0.000000000000000000e+00 0.000000000000000000e+00 0.000000000000000000e+00 0.000000000000000000e+00 0.000000000000000000e+00 0.000000000000000000e+00 0.000000000000000000e+00 0.000000000000000000e+00 0.000000000000000000e+00 0.000000000000000000e+00
0.000000000000000000e+00 0.000000000000000000e+00 0.000000000000000000e+00 0.000000000000000000e+00 0.000000000000000000e+00 0.000000000000000000e+00 0.000000000000000000e+00 0.000000000000000000e+00 0.000000000000000000e+00 0.000000000000000000e+00 0.000000000000000000e+00
0.000000000000000000e+00 0.000000000000000000e+00 0.000000000000000000e+00 0.000000000000000000e+00 0.000000000000000000e+00 0.000000000000000000e+00 0.000000000000000000e+00 0.000000000000000000e+00 0.000000000000000000e+00 0.000000000000000000e+00 0.000000000000000000e+00
0.000000000000000000e+00 0.000000000000000000e+00 0.000000000000000000e+00 0.000000000000000000e+00 0.000000000000000000e+00 0.000000000000000000e+00 0.000000000000000000e+00 0.000000000000000000e+00 0.000000000000000000e+00 0.000000000000000000e+00 0.000000000000000000e+00
0.000000000000000000e+00 0.000000000000000000e+00 0.000000000000000000e+00 0.000000000000000000e+00 0.000000000000000000e+00 0.000000000000000000e+00 0.000000000000000000e+00 0.000000000000000000e+00 0.000000000000000000e+00 0.000000000000000000e+00 0.000000000000000000e+00
0.000000000000000000e+00 0.000000000000000000e+00 0.000000000000000000e+00 0.000000000000000000e+00 0.000000000000000000e+00 0.000000000000000000e+00 0.000000000000000000e+00 0.000000000000000000e+00 0.000000000000000000e+00 0.000000000000000000e+00 0.000000000000000000e+00
0.000000000000000000e+00 0.000000000000000000e+00 0.000000000000000000e+00 0.000000000000000000e+00 0.000000000000000000e+00 0.000000000000000000e+00 0.000000000000000000e+00 0.000000000000000000e+00 0.000000000000000000e+00 0.000000000000000000e+00 0.000000000000000000e+00
0.000000000000000000e+00 0.000000000000000000e+00 0.000000000000000000e+00 0.000000000000000000e+00 0.000000000000000000e+00 0.000000000000000000e+00 0.000000000000000000e+00 0.000000000000000000e+00 0.000000000000000000e+00 0.000000000000000000e+00 0.000000000000000000e+00
0.000000000000000000e+00 0.000000000000000000e+00 0.000000000000000000e+00 0.000000000000000000e+00 0.000000000000000000e+00 0.000000000000000000e+00 0.000000000000000000e+00 0.000000000000000000e+00 0.000000000000000000e+00 0.000000000000000000e+00 0.000000000000000000e+00
0.000000000000000000e+00 0.000000000000000000e+00 0.000000000000000000e+00 0.000000000000000000e+00 0.000000000000000000e+00 0.000000000000000000e+00 0.000000000000000000e+00 0.000000000000000000e+00 0.000000000000000000e+00 0.000000000000000000e+00 0.000000000000000000e+00
0.000000000000000000e+00 0.000000000000000000e+00 0.000000000000000000e+00 0.000000000000000000e+00 0.000000000000000000e+00 0.000000000000000000e+00 0.000000000000000000e+00 0.000000000000000000e+00 0.000000000000000000e+00 0.000000000000000000e+00 0.000000000000000000e+00
0.000000000000000000e+00 0.000000000000000000e+00 0.000000000000000000e+00 0.000000000000000000e+00 0.000000000000000000e+00 0.000000000000000000e+00 0.000000000000000000e+00 0.000000000000000000e+00 0.000000000000000000e+00 0.000000000000000000e+00 0.000000000000000000e+00
0.000000000000000000e+00 0.000000000000000000e+00 0.000000000000000000e+00 0.000000000000000000e+00 0.000000000000000000e+00 0.000000000000000000e+00 0.000000000000000000e+00 0.000000000000000000e+00 0.000000000000000000e+00 0.000000000000000000e+00 0.000000000000000000e+00
0.000000000000000000e+00 0.000000000000000000e+00 0.000000000000000000e+00 0.000000000000000000e+00 0.000000000000000000e+00 0.000000000000000000e+00 0.000000000000000000e+00 0.000000000000000000e+00 0.000000000000000000e+00 0.000000000000000000e+00 0.000000000000000000e+00
0.000000000000000000e+00 0.000000000000000000e+00 0.000000000000000000e+00 0.000000000000000000e+00 0.000000000000000000e+00 0.000000000000000000e+00 0.000000000000000000e+00 0.000000000000000000e+00 0.000000000000000000e+00 0.000000000000000000e+00 0.000000000000000000e+00
0.000000000000000000e+00 0.000000000000000000e+00 0.000000000000000000e+00 0.000000000000000000e+00 0.000000000000000000e+00 0.000000000000000000e+00 0.000000000000000000e+00 0.000000000000000000e+00 0.000000000000000000e+00 0.000000000000000000e+00 0.000000000000000000e+00
0.000000000000000000e+00 0.000000000000000000e+00 0.000000000000000000e+00 0.000000000000000000e+00 0.000000000000000000e+00 0.000000000000000000e+00 0.000000000000000000e+00 0.000000000000000000e+00 0.000000000000000000e+00 0.000000000000000000e+00 0.000000000000000000e+00
0.000000000000000000e+00 0.000000000000000000e+00 0.000000000000000000e+00 0.000000000000000000e+00 0.000000000000000000e+00 0.000000000000000000e+00 0.000000000000000000e+00 0.000000000000000000e+00 0.000000000000000000e+00 0.000000000000000000e+00 0.000000000000000000e+00
0.000000000000000000e+00 0.000000000000000000e+00 0.000000000000000000e+00 0.000000000000000000e+00 0.000000000000000000e+00 0.000000000000000000e+00 0.000000000000000000e+00 0.000000000000000000e+00 0.000000000000000000e+00 0.000000000000000000e+00 0.000000000000000000e+00
0.000000000000000000e+00 0.000000000000000000e+00 0.000000000000000000e+00 0.000000000000000000e+00 0.000000000000000000e+00 0.000000000000000000e+00 0.000000000000000000e+00 0.000000000000000000e+00 0.000000000000000000e+00 0.000000000000000000e+00 0.000000000000000000e+00
0.000000000000000000e+00 0.000000000000000000e+00 0.000000000000000000e+00 0.000000000000000000e+00 0.000000000000000000e+00 0.000000000000000000e+00 0.000000000000000000e+00 0.000000000000000000e+00 0.000000000000000000e+00 0.000000000000000000e+00 0.000000000000000000e+00
0.000000000000000000e+00 0.000000000000000000e+00 0.000000000000000000e+00 0.000000000000000000e+00 0.000000000000000000e+00 0.000000000000000000e+00 0.000000000000000000e+00 0.000000000000000000e+00 0.000000000000000000e+00 0.000000000000000000e+00 0.000000000000000000e+00
0.000000000000000000e+00 0.000000000000000000e+00 0.000000000000000000e+00 0.000000000000000000e+00 0.000000000000000000e+00 0.000000000000000000e+00 0.000000000000000000e+00 0.000000000000000000e+00 0.000000000000000000e+00 0.000000000000000000e+00 0.000000000000000000e+00
0.000000000000000000e+00 0.000000000000000000e+00 0.000000000000000000e+00 0.000000000000000000e+00 0.000000000000000000e+00 0.000000000000000000e+00 0.000000000000000000e+00 0.000000000000000000e+00 0.000000000000000000e+00 0.000000000000000000e+00 0.000000000000000000e+00
0.000000000000000000e+00 0.000000000000000000e+00 0.000000000000000000e+00 0.000000000000000000e+00 0.000000000000000000e+00 0.000000000000000000e+00 0.000000000000000000e+00 0.000000000000000000e+00 0.000000000000000000e+00 0.000000000000000000e+00 0.000000000000000000e+00
0.000000000000000000e+00 0.000000000000000000e+00 0.000000000000000000e+00 0.000000000000000000e+00 0.000000000000000000e+00 0.000000000000000000e+00 0.000000000000000000e+00 0.000000000000000000e+00 0.000000000000000000e+00 0.000000000000000000e+00 0.000000000000000000e+00
0.000000000000000000e+00 0.000000000000000000e+00 0.000000000000000000e+00 0.000000000000000000e+00 0.000000000000000000e+00 0.000000000000000000e+00 0.000000000000000000e+00 0.000000000000000000e+00 0.000000000000000000e+00 0.000000000000000000e+00 0.000000000000000000e+00
0.000000000000000000e+00 0.000000000000000000e+00 0.000000000000000000e+00 0.000000000000000000e+00 0.000000000000000000e+00 0.000000000000000000e+00 0.000000000000000000e+00 0.000000000000000000e+00 0.000000000000000000e+00 0.000000000000000000e+00 0.000000000000000000e+00
0.000000000000000000e+00 0.000000000000000000e+00 0.000000000000000000e+00 0.000000000000000000e+00 0.000000000000000000e+00 0.000000000000000000e+00 0.000000000000000000e+00 0.000000000000000000e+00 0.000000000000000000e+00 0.000000000000000000e+00 0.000000000000000000e+00
0.000000000000000000e+00 0.000000000000000000e+00 0.000000000000000000e+00 0.000000000000000000e+00 0.000000000000000000e+00 0.000000000000000000e+00 0.000000000000000000e+00 0.000000000000000000e+00 0.000000000000000000e+00 0.000000000000000000e+00 0.000000000000000000e+00
0.000000000000000000e+00 0.000000000000000000e+00 0.000000000000000000e+00 0.000000000000000000e+00 0.000000000000000000e+00 0.000000000000000000e+00 0.000000000000000000e+00 0.000000000000000000e+00 0.000000000000000000e+00 0.000000000000000000e+00 0.000000000000000000e+00
0.000000000000000000e+00 0.000000000000000000e+00 0.000000000000000000e+00 0.000000000000000000e+00 0.000000000000000000e+00 0.000000000000000000e+00 0.000000000000000000e+00 0.000000000000000000e+00 0.000000000000000000e+00 0.000000000000000000e+00 0.000000000000000000e+00
0.000000000000000000e+00 0.000000000000000000e+00 0.000000000000000000e+00 0.000000000000000000e+00 0.000000000000000000e+00 0.000000000000000000e+00 0.000000000000000000e+00 0.000000000000000000e+00 0.000000000000000000e+00 0.000000000000000000e+00 0.000000000000000000e+00
0.000000000000000000e+00 0.000000000000000000e+00 0.000000000000000000e+00 0.000000000000000000e+00 0.000000000000000000e+00 0.000000000000000000e+00 0.000000000000000000e+00 0.000000000000000000e+00 0.000000000000000000e+00 0.000000000000000000e+00 0.000000000000000000e+00
0.000000000000000000e+00 0.000000000000000000e+00 0.000000000000000000e+00 0.000000000000000000e+00 0.000000000000000000e+00 0.000000000000000000e+00 0.000000000000000000e+00 0.000000000000000000e+00 0.000000000000000000e+00 0.000000000000000000e+00 0.000000000000000000e+00
0.000000000000000000e+00 0.000000000000000000e+00 0.000000000000000000e+00 0.000000000000000000e+00 0.000000000000000000e+00 0.000000000000000000e+00 0.000000000000000000e+00 0.000000000000000000e+00 0.000000000000000000e+00 0.000000000000000000e+00 0.000000000000000000e+00
0.000000000000000000e+00 0.000000000000000000e+00 0.000000000000000000e+00 0.000000000000000000e+00 0.000000000000000000e+00 0.000000000000000000e+00 0.000000000000000000e+00 0.000000000000000000e+00 0.000000000000000000e+00 0.000000000000000000e+00 0.000000000000000000e+00
0.000000000000000000e+00 0.000000000000000000e+00 0.000000000000000000e+00 0.000000000000000000e+00 0.000000000000000000e+00 0.000000000000000000e+00 0.000000000000000000e+00 0.000000000000000000e+00 0.000000000000000000e+00 0.000000000000000000e+00 0.000000000000000000e+00
0.000000000000000000e+00 0.000000000000000000e+00 0.000000000000000000e+00 0.000000000000000000e+00 0.000000000000000000e+00 0.000000000000000000e+00 0.000000000000000000e+00 0.000000000000000000e+00 0.000000000000000000e+00 0.000000000000000000e+00 0.000000000000000000e+00
0.000000000000000000e+00 0.000000000000000000e+00 0.000000000000000000e+00 0.000000000000000000e+00 0.000000000000000000e+00 0.000000000000000000e+00 0.000000000000000000e+00 0.000000000000000000e+00 0.000000000000000000e+00 0.000000000000000000e+00 0.000000000000000000e+00
0.000000000000000000e+00 0.000000000000000000e+00 0.000000000000000000e+00 0.000000000000000000e+00 0.000000000000000000e+00 0.000000000000000000e+00 0.000000000000000000e+00 0.000000000000000000e+00 0.000000000000000000e+00 0.000000000000000000e+00 0.000000000000000000e+00
0.000000000000000000e+00 0.000000000000000000e+00 0.000000000000000000e+00 0.000000000000000000e+00 0.000000000000000000e+00 0.000000000000000000e+00 0.000000000000000000e+00 0.000000000000000000e+00 0.000000000000000000e+00 0.000000000000000000e+00 0.000000000000000000e+00
0.000000000000000000e+00 0.000000000000000000e+00 0.000000000000000000e+00 0.000000000000000000e+00 0.000000000000000000e+00 0.000000000000000000e+00 0.000000000000000000e+00 0.000000000000000000e+00 0.000000000000000000e+00 0.000000000000000000e+00 0.000000000000000000e+00
0.000000000000000000e+00 0.000000000000000000e+00 0.000000000000000000e+00 0.000000000000000000e+00 0.000000000000000000e+00 0.000000000000000000e+00 0.000000000000000000e+00 0.000000000000000000e+00 0.000000000000000000e+00 0.000000000000000000e+00 0.000000000000000000e+00
0.000000000000000000e+00 0.000000000000000000e+00 0.000000000000000000e+00 0.000000000000000000e+00 0.000000000000000000e+00 0.000000000000000000e+00 0.000000000000000000e+00 0.000000000000000000e+00 0.000000000000000000e+00 0.000000000000000000e+00 0.000000000000000000e+00
0.000000000000000000e+00 0.000000000000000000e+00 0.000000000000000000e+00 0.000000000000000000e+00 0.000000000000000000e+00 0.000000000000000000e+00 0.000000000000000000e+00 0.000000000000000000e+00 0.000000000000000000e+00 0.000000000000000000e+00 0.000000000000000000e+00
0.000000000000000000e+00 0.000000000000000000e+00 0.000000000000000000e+00 0.000000000000000000e+00 0.000000000000000000e+00 0.000000000000000000e+00 0.000000000000000000e+00 0.000000000000000000e+00 0.000000000000000000e+00 0.000000000000000000e+00 0.000000000000000000e+00
0.000000000000000000e+00 0.000000000000000000e+00 0.000000000000000000e+00 0.000000000000000000e+00 0.000000000000000000e+00 0.000000000000000000e+00 0.000000000000000000e+00 0.000000000000000000e+00 0.000000000000000000e+00 0.000000000000000000e+00 0.000000000000000000e+00
0.000000000000000000e+00 0.000000000000000000e+00 0.000000000000000000e+00 0.000000000000000000e+00 0.000000000000000000e+00 0.000000000000000000e+00 0.000000000000000000e+00 0.000000000000000000e+00 0.000000000000000000e+00 0.000000000000000000e+00 0.000000000000000000e+00
0.000000000000000000e+00 0.000000000000000000e+00 0.000000000000000000e+00 0.000000000000000000e+00 0.000000000000000000e+00 0.000000000000000000e+00 0.000000000000000000e+00 0.000000000000000000e+00 0.000000000000000000e+00 0.000000000000000000e+00 0.000000000000000000e+00
0.000000000000000000e+00 0.000000000000000000e+00 0.000000000000000000e+00 0.000000000000000000e+00 0.000000000000000000e+00 0.000000000000000000e+00 0.000000000000000000e+00 0.000000000000000000e+00 0.000000000000000000e+00 0.000000000000000000e+00 0.000000000000000000e+00
0.000000000000000000e+00 0.000000000000000000e+00 0.000000000000000000e+00 0.000000000000000000e+00 0.000000000000000000e+00 0.000000000000000000e+00 0.000000000000000000e+00 0.000000000000000000e+00 0.000000000000000000e+00 0.000000000000000000e+00 0.000000000000000000e+00
0.000000000000000000e+00 0.000000000000000000e+00 0.000000000000000000e+00 0.000000000000000000e+00 0.000000000000000000e+00 0.000000000000000000e+00 0.000000000000000000e+00 0.000000000000000000e+00 0.000000000000000000e+00 0.000000000000000000e+00 0.000000000000000000e+00
0.000000000000000000e+00 0.000000000000000000e+00 0.000000000000000000e+00 0.000000000000000000e+00 0.000000000000000000e+00 0.000000000000000000e+00 0.000000000000000000e+00 0.000000000000000000e+00 0.000000000000000000e+00 0.000000000000000000e+00 0.000000000000000000e+00
0.000000000000000000e+00 0.000000000000000000e+00 0.000000000000000000e+00 0.000000000000000000e+00 0.000000000000000000e+00 0.000000000000000000e+00 0.000000000000000000e+00 0.000000000000000000e+00 0.000000000000000000e+00 0.000000000000000000e+00 0.000000000000000000e+00
0.000000000000000000e+00 0.000000000000000000e+00 0.000000000000000000e+00 0.000000000000000000e+00 0.000000000000000000e+00 0.000000000000000000e+00 0.000000000000000000e+00 0.000000000000000000e+00 0.000000000000000000e+00 0.000000000000000000e+00 0.000000000000000000e+00
0.000000000000000000e+00 0.000000000000000000e+00 0.000000000000000000e+00 0.000000000000000000e+00 0.000000000000000000e+00 0.000000000000000000e+00 0.000000000000000000e+00 0.000000000000000000e+00 0.000000000000000000e+00 0.000000000000000000e+00 0.000000000000000000e+00
0.000000000000000000e+00 0.000000000000000000e+00 0.000000000000000000e+00 0.000000000000000000e+00 0.000000000000000000e+00 0.000000000000000000e+00 0.000000000000000000e+00 0.000000000000000000e+00 0.000000000000000000e+00 0.000000000000000000e+00 0.000000000000000000e+00
0.000000000000000000e+00 0.000000000000000000e+00 0.000000000000000000e+00 0.000000000000000000e+00 0.000000000000000000e+00 0.000000000000000000e+00 0.000000000000000000e+00 0.000000000000000000e+00 0.000000000000000000e+00 0.000000000000000000e+00 0.000000000000000000e+00
0.000000000000000000e+00 0.000000000000000000e+00 0.000000000000000000e+00 0.000000000000000000e+00 0.000000000000000000e+00 0.000000000000000000e+00 0.000000000000000000e+00 0.000000000000000000e+00 0.000000000000000000e+00 0.000000000000000000e+00 0.000000000000000000e+00
0.000000000000000000e+00 0.000000000000000000e+00 0.000000000000000000e+00 0.000000000000000000e+00 0.000000000000000000e+00 0.000000000000000000e+00 0.000000000000000000e+00 0.000000000000000000e+00 0.000000000000000000e+00 0.000000000000000000e+00 0.000000000000000000e+00
0.000000000000000000e+00 0.000000000000000000e+00 0.000000000000000000e+00 0.000000000000000000e+00 0.000000000000000000e+00 0.000000000000000000e+00 0.000000000000000000e+00 0.000000000000000000e+00 0.000000000000000000e+00 0.000000000000000000e+00 0.000000000000000000e+00
0.000000000000000000e+00 0.000000000000000000e+00 0.000000000000000000e+00 0.000000000000000000e+00 0.000000000000000000e+00 0.000000000000000000e+00 0.000000000000000000e+00 0.000000000000000000e+00 0.000000000000000000e+00 0.000000000000000000e+00 0.000000000000000000e+00
0.000000000000000000e+00 0.000000000000000000e+00 0.000000000000000000e+00 0.000000000000000000e+00 0.000000000000000000e+00 0.000000000000000000e+00 0.000000000000000000e+00 0.000000000000000000e+00 0.000000000000000000e+00 0.000000000000000000e+00 0.000000000000000000e+00
0.000000000000000000e+00 0.000000000000000000e+00 0.000000000000000000e+00 0.000000000000000000e+00 0.000000000000000000e+00 0.000000000000000000e+00 0.000000000000000000e+00 0.000000000000000000e+00 0.000000000000000000e+00 0.000000000000000000e+00 0.000000000000000000e+00
0.000000000000000000e+00 0.000000000000000000e+00 0.000000000000000000e+00 0.000000000000000000e+00 0.000000000000000000e+00 0.000000000000000000e+00 0.000000000000000000e+00 0.000000000000000000e+00 0.000000000000000000e+00 0.000000000000000000e+00 0.000000000000000000e+00
0.000000000000000000e+00 0.000000000000000000e+00 0.000000000000000000e+00 0.000000000000000000e+00 0.000000000000000000e+00 0.000000000000000000e+00 0.000000000000000000e+00 0.000000000000000000e+00 0.000000000000000000e+00 0.000000000000000000e+00 0.000000000000000000e+00
0.000000000000000000e+00 0.000000000000000000e+00 0.000000000000000000e+00 0.000000000000000000e+00 0.000000000000000000e+00 0.000000000000000000e+00 0.000000000000000000e+00 0.000000000000000000e+00 0.000000000000000000e+00 0.000000000000000000e+00 0.000000000000000000e+00
0.000000000000000000e+00 0.000000000000000000e+00 0.000000000000000000e+00 0.000000000000000000e+00 0.000000000000000000e+00 0.000000000000000000e+00 0.000000000000000000e+00 0.000000000000000000e+00 0.000000000000000000e+00 0.000000000000000000e+00 0.000000000000000000e+00
0.000000000000000000e+00 0.000000000000000000e+00 0.000000000000000000e+00 0.000000000000000000e+00 0.000000000000000000e+00 0.000000000000000000e+00 0.000000000000000000e+00 0.000000000000000000e+00 0.000000000000000000e+00 0.000000000000000000e+00 0.000000000000000000e+00
0.000000000000000000e+00 0.000000000000000000e+00 0.000000000000000000e+00 0.000000000000000000e+00 0.000000000000000000e+00 0.000000000000000000e+00 0.000000000000000000e+00 0.000000000000000000e+00 0.000000000000000000e+00 0.000000000000000000e+00 0.000000000000000000e+00
0.000000000000000000e+00 0.000000000000000000e+00 0.000000000000000000e+00 0.000000000000000000e+00 0.000000000000000000e+00 0.000000000000000000e+00 0.000000000000000000e+00 0.000000000000000000e+00 0.000000000000000000e+00 0.000000000000000000e+00 0.000000000000000000e+00
0.000000000000000000e+00 0.000000000000000000e+00 0.000000000000000000e+00 0.000000000000000000e+00 0.000000000000000000e+00 0.000000000000000000e+00 0.000000000000000000e+00 0.000000000000000000e+00 0.000000000000000000e+00 0.000000000000000000e+00 0.000000000000000000e+00
0.000000000000000000e+00 0.000000000000000000e+00 0.000000000000000000e+00 0.000000000000000000e+00 0.000000000000000000e+00 0.000000000000000000e+00 0.000000000000000000e+00 0.000000000000000000e+00 0.000000000000000000e+00 0.000000000000000000e+00 0.000000000000000000e+00
0.000000000000000000e+00 0.000000000000000000e+00 0.000000000000000000e+00 0.000000000000000000e+00 0.000000000000000000e+00 0.000000000000000000e+00 0.000000000000000000e+00 0.000000000000000000e+00 0.000000000000000000e+00 0.000000000000000000e+00 0.000000000000000000e+00
0.000000000000000000e+00 0.000000000000000000e+00 0.000000000000000000e+00 0.000000000000000000e+00 0.000000000000000000e+00 0.000000000000000000e+00 0.000000000000000000e+00 0.000000000000000000e+00 0.000000000000000000e+00 0.000000000000000000e+00 0.000000000000000000e+00
0.000000000000000000e+00 0.000000000000000000e+00 0.000000000000000000e+00 0.000000000000000000e+00 0.000000000000000000e+00 0.000000000000000000e+00 0.000000000000000000e+00 0.000000000000000000e+00 0.000000000000000000e+00 0.000000000000000000e+00 0.000000000000000000e+00
0.000000000000000000e+00 0.000000000000000000e+00 0.000000000000000000e+00 0.000000000000000000e+00 0.000000000000000000e+00 0.000000000000000000e+00 0.000000000000000000e+00 0.000000000000000000e+00 0.000000000000000000e+00 0.000000000000000000e+00 0.000000000000000000e+00
0.000000000000000000e+00 0.000000000000000000e+00 0.000000000000000000e+00 0.000000000000000000e+00 0.000000000000000000e+00 0.000000000000000000e+00 0.000000000000000000e+00 0.000000000000000000e+00 0.000000000000000000e+00 0.000000000000000000e+00 0.000000000000000000e+00
0.000000000000000000e+00 0.000000000000000000e+00 0.000000000000000000e+00 0.000000000000000000e+00 0.000000000000000000e+00 0.000000000000000000e+00 0.000000000000000000e+00 0.000000000000000000e+00 0.000000000000000000e+00 0.000000000000000000e+00 0.000000000000000000e+00
0.000000000000000000e+00 0.000000000000000000e+00 0.000000000000000000e+00 0.000000000000000000e+00 0.000000000000000000e+00 0.000000000000000000e+00 0.000000000000000000e+00 0.000000000000000000e+00 0.000000000000000000e+00 0.000000000000000000e+00 0.000000000000000000e+00
0.000000000000000000e+00 0.000000000000000000e+00 0.000000000000000000e+00 0.000000000000000000e+00 0.000000000000000000e+00 0.000000000000000000e+00 0.000000000000000000e+00 0.000000000000000000e+00 0.000000000000000000e+00 0.000000000000000000e+00 0.000000000000000000e+00
0.000000000000000000e+00 0.000000000000000000e+00 0.000000000000000000e+00 0.000000000000000000e+00 0.000000000000000000e+00 0.000000000000000000e+00 0.000000000000000000e+00 0.000000000000000000e+00 0.000000000000000000e+00 0.000000000000000000e+00 0.000000000000000000e+00
0.000000000000000000e+00 0.000000000000000000e+00 0.000000000000000000e+00 0.000000000000000000e+00 0.000000000000000000e+00 0.000000000000000000e+00 0.000000000000000000e+00 0.000000000000000000e+00 0.000000000000000000e+00 0.000000000000000000e+00 0.000000000000000000e+00
0.000000000000000000e+00 0.000000000000000000e+00 0.000000000000000000e+00 0.000000000000000000e+00 0.000000000000000000e+00 0.000000000000000000e+00 0.000000000000000000e+00 0.000000000000000000e+00 0.000000000000000000e+00 0.000000000000000000e+00 0.000000000000000000e+00
0.000000000000000000e+00 0.000000000000000000e+00 0.000000000000000000e+00 0.000000000000000000e+00 0.000000000000000000e+00 0.000000000000000000e+00 0.000000000000000000e+00 0.000000000000000000e+00 0.000000000000000000e+00 0.000000000000000000e+00 0.000000000000000000e+00
0.000000000000000000e+00 0.000000000000000000e+00 0.000000000000000000e+00 0.000000000000000000e+00 0.000000000000000000e+00 0.000000000000000000e+00 0.000000000000000000e+00 0.000000000000000000e+00 0.000000000000000000e+00 0.000000000000000000e+00 0.000000000000000000e+00
0.000000000000000000e+00 0.000000000000000000e+00 0.000000000000000000e+00 0.000000000000000000e+00 0.000000000000000000e+00 0.000000000000000000e+00 0.000000000000000000e+00 0.000000000000000000e+00 0.000000000000000000e+00 0.000000000000000000e+00 0.000000000000000000e+00
0.000000000000000000e+00 0.000000000000000000e+00 0.000000000000000000e+00 0.000000000000000000e+00 0.000000000000000000e+00 0.000000000000000000e+00 0.000000000000000000e+00 0.000000000000000000e+00 0.000000000000000000e+00 0.000000000000000000e+00 0.000000000000000000e+00
0.000000000000000000e+00 0.000000000000000000e+00 0.000000000000000000e+00 0.000000000000000000e+00 0.000000000000000000e+00 0.000000000000000000e+00 0.000000000000000000e+00 0.000000000000000000e+00 0.000000000000000000e+00 0.000000000000000000e+00 0.000000000000000000e+00
0.000000000000000000e+00 0.000000000000000000e+00 0.000000000000000000e+00 0.000000000000000000e+00 0.000000000000000000e+00 0.000000000000000000e+00 0.000000000000000000e+00 0.000000000000000000e+00 0.000000000000000000e+00 0.000000000000000000e+00 0.000000000000000000e+00
0.000000000000000000e+00 0.000000000000000000e+00 0.000000000000000000e+00 0.000000000000000000e+00 0.000000000000000000e+00 0.000000000000000000e+00 0.000000000000000000e+00 0.000000000000000000e+00 0.000000000000000000e+00 0.000000000000000000e+00 0.000000000000000000e+00
0.000000000000000000e+00 0.000000000000000000e+00 0.000000000000000000e+00 0.000000000000000000e+00 0.000000000000000000e+00 0.000000000000000000e+00 0.000000000000000000e+00 0.000000000000000000e+00 0.000000000000000000e+00 0.000000000000000000e+00 0.000000000000000000e+00
0.000000000000000000e+00 0.000000000000000000e+00 0.000000000000000000e+00 0.000000000000000000e+00 0.000000000000000000e+00 0.000000000000000000e+00 0.000000000000000000e+00 0.000000000000000000e+00 0.000000000000000000e+00 0.000000000000000000e+00 0.000000000000000000e+00
0.000000000000000000e+00 0.000000000000000000e+00 0.000000000000000000e+00 0.000000000000000000e+00 0.000000000000000000e+00 0.000000000000000000e+00 0.000000000000000000e+00 0.000000000000000000e+00 0.000000000000000000e+00 0.000000000000000000e+00 0.000000000000000000e+00
0.000000000000000000e+00 0.000000000000000000e+00 0.000000000000000000e+00 0.000000000000000000e+00 0.000000000000000000e+00 0.000000000000000000e+00 0.000000000000000000e+00 0.000000000000000000e+00 0.000000000000000000e+00 0.000000000000000000e+00 0.000000000000000000e+00
0.000000000000000000e+00 0.000000000000000000e+00 0.000000000000000000e+00 0.000000000000000000e+00 0.000000000000000000e+00 0.000000000000000000e+00 0.000000000000000000e+00 0.000000000000000000e+00 0.000000000000000000e+00 0.000000000000000000e+00 0.000000000000000000e+00
0.000000000000000000e+00 0.000000000000000000e+00 0.000000000000000000e+00 0.000000000000000000e+00 0.000000000000000000e+00 0.000000000000000000e+00 0.000000000000000000e+00 0.000000000000000000e+00 0.000000000000000000e+00 0.000000000000000000e+00 0.000000000000000000e+00
0.000000000000000000e+00 0.000000000000000000e+00 0.000000000000000000e+00 0.000000000000000000e+00 0.000000000000000000e+00 0.000000000000000000e+00 0.000000000000000000e+00 0.000000000000000000e+00 0.000000000000000000e+00 0.000000000000000000e+00 0.000000000000000000e+00
0.000000000000000000e+00 0.000000000000000000e+00 0.000000000000000000e+00 0.000000000000000000e+00 0.000000000000000000e+00 0.000000000000000000e+00 0.000000000000000000e+00 0.000000000000000000e+00 0.000000000000000000e+00 0.000000000000000000e+00 0.000000000000000000e+00
0.000000000000000000e+00 0.000000000000000000e+00 0.000000000000000000e+00 0.000000000000000000e+00 0.000000000000000000e+00 0.000000000000000000e+00 0.000000000000000000e+00 0.000000000000000000e+00 0.000000000000000000e+00 0.000000000000000000e+00 0.000000000000000000e+00
0.000000000000000000e+00 0.000000000000000000e+00 0.000000000000000000e+00 0.000000000000000000e+00 0.000000000000000000e+00 0.000000000000000000e+00 0.000000000000000000e+00 0.000000000000000000e+00 0.000000000000000000e+00 0.000000000000000000e+00 0.000000000000000000e+00
0.000000000000000000e+00 0.000000000000000000e+00 0.000000000000000000e+00 0.000000000000000000e+00 0.000000000000000000e+00 0.000000000000000000e+00 0.000000000000000000e+00 0.000000000000000000e+00 0.000000000000000000e+00 0.000000000000000000e+00 0.000000000000000000e+00
0.000000000000000000e+00 0.000000000000000000e+00 0.000000000000000000e+00 0.000000000000000000e+00 0.000000000000000000e+00 0.000000000000000000e+00 0.000000000000000000e+00 0.000000000000000000e+00 0.000000000000000000e+00 0.000000000000000000e+00 0.000000000000000000e+00
0.000000000000000000e+00 0.000000000000000000e+00 0.000000000000000000e+00 0.000000000000000000e+00 0.000000000000000000e+00 0.000000000000000000e+00 0.000000000000000000e+00 0.000000000000000000e+00 0.000000000000000000e+00 0.000000000000000000e+00 0.000000000000000000e+00
0.000000000000000000e+00 0.000000000000000000e+00 0.000000000000000000e+00 0.000000000000000000e+00 0.000000000000000000e+00 0.000000000000000000e+00 0.000000000000000000e+00 0.000000000000000000e+00 0.000000000000000000e+00 0.000000000000000000e+00 0.000000000000000000e+00
0.000000000000000000e+00 0.000000000000000000e+00 0.000000000000000000e+00 0.000000000000000000e+00 0.000000000000000000e+00 0.000000000000000000e+00 0.000000000000000000e+00 0.000000000000000000e+00 0.000000000000000000e+00 0.000000000000000000e+00 0.000000000000000000e+00
0.000000000000000000e+00 0.000000000000000000e+00 0.000000000000000000e+00 0.000000000000000000e+00 0.000000000000000000e+00 0.000000000000000000e+00 0.000000000000000000e+00 0.000000000000000000e+00 0.000000000000000000e+00 0.000000000000000000e+00 0.000000000000000000e+00
0.000000000000000000e+00 0.000000000000000000e+00 0.000000000000000000e+00 0.000000000000000000e+00 0.000000000000000000e+00 0.000000000000000000e+00 0.000000000000000000e+00 0.000000000000000000e+00 0.000000000000000000e+00 0.000000000000000000e+00 0.000000000000000000e+00
0.000000000000000000e+00 0.000000000000000000e+00 0.000000000000000000e+00 0.000000000000000000e+00 0.000000000000000000e+00 0.000000000000000000e+00 0.000000000000000000e+00 0.000000000000000000e+00 0.000000000000000000e+00 0.000000000000000000e+00 0.000000000000000000e+00
0.000000000000000000e+00 0.000000000000000000e+00 0.000000000000000000e+00 0.000000000000000000e+00 0.000000000000000000e+00 0.000000000000000000e+00 0.000000000000000000e+00 0.000000000000000000e+00 0.000000000000000000e+00 0.000000000000000000e+00 0.000000000000000000e+00
0.000000000000000000e+00 0.000000000000000000e+00 0.000000000000000000e+00 0.000000000000000000e+00 0.000000000000000000e+00 0.000000000000000000e+00 0.000000000000000000e+00 0.000000000000000000e+00 0.000000000000000000e+00 0.000000000000000000e+00 0.000000000000000000e+00
0.000000000000000000e+00 0.000000000000000000e+00 0.000000000000000000e+00 0.000000000000000000e+00 0.000000000000000000e+00 0.000000000000000000e+00 0.000000000000000000e+00 0.000000000000000000e+00 0.000000000000000000e+00 0.000000000000000000e+00 0.000000000000000000e+00
0.000000000000000000e+00 0.000000000000000000e+00 0.000000000000000000e+00 0.000000000000000000e+00 0.000000000000000000e+00 0.000000000000000000e+00 0.000000000000000000e+00 0.000000000000000000e+00 0.000000000000000000e+00 0.000000000000000000e+00 0.000000000000000000e+00
0.000000000000000000e+00 0.000000000000000000e+00 0.000000000000000000e+00 0.000000000000000000e+00 0.000000000000000000e+00 0.000000000000000000e+00 0.000000000000000000e+00 0.000000000000000000e+00 0.000000000000000000e+00 0.000000000000000000e+00 0.000000000000000000e+00
0.000000000000000000e+00 0.000000000000000000e+00 0.000000000000000000e+00 0.000000000000000000e+00 0.000000000000000000e+00 0.000000000000000000e+00 0.000000000000000000e+00 0.000000000000000000e+00 0.000000000000000000e+00 0.000000000000000000e+00 0.000000000000000000e+00
0.000000000000000000e+00 0.000000000000000000e+00 0.000000000000000000e+00 0.000000000000000000e+00 0.000000000000000000e+00 0.000000000000000000e+00 0.000000000000000000e+00 0.000000000000000000e+00 0.000000000000000000e+00 0.000000000000000000e+00 0.000000000000000000e+00
0.000000000000000000e+00 0.000000000000000000e+00 0.000000000000000000e+00 0.000000000000000000e+00 0.000000000000000000e+00 0.000000000000000000e+00 0.000000000000000000e+00 0.000000000000000000e+00 0.000000000000000000e+00 0.000000000000000000e+00 0.000000000000000000e+00
0.000000000000000000e+00 0.000000000000000000e+00 0.000000000000000000e+00 0.000000000000000000e+00 0.000000000000000000e+00 0.000000000000000000e+00 0.000000000000000000e+00 0.000000000000000000e+00 0.000000000000000000e+00 0.000000000000000000e+00 0.000000000000000000e+00
0.000000000000000000e+00 0.000000000000000000e+00 0.000000000000000000e+00 0.000000000000000000e+00 0.000000000000000000e+00 0.000000000000000000e+00 0.000000000000000000e+00 0.000000000000000000e+00 0.000000000000000000e+00 0.000000000000000000e+00 0.000000000000000000e+00
0.000000000000000000e+00 0.000000000000000000e+00 0.000000000000000000e+00 0.000000000000000000e+00 0.000000000000000000e+00 0.000000000000000000e+00 0.000000000000000000e+00 0.000000000000000000e+00 0.000000000000000000e+00 0.000000000000000000e+00 0.000000000000000000e+00
0.000000000000000000e+00 0.000000000000000000e+00 0.000000000000000000e+00 0.000000000000000000e+00 0.000000000000000000e+00 0.000000000000000000e+00 0.000000000000000000e+00 0.000000000000000000e+00 0.000000000000000000e+00 0.000000000000000000e+00 0.000000000000000000e+00
0.000000000000000000e+00 0.000000000000000000e+00 0.000000000000000000e+00 0.000000000000000000e+00 0.000000000000000000e+00 0.000000000000000000e+00 0.000000000000000000e+00 0.000000000000000000e+00 0.000000000000000000e+00 0.000000000000000000e+00 0.000000000000000000e+00
0.000000000000000000e+00 0.000000000000000000e+00 0.000000000000000000e+00 0.000000000000000000e+00 0.000000000000000000e+00 0.000000000000000000e+00 0.000000000000000000e+00 0.000000000000000000e+00 0.000000000000000000e+00 0.000000000000000000e+00 0.000000000000000000e+00
0.000000000000000000e+00 0.000000000000000000e+00 0.000000000000000000e+00 0.000000000000000000e+00 0.000000000000000000e+00 0.000000000000000000e+00 0.000000000000000000e+00 0.000000000000000000e+00 0.000000000000000000e+00 0.000000000000000000e+00 0.000000000000000000e+00
0.000000000000000000e+00 0.000000000000000000e+00 0.000000000000000000e+00 0.000000000000000000e+00 0.000000000000000000e+00 0.000000000000000000e+00 0.000000000000000000e+00 0.000000000000000000e+00 0.000000000000000000e+00 0.000000000000000000e+00 0.000000000000000000e+00
0.000000000000000000e+00 0.000000000000000000e+00 0.000000000000000000e+00 0.000000000000000000e+00 0.000000000000000000e+00 0.000000000000000000e+00 0.000000000000000000e+00 0.000000000000000000e+00 0.000000000000000000e+00 0.000000000000000000e+00 0.000000000000000000e+00
0.000000000000000000e+00 0.000000000000000000e+00 0.000000000000000000e+00 0.000000000000000000e+00 0.000000000000000000e+00 0.000000000000000000e+00 0.000000000000000000e+00 0.000000000000000000e+00 0.000000000000000000e+00 0.000000000000000000e+00 0.000000000000000000e+00
0.000000000000000000e+00 0.000000000000000000e+00 0.000000000000000000e+00 0.000000000000000000e+00 0.000000000000000000e+00 0.000000000000000000e+00 0.000000000000000000e+00 0.000000000000000000e+00 0.000000000000000000e+00 0.000000000000000000e+00 0.000000000000000000e+00
0.000000000000000000e+00 0.000000000000000000e+00 0.000000000000000000e+00 0.000000000000000000e+00 0.000000000000000000e+00 0.000000000000000000e+00 0.000000000000000000e+00 0.000000000000000000e+00 0.000000000000000000e+00 0.000000000000000000e+00 0.000000000000000000e+00
0.000000000000000000e+00 0.000000000000000000e+00 0.000000000000000000e+00 0.000000000000000000e+00 0.000000000000000000e+00 0.000000000000000000e+00 0.000000000000000000e+00 0.000000000000000000e+00 0.000000000000000000e+00 0.000000000000000000e+00 0.000000000000000000e+00
0.000000000000000000e+00 0.000000000000000000e+00 0.000000000000000000e+00 0.000000000000000000e+00 0.000000000000000000e+00 0.000000000000000000e+00 0.000000000000000000e+00 0.000000000000000000e+00 0.000000000000000000e+00 0.000000000000000000e+00 0.000000000000000000e+00
0.000000000000000000e+00 0.000000000000000000e+00 0.000000000000000000e+00 0.000000000000000000e+00 0.000000000000000000e+00 0.000000000000000000e+00 0.000000000000000000e+00 0.000000000000000000e+00 0.000000000000000000e+00 0.000000000000000000e+00 0.000000000000000000e+00
0.000000000000000000e+00 0.000000000000000000e+00 0.000000000000000000e+00 0.000000000000000000e+00 0.000000000000000000e+00 0.000000000000000000e+00 0.000000000000000000e+00 0.000000000000000000e+00 0.000000000000000000e+00 0.000000000000000000e+00 0.000000000000000000e+00
0.000000000000000000e+00 0.000000000000000000e+00 0.000000000000000000e+00 0.000000000000000000e+00 0.000000000000000000e+00 0.000000000000000000e+00 0.000000000000000000e+00 0.000000000000000000e+00 0.000000000000000000e+00 0.000000000000000000e+00 0.000000000000000000e+00
0.000000000000000000e+00 0.000000000000000000e+00 0.000000000000000000e+00 0.000000000000000000e+00 0.000000000000000000e+00 0.000000000000000000e+00 0.000000000000000000e+00 0.000000000000000000e+00 0.000000000000000000e+00 0.000000000000000000e+00 0.000000000000000000e+00
0.000000000000000000e+00 0.000000000000000000e+00 0.000000000000000000e+00 0.000000000000000000e+00 0.000000000000000000e+00 0.000000000000000000e+00 0.000000000000000000e+00 0.000000000000000000e+00 0.000000000000000000e+00 0.000000000000000000e+00 0.000000000000000000e+00
0.000000000000000000e+00 0.000000000000000000e+00 0.000000000000000000e+00 0.000000000000000000e+00 0.000000000000000000e+00 0.000000000000000000e+00 0.000000000000000000e+00 0.000000000000000000e+00 0.000000000000000000e+00 0.000000000000000000e+00 0.000000000000000000e+00
0.000000000000000000e+00 0.000000000000000000e+00 0.000000000000000000e+00 0.000000000000000000e+00 0.000000000000000000e+00 0.000000000000000000e+00 0.000000000000000000e+00 0.000000000000000000e+00 0.000000000000000000e+00 0.000000000000000000e+00 0.000000000000000000e+00
0.000000000000000000e+00 0.000000000000000000e+00 0.000000000000000000e+00 0.000000000000000000e+00 0.000000000000000000e+00 0.000000000000000000e+00 0.000000000000000000e+00 0.000000000000000000e+00 0.000000000000000000e+00 0.000000000000000000e+00 0.000000000000000000e+00
0.000000000000000000e+00 0.000000000000000000e+00 0.000000000000000000e+00 0.000000000000000000e+00 0.000000000000000000e+00 0.000000000000000000e+00 0.000000000000000000e+00 0.000000000000000000e+00 0.000000000000000000e+00 0.000000000000000000e+00 0.000000000000000000e+00
0.000000000000000000e+00 0.000000000000000000e+00 0.000000000000000000e+00 0.000000000000000000e+00 0.000000000000000000e+00 0.000000000000000000e+00 0.000000000000000000e+00 0.000000000000000000e+00 0.000000000000000000e+00 0.000000000000000000e+00 0.000000000000000000e+00
0.000000000000000000e+00 0.000000000000000000e+00 0.000000000000000000e+00 0.000000000000000000e+00 0.000000000000000000e+00 0.000000000000000000e+00 0.000000000000000000e+00 0.000000000000000000e+00 0.000000000000000000e+00 0.000000000000000000e+00 0.000000000000000000e+00
0.000000000000000000e+00 0.000000000000000000e+00 0.000000000000000000e+00 0.000000000000000000e+00 0.000000000000000000e+00 0.000000000000000000e+00 0.000000000000000000e+00 0.000000000000000000e+00 0.000000000000000000e+00 0.000000000000000000e+00 0.000000000000000000e+00
0.000000000000000000e+00 0.000000000000000000e+00 0.000000000000000000e+00 0.000000000000000000e+00 0.000000000000000000e+00 0.000000000000000000e+00 0.000000000000000000e+00 0.000000000000000000e+00 0.000000000000000000e+00 0.000000000000000000e+00 0.000000000000000000e+00
0.000000000000000000e+00 0.000000000000000000e+00 0.000000000000000000e+00 0.000000000000000000e+00 0.000000000000000000e+00 0.000000000000000000e+00 0.000000000000000000e+00 0.000000000000000000e+00 0.000000000000000000e+00 0.000000000000000000e+00 0.000000000000000000e+00
0.000000000000000000e+00 0.000000000000000000e+00 0.000000000000000000e+00 0.000000000000000000e+00 0.000000000000000000e+00 0.000000000000000000e+00 0.000000000000000000e+00 0.000000000000000000e+00 0.000000000000000000e+00 0.000000000000000000e+00 0.000000000000000000e+00
0.000000000000000000e+00 0.000000000000000000e+00 0.000000000000000000e+00 0.000000000000000000e+00 0.000000000000000000e+00 0.000000000000000000e+00 0.000000000000000000e+00 0.000000000000000000e+00 0.000000000000000000e+00 0.000000000000000000e+00 0.000000000000000000e+00
0.000000000000000000e+00 0.000000000000000000e+00 0.000000000000000000e+00 0.000000000000000000e+00 0.000000000000000000e+00 0.000000000000000000e+00 0.000000000000000000e+00 0.000000000000000000e+00 0.000000000000000000e+00 0.000000000000000000e+00 0.000000000000000000e+00
0.000000000000000000e+00 0.000000000000000000e+00 0.000000000000000000e+00 0.000000000000000000e+00 0.000000000000000000e+00 0.000000000000000000e+00 0.000000000000000000e+00 0.000000000000000000e+00 0.000000000000000000e+00 0.000000000000000000e+00 0.000000000000000000e+00
0.000000000000000000e+00 0.000000000000000000e+00 0.000000000000000000e+00 0.000000000000000000e+00 0.000000000000000000e+00 0.000000000000000000e+00 0.000000000000000000e+00 0.000000000000000000e+00 0.000000000000000000e+00 0.000000000000000000e+00 0.000000000000000000e+00
0.000000000000000000e+00 0.000000000000000000e+00 0.000000000000000000e+00 0.000000000000000000e+00 0.000000000000000000e+00 0.000000000000000000e+00 0.000000000000000000e+00 0.000000000000000000e+00 0.000000000000000000e+00 0.000000000000000000e+00 0.000000000000000000e+00
0.000000000000000000e+00 0.000000000000000000e+00 0.000000000000000000e+00 0.000000000000000000e+00 0.000000000000000000e+00 0.000000000000000000e+00 0.000000000000000000e+00 0.000000000000000000e+00 0.000000000000000000e+00 0.000000000000000000e+00 0.000000000000000000e+00
0.000000000000000000e+00 0.000000000000000000e+00 0.000000000000000000e+00 0.000000000000000000e+00 0.000000000000000000e+00 0.000000000000000000e+00 0.000000000000000000e+00 0.000000000000000000e+00 0.000000000000000000e+00 0.000000000000000000e+00 0.000000000000000000e+00
0.000000000000000000e+00 0.000000000000000000e+00 0.000000000000000000e+00 0.000000000000000000e+00 0.000000000000000000e+00 0.000000000000000000e+00 0.000000000000000000e+00 0.000000000000000000e+00 0.000000000000000000e+00 0.000000000000000000e+00 0.000000000000000000e+00
0.000000000000000000e+00 0.000000000000000000e+00 0.000000000000000000e+00 0.000000000000000000e+00 0.000000000000000000e+00 0.000000000000000000e+00 0.000000000000000000e+00 0.000000000000000000e+00 0.000000000000000000e+00 0.000000000000000000e+00 0.000000000000000000e+00
0.000000000000000000e+00 0.000000000000000000e+00 0.000000000000000000e+00 0.000000000000000000e+00 0.000000000000000000e+00 0.000000000000000000e+00 0.000000000000000000e+00 0.000000000000000000e+00 0.000000000000000000e+00 0.000000000000000000e+00 0.000000000000000000e+00
0.000000000000000000e+00 0.000000000000000000e+00 0.000000000000000000e+00 0.000000000000000000e+00 0.000000000000000000e+00 0.000000000000000000e+00 0.000000000000000000e+00 0.000000000000000000e+00 0.000000000000000000e+00 0.000000000000000000e+00 0.000000000000000000e+00
0.000000000000000000e+00 0.000000000000000000e+00 0.000000000000000000e+00 0.000000000000000000e+00 0.000000000000000000e+00 0.000000000000000000e+00 0.000000000000000000e+00 0.000000000000000000e+00 0.000000000000000000e+00 0.000000000000000000e+00 0.000000000000000000e+00
0.000000000000000000e+00 0.000000000000000000e+00 0.000000000000000000e+00 0.000000000000000000e+00 0.000000000000000000e+00 0.000000000000000000e+00 0.000000000000000000e+00 0.000000000000000000e+00 0.000000000000000000e+00 0.000000000000000000e+00 0.000000000000000000e+00
0.000000000000000000e+00 0.000000000000000000e+00 0.000000000000000000e+00 0.000000000000000000e+00 0.000000000000000000e+00 0.000000000000000000e+00 0.000000000000000000e+00 0.000000000000000000e+00 0.000000000000000000e+00 0.000000000000000000e+00 0.000000000000000000e+00
0.000000000000000000e+00 0.000000000000000000e+00 0.000000000000000000e+00 0.000000000000000000e+00 0.000000000000000000e+00 0.000000000000000000e+00 0.000000000000000000e+00 0.000000000000000000e+00 0.000000000000000000e+00 0.000000000000000000e+00 0.000000000000000000e+00
0.000000000000000000e+00 0.000000000000000000e+00 0.000000000000000000e+00 0.000000000000000000e+00 0.000000000000000000e+00 0.000000000000000000e+00 0.000000000000000000e+00 0.000000000000000000e+00 0.000000000000000000e+00 0.000000000000000000e+00 0.000000000000000000e+00
0.000000000000000000e+00 0.000000000000000000e+00 0.000000000000000000e+00 0.000000000000000000e+00 0.000000000000000000e+00 0.000000000000000000e+00 0.000000000000000000e+00 0.000000000000000000e+00 0.000000000000000000e+00 0.000000000000000000e+00 0.000000000000000000e+00
0.000000000000000000e+00 0.000000000000000000e+00 0.000000000000000000e+00 0.000000000000000000e+00 0.000000000000000000e+00 0.000000000000000000e+00 0.000000000000000000e+00 0.000000000000000000e+00 0.000000000000000000e+00 0.000000000000000000e+00 0.000000000000000000e+00
0.000000000000000000e+00 0.000000000000000000e+00 0.000000000000000000e+00 0.000000000000000000e+00 0.000000000000000000e+00 0.000000000000000000e+00 0.000000000000000000e+00 0.000000000000000000e+00 0.000000000000000000e+00 0.000000000000000000e+00 0.000000000000000000e+00
0.000000000000000000e+00 0.000000000000000000e+00 0.000000000000000000e+00 0.000000000000000000e+00 0.000000000000000000e+00 0.000000000000000000e+00 0.000000000000000000e+00 0.000000000000000000e+00 0.000000000000000000e+00 0.000000000000000000e+00 0.000000000000000000e+00
0.000000000000000000e+00 0.000000000000000000e+00 0.000000000000000000e+00 0.000000000000000000e+00 0.000000000000000000e+00 0.000000000000000000e+00 0.000000000000000000e+00 0.000000000000000000e+00 0.000000000000000000e+00 0.000000000000000000e+00 0.000000000000000000e+00
0.000000000000000000e+00 0.000000000000000000e+00 0.000000000000000000e+00 0.000000000000000000e+00 0.000000000000000000e+00 0.000000000000000000e+00 0.000000000000000000e+00 0.000000000000000000e+00 0.000000000000000000e+00 0.000000000000000000e+00 0.000000000000000000e+00
0.000000000000000000e+00 0.000000000000000000e+00 0.000000000000000000e+00 0.000000000000000000e+00 0.000000000000000000e+00 0.000000000000000000e+00 0.000000000000000000e+00 0.000000000000000000e+00 0.000000000000000000e+00 0.000000000000000000e+00 0.000000000000000000e+00
0.000000000000000000e+00 0.000000000000000000e+00 0.000000000000000000e+00 0.000000000000000000e+00 0.000000000000000000e+00 0.000000000000000000e+00 0.000000000000000000e+00 0.000000000000000000e+00 0.000000000000000000e+00 0.000000000000000000e+00 0.000000000000000000e+00
0.000000000000000000e+00 0.000000000000000000e+00 0.000000000000000000e+00 0.000000000000000000e+00 0.000000000000000000e+00 0.000000000000000000e+00 0.000000000000000000e+00 0.000000000000000000e+00 0.000000000000000000e+00 0.000000000000000000e+00 0.000000000000000000e+00
0.000000000000000000e+00 0.000000000000000000e+00 0.000000000000000000e+00 0.000000000000000000e+00 0.000000000000000000e+00 0.000000000000000000e+00 0.000000000000000000e+00 0.000000000000000000e+00 0.000000000000000000e+00 0.000000000000000000e+00 0.000000000000000000e+00
0.000000000000000000e+00 0.000000000000000000e+00 0.000000000000000000e+00 0.000000000000000000e+00 0.000000000000000000e+00 0.000000000000000000e+00 0.000000000000000000e+00 0.000000000000000000e+00 0.000000000000000000e+00 0.000000000000000000e+00 0.000000000000000000e+00
0.000000000000000000e+00 0.000000000000000000e+00 0.000000000000000000e+00 0.000000000000000000e+00 0.000000000000000000e+00 0.000000000000000000e+00 0.000000000000000000e+00 0.000000000000000000e+00 0.000000000000000000e+00 0.000000000000000000e+00 0.000000000000000000e+00
0.000000000000000000e+00 0.000000000000000000e+00 0.000000000000000000e+00 0.000000000000000000e+00 0.000000000000000000e+00 0.000000000000000000e+00 0.000000000000000000e+00 0.000000000000000000e+00 0.000000000000000000e+00 0.000000000000000000e+00 0.000000000000000000e+00
0.000000000000000000e+00 0.000000000000000000e+00 0.000000000000000000e+00 0.000000000000000000e+00 0.000000000000000000e+00 0.000000000000000000e+00 0.000000000000000000e+00 0.000000000000000000e+00 0.000000000000000000e+00 0.000000000000000000e+00 0.000000000000000000e+00
0.000000000000000000e+00 0.000000000000000000e+00 0.000000000000000000e+00 0.000000000000000000e+00 0.000000000000000000e+00 0.000000000000000000e+00 0.000000000000000000e+00 0.000000000000000000e+00 0.000000000000000000e+00 0.000000000000000000e+00 0.000000000000000000e+00
0.000000000000000000e+00 0.000000000000000000e+00 0.000000000000000000e+00 0.000000000000000000e+00 0.000000000000000000e+00 0.000000000000000000e+00 0.000000000000000000e+00 0.000000000000000000e+00 0.000000000000000000e+00 0.000000000000000000e+00 0.000000000000000000e+00
0.000000000000000000e+00 0.000000000000000000e+00 0.000000000000000000e+00 0.000000000000000000e+00 0.000000000000000000e+00 0.000000000000000000e+00 0.000000000000000000e+00 0.000000000000000000e+00 0.000000000000000000e+00 0.000000000000000000e+00 0.000000000000000000e+00
0.000000000000000000e+00 0.000000000000000000e+00 0.000000000000000000e+00 0.000000000000000000e+00 0.000000000000000000e+00 0.000000000000000000e+00 0.000000000000000000e+00 0.000000000000000000e+00 0.000000000000000000e+00 0.000000000000000000e+00 0.000000000000000000e+00
0.000000000000000000e+00 0.000000000000000000e+00 0.000000000000000000e+00 0.000000000000000000e+00 0.000000000000000000e+00 0.000000000000000000e+00 0.000000000000000000e+00 0.000000000000000000e+00 0.000000000000000000e+00 0.000000000000000000e+00 0.000000000000000000e+00
0.000000000000000000e+00 0.000000000000000000e+00 0.000000000000000000e+00 0.000000000000000000e+00 0.000000000000000000e+00 0.000000000000000000e+00 0.000000000000000000e+00 0.000000000000000000e+00 0.000000000000000000e+00 0.000000000000000000e+00 0.000000000000000000e+00
0.000000000000000000e+00 0.000000000000000000e+00 0.000000000000000000e+00 0.000000000000000000e+00 0.000000000000000000e+00 0.000000000000000000e+00 0.000000000000000000e+00 0.000000000000000000e+00 0.000000000000000000e+00 0.000000000000000000e+00 0.000000000000000000e+00
0.000000000000000000e+00 0.000000000000000000e+00 0.000000000000000000e+00 0.000000000000000000e+00 0.000000000000000000e+00 0.000000000000000000e+00 0.000000000000000000e+00 0.000000000000000000e+00 0.000000000000000000e+00 0.000000000000000000e+00 0.000000000000000000e+00
0.000000000000000000e+00 0.000000000000000000e+00 0.000000000000000000e+00 0.000000000000000000e+00 0.000000000000000000e+00 0.000000000000000000e+00 0.000000000000000000e+00 0.000000000000000000e+00 0.000000000000000000e+00 0.000000000000000000e+00 0.000000000000000000e+00
0.000000000000000000e+00 0.000000000000000000e+00 0.000000000000000000e+00 0.000000000000000000e+00 0.000000000000000000e+00 0.000000000000000000e+00 0.000000000000000000e+00 0.000000000000000000e+00 0.000000000000000000e+00 0.000000000000000000e+00 0.000000000000000000e+00
0.000000000000000000e+00 0.000000000000000000e+00 0.000000000000000000e+00 0.000000000000000000e+00 0.000000000000000000e+00 0.000000000000000000e+00 0.000000000000000000e+00 0.000000000000000000e+00 0.000000000000000000e+00 0.000000000000000000e+00 0.000000000000000000e+00
0.000000000000000000e+00 0.000000000000000000e+00 0.000000000000000000e+00 0.000000000000000000e+00 0.000000000000000000e+00 0.000000000000000000e+00 0.000000000000000000e+00 0.000000000000000000e+00 0.000000000000000000e+00 0.000000000000000000e+00 0.000000000000000000e+00
0.000000000000000000e+00 0.000000000000000000e+00 0.000000000000000000e+00 0.000000000000000000e+00 0.000000000000000000e+00 0.000000000000000000e+00 0.000000000000000000e+00 0.000000000000000000e+00 0.000000000000000000e+00 0.000000000000000000e+00 0.000000000000000000e+00
0.000000000000000000e+00 0.000000000000000000e+00 0.000000000000000000e+00 0.000000000000000000e+00 0.000000000000000000e+00 0.000000000000000000e+00 0.000000000000000000e+00 0.000000000000000000e+00 0.000000000000000000e+00 0.000000000000000000e+00 0.000000000000000000e+00
0.000000000000000000e+00 0.000000000000000000e+00 0.000000000000000000e+00 0.000000000000000000e+00 0.000000000000000000e+00 0.000000000000000000e+00 0.000000000000000000e+00 0.000000000000000000e+00 0.000000000000000000e+00 0.000000000000000000e+00 0.000000000000000000e+00
0.000000000000000000e+00 0.000000000000000000e+00 0.000000000000000000e+00 0.000000000000000000e+00 0.000000000000000000e+00 0.000000000000000000e+00 0.000000000000000000e+00 0.000000000000000000e+00 0.000000000000000000e+00 0.000000000000000000e+00 0.000000000000000000e+00
0.000000000000000000e+00 0.000000000000000000e+00 0.000000000000000000e+00 0.000000000000000000e+00 0.000000000000000000e+00 0.000000000000000000e+00 0.000000000000000000e+00 0.000000000000000000e+00 0.000000000000000000e+00 0.000000000000000000e+00 0.000000000000000000e+00
0.000000000000000000e+00 0.000000000000000000e+00 0.000000000000000000e+00 0.000000000000000000e+00 0.000000000000000000e+00 0.000000000000000000e+00 0.000000000000000000e+00 0.000000000000000000e+00 0.000000000000000000e+00 0.000000000000000000e+00 0.000000000000000000e+00
0.000000000000000000e+00 0.000000000000000000e+00 0.000000000000000000e+00 0.000000000000000000e+00 0.000000000000000000e+00 0.000000000000000000e+00 0.000000000000000000e+00 0.000000000000000000e+00 0.000000000000000000e+00 0.000000000000000000e+00 0.000000000000000000e+00
0.000000000000000000e+00 0.000000000000000000e+00 0.000000000000000000e+00 0.000000000000000000e+00 0.000000000000000000e+00 0.000000000000000000e+00 0.000000000000000000e+00 0.000000000000000000e+00 0.000000000000000000e+00 0.000000000000000000e+00 0.000000000000000000e+00
0.000000000000000000e+00 0.000000000000000000e+00 0.000000000000000000e+00 0.000000000000000000e+00 0.000000000000000000e+00 0.000000000000000000e+00 0.000000000000000000e+00 0.000000000000000000e+00 0.000000000000000000e+00 0.000000000000000000e+00 0.000000000000000000e+00
0.000000000000000000e+00 0.000000000000000000e+00 0.000000000000000000e+00 0.000000000000000000e+00 0.000000000000000000e+00 0.000000000000000000e+00 0.000000000000000000e+00 0.000000000000000000e+00 0.000000000000000000e+00 0.000000000000000000e+00 0.000000000000000000e+00
0.000000000000000000e+00 0.000000000000000000e+00 0.000000000000000000e+00 0.000000000000000000e+00 0.000000000000000000e+00 0.000000000000000000e+00 0.000000000000000000e+00 0.000000000000000000e+00 0.000000000000000000e+00 0.000000000000000000e+00 0.000000000000000000e+00
0.000000000000000000e+00 0.000000000000000000e+00 0.000000000000000000e+00 0.000000000000000000e+00 0.000000000000000000e+00 0.000000000000000000e+00 0.000000000000000000e+00 0.000000000000000000e+00 0.000000000000000000e+00 0.000000000000000000e+00 0.000000000000000000e+00
0.000000000000000000e+00 0.000000000000000000e+00 0.000000000000000000e+00 0.000000000000000000e+00 0.000000000000000000e+00 0.000000000000000000e+00 0.000000000000000000e+00 0.000000000000000000e+00 0.000000000000000000e+00 0.000000000000000000e+00 0.000000000000000000e+00
0.000000000000000000e+00 0.000000000000000000e+00 0.000000000000000000e+00 0.000000000000000000e+00 0.000000000000000000e+00 0.000000000000000000e+00 0.000000000000000000e+00 0.000000000000000000e+00 0.000000000000000000e+00 0.000000000000000000e+00 0.000000000000000000e+00
0.000000000000000000e+00 0.000000000000000000e+00 0.000000000000000000e+00 0.000000000000000000e+00 0.000000000000000000e+00 0.000000000000000000e+00 0.000000000000000000e+00 0.000000000000000000e+00 0.000000000000000000e+00 0.000000000000000000e+00 0.000000000000000000e+00
0.000000000000000000e+00 0.000000000000000000e+00 0.000000000000000000e+00 0.000000000000000000e+00 0.000000000000000000e+00 0.000000000000000000e+00 0.000000000000000000e+00 0.000000000000000000e+00 0.000000000000000000e+00 0.000000000000000000e+00 0.000000000000000000e+00
0.000000000000000000e+00 0.000000000000000000e+00 0.000000000000000000e+00 0.000000000000000000e+00 0.000000000000000000e+00 0.000000000000000000e+00 0.000000000000000000e+00 0.000000000000000000e+00 0.000000000000000000e+00 0.000000000000000000e+00 0.000000000000000000e+00
0.000000000000000000e+00 0.000000000000000000e+00 0.000000000000000000e+00 0.000000000000000000e+00 0.000000000000000000e+00 0.000000000000000000e+00 0.000000000000000000e+00 0.000000000000000000e+00 0.000000000000000000e+00 0.000000000000000000e+00 0.000000000000000000e+00
0.000000000000000000e+00 0.000000000000000000e+00 0.000000000000000000e+00 0.000000000000000000e+00 0.000000000000000000e+00 0.000000000000000000e+00 0.000000000000000000e+00 0.000000000000000000e+00 0.000000000000000000e+00 0.000000000000000000e+00 0.000000000000000000e+00
0.000000000000000000e+00 0.000000000000000000e+00 0.000000000000000000e+00 0.000000000000000000e+00 0.000000000000000000e+00 0.000000000000000000e+00 0.000000000000000000e+00 0.000000000000000000e+00 0.000000000000000000e+00 0.000000000000000000e+00 0.000000000000000000e+00
0.000000000000000000e+00 0.000000000000000000e+00 0.000000000000000000e+00 0.000000000000000000e+00 0.000000000000000000e+00 0.000000000000000000e+00 0.000000000000000000e+00 0.000000000000000000e+00 0.000000000000000000e+00 0.000000000000000000e+00 0.000000000000000000e+00
0.000000000000000000e+00 0.000000000000000000e+00 0.000000000000000000e+00 0.000000000000000000e+00 0.000000000000000000e+00 0.000000000000000000e+00 0.000000000000000000e+00 0.000000000000000000e+00 0.000000000000000000e+00 0.000000000000000000e+00 0.000000000000000000e+00
0.000000000000000000e+00 0.000000000000000000e+00 0.000000000000000000e+00 0.000000000000000000e+00 0.000000000000000000e+00 0.000000000000000000e+00 0.000000000000000000e+00 0.000000000000000000e+00 0.000000000000000000e+00 0.000000000000000000e+00 0.000000000000000000e+00
0.000000000000000000e+00 0.000000000000000000e+00 0.000000000000000000e+00 0.000000000000000000e+00 0.000000000000000000e+00 0.000000000000000000e+00 0.000000000000000000e+00 0.000000000000000000e+00 0.000000000000000000e+00 0.000000000000000000e+00 0.000000000000000000e+00
0.000000000000000000e+00 0.000000000000000000e+00 0.000000000000000000e+00 0.000000000000000000e+00 0.000000000000000000e+00 0.000000000000000000e+00 0.000000000000000000e+00 0.000000000000000000e+00 0.000000000000000000e+00 0.000000000000000000e+00 0.000000000000000000e+00
0.000000000000000000e+00 0.000000000000000000e+00 0.000000000000000000e+00 0.000000000000000000e+00 0.000000000000000000e+00 0.000000000000000000e+00 0.000000000000000000e+00 0.000000000000000000e+00 0.000000000000000000e+00 0.000000000000000000e+00 0.000000000000000000e+00
0.000000000000000000e+00 0.000000000000000000e+00 0.000000000000000000e+00 0.000000000000000000e+00 0.000000000000000000e+00 0.000000000000000000e+00 0.000000000000000000e+00 0.000000000000000000e+00 0.000000000000000000e+00 0.000000000000000000e+00 0.000000000000000000e+00
0.000000000000000000e+00 0.000000000000000000e+00 0.000000000000000000e+00 0.000000000000000000e+00 0.000000000000000000e+00 0.000000000000000000e+00 0.000000000000000000e+00 0.000000000000000000e+00 0.000000000000000000e+00 0.000000000000000000e+00 0.000000000000000000e+00
0.000000000000000000e+00 0.000000000000000000e+00 0.000000000000000000e+00 0.000000000000000000e+00 0.000000000000000000e+00 0.000000000000000000e+00 0.000000000000000000e+00 0.000000000000000000e+00 0.000000000000000000e+00 0.000000000000000000e+00 0.000000000000000000e+00
0.000000000000000000e+00 0.000000000000000000e+00 0.000000000000000000e+00 0.000000000000000000e+00 0.000000000000000000e+00 0.000000000000000000e+00 0.000000000000000000e+00 0.000000000000000000e+00 0.000000000000000000e+00 0.000000000000000000e+00 0.000000000000000000e+00
0.000000000000000000e+00 0.000000000000000000e+00 0.000000000000000000e+00 0.000000000000000000e+00 0.000000000000000000e+00 0.000000000000000000e+00 0.000000000000000000e+00 0.000000000000000000e+00 0.000000000000000000e+00 0.000000000000000000e+00 0.000000000000000000e+00
0.000000000000000000e+00 0.000000000000000000e+00 0.000000000000000000e+00 0.000000000000000000e+00 0.000000000000000000e+00 0.000000000000000000e+00 0.000000000000000000e+00 0.000000000000000000e+00 0.000000000000000000e+00 0.000000000000000000e+00 0.000000000000000000e+00
0.000000000000000000e+00 0.000000000000000000e+00 0.000000000000000000e+00 0.000000000000000000e+00 0.000000000000000000e+00 0.000000000000000000e+00 0.000000000000000000e+00 0.000000000000000000e+00 0.000000000000000000e+00 0.000000000000000000e+00 0.000000000000000000e+00
0.000000000000000000e+00 0.000000000000000000e+00 0.000000000000000000e+00 0.000000000000000000e+00 0.000000000000000000e+00 0.000000000000000000e+00 0.000000000000000000e+00 0.000000000000000000e+00 0.000000000000000000e+00 0.000000000000000000e+00 0.000000000000000000e+00
0.000000000000000000e+00 0.000000000000000000e+00 0.000000000000000000e+00 0.000000000000000000e+00 0.000000000000000000e+00 0.000000000000000000e+00 0.000000000000000000e+00 0.000000000000000000e+00 0.000000000000000000e+00 0.000000000000000000e+00 0.000000000000000000e+00
0.000000000000000000e+00 0.000000000000000000e+00 0.000000000000000000e+00 0.000000000000000000e+00 0.000000000000000000e+00 0.000000000000000000e+00 0.000000000000000000e+00 0.000000000000000000e+00 0.000000000000000000e+00 0.000000000000000000e+00 0.000000000000000000e+00
0.000000000000000000e+00 0.000000000000000000e+00 0.000000000000000000e+00 0.000000000000000000e+00 0.000000000000000000e+00 0.000000000000000000e+00 0.000000000000000000e+00 0.000000000000000000e+00 0.000000000000000000e+00 0.000000000000000000e+00 0.000000000000000000e+00
0.000000000000000000e+00 0.000000000000000000e+00 0.000000000000000000e+00 0.000000000000000000e+00 0.000000000000000000e+00 0.000000000000000000e+00 0.000000000000000000e+00 0.000000000000000000e+00 0.000000000000000000e+00 0.000000000000000000e+00 0.000000000000000000e+00
0.000000000000000000e+00 0.000000000000000000e+00 0.000000000000000000e+00 0.000000000000000000e+00 0.000000000000000000e+00 0.000000000000000000e+00 0.000000000000000000e+00 0.000000000000000000e+00 0.000000000000000000e+00 0.000000000000000000e+00 0.000000000000000000e+00
0.000000000000000000e+00 0.000000000000000000e+00 0.000000000000000000e+00 0.000000000000000000e+00 0.000000000000000000e+00 0.000000000000000000e+00 0.000000000000000000e+00 0.000000000000000000e+00 0.000000000000000000e+00 0.000000000000000000e+00 0.000000000000000000e+00
0.000000000000000000e+00 0.000000000000000000e+00 0.000000000000000000e+00 0.000000000000000000e+00 0.000000000000000000e+00 0.000000000000000000e+00 0.000000000000000000e+00 0.000000000000000000e+00 0.000000000000000000e+00 0.000000000000000000e+00 0.000000000000000000e+00
0.000000000000000000e+00 0.000000000000000000e+00 0.000000000000000000e+00 0.000000000000000000e+00 0.000000000000000000e+00 0.000000000000000000e+00 0.000000000000000000e+00 0.000000000000000000e+00 0.000000000000000000e+00 0.000000000000000000e+00 0.000000000000000000e+00
0.000000000000000000e+00 0.000000000000000000e+00 0.000000000000000000e+00 0.000000000000000000e+00 0.000000000000000000e+00 0.000000000000000000e+00 0.000000000000000000e+00 0.000000000000000000e+00 0.000000000000000000e+00 0.000000000000000000e+00 0.000000000000000000e+00
0.000000000000000000e+00 0.000000000000000000e+00 0.000000000000000000e+00 0.000000000000000000e+00 0.000000000000000000e+00 0.000000000000000000e+00 0.000000000000000000e+00 0.000000000000000000e+00 0.000000000000000000e+00 0.000000000000000000e+00 0.000000000000000000e+00
0.000000000000000000e+00 0.000000000000000000e+00 0.000000000000000000e+00 0.000000000000000000e+00 0.000000000000000000e+00 0.000000000000000000e+00 0.000000000000000000e+00 0.000000000000000000e+00 0.000000000000000000e+00 0.000000000000000000e+00 0.000000000000000000e+00
0.000000000000000000e+00 0.000000000000000000e+00 0.000000000000000000e+00 0.000000000000000000e+00 0.000000000000000000e+00 0.000000000000000000e+00 0.000000000000000000e+00 0.000000000000000000e+00 0.000000000000000000e+00 0.000000000000000000e+00 0.000000000000000000e+00
0.000000000000000000e+00 0.000000000000000000e+00 0.000000000000000000e+00 0.000000000000000000e+00 0.000000000000000000e+00 0.000000000000000000e+00 0.000000000000000000e+00 0.000000000000000000e+00 0.000000000000000000e+00 0.000000000000000000e+00 0.000000000000000000e+00
0.000000000000000000e+00 0.000000000000000000e+00 0.000000000000000000e+00 0.000000000000000000e+00 0.000000000000000000e+00 0.000000000000000000e+00 0.000000000000000000e+00 0.000000000000000000e+00 0.000000000000000000e+00 0.000000000000000000e+00 0.000000000000000000e+00
0.000000000000000000e+00 0.000000000000000000e+00 0.000000000000000000e+00 0.000000000000000000e+00 0.000000000000000000e+00 0.000000000000000000e+00 0.000000000000000000e+00 0.000000000000000000e+00 0.000000000000000000e+00 0.000000000000000000e+00 0.000000000000000000e+00
0.000000000000000000e+00 0.000000000000000000e+00 0.000000000000000000e+00 0.000000000000000000e+00 0.000000000000000000e+00 0.000000000000000000e+00 0.000000000000000000e+00 0.000000000000000000e+00 0.000000000000000000e+00 0.000000000000000000e+00 0.000000000000000000e+00
0.000000000000000000e+00 0.000000000000000000e+00 0.000000000000000000e+00 0.000000000000000000e+00 0.000000000000000000e+00 0.000000000000000000e+00 0.000000000000000000e+00 0.000000000000000000e+00 0.000000000000000000e+00 0.000000000000000000e+00 0.000000000000000000e+00
0.000000000000000000e+00 0.000000000000000000e+00 0.000000000000000000e+00 0.000000000000000000e+00 0.000000000000000000e+00 0.000000000000000000e+00 0.000000000000000000e+00 0.000000000000000000e+00 0.000000000000000000e+00 0.000000000000000000e+00 0.000000000000000000e+00
0.000000000000000000e+00 0.000000000000000000e+00 0.000000000000000000e+00 0.000000000000000000e+00 0.000000000000000000e+00 0.000000000000000000e+00 0.000000000000000000e+00 0.000000000000000000e+00 0.000000000000000000e+00 0.000000000000000000e+00 0.000000000000000000e+00
0.000000000000000000e+00 0.000000000000000000e+00 0.000000000000000000e+00 0.000000000000000000e+00 0.000000000000000000e+00 0.000000000000000000e+00 0.000000000000000000e+00 0.000000000000000000e+00 0.000000000000000000e+00 0.000000000000000000e+00 0.000000000000000000e+00
0.000000000000000000e+00 0.000000000000000000e+00 0.000000000000000000e+00 0.000000000000000000e+00 0.000000000000000000e+00 0.000000000000000000e+00 0.000000000000000000e+00 0.000000000000000000e+00 0.000000000000000000e+00 0.000000000000000000e+00 0.000000000000000000e+00
0.000000000000000000e+00 0.000000000000000000e+00 0.000000000000000000e+00 0.000000000000000000e+00 0.000000000000000000e+00 0.000000000000000000e+00 0.000000000000000000e+00 0.000000000000000000e+00 0.000000000000000000e+00 0.000000000000000000e+00 0.000000000000000000e+00
0.000000000000000000e+00 0.000000000000000000e+00 0.000000000000000000e+00 0.000000000000000000e+00 0.000000000000000000e+00 0.000000000000000000e+00 0.000000000000000000e+00 0.000000000000000000e+00 0.000000000000000000e+00 0.000000000000000000e+00 0.000000000000000000e+00
0.000000000000000000e+00 0.000000000000000000e+00 0.000000000000000000e+00 0.000000000000000000e+00 0.000000000000000000e+00 0.000000000000000000e+00 0.000000000000000000e+00 0.000000000000000000e+00 0.000000000000000000e+00 0.000000000000000000e+00 0.000000000000000000e+00
0.000000000000000000e+00 0.000000000000000000e+00 0.000000000000000000e+00 0.000000000000000000e+00 0.000000000000000000e+00 0.000000000000000000e+00 0.000000000000000000e+00 0.000000000000000000e+00 0.000000000000000000e+00 0.000000000000000000e+00 0.000000000000000000e+00
0.000000000000000000e+00 0.000000000000000000e+00 0.000000000000000000e+00 0.000000000000000000e+00 0.000000000000000000e+00 0.000000000000000000e+00 0.000000000000000000e+00 0.000000000000000000e+00 0.000000000000000000e+00 0.000000000000000000e+00 0.000000000000000000e+00
0.000000000000000000e+00 0.000000000000000000e+00 0.000000000000000000e+00 0.000000000000000000e+00 0.000000000000000000e+00 0.000000000000000000e+00 0.000000000000000000e+00 0.000000000000000000e+00 0.000000000000000000e+00 0.000000000000000000e+00 0.000000000000000000e+00
0.000000000000000000e+00 0.000000000000000000e+00 0.000000000000000000e+00 0.000000000000000000e+00 0.000000000000000000e+00 0.000000000000000000e+00 0.000000000000000000e+00 0.000000000000000000e+00 0.000000000000000000e+00 0.000000000000000000e+00 0.000000000000000000e+00
0.000000000000000000e+00 0.000000000000000000e+00 0.000000000000000000e+00 0.000000000000000000e+00 0.000000000000000000e+00 0.000000000000000000e+00 0.000000000000000000e+00 0.000000000000000000e+00 0.000000000000000000e+00 0.000000000000000000e+00 0.000000000000000000e+00
0.000000000000000000e+00 0.000000000000000000e+00 0.000000000000000000e+00 0.000000000000000000e+00 0.000000000000000000e+00 0.000000000000000000e+00 0.000000000000000000e+00 0.000000000000000000e+00 0.000000000000000000e+00 0.000000000000000000e+00 0.000000000000000000e+00
0.000000000000000000e+00 0.000000000000000000e+00 0.000000000000000000e+00 0.000000000000000000e+00 0.000000000000000000e+00 0.000000000000000000e+00 0.000000000000000000e+00 0.000000000000000000e+00 0.000000000000000000e+00 0.000000000000000000e+00 0.000000000000000000e+00
0.000000000000000000e+00 0.000000000000000000e+00 0.000000000000000000e+00 0.000000000000000000e+00 0.000000000000000000e+00 0.000000000000000000e+00 0.000000000000000000e+00 0.000000000000000000e+00 0.000000000000000000e+00 0.000000000000000000e+00 0.000000000000000000e+00
0.000000000000000000e+00 0.000000000000000000e+00 0.000000000000000000e+00 0.000000000000000000e+00 0.000000000000000000e+00 0.000000000000000000e+00 0.000000000000000000e+00 0.000000000000000000e+00 0.000000000000000000e+00 0.000000000000000000e+00 0.000000000000000000e+00
0.000000000000000000e+00 0.000000000000000000e+00 0.000000000000000000e+00 0.000000000000000000e+00 0.000000000000000000e+00 0.000000000000000000e+00 0.000000000000000000e+00 0.000000000000000000e+00 0.000000000000000000e+00 0.000000000000000000e+00 0.000000000000000000e+00
0.000000000000000000e+00 0.000000000000000000e+00 0.000000000000000000e+00 0.000000000000000000e+00 0.000000000000000000e+00 0.000000000000000000e+00 0.000000000000000000e+00 0.000000000000000000e+00 0.000000000000000000e+00 0.000000000000000000e+00 0.000000000000000000e+00
0.000000000000000000e+00 0.000000000000000000e+00 0.000000000000000000e+00 0.000000000000000000e+00 0.000000000000000000e+00 0.000000000000000000e+00 0.000000000000000000e+00 0.000000000000000000e+00 0.000000000000000000e+00 0.000000000000000000e+00 0.000000000000000000e+00
0.000000000000000000e+00 0.000000000000000000e+00 0.000000000000000000e+00 0.000000000000000000e+00 0.000000000000000000e+00 0.000000000000000000e+00 0.000000000000000000e+00 0.000000000000000000e+00 0.000000000000000000e+00 0.000000000000000000e+00 0.000000000000000000e+00
0.000000000000000000e+00 0.000000000000000000e+00 0.000000000000000000e+00 0.000000000000000000e+00 0.000000000000000000e+00 0.000000000000000000e+00 0.000000000000000000e+00 0.000000000000000000e+00 0.000000000000000000e+00 0.000000000000000000e+00 0.000000000000000000e+00
0.000000000000000000e+00 0.000000000000000000e+00 0.000000000000000000e+00 0.000000000000000000e+00 0.000000000000000000e+00 0.000000000000000000e+00 0.000000000000000000e+00 0.000000000000000000e+00 0.000000000000000000e+00 0.000000000000000000e+00 0.000000000000000000e+00
0.000000000000000000e+00 0.000000000000000000e+00 0.000000000000000000e+00 0.000000000000000000e+00 0.000000000000000000e+00 0.000000000000000000e+00 0.000000000000000000e+00 0.000000000000000000e+00 0.000000000000000000e+00 0.000000000000000000e+00 0.000000000000000000e+00
0.000000000000000000e+00 0.000000000000000000e+00 0.000000000000000000e+00 0.000000000000000000e+00 0.000000000000000000e+00 0.000000000000000000e+00 0.000000000000000000e+00 0.000000000000000000e+00 0.000000000000000000e+00 0.000000000000000000e+00 0.000000000000000000e+00
0.000000000000000000e+00 0.000000000000000000e+00 0.000000000000000000e+00 0.000000000000000000e+00 0.000000000000000000e+00 0.000000000000000000e+00 0.000000000000000000e+00 0.000000000000000000e+00 0.000000000000000000e+00 0.000000000000000000e+00 0.000000000000000000e+00
0.000000000000000000e+00 0.000000000000000000e+00 0.000000000000000000e+00 0.000000000000000000e+00 0.000000000000000000e+00 0.000000000000000000e+00 0.000000000000000000e+00 0.000000000000000000e+00 0.000000000000000000e+00 0.000000000000000000e+00 0.000000000000000000e+00
0.000000000000000000e+00 0.000000000000000000e+00 0.000000000000000000e+00 0.000000000000000000e+00 0.000000000000000000e+00 0.000000000000000000e+00 0.000000000000000000e+00 0.000000000000000000e+00 0.000000000000000000e+00 0.000000000000000000e+00 0.000000000000000000e+00
0.000000000000000000e+00 0.000000000000000000e+00 0.000000000000000000e+00 0.000000000000000000e+00 0.000000000000000000e+00 0.000000000000000000e+00 0.000000000000000000e+00 0.000000000000000000e+00 0.000000000000000000e+00 0.000000000000000000e+00 0.000000000000000000e+00
0.000000000000000000e+00 0.000000000000000000e+00 0.000000000000000000e+00 0.000000000000000000e+00 0.000000000000000000e+00 0.000000000000000000e+00 0.000000000000000000e+00 0.000000000000000000e+00 0.000000000000000000e+00 0.000000000000000000e+00 0.000000000000000000e+00
0.000000000000000000e+00 0.000000000000000000e+00 0.000000000000000000e+00 0.000000000000000000e+00 0.000000000000000000e+00 0.000000000000000000e+00 0.000000000000000000e+00 0.000000000000000000e+00 0.000000000000000000e+00 0.000000000000000000e+00 0.000000000000000000e+00
0.000000000000000000e+00 0.000000000000000000e+00 0.000000000000000000e+00 0.000000000000000000e+00 0.000000000000000000e+00 0.000000000000000000e+00 0.000000000000000000e+00 0.000000000000000000e+00 0.000000000000000000e+00 0.000000000000000000e+00 0.000000000000000000e+00
0.000000000000000000e+00 0.000000000000000000e+00 0.000000000000000000e+00 0.000000000000000000e+00 0.000000000000000000e+00 0.000000000000000000e+00 0.000000000000000000e+00 0.000000000000000000e+00 0.000000000000000000e+00 0.000000000000000000e+00 0.000000000000000000e+00
0.000000000000000000e+00 0.000000000000000000e+00 0.000000000000000000e+00 0.000000000000000000e+00 0.000000000000000000e+00 0.000000000000000000e+00 0.000000000000000000e+00 0.000000000000000000e+00 0.000000000000000000e+00 0.000000000000000000e+00 0.000000000000000000e+00
0.000000000000000000e+00 0.000000000000000000e+00 0.000000000000000000e+00 0.000000000000000000e+00 0.000000000000000000e+00 0.000000000000000000e+00 0.000000000000000000e+00 0.000000000000000000e+00 0.000000000000000000e+00 0.000000000000000000e+00 0.000000000000000000e+00
0.000000000000000000e+00 0.000000000000000000e+00 0.000000000000000000e+00 0.000000000000000000e+00 0.000000000000000000e+00 0.000000000000000000e+00 0.000000000000000000e+00 0.000000000000000000e+00 0.000000000000000000e+00 0.000000000000000000e+00 0.000000000000000000e+00
0.000000000000000000e+00 0.000000000000000000e+00 0.000000000000000000e+00 0.000000000000000000e+00 0.000000000000000000e+00 0.000000000000000000e+00 0.000000000000000000e+00 0.000000000000000000e+00 0.000000000000000000e+00 0.000000000000000000e+00 0.000000000000000000e+00
0.000000000000000000e+00 0.000000000000000000e+00 0.000000000000000000e+00 0.000000000000000000e+00 0.000000000000000000e+00 0.000000000000000000e+00 0.000000000000000000e+00 0.000000000000000000e+00 0.000000000000000000e+00 0.000000000000000000e+00 0.000000000000000000e+00
0.000000000000000000e+00 0.000000000000000000e+00 0.000000000000000000e+00 0.000000000000000000e+00 0.000000000000000000e+00 0.000000000000000000e+00 0.000000000000000000e+00 0.000000000000000000e+00 0.000000000000000000e+00 0.000000000000000000e+00 0.000000000000000000e+00
0.000000000000000000e+00 0.000000000000000000e+00 0.000000000000000000e+00 0.000000000000000000e+00 0.000000000000000000e+00 0.000000000000000000e+00 0.000000000000000000e+00 0.000000000000000000e+00 0.000000000000000000e+00 0.000000000000000000e+00 0.000000000000000000e+00
0.000000000000000000e+00 0.000000000000000000e+00 0.000000000000000000e+00 0.000000000000000000e+00 0.000000000000000000e+00 0.000000000000000000e+00 0.000000000000000000e+00 0.000000000000000000e+00 0.000000000000000000e+00 0.000000000000000000e+00 0.000000000000000000e+00
0.000000000000000000e+00 0.000000000000000000e+00 0.000000000000000000e+00 0.000000000000000000e+00 0.000000000000000000e+00 0.000000000000000000e+00 0.000000000000000000e+00 0.000000000000000000e+00 0.000000000000000000e+00 0.000000000000000000e+00 0.000000000000000000e+00
0.000000000000000000e+00 0.000000000000000000e+00 0.000000000000000000e+00 0.000000000000000000e+00 0.000000000000000000e+00 0.000000000000000000e+00 0.000000000000000000e+00 0.000000000000000000e+00 0.000000000000000000e+00 0.000000000000000000e+00 0.000000000000000000e+00
0.000000000000000000e+00 0.000000000000000000e+00 0.000000000000000000e+00 0.000000000000000000e+00 0.000000000000000000e+00 0.000000000000000000e+00 0.000000000000000000e+00 0.000000000000000000e+00 0.000000000000000000e+00 0.000000000000000000e+00 0.000000000000000000e+00
0.000000000000000000e+00 0.000000000000000000e+00 0.000000000000000000e+00 0.000000000000000000e+00 0.000000000000000000e+00 0.000000000000000000e+00 0.000000000000000000e+00 0.000000000000000000e+00 0.000000000000000000e+00 0.000000000000000000e+00 0.000000000000000000e+00
0.000000000000000000e+00 0.000000000000000000e+00 0.000000000000000000e+00 0.000000000000000000e+00 0.000000000000000000e+00 0.000000000000000000e+00 0.000000000000000000e+00 0.000000000000000000e+00 0.000000000000000000e+00 0.000000000000000000e+00 0.000000000000000000e+00
0.000000000000000000e+00 0.000000000000000000e+00 0.000000000000000000e+00 0.000000000000000000e+00 0.000000000000000000e+00 0.000000000000000000e+00 0.000000000000000000e+00 0.000000000000000000e+00 0.000000000000000000e+00 0.000000000000000000e+00 0.000000000000000000e+00
0.000000000000000000e+00 0.000000000000000000e+00 0.000000000000000000e+00 0.000000000000000000e+00 0.000000000000000000e+00 0.000000000000000000e+00 0.000000000000000000e+00 0.000000000000000000e+00 0.000000000000000000e+00 0.000000000000000000e+00 0.000000000000000000e+00
0.000000000000000000e+00 0.000000000000000000e+00 0.000000000000000000e+00 0.000000000000000000e+00 0.000000000000000000e+00 0.000000000000000000e+00 0.000000000000000000e+00 0.000000000000000000e+00 0.000000000000000000e+00 0.000000000000000000e+00 0.000000000000000000e+00
0.000000000000000000e+00 0.000000000000000000e+00 0.000000000000000000e+00 0.000000000000000000e+00 0.000000000000000000e+00 0.000000000000000000e+00 0.000000000000000000e+00 0.000000000000000000e+00 0.000000000000000000e+00 0.000000000000000000e+00 0.000000000000000000e+00
0.000000000000000000e+00 0.000000000000000000e+00 0.000000000000000000e+00 0.000000000000000000e+00 0.000000000000000000e+00 0.000000000000000000e+00 0.000000000000000000e+00 0.000000000000000000e+00 0.000000000000000000e+00 0.000000000000000000e+00 0.000000000000000000e+00
0.000000000000000000e+00 0.000000000000000000e+00 0.000000000000000000e+00 0.000000000000000000e+00 0.000000000000000000e+00 0.000000000000000000e+00 0.000000000000000000e+00 0.000000000000000000e+00 0.000000000000000000e+00 0.000000000000000000e+00 0.000000000000000000e+00
0.000000000000000000e+00 0.000000000000000000e+00 0.000000000000000000e+00 0.000000000000000000e+00 0.000000000000000000e+00 0.000000000000000000e+00 0.000000000000000000e+00 0.000000000000000000e+00 0.000000000000000000e+00 0.000000000000000000e+00 0.000000000000000000e+00
0.000000000000000000e+00 0.000000000000000000e+00 0.000000000000000000e+00 0.000000000000000000e+00 0.000000000000000000e+00 0.000000000000000000e+00 0.000000000000000000e+00 0.000000000000000000e+00 0.000000000000000000e+00 0.000000000000000000e+00 0.000000000000000000e+00
0.000000000000000000e+00 0.000000000000000000e+00 0.000000000000000000e+00 0.000000000000000000e+00 0.000000000000000000e+00 0.000000000000000000e+00 0.000000000000000000e+00 0.000000000000000000e+00 0.000000000000000000e+00 0.000000000000000000e+00 0.000000000000000000e+00
0.000000000000000000e+00 0.000000000000000000e+00 0.000000000000000000e+00 0.000000000000000000e+00 0.000000000000000000e+00 0.000000000000000000e+00 0.000000000000000000e+00 0.000000000000000000e+00 0.000000000000000000e+00 0.000000000000000000e+00 0.000000000000000000e+00
0.000000000000000000e+00 0.000000000000000000e+00 0.000000000000000000e+00 0.000000000000000000e+00 0.000000000000000000e+00 0.000000000000000000e+00 0.000000000000000000e+00 0.000000000000000000e+00 0.000000000000000000e+00 0.000000000000000000e+00 0.000000000000000000e+00
0.000000000000000000e+00 0.000000000000000000e+00 0.000000000000000000e+00 0.000000000000000000e+00 0.000000000000000000e+00 0.000000000000000000e+00 0.000000000000000000e+00 0.000000000000000000e+00 0.000000000000000000e+00 0.000000000000000000e+00 0.000000000000000000e+00
0.000000000000000000e+00 0.000000000000000000e+00 0.000000000000000000e+00 0.000000000000000000e+00 0.000000000000000000e+00 0.000000000000000000e+00 0.000000000000000000e+00 0.000000000000000000e+00 0.000000000000000000e+00 0.000000000000000000e+00 0.000000000000000000e+00
0.000000000000000000e+00 0.000000000000000000e+00 0.000000000000000000e+00 0.000000000000000000e+00 0.000000000000000000e+00 0.000000000000000000e+00 0.000000000000000000e+00 0.000000000000000000e+00 0.000000000000000000e+00 0.000000000000000000e+00 0.000000000000000000e+00
0.000000000000000000e+00 0.000000000000000000e+00 0.000000000000000000e+00 0.000000000000000000e+00 0.000000000000000000e+00 0.000000000000000000e+00 0.000000000000000000e+00 0.000000000000000000e+00 0.000000000000000000e+00 0.000000000000000000e+00 0.000000000000000000e+00
0.000000000000000000e+00 0.000000000000000000e+00 0.000000000000000000e+00 0.000000000000000000e+00 0.000000000000000000e+00 0.000000000000000000e+00 0.000000000000000000e+00 0.000000000000000000e+00 0.000000000000000000e+00 0.000000000000000000e+00 0.000000000000000000e+00
0.000000000000000000e+00 0.000000000000000000e+00 0.000000000000000000e+00 0.000000000000000000e+00 0.000000000000000000e+00 0.000000000000000000e+00 0.000000000000000000e+00 0.000000000000000000e+00 0.000000000000000000e+00 0.000000000000000000e+00 0.000000000000000000e+00
0.000000000000000000e+00 0.000000000000000000e+00 0.000000000000000000e+00 0.000000000000000000e+00 0.000000000000000000e+00 0.000000000000000000e+00 0.000000000000000000e+00 0.000000000000000000e+00 0.000000000000000000e+00 0.000000000000000000e+00 0.000000000000000000e+00
0.000000000000000000e+00 0.000000000000000000e+00 0.000000000000000000e+00 0.000000000000000000e+00 0.000000000000000000e+00 0.000000000000000000e+00 0.000000000000000000e+00 0.000000000000000000e+00 0.000000000000000000e+00 0.000000000000000000e+00 0.000000000000000000e+00
0.000000000000000000e+00 0.000000000000000000e+00 0.000000000000000000e+00 0.000000000000000000e+00 0.000000000000000000e+00 0.000000000000000000e+00 0.000000000000000000e+00 0.000000000000000000e+00 0.000000000000000000e+00 0.000000000000000000e+00 0.000000000000000000e+00
0.000000000000000000e+00 0.000000000000000000e+00 0.000000000000000000e+00 0.000000000000000000e+00 0.000000000000000000e+00 0.000000000000000000e+00 0.000000000000000000e+00 0.000000000000000000e+00 0.000000000000000000e+00 0.000000000000000000e+00 0.000000000000000000e+00
0.000000000000000000e+00 0.000000000000000000e+00 0.000000000000000000e+00 0.000000000000000000e+00 0.000000000000000000e+00 0.000000000000000000e+00 0.000000000000000000e+00 0.000000000000000000e+00 0.000000000000000000e+00 0.000000000000000000e+00 0.000000000000000000e+00
0.000000000000000000e+00 0.000000000000000000e+00 0.000000000000000000e+00 0.000000000000000000e+00 0.000000000000000000e+00 0.000000000000000000e+00 0.000000000000000000e+00 0.000000000000000000e+00 0.000000000000000000e+00 0.000000000000000000e+00 0.000000000000000000e+00
0.000000000000000000e+00 0.000000000000000000e+00 0.000000000000000000e+00 0.000000000000000000e+00 0.000000000000000000e+00 0.000000000000000000e+00 0.000000000000000000e+00 0.000000000000000000e+00 0.000000000000000000e+00 0.000000000000000000e+00 0.000000000000000000e+00
0.000000000000000000e+00 0.000000000000000000e+00 0.000000000000000000e+00 0.000000000000000000e+00 0.000000000000000000e+00 0.000000000000000000e+00 0.000000000000000000e+00 0.000000000000000000e+00 0.000000000000000000e+00 0.000000000000000000e+00 0.000000000000000000e+00
0.000000000000000000e+00 0.000000000000000000e+00 0.000000000000000000e+00 0.000000000000000000e+00 0.000000000000000000e+00 0.000000000000000000e+00 0.000000000000000000e+00 0.000000000000000000e+00 0.000000000000000000e+00 0.000000000000000000e+00 0.000000000000000000e+00
0.000000000000000000e+00 0.000000000000000000e+00 0.000000000000000000e+00 0.000000000000000000e+00 0.000000000000000000e+00 0.000000000000000000e+00 0.000000000000000000e+00 0.000000000000000000e+00 0.000000000000000000e+00 0.000000000000000000e+00 0.000000000000000000e+00
0.000000000000000000e+00 0.000000000000000000e+00 0.000000000000000000e+00 0.000000000000000000e+00 0.000000000000000000e+00 0.000000000000000000e+00 0.000000000000000000e+00 0.000000000000000000e+00 0.000000000000000000e+00 0.000000000000000000e+00 0.000000000000000000e+00
0.000000000000000000e+00 0.000000000000000000e+00 0.000000000000000000e+00 0.000000000000000000e+00 0.000000000000000000e+00 0.000000000000000000e+00 0.000000000000000000e+00 0.000000000000000000e+00 0.000000000000000000e+00 0.000000000000000000e+00 0.000000000000000000e+00
0.000000000000000000e+00 0.000000000000000000e+00 0.000000000000000000e+00 0.000000000000000000e+00 0.000000000000000000e+00 0.000000000000000000e+00 0.000000000000000000e+00 0.000000000000000000e+00 0.000000000000000000e+00 0.000000000000000000e+00 0.000000000000000000e+00
0.000000000000000000e+00 0.000000000000000000e+00 0.000000000000000000e+00 0.000000000000000000e+00 0.000000000000000000e+00 0.000000000000000000e+00 0.000000000000000000e+00 0.000000000000000000e+00 0.000000000000000000e+00 0.000000000000000000e+00 0.000000000000000000e+00
0.000000000000000000e+00 0.000000000000000000e+00 0.000000000000000000e+00 0.000000000000000000e+00 0.000000000000000000e+00 0.000000000000000000e+00 0.000000000000000000e+00 0.000000000000000000e+00 0.000000000000000000e+00 0.000000000000000000e+00 0.000000000000000000e+00
0.000000000000000000e+00 0.000000000000000000e+00 0.000000000000000000e+00 0.000000000000000000e+00 0.000000000000000000e+00 0.000000000000000000e+00 0.000000000000000000e+00 0.000000000000000000e+00 0.000000000000000000e+00 0.000000000000000000e+00 0.000000000000000000e+00
0.000000000000000000e+00 0.000000000000000000e+00 0.000000000000000000e+00 0.000000000000000000e+00 0.000000000000000000e+00 0.000000000000000000e+00 0.000000000000000000e+00 0.000000000000000000e+00 0.000000000000000000e+00 0.000000000000000000e+00 0.000000000000000000e+00
0.000000000000000000e+00 0.000000000000000000e+00 0.000000000000000000e+00 0.000000000000000000e+00 0.000000000000000000e+00 0.000000000000000000e+00 0.000000000000000000e+00 0.000000000000000000e+00 0.000000000000000000e+00 0.000000000000000000e+00 0.000000000000000000e+00
0.000000000000000000e+00 0.000000000000000000e+00 0.000000000000000000e+00 0.000000000000000000e+00 0.000000000000000000e+00 0.000000000000000000e+00 0.000000000000000000e+00 0.000000000000000000e+00 0.000000000000000000e+00 0.000000000000000000e+00 0.000000000000000000e+00
0.000000000000000000e+00 0.000000000000000000e+00 0.000000000000000000e+00 0.000000000000000000e+00 0.000000000000000000e+00 0.000000000000000000e+00 0.000000000000000000e+00 0.000000000000000000e+00 0.000000000000000000e+00 0.000000000000000000e+00 0.000000000000000000e+00
0.000000000000000000e+00 0.000000000000000000e+00 0.000000000000000000e+00 0.000000000000000000e+00 0.000000000000000000e+00 0.000000000000000000e+00 0.000000000000000000e+00 0.000000000000000000e+00 0.000000000000000000e+00 0.000000000000000000e+00 0.000000000000000000e+00
0.000000000000000000e+00 0.000000000000000000e+00 0.000000000000000000e+00 0.000000000000000000e+00 0.000000000000000000e+00 0.000000000000000000e+00 0.000000000000000000e+00 0.000000000000000000e+00 0.000000000000000000e+00 0.000000000000000000e+00 0.000000000000000000e+00
0.000000000000000000e+00 0.000000000000000000e+00 0.000000000000000000e+00 0.000000000000000000e+00 0.000000000000000000e+00 0.000000000000000000e+00 0.000000000000000000e+00 0.000000000000000000e+00 0.000000000000000000e+00 0.000000000000000000e+00 0.000000000000000000e+00
0.000000000000000000e+00 0.000000000000000000e+00 0.000000000000000000e+00 0.000000000000000000e+00 0.000000000000000000e+00 0.000000000000000000e+00 0.000000000000000000e+00 0.000000000000000000e+00 0.000000000000000000e+00 0.000000000000000000e+00 0.000000000000000000e+00
0.000000000000000000e+00 0.000000000000000000e+00 0.000000000000000000e+00 0.000000000000000000e+00 0.000000000000000000e+00 0.000000000000000000e+00 0.000000000000000000e+00 0.000000000000000000e+00 0.000000000000000000e+00 0.000000000000000000e+00 0.000000000000000000e+00
0.000000000000000000e+00 0.000000000000000000e+00 0.000000000000000000e+00 0.000000000000000000e+00 0.000000000000000000e+00 0.000000000000000000e+00 0.000000000000000000e+00 0.000000000000000000e+00 0.000000000000000000e+00 0.000000000000000000e+00 0.000000000000000000e+00
0.000000000000000000e+00 0.000000000000000000e+00 0.000000000000000000e+00 0.000000000000000000e+00 0.000000000000000000e+00 0.000000000000000000e+00 0.000000000000000000e+00 0.000000000000000000e+00 0.000000000000000000e+00 0.000000000000000000e+00 0.000000000000000000e+00
0.000000000000000000e+00 0.000000000000000000e+00 0.000000000000000000e+00 0.000000000000000000e+00 0.000000000000000000e+00 0.000000000000000000e+00 0.000000000000000000e+00 0.000000000000000000e+00 0.000000000000000000e+00 0.000000000000000000e+00 0.000000000000000000e+00
0.000000000000000000e+00 0.000000000000000000e+00 0.000000000000000000e+00 0.000000000000000000e+00 0.000000000000000000e+00 0.000000000000000000e+00 0.000000000000000000e+00 0.000000000000000000e+00 0.000000000000000000e+00 0.000000000000000000e+00 0.000000000000000000e+00
0.000000000000000000e+00 0.000000000000000000e+00 0.000000000000000000e+00 0.000000000000000000e+00 0.000000000000000000e+00 0.000000000000000000e+00 0.000000000000000000e+00 0.000000000000000000e+00 0.000000000000000000e+00 0.000000000000000000e+00 0.000000000000000000e+00
0.000000000000000000e+00 0.000000000000000000e+00 0.000000000000000000e+00 0.000000000000000000e+00 0.000000000000000000e+00 0.000000000000000000e+00 0.000000000000000000e+00 0.000000000000000000e+00 0.000000000000000000e+00 0.000000000000000000e+00 0.000000000000000000e+00
0.000000000000000000e+00 0.000000000000000000e+00 0.000000000000000000e+00 0.000000000000000000e+00 0.000000000000000000e+00 0.000000000000000000e+00 0.000000000000000000e+00 0.000000000000000000e+00 0.000000000000000000e+00 0.000000000000000000e+00 0.000000000000000000e+00
0.000000000000000000e+00 0.000000000000000000e+00 0.000000000000000000e+00 0.000000000000000000e+00 0.000000000000000000e+00 0.000000000000000000e+00 0.000000000000000000e+00 0.000000000000000000e+00 0.000000000000000000e+00 0.000000000000000000e+00 0.000000000000000000e+00
0.000000000000000000e+00 0.000000000000000000e+00 0.000000000000000000e+00 0.000000000000000000e+00 0.000000000000000000e+00 0.000000000000000000e+00 0.000000000000000000e+00 0.000000000000000000e+00 0.000000000000000000e+00 0.000000000000000000e+00 0.000000000000000000e+00
0.000000000000000000e+00 0.000000000000000000e+00 0.000000000000000000e+00 0.000000000000000000e+00 0.000000000000000000e+00 0.000000000000000000e+00 0.000000000000000000e+00 0.000000000000000000e+00 0.000000000000000000e+00 0.000000000000000000e+00 0.000000000000000000e+00
0.000000000000000000e+00 0.000000000000000000e+00 0.000000000000000000e+00 0.000000000000000000e+00 0.000000000000000000e+00 0.000000000000000000e+00 0.000000000000000000e+00 0.000000000000000000e+00 0.000000000000000000e+00 0.000000000000000000e+00 0.000000000000000000e+00
0.000000000000000000e+00 0.000000000000000000e+00 0.000000000000000000e+00 0.000000000000000000e+00 0.000000000000000000e+00 0.000000000000000000e+00 0.000000000000000000e+00 0.000000000000000000e+00 0.000000000000000000e+00 0.000000000000000000e+00 0.000000000000000000e+00
0.000000000000000000e+00 0.000000000000000000e+00 0.000000000000000000e+00 0.000000000000000000e+00 0.000000000000000000e+00 0.000000000000000000e+00 0.000000000000000000e+00 0.000000000000000000e+00 0.000000000000000000e+00 0.000000000000000000e+00 0.000000000000000000e+00
0.000000000000000000e+00 0.000000000000000000e+00 0.000000000000000000e+00 0.000000000000000000e+00 0.000000000000000000e+00 0.000000000000000000e+00 0.000000000000000000e+00 0.000000000000000000e+00 0.000000000000000000e+00 0.000000000000000000e+00 0.000000000000000000e+00
0.000000000000000000e+00 0.000000000000000000e+00 0.000000000000000000e+00 0.000000000000000000e+00 0.000000000000000000e+00 0.000000000000000000e+00 0.000000000000000000e+00 0.000000000000000000e+00 0.000000000000000000e+00 0.000000000000000000e+00 0.000000000000000000e+00
0.000000000000000000e+00 0.000000000000000000e+00 0.000000000000000000e+00 0.000000000000000000e+00 0.000000000000000000e+00 0.000000000000000000e+00 0.000000000000000000e+00 0.000000000000000000e+00 0.000000000000000000e+00 0.000000000000000000e+00 0.000000000000000000e+00
0.000000000000000000e+00 0.000000000000000000e+00 0.000000000000000000e+00 0.000000000000000000e+00 0.000000000000000000e+00 0.000000000000000000e+00 0.000000000000000000e+00 0.000000000000000000e+00 0.000000000000000000e+00 0.000000000000000000e+00 0.000000000000000000e+00
0.000000000000000000e+00 0.000000000000000000e+00 0.000000000000000000e+00 0.000000000000000000e+00 0.000000000000000000e+00 0.000000000000000000e+00 0.000000000000000000e+00 0.000000000000000000e+00 0.000000000000000000e+00 0.000000000000000000e+00 0.000000000000000000e+00
0.000000000000000000e+00 0.000000000000000000e+00 0.000000000000000000e+00 0.000000000000000000e+00 0.000000000000000000e+00 0.000000000000000000e+00 0.000000000000000000e+00 0.000000000000000000e+00 0.000000000000000000e+00 0.000000000000000000e+00 0.000000000000000000e+00
0.000000000000000000e+00 0.000000000000000000e+00 0.000000000000000000e+00 0.000000000000000000e+00 0.000000000000000000e+00 0.000000000000000000e+00 0.000000000000000000e+00 0.000000000000000000e+00 0.000000000000000000e+00 0.000000000000000000e+00 0.000000000000000000e+00
0.000000000000000000e+00 0.000000000000000000e+00 0.000000000000000000e+00 0.000000000000000000e+00 0.000000000000000000e+00 0.000000000000000000e+00 0.000000000000000000e+00 0.000000000000000000e+00 0.000000000000000000e+00 0.000000000000000000e+00 0.000000000000000000e+00
0.000000000000000000e+00 0.000000000000000000e+00 0.000000000000000000e+00 0.000000000000000000e+00 0.000000000000000000e+00 0.000000000000000000e+00 0.000000000000000000e+00 0.000000000000000000e+00 0.000000000000000000e+00 0.000000000000000000e+00 0.000000000000000000e+00
0.000000000000000000e+00 0.000000000000000000e+00 0.000000000000000000e+00 0.000000000000000000e+00 0.000000000000000000e+00 0.000000000000000000e+00 0.000000000000000000e+00 0.000000000000000000e+00 0.000000000000000000e+00 0.000000000000000000e+00 0.000000000000000000e+00
0.000000000000000000e+00 0.000000000000000000e+00 0.000000000000000000e+00 0.000000000000000000e+00 0.000000000000000000e+00 0.000000000000000000e+00 0.000000000000000000e+00 0.000000000000000000e+00 0.000000000000000000e+00 0.000000000000000000e+00 0.000000000000000000e+00
0.000000000000000000e+00 0.000000000000000000e+00 0.000000000000000000e+00 0.000000000000000000e+00 0.000000000000000000e+00 0.000000000000000000e+00 0.000000000000000000e+00 0.000000000000000000e+00 0.000000000000000000e+00 0.000000000000000000e+00 0.000000000000000000e+00
0.000000000000000000e+00 0.000000000000000000e+00 0.000000000000000000e+00 0.000000000000000000e+00 0.000000000000000000e+00 0.000000000000000000e+00 0.000000000000000000e+00 0.000000000000000000e+00 0.000000000000000000e+00 0.000000000000000000e+00 0.000000000000000000e+00
0.000000000000000000e+00 0.000000000000000000e+00 0.000000000000000000e+00 0.000000000000000000e+00 0.000000000000000000e+00 0.000000000000000000e+00 0.000000000000000000e+00 0.000000000000000000e+00 0.000000000000000000e+00 0.000000000000000000e+00 0.000000000000000000e+00
0.000000000000000000e+00 0.000000000000000000e+00 0.000000000000000000e+00 0.000000000000000000e+00 0.000000000000000000e+00 0.000000000000000000e+00 0.000000000000000000e+00 0.000000000000000000e+00 0.000000000000000000e+00 0.000000000000000000e+00 0.000000000000000000e+00
0.000000000000000000e+00 0.000000000000000000e+00 0.000000000000000000e+00 0.000000000000000000e+00 0.000000000000000000e+00 0.000000000000000000e+00 0.000000000000000000e+00 0.000000000000000000e+00 0.000000000000000000e+00 0.000000000000000000e+00 0.000000000000000000e+00
0.000000000000000000e+00 0.000000000000000000e+00 0.000000000000000000e+00 0.000000000000000000e+00 0.000000000000000000e+00 0.000000000000000000e+00 0.000000000000000000e+00 0.000000000000000000e+00 0.000000000000000000e+00 0.000000000000000000e+00 0.000000000000000000e+00
0.000000000000000000e+00 0.000000000000000000e+00 0.000000000000000000e+00 0.000000000000000000e+00 0.000000000000000000e+00 0.000000000000000000e+00 0.000000000000000000e+00 0.000000000000000000e+00 0.000000000000000000e+00 0.000000000000000000e+00 0.000000000000000000e+00
0.000000000000000000e+00 0.000000000000000000e+00 0.000000000000000000e+00 0.000000000000000000e+00 0.000000000000000000e+00 0.000000000000000000e+00 0.000000000000000000e+00 0.000000000000000000e+00 0.000000000000000000e+00 0.000000000000000000e+00 0.000000000000000000e+00
0.000000000000000000e+00 0.000000000000000000e+00 0.000000000000000000e+00 0.000000000000000000e+00 0.000000000000000000e+00 0.000000000000000000e+00 0.000000000000000000e+00 0.000000000000000000e+00 0.000000000000000000e+00 0.000000000000000000e+00 0.000000000000000000e+00
0.000000000000000000e+00 0.000000000000000000e+00 0.000000000000000000e+00 0.000000000000000000e+00 0.000000000000000000e+00 0.000000000000000000e+00 0.000000000000000000e+00 0.000000000000000000e+00 0.000000000000000000e+00 0.000000000000000000e+00 0.000000000000000000e+00
0.000000000000000000e+00 0.000000000000000000e+00 0.000000000000000000e+00 0.000000000000000000e+00 0.000000000000000000e+00 0.000000000000000000e+00 0.000000000000000000e+00 0.000000000000000000e+00 0.000000000000000000e+00 0.000000000000000000e+00 0.000000000000000000e+00
0.000000000000000000e+00 0.000000000000000000e+00 0.000000000000000000e+00 0.000000000000000000e+00 0.000000000000000000e+00 0.000000000000000000e+00 0.000000000000000000e+00 0.000000000000000000e+00 0.000000000000000000e+00 0.000000000000000000e+00 0.000000000000000000e+00
0.000000000000000000e+00 0.000000000000000000e+00 0.000000000000000000e+00 0.000000000000000000e+00 0.000000000000000000e+00 0.000000000000000000e+00 0.000000000000000000e+00 0.000000000000000000e+00 0.000000000000000000e+00 0.000000000000000000e+00 0.000000000000000000e+00
0.000000000000000000e+00 0.000000000000000000e+00 0.000000000000000000e+00 0.000000000000000000e+00 0.000000000000000000e+00 0.000000000000000000e+00 0.000000000000000000e+00 0.000000000000000000e+00 0.000000000000000000e+00 0.000000000000000000e+00 0.000000000000000000e+00
0.000000000000000000e+00 0.000000000000000000e+00 0.000000000000000000e+00 0.000000000000000000e+00 0.000000000000000000e+00 0.000000000000000000e+00 0.000000000000000000e+00 0.000000000000000000e+00 0.000000000000000000e+00 0.000000000000000000e+00 0.000000000000000000e+00
0.000000000000000000e+00 0.000000000000000000e+00 0.000000000000000000e+00 0.000000000000000000e+00 0.000000000000000000e+00 0.000000000000000000e+00 0.000000000000000000e+00 0.000000000000000000e+00 0.000000000000000000e+00 0.000000000000000000e+00 0.000000000000000000e+00
0.000000000000000000e+00 0.000000000000000000e+00 0.000000000000000000e+00 0.000000000000000000e+00 0.000000000000000000e+00 0.000000000000000000e+00 0.000000000000000000e+00 0.000000000000000000e+00 0.000000000000000000e+00 0.000000000000000000e+00 0.000000000000000000e+00
0.000000000000000000e+00 0.000000000000000000e+00 0.000000000000000000e+00 0.000000000000000000e+00 0.000000000000000000e+00 0.000000000000000000e+00 0.000000000000000000e+00 0.000000000000000000e+00 0.000000000000000000e+00 0.000000000000000000e+00 0.000000000000000000e+00
0.000000000000000000e+00 0.000000000000000000e+00 0.000000000000000000e+00 0.000000000000000000e+00 0.000000000000000000e+00 0.000000000000000000e+00 0.000000000000000000e+00 0.000000000000000000e+00 0.000000000000000000e+00 0.000000000000000000e+00 0.000000000000000000e+00
0.000000000000000000e+00 0.000000000000000000e+00 0.000000000000000000e+00 0.000000000000000000e+00 0.000000000000000000e+00 0.000000000000000000e+00 0.000000000000000000e+00 0.000000000000000000e+00 0.000000000000000000e+00 0.000000000000000000e+00 0.000000000000000000e+00
0.000000000000000000e+00 0.000000000000000000e+00 0.000000000000000000e+00 0.000000000000000000e+00 0.000000000000000000e+00 0.000000000000000000e+00 0.000000000000000000e+00 0.000000000000000000e+00 0.000000000000000000e+00 0.000000000000000000e+00 0.000000000000000000e+00
0.000000000000000000e+00 0.000000000000000000e+00 0.000000000000000000e+00 0.000000000000000000e+00 0.000000000000000000e+00 0.000000000000000000e+00 0.000000000000000000e+00 0.000000000000000000e+00 0.000000000000000000e+00 0.000000000000000000e+00 0.000000000000000000e+00
0.000000000000000000e+00 0.000000000000000000e+00 0.000000000000000000e+00 0.000000000000000000e+00 0.000000000000000000e+00 0.000000000000000000e+00 0.000000000000000000e+00 0.000000000000000000e+00 0.000000000000000000e+00 0.000000000000000000e+00 0.000000000000000000e+00
0.000000000000000000e+00 0.000000000000000000e+00 0.000000000000000000e+00 0.000000000000000000e+00 0.000000000000000000e+00 0.000000000000000000e+00 0.000000000000000000e+00 0.000000000000000000e+00 0.000000000000000000e+00 0.000000000000000000e+00 0.000000000000000000e+00
0.000000000000000000e+00 0.000000000000000000e+00 0.000000000000000000e+00 0.000000000000000000e+00 0.000000000000000000e+00 0.000000000000000000e+00 0.000000000000000000e+00 0.000000000000000000e+00 0.000000000000000000e+00 0.000000000000000000e+00 0.000000000000000000e+00
0.000000000000000000e+00 0.000000000000000000e+00 0.000000000000000000e+00 0.000000000000000000e+00 0.000000000000000000e+00 0.000000000000000000e+00 0.000000000000000000e+00 0.000000000000000000e+00 0.000000000000000000e+00 0.000000000000000000e+00 0.000000000000000000e+00
0.000000000000000000e+00 0.000000000000000000e+00 0.000000000000000000e+00 0.000000000000000000e+00 0.000000000000000000e+00 0.000000000000000000e+00 0.000000000000000000e+00 0.000000000000000000e+00 0.000000000000000000e+00 0.000000000000000000e+00 0.000000000000000000e+00
0.000000000000000000e+00 0.000000000000000000e+00 0.000000000000000000e+00 0.000000000000000000e+00 0.000000000000000000e+00 0.000000000000000000e+00 0.000000000000000000e+00 0.000000000000000000e+00 0.000000000000000000e+00 0.000000000000000000e+00 0.000000000000000000e+00
0.000000000000000000e+00 0.000000000000000000e+00 0.000000000000000000e+00 0.000000000000000000e+00 0.000000000000000000e+00 0.000000000000000000e+00 0.000000000000000000e+00 0.000000000000000000e+00 0.000000000000000000e+00 0.000000000000000000e+00 0.000000000000000000e+00
0.000000000000000000e+00 0.000000000000000000e+00 0.000000000000000000e+00 0.000000000000000000e+00 0.000000000000000000e+00 0.000000000000000000e+00 0.000000000000000000e+00 0.000000000000000000e+00 0.000000000000000000e+00 0.000000000000000000e+00 0.000000000000000000e+00
0.000000000000000000e+00 0.000000000000000000e+00 0.000000000000000000e+00 0.000000000000000000e+00 0.000000000000000000e+00 0.000000000000000000e+00 0.000000000000000000e+00 0.000000000000000000e+00 0.000000000000000000e+00 0.000000000000000000e+00 0.000000000000000000e+00
0.000000000000000000e+00 0.000000000000000000e+00 0.000000000000000000e+00 0.000000000000000000e+00 0.000000000000000000e+00 0.000000000000000000e+00 0.000000000000000000e+00 0.000000000000000000e+00 0.000000000000000000e+00 0.000000000000000000e+00 0.000000000000000000e+00
0.000000000000000000e+00 0.000000000000000000e+00 0.000000000000000000e+00 0.000000000000000000e+00 0.000000000000000000e+00 0.000000000000000000e+00 0.000000000000000000e+00 0.000000000000000000e+00 0.000000000000000000e+00 0.000000000000000000e+00 0.000000000000000000e+00
0.000000000000000000e+00 0.000000000000000000e+00 0.000000000000000000e+00 0.000000000000000000e+00 0.000000000000000000e+00 0.000000000000000000e+00 0.000000000000000000e+00 0.000000000000000000e+00 0.000000000000000000e+00 0.000000000000000000e+00 0.000000000000000000e+00
0.000000000000000000e+00 0.000000000000000000e+00 0.000000000000000000e+00 0.000000000000000000e+00 0.000000000000000000e+00 0.000000000000000000e+00 0.000000000000000000e+00 0.000000000000000000e+00 0.000000000000000000e+00 0.000000000000000000e+00 0.000000000000000000e+00
0.000000000000000000e+00 0.000000000000000000e+00 0.000000000000000000e+00 0.000000000000000000e+00 0.000000000000000000e+00 0.000000000000000000e+00 0.000000000000000000e+00 0.000000000000000000e+00 0.000000000000000000e+00 0.000000000000000000e+00 0.000000000000000000e+00
0.000000000000000000e+00 0.000000000000000000e+00 0.000000000000000000e+00 0.000000000000000000e+00 0.000000000000000000e+00 0.000000000000000000e+00 0.000000000000000000e+00 0.000000000000000000e+00 0.000000000000000000e+00 0.000000000000000000e+00 0.000000000000000000e+00
0.000000000000000000e+00 0.000000000000000000e+00 0.000000000000000000e+00 0.000000000000000000e+00 0.000000000000000000e+00 0.000000000000000000e+00 0.000000000000000000e+00 0.000000000000000000e+00 0.000000000000000000e+00 0.000000000000000000e+00 0.000000000000000000e+00
0.000000000000000000e+00 0.000000000000000000e+00 0.000000000000000000e+00 0.000000000000000000e+00 0.000000000000000000e+00 0.000000000000000000e+00 0.000000000000000000e+00 0.000000000000000000e+00 0.000000000000000000e+00 0.000000000000000000e+00 0.000000000000000000e+00
0.000000000000000000e+00 0.000000000000000000e+00 0.000000000000000000e+00 0.000000000000000000e+00 0.000000000000000000e+00 0.000000000000000000e+00 0.000000000000000000e+00 0.000000000000000000e+00 0.000000000000000000e+00 0.000000000000000000e+00 0.000000000000000000e+00
0.000000000000000000e+00 0.000000000000000000e+00 0.000000000000000000e+00 0.000000000000000000e+00 0.000000000000000000e+00 0.000000000000000000e+00 0.000000000000000000e+00 0.000000000000000000e+00 0.000000000000000000e+00 0.000000000000000000e+00 0.000000000000000000e+00
0.000000000000000000e+00 0.000000000000000000e+00 0.000000000000000000e+00 0.000000000000000000e+00 0.000000000000000000e+00 0.000000000000000000e+00 0.000000000000000000e+00 0.000000000000000000e+00 0.000000000000000000e+00 0.000000000000000000e+00 0.000000000000000000e+00
0.000000000000000000e+00 0.000000000000000000e+00 0.000000000000000000e+00 0.000000000000000000e+00 0.000000000000000000e+00 0.000000000000000000e+00 0.000000000000000000e+00 0.000000000000000000e+00 0.000000000000000000e+00 0.000000000000000000e+00 0.000000000000000000e+00
0.000000000000000000e+00 0.000000000000000000e+00 0.000000000000000000e+00 0.000000000000000000e+00 0.000000000000000000e+00 0.000000000000000000e+00 0.000000000000000000e+00 0.000000000000000000e+00 0.000000000000000000e+00 0.000000000000000000e+00 0.000000000000000000e+00
0.000000000000000000e+00 0.000000000000000000e+00 0.000000000000000000e+00 0.000000000000000000e+00 0.000000000000000000e+00 0.000000000000000000e+00 0.000000000000000000e+00 0.000000000000000000e+00 0.000000000000000000e+00 0.000000000000000000e+00 0.000000000000000000e+00
0.000000000000000000e+00 0.000000000000000000e+00 0.000000000000000000e+00 0.000000000000000000e+00 0.000000000000000000e+00 0.000000000000000000e+00 0.000000000000000000e+00 0.000000000000000000e+00 0.000000000000000000e+00 0.000000000000000000e+00 0.000000000000000000e+00
0.000000000000000000e+00 0.000000000000000000e+00 0.000000000000000000e+00 0.000000000000000000e+00 0.000000000000000000e+00 0.000000000000000000e+00 0.000000000000000000e+00 0.000000000000000000e+00 0.000000000000000000e+00 0.000000000000000000e+00 0.000000000000000000e+00
0.000000000000000000e+00 0.000000000000000000e+00 0.000000000000000000e+00 0.000000000000000000e+00 0.000000000000000000e+00 0.000000000000000000e+00 0.000000000000000000e+00 0.000000000000000000e+00 0.000000000000000000e+00 0.000000000000000000e+00 0.000000000000000000e+00
0.000000000000000000e+00 0.000000000000000000e+00 0.000000000000000000e+00 0.000000000000000000e+00 0.000000000000000000e+00 0.000000000000000000e+00 0.000000000000000000e+00 0.000000000000000000e+00 0.000000000000000000e+00 0.000000000000000000e+00 0.000000000000000000e+00
0.000000000000000000e+00 0.000000000000000000e+00 0.000000000000000000e+00 0.000000000000000000e+00 0.000000000000000000e+00 0.000000000000000000e+00 0.000000000000000000e+00 0.000000000000000000e+00 0.000000000000000000e+00 0.000000000000000000e+00 0.000000000000000000e+00
0.000000000000000000e+00 0.000000000000000000e+00 0.000000000000000000e+00 0.000000000000000000e+00 0.000000000000000000e+00 0.000000000000000000e+00 0.000000000000000000e+00 0.000000000000000000e+00 0.000000000000000000e+00 0.000000000000000000e+00 0.000000000000000000e+00
0.000000000000000000e+00 0.000000000000000000e+00 0.000000000000000000e+00 0.000000000000000000e+00 0.000000000000000000e+00 0.000000000000000000e+00 0.000000000000000000e+00 0.000000000000000000e+00 0.000000000000000000e+00 0.000000000000000000e+00 0.000000000000000000e+00
0.000000000000000000e+00 0.000000000000000000e+00 0.000000000000000000e+00 0.000000000000000000e+00 0.000000000000000000e+00 0.000000000000000000e+00 0.000000000000000000e+00 0.000000000000000000e+00 0.000000000000000000e+00 0.000000000000000000e+00 0.000000000000000000e+00
0.000000000000000000e+00 0.000000000000000000e+00 0.000000000000000000e+00 0.000000000000000000e+00 0.000000000000000000e+00 0.000000000000000000e+00 0.000000000000000000e+00 0.000000000000000000e+00 0.000000000000000000e+00 0.000000000000000000e+00 0.000000000000000000e+00
0.000000000000000000e+00 0.000000000000000000e+00 0.000000000000000000e+00 0.000000000000000000e+00 0.000000000000000000e+00 0.000000000000000000e+00 0.000000000000000000e+00 0.000000000000000000e+00 0.000000000000000000e+00 0.000000000000000000e+00 0.000000000000000000e+00
0.000000000000000000e+00 0.000000000000000000e+00 0.000000000000000000e+00 0.000000000000000000e+00 0.000000000000000000e+00 0.000000000000000000e+00 0.000000000000000000e+00 0.000000000000000000e+00 0.000000000000000000e+00 0.000000000000000000e+00 0.000000000000000000e+00
0.000000000000000000e+00 0.000000000000000000e+00 0.000000000000000000e+00 0.000000000000000000e+00 0.000000000000000000e+00 0.000000000000000000e+00 0.000000000000000000e+00 0.000000000000000000e+00 0.000000000000000000e+00 0.000000000000000000e+00 0.000000000000000000e+00
0.000000000000000000e+00 0.000000000000000000e+00 0.000000000000000000e+00 0.000000000000000000e+00 0.000000000000000000e+00 0.000000000000000000e+00 0.000000000000000000e+00 0.000000000000000000e+00 0.000000000000000000e+00 0.000000000000000000e+00 0.000000000000000000e+00
0.000000000000000000e+00 0.000000000000000000e+00 0.000000000000000000e+00 0.000000000000000000e+00 0.000000000000000000e+00 0.000000000000000000e+00 0.000000000000000000e+00 0.000000000000000000e+00 0.000000000000000000e+00 0.000000000000000000e+00 0.000000000000000000e+00
0.000000000000000000e+00 0.000000000000000000e+00 0.000000000000000000e+00 0.000000000000000000e+00 0.000000000000000000e+00 0.000000000000000000e+00 0.000000000000000000e+00 0.000000000000000000e+00 0.000000000000000000e+00 0.000000000000000000e+00 0.000000000000000000e+00
0.000000000000000000e+00 0.000000000000000000e+00 0.000000000000000000e+00 0.000000000000000000e+00 0.000000000000000000e+00 0.000000000000000000e+00 0.000000000000000000e+00 0.000000000000000000e+00 0.000000000000000000e+00 0.000000000000000000e+00 0.000000000000000000e+00
0.000000000000000000e+00 0.000000000000000000e+00 0.000000000000000000e+00 0.000000000000000000e+00 0.000000000000000000e+00 0.000000000000000000e+00 0.000000000000000000e+00 0.000000000000000000e+00 0.000000000000000000e+00 0.000000000000000000e+00 0.000000000000000000e+00
0.000000000000000000e+00 0.000000000000000000e+00 0.000000000000000000e+00 0.000000000000000000e+00 0.000000000000000000e+00 0.000000000000000000e+00 0.000000000000000000e+00 0.000000000000000000e+00 0.000000000000000000e+00 0.000000000000000000e+00 0.000000000000000000e+00
0.000000000000000000e+00 0.000000000000000000e+00 0.000000000000000000e+00 0.000000000000000000e+00 0.000000000000000000e+00 0.000000000000000000e+00 0.000000000000000000e+00 0.000000000000000000e+00 0.000000000000000000e+00 0.000000000000000000e+00 0.000000000000000000e+00
0.000000000000000000e+00 0.000000000000000000e+00 0.000000000000000000e+00 0.000000000000000000e+00 0.000000000000000000e+00 0.000000000000000000e+00 0.000000000000000000e+00 0.000000000000000000e+00 0.000000000000000000e+00 0.000000000000000000e+00 0.000000000000000000e+00
0.000000000000000000e+00 0.000000000000000000e+00 0.000000000000000000e+00 0.000000000000000000e+00 0.000000000000000000e+00 0.000000000000000000e+00 0.000000000000000000e+00 0.000000000000000000e+00 0.000000000000000000e+00 0.000000000000000000e+00 0.000000000000000000e+00
0.000000000000000000e+00 0.000000000000000000e+00 0.000000000000000000e+00 0.000000000000000000e+00 0.000000000000000000e+00 0.000000000000000000e+00 0.000000000000000000e+00 0.000000000000000000e+00 0.000000000000000000e+00 0.000000000000000000e+00 0.000000000000000000e+00
0.000000000000000000e+00 0.000000000000000000e+00 0.000000000000000000e+00 0.000000000000000000e+00 0.000000000000000000e+00 0.000000000000000000e+00 0.000000000000000000e+00 0.000000000000000000e+00 0.000000000000000000e+00 0.000000000000000000e+00 0.000000000000000000e+00
0.000000000000000000e+00 0.000000000000000000e+00 0.000000000000000000e+00 0.000000000000000000e+00 0.000000000000000000e+00 0.000000000000000000e+00 0.000000000000000000e+00 0.000000000000000000e+00 0.000000000000000000e+00 0.000000000000000000e+00 0.000000000000000000e+00
0.000000000000000000e+00 0.000000000000000000e+00 0.000000000000000000e+00 0.000000000000000000e+00 0.000000000000000000e+00 0.000000000000000000e+00 0.000000000000000000e+00 0.000000000000000000e+00 0.000000000000000000e+00 0.000000000000000000e+00 0.000000000000000000e+00
0.000000000000000000e+00 0.000000000000000000e+00 0.000000000000000000e+00 0.000000000000000000e+00 0.000000000000000000e+00 0.000000000000000000e+00 0.000000000000000000e+00 0.000000000000000000e+00 0.000000000000000000e+00 0.000000000000000000e+00 0.000000000000000000e+00
0.000000000000000000e+00 0.000000000000000000e+00 0.000000000000000000e+00 0.000000000000000000e+00 0.000000000000000000e+00 0.000000000000000000e+00 0.000000000000000000e+00 0.000000000000000000e+00 0.000000000000000000e+00 0.000000000000000000e+00 0.000000000000000000e+00
0.000000000000000000e+00 0.000000000000000000e+00 0.000000000000000000e+00 0.000000000000000000e+00 0.000000000000000000e+00 0.000000000000000000e+00 0.000000000000000000e+00 0.000000000000000000e+00 0.000000000000000000e+00 0.000000000000000000e+00 0.000000000000000000e+00
0.000000000000000000e+00 0.000000000000000000e+00 0.000000000000000000e+00 0.000000000000000000e+00 0.000000000000000000e+00 0.000000000000000000e+00 0.000000000000000000e+00 0.000000000000000000e+00 0.000000000000000000e+00 0.000000000000000000e+00 0.000000000000000000e+00
0.000000000000000000e+00 0.000000000000000000e+00 0.000000000000000000e+00 0.000000000000000000e+00 0.000000000000000000e+00 0.000000000000000000e+00 0.000000000000000000e+00 0.000000000000000000e+00 0.000000000000000000e+00 0.000000000000000000e+00 0.000000000000000000e+00
0.000000000000000000e+00 0.000000000000000000e+00 0.000000000000000000e+00 0.000000000000000000e+00 0.000000000000000000e+00 0.000000000000000000e+00 0.000000000000000000e+00 0.000000000000000000e+00 0.000000000000000000e+00 0.000000000000000000e+00 0.000000000000000000e+00
0.000000000000000000e+00 0.000000000000000000e+00 0.000000000000000000e+00 0.000000000000000000e+00 0.000000000000000000e+00 0.000000000000000000e+00 0.000000000000000000e+00 0.000000000000000000e+00 0.000000000000000000e+00 0.000000000000000000e+00 0.000000000000000000e+00
0.000000000000000000e+00 0.000000000000000000e+00 0.000000000000000000e+00 0.000000000000000000e+00 0.000000000000000000e+00 0.000000000000000000e+00 0.000000000000000000e+00 0.000000000000000000e+00 0.000000000000000000e+00 0.000000000000000000e+00 0.000000000000000000e+00
0.000000000000000000e+00 0.000000000000000000e+00 0.000000000000000000e+00 0.000000000000000000e+00 0.000000000000000000e+00 0.000000000000000000e+00 0.000000000000000000e+00 0.000000000000000000e+00 0.000000000000000000e+00 0.000000000000000000e+00 0.000000000000000000e+00
0.000000000000000000e+00 0.000000000000000000e+00 0.000000000000000000e+00 0.000000000000000000e+00 0.000000000000000000e+00 0.000000000000000000e+00 0.000000000000000000e+00 0.000000000000000000e+00 0.000000000000000000e+00 0.000000000000000000e+00 0.000000000000000000e+00
0.000000000000000000e+00 0.000000000000000000e+00 0.000000000000000000e+00 0.000000000000000000e+00 0.000000000000000000e+00 0.000000000000000000e+00 0.000000000000000000e+00 0.000000000000000000e+00 0.000000000000000000e+00 0.000000000000000000e+00 0.000000000000000000e+00
0.000000000000000000e+00 0.000000000000000000e+00 0.000000000000000000e+00 0.000000000000000000e+00 0.000000000000000000e+00 0.000000000000000000e+00 0.000000000000000000e+00 0.000000000000000000e+00 0.000000000000000000e+00 0.000000000000000000e+00 0.000000000000000000e+00
0.000000000000000000e+00 0.000000000000000000e+00 0.000000000000000000e+00 0.000000000000000000e+00 0.000000000000000000e+00 0.000000000000000000e+00 0.000000000000000000e+00 0.000000000000000000e+00 0.000000000000000000e+00 0.000000000000000000e+00 0.000000000000000000e+00
0.000000000000000000e+00 0.000000000000000000e+00 0.000000000000000000e+00 0.000000000000000000e+00 0.000000000000000000e+00 0.000000000000000000e+00 0.000000000000000000e+00 0.000000000000000000e+00 0.000000000000000000e+00 0.000000000000000000e+00 0.000000000000000000e+00
0.000000000000000000e+00 0.000000000000000000e+00 0.000000000000000000e+00 0.000000000000000000e+00 0.000000000000000000e+00 0.000000000000000000e+00 0.000000000000000000e+00 0.000000000000000000e+00 0.000000000000000000e+00 0.000000000000000000e+00 0.000000000000000000e+00
0.000000000000000000e+00 0.000000000000000000e+00 0.000000000000000000e+00 0.000000000000000000e+00 0.000000000000000000e+00 0.000000000000000000e+00 0.000000000000000000e+00 0.000000000000000000e+00 0.000000000000000000e+00 0.000000000000000000e+00 0.000000000000000000e+00
0.000000000000000000e+00 0.000000000000000000e+00 0.000000000000000000e+00 0.000000000000000000e+00 0.000000000000000000e+00 0.000000000000000000e+00 0.000000000000000000e+00 0.000000000000000000e+00 0.000000000000000000e+00 0.000000000000000000e+00 0.000000000000000000e+00
0.000000000000000000e+00 0.000000000000000000e+00 0.000000000000000000e+00 0.000000000000000000e+00 0.000000000000000000e+00 0.000000000000000000e+00 0.000000000000000000e+00 0.000000000000000000e+00 0.000000000000000000e+00 0.000000000000000000e+00 0.000000000000000000e+00
0.000000000000000000e+00 0.000000000000000000e+00 0.000000000000000000e+00 0.000000000000000000e+00 0.000000000000000000e+00 0.000000000000000000e+00 0.000000000000000000e+00 0.000000000000000000e+00 0.000000000000000000e+00 0.000000000000000000e+00 0.000000000000000000e+00
0.000000000000000000e+00 0.000000000000000000e+00 0.000000000000000000e+00 0.000000000000000000e+00 0.000000000000000000e+00 0.000000000000000000e+00 0.000000000000000000e+00 0.000000000000000000e+00 0.000000000000000000e+00 0.000000000000000000e+00 0.000000000000000000e+00
0.000000000000000000e+00 0.000000000000000000e+00 0.000000000000000000e+00 0.000000000000000000e+00 0.000000000000000000e+00 0.000000000000000000e+00 0.000000000000000000e+00 0.000000000000000000e+00 0.000000000000000000e+00 0.000000000000000000e+00 0.000000000000000000e+00
0.000000000000000000e+00 0.000000000000000000e+00 0.000000000000000000e+00 0.000000000000000000e+00 0.000000000000000000e+00 0.000000000000000000e+00 0.000000000000000000e+00 0.000000000000000000e+00 0.000000000000000000e+00 0.000000000000000000e+00 0.000000000000000000e+00
0.000000000000000000e+00 0.000000000000000000e+00 0.000000000000000000e+00 0.000000000000000000e+00 0.000000000000000000e+00 0.000000000000000000e+00 0.000000000000000000e+00 0.000000000000000000e+00 0.000000000000000000e+00 0.000000000000000000e+00 0.000000000000000000e+00
0.000000000000000000e+00 0.000000000000000000e+00 0.000000000000000000e+00 0.000000000000000000e+00 0.000000000000000000e+00 0.000000000000000000e+00 0.000000000000000000e+00 0.000000000000000000e+00 0.000000000000000000e+00 0.000000000000000000e+00 0.000000000000000000e+00
0.000000000000000000e+00 0.000000000000000000e+00 0.000000000000000000e+00 0.000000000000000000e+00 0.000000000000000000e+00 0.000000000000000000e+00 0.000000000000000000e+00 0.000000000000000000e+00 0.000000000000000000e+00 0.000000000000000000e+00 0.000000000000000000e+00
0.000000000000000000e+00 0.000000000000000000e+00 0.000000000000000000e+00 0.000000000000000000e+00 0.000000000000000000e+00 0.000000000000000000e+00 0.000000000000000000e+00 0.000000000000000000e+00 0.000000000000000000e+00 0.000000000000000000e+00 0.000000000000000000e+00
0.000000000000000000e+00 0.000000000000000000e+00 0.000000000000000000e+00 0.000000000000000000e+00 0.000000000000000000e+00 0.000000000000000000e+00 0.000000000000000000e+00 0.000000000000000000e+00 0.000000000000000000e+00 0.000000000000000000e+00 0.000000000000000000e+00
0.000000000000000000e+00 0.000000000000000000e+00 0.000000000000000000e+00 0.000000000000000000e+00 0.000000000000000000e+00 0.000000000000000000e+00 0.000000000000000000e+00 0.000000000000000000e+00 0.000000000000000000e+00 0.000000000000000000e+00 0.000000000000000000e+00
0.000000000000000000e+00 0.000000000000000000e+00 0.000000000000000000e+00 0.000000000000000000e+00 0.000000000000000000e+00 0.000000000000000000e+00 0.000000000000000000e+00 0.000000000000000000e+00 0.000000000000000000e+00 0.000000000000000000e+00 0.000000000000000000e+00
0.000000000000000000e+00 0.000000000000000000e+00 0.000000000000000000e+00 0.000000000000000000e+00 0.000000000000000000e+00 0.000000000000000000e+00 0.000000000000000000e+00 0.000000000000000000e+00 0.000000000000000000e+00 0.000000000000000000e+00 0.000000000000000000e+00
0.000000000000000000e+00 0.000000000000000000e+00 0.000000000000000000e+00 0.000000000000000000e+00 0.000000000000000000e+00 0.000000000000000000e+00 0.000000000000000000e+00 0.000000000000000000e+00 0.000000000000000000e+00 0.000000000000000000e+00 0.000000000000000000e+00
0.000000000000000000e+00 0.000000000000000000e+00 0.000000000000000000e+00 0.000000000000000000e+00 0.000000000000000000e+00 0.000000000000000000e+00 0.000000000000000000e+00 0.000000000000000000e+00 0.000000000000000000e+00 0.000000000000000000e+00 0.000000000000000000e+00
0.000000000000000000e+00 0.000000000000000000e+00 0.000000000000000000e+00 0.000000000000000000e+00 0.000000000000000000e+00 0.000000000000000000e+00 0.000000000000000000e+00 0.000000000000000000e+00 0.000000000000000000e+00 0.000000000000000000e+00 0.000000000000000000e+00
0.000000000000000000e+00 0.000000000000000000e+00 0.000000000000000000e+00 0.000000000000000000e+00 0.000000000000000000e+00 0.000000000000000000e+00 0.000000000000000000e+00 0.000000000000000000e+00 0.000000000000000000e+00 0.000000000000000000e+00 0.000000000000000000e+00
0.000000000000000000e+00 0.000000000000000000e+00 0.000000000000000000e+00 0.000000000000000000e+00 0.000000000000000000e+00 0.000000000000000000e+00 0.000000000000000000e+00 0.000000000000000000e+00 0.000000000000000000e+00 0.000000000000000000e+00 0.000000000000000000e+00
0.000000000000000000e+00 0.000000000000000000e+00 0.000000000000000000e+00 0.000000000000000000e+00 0.000000000000000000e+00 0.000000000000000000e+00 0.000000000000000000e+00 0.000000000000000000e+00 0.000000000000000000e+00 0.000000000000000000e+00 0.000000000000000000e+00
0.000000000000000000e+00 0.000000000000000000e+00 0.000000000000000000e+00 0.000000000000000000e+00 0.000000000000000000e+00 0.000000000000000000e+00 0.000000000000000000e+00 0.000000000000000000e+00 0.000000000000000000e+00 0.000000000000000000e+00 0.000000000000000000e+00
0.000000000000000000e+00 0.000000000000000000e+00 0.000000000000000000e+00 0.000000000000000000e+00 0.000000000000000000e+00 0.000000000000000000e+00 0.000000000000000000e+00 0.000000000000000000e+00 0.000000000000000000e+00 0.000000000000000000e+00 0.000000000000000000e+00
0.000000000000000000e+00 0.000000000000000000e+00 0.000000000000000000e+00 0.000000000000000000e+00 0.000000000000000000e+00 0.000000000000000000e+00 0.000000000000000000e+00 0.000000000000000000e+00 0.000000000000000000e+00 0.000000000000000000e+00 0.000000000000000000e+00
0.000000000000000000e+00 0.000000000000000000e+00 0.000000000000000000e+00 0.000000000000000000e+00 0.000000000000000000e+00 0.000000000000000000e+00 0.000000000000000000e+00 0.000000000000000000e+00 0.000000000000000000e+00 0.000000000000000000e+00 0.000000000000000000e+00
0.000000000000000000e+00 0.000000000000000000e+00 0.000000000000000000e+00 0.000000000000000000e+00 0.000000000000000000e+00 0.000000000000000000e+00 0.000000000000000000e+00 0.000000000000000000e+00 0.000000000000000000e+00 0.000000000000000000e+00 0.000000000000000000e+00
0.000000000000000000e+00 0.000000000000000000e+00 0.000000000000000000e+00 0.000000000000000000e+00 0.000000000000000000e+00 0.000000000000000000e+00 0.000000000000000000e+00 0.000000000000000000e+00 0.000000000000000000e+00 0.000000000000000000e+00 0.000000000000000000e+00
0.000000000000000000e+00 0.000000000000000000e+00 0.000000000000000000e+00 0.000000000000000000e+00 0.000000000000000000e+00 0.000000000000000000e+00 0.000000000000000000e+00 0.000000000000000000e+00 0.000000000000000000e+00 0.000000000000000000e+00 0.000000000000000000e+00
0.000000000000000000e+00 0.000000000000000000e+00 0.000000000000000000e+00 0.000000000000000000e+00 0.000000000000000000e+00 0.000000000000000000e+00 0.000000000000000000e+00 0.000000000000000000e+00 0.000000000000000000e+00 0.000000000000000000e+00 0.000000000000000000e+00
0.000000000000000000e+00 0.000000000000000000e+00 0.000000000000000000e+00 0.000000000000000000e+00 0.000000000000000000e+00 0.000000000000000000e+00 0.000000000000000000e+00 0.000000000000000000e+00 0.000000000000000000e+00 0.000000000000000000e+00 0.000000000000000000e+00
0.000000000000000000e+00 0.000000000000000000e+00 0.000000000000000000e+00 0.000000000000000000e+00 0.000000000000000000e+00 0.000000000000000000e+00 0.000000000000000000e+00 0.000000000000000000e+00 0.000000000000000000e+00 0.000000000000000000e+00 0.000000000000000000e+00
0.000000000000000000e+00 0.000000000000000000e+00 0.000000000000000000e+00 0.000000000000000000e+00 0.000000000000000000e+00 0.000000000000000000e+00 0.000000000000000000e+00 0.000000000000000000e+00 0.000000000000000000e+00 0.000000000000000000e+00 0.000000000000000000e+00
0.000000000000000000e+00 0.000000000000000000e+00 0.000000000000000000e+00 0.000000000000000000e+00 0.000000000000000000e+00 0.000000000000000000e+00 0.000000000000000000e+00 0.000000000000000000e+00 0.000000000000000000e+00 0.000000000000000000e+00 0.000000000000000000e+00
0.000000000000000000e+00 0.000000000000000000e+00 0.000000000000000000e+00 0.000000000000000000e+00 0.000000000000000000e+00 0.000000000000000000e+00 0.000000000000000000e+00 0.000000000000000000e+00 0.000000000000000000e+00 0.000000000000000000e+00 0.000000000000000000e+00
0.000000000000000000e+00 0.000000000000000000e+00 0.000000000000000000e+00 0.000000000000000000e+00 0.000000000000000000e+00 0.000000000000000000e+00 0.000000000000000000e+00 0.000000000000000000e+00 0.000000000000000000e+00 0.000000000000000000e+00 0.000000000000000000e+00
0.000000000000000000e+00 0.000000000000000000e+00 0.000000000000000000e+00 0.000000000000000000e+00 0.000000000000000000e+00 0.000000000000000000e+00 0.000000000000000000e+00 0.000000000000000000e+00 0.000000000000000000e+00 0.000000000000000000e+00 0.000000000000000000e+00
0.000000000000000000e+00 0.000000000000000000e+00 0.000000000000000000e+00 0.000000000000000000e+00 0.000000000000000000e+00 0.000000000000000000e+00 0.000000000000000000e+00 0.000000000000000000e+00 0.000000000000000000e+00 0.000000000000000000e+00 0.000000000000000000e+00
0.000000000000000000e+00 0.000000000000000000e+00 0.000000000000000000e+00 0.000000000000000000e+00 0.000000000000000000e+00 0.000000000000000000e+00 0.000000000000000000e+00 0.000000000000000000e+00 0.000000000000000000e+00 0.000000000000000000e+00 0.000000000000000000e+00
0.000000000000000000e+00 0.000000000000000000e+00 0.000000000000000000e+00 0.000000000000000000e+00 0.000000000000000000e+00 0.000000000000000000e+00 0.000000000000000000e+00 0.000000000000000000e+00 0.000000000000000000e+00 0.000000000000000000e+00 0.000000000000000000e+00
0.000000000000000000e+00 0.000000000000000000e+00 0.000000000000000000e+00 0.000000000000000000e+00 0.000000000000000000e+00 0.000000000000000000e+00 0.000000000000000000e+00 0.000000000000000000e+00 0.000000000000000000e+00 0.000000000000000000e+00 0.000000000000000000e+00
0.000000000000000000e+00 0.000000000000000000e+00 0.000000000000000000e+00 0.000000000000000000e+00 0.000000000000000000e+00 0.000000000000000000e+00 0.000000000000000000e+00 0.000000000000000000e+00 0.000000000000000000e+00 0.000000000000000000e+00 0.000000000000000000e+00
0.000000000000000000e+00 0.000000000000000000e+00 0.000000000000000000e+00 0.000000000000000000e+00 0.000000000000000000e+00 0.000000000000000000e+00 0.000000000000000000e+00 0.000000000000000000e+00 0.000000000000000000e+00 0.000000000000000000e+00 0.000000000000000000e+00
0.000000000000000000e+00 0.000000000000000000e+00 0.000000000000000000e+00 0.000000000000000000e+00 0.000000000000000000e+00 0.000000000000000000e+00 0.000000000000000000e+00 0.000000000000000000e+00 0.000000000000000000e+00 0.000000000000000000e+00 0.000000000000000000e+00
0.000000000000000000e+00 0.000000000000000000e+00 0.000000000000000000e+00 0.000000000000000000e+00 0.000000000000000000e+00 0.000000000000000000e+00 0.000000000000000000e+00 0.000000000000000000e+00 0.000000000000000000e+00 0.000000000000000000e+00 0.000000000000000000e+00
0.000000000000000000e+00 0.000000000000000000e+00 0.000000000000000000e+00 0.000000000000000000e+00 0.000000000000000000e+00 0.000000000000000000e+00 0.000000000000000000e+00 0.000000000000000000e+00 0.000000000000000000e+00 0.000000000000000000e+00 0.000000000000000000e+00
0.000000000000000000e+00 0.000000000000000000e+00 0.000000000000000000e+00 0.000000000000000000e+00 0.000000000000000000e+00 0.000000000000000000e+00 0.000000000000000000e+00 0.000000000000000000e+00 0.000000000000000000e+00 0.000000000000000000e+00 0.000000000000000000e+00
0.000000000000000000e+00 0.000000000000000000e+00 0.000000000000000000e+00 0.000000000000000000e+00 0.000000000000000000e+00 0.000000000000000000e+00 0.000000000000000000e+00 0.000000000000000000e+00 0.000000000000000000e+00 0.000000000000000000e+00 0.000000000000000000e+00
0.000000000000000000e+00 0.000000000000000000e+00 0.000000000000000000e+00 0.000000000000000000e+00 0.000000000000000000e+00 0.000000000000000000e+00 0.000000000000000000e+00 0.000000000000000000e+00 0.000000000000000000e+00 0.000000000000000000e+00 0.000000000000000000e+00
0.000000000000000000e+00 0.000000000000000000e+00 0.000000000000000000e+00 0.000000000000000000e+00 0.000000000000000000e+00 0.000000000000000000e+00 0.000000000000000000e+00 0.000000000000000000e+00 0.000000000000000000e+00 0.000000000000000000e+00 0.000000000000000000e+00
0.000000000000000000e+00 0.000000000000000000e+00 0.000000000000000000e+00 0.000000000000000000e+00 0.000000000000000000e+00 0.000000000000000000e+00 0.000000000000000000e+00 0.000000000000000000e+00 0.000000000000000000e+00 0.000000000000000000e+00 0.000000000000000000e+00
0.000000000000000000e+00 0.000000000000000000e+00 0.000000000000000000e+00 0.000000000000000000e+00 0.000000000000000000e+00 0.000000000000000000e+00 0.000000000000000000e+00 0.000000000000000000e+00 0.000000000000000000e+00 0.000000000000000000e+00 0.000000000000000000e+00
0.000000000000000000e+00 0.000000000000000000e+00 0.000000000000000000e+00 0.000000000000000000e+00 0.000000000000000000e+00 0.000000000000000000e+00 0.000000000000000000e+00 0.000000000000000000e+00 0.000000000000000000e+00 0.000000000000000000e+00 0.000000000000000000e+00
0.000000000000000000e+00 0.000000000000000000e+00 0.000000000000000000e+00 0.000000000000000000e+00 0.000000000000000000e+00 0.000000000000000000e+00 0.000000000000000000e+00 0.000000000000000000e+00 0.000000000000000000e+00 0.000000000000000000e+00 0.000000000000000000e+00
0.000000000000000000e+00 0.000000000000000000e+00 0.000000000000000000e+00 0.000000000000000000e+00 0.000000000000000000e+00 0.000000000000000000e+00 0.000000000000000000e+00 0.000000000000000000e+00 0.000000000000000000e+00 0.000000000000000000e+00 0.000000000000000000e+00
0.000000000000000000e+00 0.000000000000000000e+00 0.000000000000000000e+00 0.000000000000000000e+00 0.000000000000000000e+00 0.000000000000000000e+00 0.000000000000000000e+00 0.000000000000000000e+00 0.000000000000000000e+00 0.000000000000000000e+00 0.000000000000000000e+00
0.000000000000000000e+00 0.000000000000000000e+00 0.000000000000000000e+00 0.000000000000000000e+00 0.000000000000000000e+00 0.000000000000000000e+00 0.000000000000000000e+00 0.000000000000000000e+00 0.000000000000000000e+00 0.000000000000000000e+00 0.000000000000000000e+00
0.000000000000000000e+00 0.000000000000000000e+00 0.000000000000000000e+00 0.000000000000000000e+00 0.000000000000000000e+00 0.000000000000000000e+00 0.000000000000000000e+00 0.000000000000000000e+00 0.000000000000000000e+00 0.000000000000000000e+00 0.000000000000000000e+00
0.000000000000000000e+00 0.000000000000000000e+00 0.000000000000000000e+00 0.000000000000000000e+00 0.000000000000000000e+00 0.000000000000000000e+00 0.000000000000000000e+00 0.000000000000000000e+00 0.000000000000000000e+00 0.000000000000000000e+00 0.000000000000000000e+00
0.000000000000000000e+00 0.000000000000000000e+00 0.000000000000000000e+00 0.000000000000000000e+00 0.000000000000000000e+00 0.000000000000000000e+00 0.000000000000000000e+00 0.000000000000000000e+00 0.000000000000000000e+00 0.000000000000000000e+00 0.000000000000000000e+00
0.000000000000000000e+00 0.000000000000000000e+00 0.000000000000000000e+00 0.000000000000000000e+00 0.000000000000000000e+00 0.000000000000000000e+00 0.000000000000000000e+00 0.000000000000000000e+00 0.000000000000000000e+00 0.000000000000000000e+00 0.000000000000000000e+00
0.000000000000000000e+00 0.000000000000000000e+00 0.000000000000000000e+00 0.000000000000000000e+00 0.000000000000000000e+00 0.000000000000000000e+00 0.000000000000000000e+00 0.000000000000000000e+00 0.000000000000000000e+00 0.000000000000000000e+00 0.000000000000000000e+00
0.000000000000000000e+00 0.000000000000000000e+00 0.000000000000000000e+00 0.000000000000000000e+00 0.000000000000000000e+00 0.000000000000000000e+00 0.000000000000000000e+00 0.000000000000000000e+00 0.000000000000000000e+00 0.000000000000000000e+00 0.000000000000000000e+00
0.000000000000000000e+00 0.000000000000000000e+00 0.000000000000000000e+00 0.000000000000000000e+00 0.000000000000000000e+00 0.000000000000000000e+00 0.000000000000000000e+00 0.000000000000000000e+00 0.000000000000000000e+00 0.000000000000000000e+00 0.000000000000000000e+00
0.000000000000000000e+00 0.000000000000000000e+00 0.000000000000000000e+00 0.000000000000000000e+00 0.000000000000000000e+00 0.000000000000000000e+00 0.000000000000000000e+00 0.000000000000000000e+00 0.000000000000000000e+00 0.000000000000000000e+00 0.000000000000000000e+00
0.000000000000000000e+00 0.000000000000000000e+00 0.000000000000000000e+00 0.000000000000000000e+00 0.000000000000000000e+00 0.000000000000000000e+00 0.000000000000000000e+00 0.000000000000000000e+00 0.000000000000000000e+00 0.000000000000000000e+00 0.000000000000000000e+00
0.000000000000000000e+00 0.000000000000000000e+00 0.000000000000000000e+00 0.000000000000000000e+00 0.000000000000000000e+00 0.000000000000000000e+00 0.000000000000000000e+00 0.000000000000000000e+00 0.000000000000000000e+00 0.000000000000000000e+00 0.000000000000000000e+00
0.000000000000000000e+00 0.000000000000000000e+00 0.000000000000000000e+00 0.000000000000000000e+00 0.000000000000000000e+00 0.000000000000000000e+00 0.000000000000000000e+00 0.000000000000000000e+00 0.000000000000000000e+00 0.000000000000000000e+00 0.000000000000000000e+00
0.000000000000000000e+00 0.000000000000000000e+00 0.000000000000000000e+00 0.000000000000000000e+00 0.000000000000000000e+00 0.000000000000000000e+00 0.000000000000000000e+00 0.000000000000000000e+00 0.000000000000000000e+00 0.000000000000000000e+00 0.000000000000000000e+00
0.000000000000000000e+00 0.000000000000000000e+00 0.000000000000000000e+00 0.000000000000000000e+00 0.000000000000000000e+00 0.000000000000000000e+00 0.000000000000000000e+00 0.000000000000000000e+00 0.000000000000000000e+00 0.000000000000000000e+00 0.000000000000000000e+00
0.000000000000000000e+00 0.000000000000000000e+00 0.000000000000000000e+00 0.000000000000000000e+00 0.000000000000000000e+00 0.000000000000000000e+00 0.000000000000000000e+00 0.000000000000000000e+00 0.000000000000000000e+00 0.000000000000000000e+00 0.000000000000000000e+00
0.000000000000000000e+00 0.000000000000000000e+00 0.000000000000000000e+00 0.000000000000000000e+00 0.000000000000000000e+00 0.000000000000000000e+00 0.000000000000000000e+00 0.000000000000000000e+00 0.000000000000000000e+00 0.000000000000000000e+00 0.000000000000000000e+00
0.000000000000000000e+00 0.000000000000000000e+00 0.000000000000000000e+00 0.000000000000000000e+00 0.000000000000000000e+00 0.000000000000000000e+00 0.000000000000000000e+00 0.000000000000000000e+00 0.000000000000000000e+00 0.000000000000000000e+00 0.000000000000000000e+00
0.000000000000000000e+00 0.000000000000000000e+00 0.000000000000000000e+00 0.000000000000000000e+00 0.000000000000000000e+00 0.000000000000000000e+00 0.000000000000000000e+00 0.000000000000000000e+00 0.000000000000000000e+00 0.000000000000000000e+00 0.000000000000000000e+00
0.000000000000000000e+00 0.000000000000000000e+00 0.000000000000000000e+00 0.000000000000000000e+00 0.000000000000000000e+00 0.000000000000000000e+00 0.000000000000000000e+00 0.000000000000000000e+00 0.000000000000000000e+00 0.000000000000000000e+00 0.000000000000000000e+00
0.000000000000000000e+00 0.000000000000000000e+00 0.000000000000000000e+00 0.000000000000000000e+00 0.000000000000000000e+00 0.000000000000000000e+00 0.000000000000000000e+00 0.000000000000000000e+00 0.000000000000000000e+00 0.000000000000000000e+00 0.000000000000000000e+00
0.000000000000000000e+00 0.000000000000000000e+00 0.000000000000000000e+00 0.000000000000000000e+00 0.000000000000000000e+00 0.000000000000000000e+00 0.000000000000000000e+00 0.000000000000000000e+00 0.000000000000000000e+00 0.000000000000000000e+00 0.000000000000000000e+00
0.000000000000000000e+00 0.000000000000000000e+00 0.000000000000000000e+00 0.000000000000000000e+00 0.000000000000000000e+00 0.000000000000000000e+00 0.000000000000000000e+00 0.000000000000000000e+00 0.000000000000000000e+00 0.000000000000000000e+00 0.000000000000000000e+00
0.000000000000000000e+00 0.000000000000000000e+00 0.000000000000000000e+00 0.000000000000000000e+00 0.000000000000000000e+00 0.000000000000000000e+00 0.000000000000000000e+00 0.000000000000000000e+00 0.000000000000000000e+00 0.000000000000000000e+00 0.000000000000000000e+00
0.000000000000000000e+00 0.000000000000000000e+00 0.000000000000000000e+00 0.000000000000000000e+00 0.000000000000000000e+00 0.000000000000000000e+00 0.000000000000000000e+00 0.000000000000000000e+00 0.000000000000000000e+00 0.000000000000000000e+00 0.000000000000000000e+00
0.000000000000000000e+00 0.000000000000000000e+00 0.000000000000000000e+00 0.000000000000000000e+00 0.000000000000000000e+00 0.000000000000000000e+00 0.000000000000000000e+00 0.000000000000000000e+00 0.000000000000000000e+00 0.000000000000000000e+00 0.000000000000000000e+00
0.000000000000000000e+00 0.000000000000000000e+00 0.000000000000000000e+00 0.000000000000000000e+00 0.000000000000000000e+00 0.000000000000000000e+00 0.000000000000000000e+00 0.000000000000000000e+00 0.000000000000000000e+00 0.000000000000000000e+00 0.000000000000000000e+00
0.000000000000000000e+00 0.000000000000000000e+00 0.000000000000000000e+00 0.000000000000000000e+00 0.000000000000000000e+00 0.000000000000000000e+00 0.000000000000000000e+00 0.000000000000000000e+00 0.000000000000000000e+00 0.000000000000000000e+00 0.000000000000000000e+00
0.000000000000000000e+00 0.000000000000000000e+00 0.000000000000000000e+00 0.000000000000000000e+00 0.000000000000000000e+00 0.000000000000000000e+00 0.000000000000000000e+00 0.000000000000000000e+00 0.000000000000000000e+00 0.000000000000000000e+00 0.000000000000000000e+00
0.000000000000000000e+00 0.000000000000000000e+00 0.000000000000000000e+00 0.000000000000000000e+00 0.000000000000000000e+00 0.000000000000000000e+00 0.000000000000000000e+00 0.000000000000000000e+00 0.000000000000000000e+00 0.000000000000000000e+00 0.000000000000000000e+00
0.000000000000000000e+00 0.000000000000000000e+00 0.000000000000000000e+00 0.000000000000000000e+00 0.000000000000000000e+00 0.000000000000000000e+00 0.000000000000000000e+00 0.000000000000000000e+00 0.000000000000000000e+00 0.000000000000000000e+00 0.000000000000000000e+00
0.000000000000000000e+00 0.000000000000000000e+00 0.000000000000000000e+00 0.000000000000000000e+00 0.000000000000000000e+00 0.000000000000000000e+00 0.000000000000000000e+00 0.000000000000000000e+00 0.000000000000000000e+00 0.000000000000000000e+00 0.000000000000000000e+00
0.000000000000000000e+00 0.000000000000000000e+00 0.000000000000000000e+00 0.000000000000000000e+00 0.000000000000000000e+00 0.000000000000000000e+00 0.000000000000000000e+00 0.000000000000000000e+00 0.000000000000000000e+00 0.000000000000000000e+00 0.000000000000000000e+00
0.000000000000000000e+00 0.000000000000000000e+00 0.000000000000000000e+00 0.000000000000000000e+00 0.000000000000000000e+00 0.000000000000000000e+00 0.000000000000000000e+00 0.000000000000000000e+00 0.000000000000000000e+00 0.000000000000000000e+00 0.000000000000000000e+00
0.000000000000000000e+00 0.000000000000000000e+00 0.000000000000000000e+00 0.000000000000000000e+00 0.000000000000000000e+00 0.000000000000000000e+00 0.000000000000000000e+00 0.000000000000000000e+00 0.000000000000000000e+00 0.000000000000000000e+00 0.000000000000000000e+00
0.000000000000000000e+00 0.000000000000000000e+00 0.000000000000000000e+00 0.000000000000000000e+00 0.000000000000000000e+00 0.000000000000000000e+00 0.000000000000000000e+00 0.000000000000000000e+00 0.000000000000000000e+00 0.000000000000000000e+00 0.000000000000000000e+00
0.000000000000000000e+00 0.000000000000000000e+00 0.000000000000000000e+00 0.000000000000000000e+00 0.000000000000000000e+00 0.000000000000000000e+00 0.000000000000000000e+00 0.000000000000000000e+00 0.000000000000000000e+00 0.000000000000000000e+00 0.000000000000000000e+00
0.000000000000000000e+00 0.000000000000000000e+00 0.000000000000000000e+00 0.000000000000000000e+00 0.000000000000000000e+00 0.000000000000000000e+00 0.000000000000000000e+00 0.000000000000000000e+00 0.000000000000000000e+00 0.000000000000000000e+00 0.000000000000000000e+00
0.000000000000000000e+00 0.000000000000000000e+00 0.000000000000000000e+00 0.000000000000000000e+00 0.000000000000000000e+00 0.000000000000000000e+00 0.000000000000000000e+00 0.000000000000000000e+00 0.000000000000000000e+00 0.000000000000000000e+00 0.000000000000000000e+00
0.000000000000000000e+00 0.000000000000000000e+00 0.000000000000000000e+00 0.000000000000000000e+00 0.000000000000000000e+00 0.000000000000000000e+00 0.000000000000000000e+00 0.000000000000000000e+00 0.000000000000000000e+00 0.000000000000000000e+00 0.000000000000000000e+00
0.000000000000000000e+00 0.000000000000000000e+00 0.000000000000000000e+00 0.000000000000000000e+00 0.000000000000000000e+00 0.000000000000000000e+00 0.000000000000000000e+00 0.000000000000000000e+00 0.000000000000000000e+00 0.000000000000000000e+00 0.000000000000000000e+00
0.000000000000000000e+00 0.000000000000000000e+00 0.000000000000000000e+00 0.000000000000000000e+00 0.000000000000000000e+00 0.000000000000000000e+00 0.000000000000000000e+00 0.000000000000000000e+00 0.000000000000000000e+00 0.000000000000000000e+00 0.000000000000000000e+00
0.000000000000000000e+00 0.000000000000000000e+00 0.000000000000000000e+00 0.000000000000000000e+00 0.000000000000000000e+00 0.000000000000000000e+00 0.000000000000000000e+00 0.000000000000000000e+00 0.000000000000000000e+00 0.000000000000000000e+00 0.000000000000000000e+00
0.000000000000000000e+00 0.000000000000000000e+00 0.000000000000000000e+00 0.000000000000000000e+00 0.000000000000000000e+00 0.000000000000000000e+00 0.000000000000000000e+00 0.000000000000000000e+00 0.000000000000000000e+00 0.000000000000000000e+00 0.000000000000000000e+00
0.000000000000000000e+00 0.000000000000000000e+00 0.000000000000000000e+00 0.000000000000000000e+00 0.000000000000000000e+00 0.000000000000000000e+00 0.000000000000000000e+00 0.000000000000000000e+00 0.000000000000000000e+00 0.000000000000000000e+00 0.000000000000000000e+00
0.000000000000000000e+00 0.000000000000000000e+00 0.000000000000000000e+00 0.000000000000000000e+00 0.000000000000000000e+00 0.000000000000000000e+00 0.000000000000000000e+00 0.000000000000000000e+00 0.000000000000000000e+00 0.000000000000000000e+00 0.000000000000000000e+00
0.000000000000000000e+00 0.000000000000000000e+00 0.000000000000000000e+00 0.000000000000000000e+00 0.000000000000000000e+00 0.000000000000000000e+00 0.000000000000000000e+00 0.000000000000000000e+00 0.000000000000000000e+00 0.000000000000000000e+00 0.000000000000000000e+00
0.000000000000000000e+00 0.000000000000000000e+00 0.000000000000000000e+00 0.000000000000000000e+00 0.000000000000000000e+00 0.000000000000000000e+00 0.000000000000000000e+00 0.000000000000000000e+00 0.000000000000000000e+00 0.000000000000000000e+00 0.000000000000000000e+00
0.000000000000000000e+00 0.000000000000000000e+00 0.000000000000000000e+00 0.000000000000000000e+00 0.000000000000000000e+00 0.000000000000000000e+00 0.000000000000000000e+00 0.000000000000000000e+00 0.000000000000000000e+00 0.000000000000000000e+00 0.000000000000000000e+00
0.000000000000000000e+00 0.000000000000000000e+00 0.000000000000000000e+00 0.000000000000000000e+00 0.000000000000000000e+00 0.000000000000000000e+00 0.000000000000000000e+00 0.000000000000000000e+00 0.000000000000000000e+00 0.000000000000000000e+00 0.000000000000000000e+00
0.000000000000000000e+00 0.000000000000000000e+00 0.000000000000000000e+00 0.000000000000000000e+00 0.000000000000000000e+00 0.000000000000000000e+00 0.000000000000000000e+00 0.000000000000000000e+00 0.000000000000000000e+00 0.000000000000000000e+00 0.000000000000000000e+00
0.000000000000000000e+00 0.000000000000000000e+00 0.000000000000000000e+00 0.000000000000000000e+00 0.000000000000000000e+00 0.000000000000000000e+00 0.000000000000000000e+00 0.000000000000000000e+00 0.000000000000000000e+00 0.000000000000000000e+00 0.000000000000000000e+00
0.000000000000000000e+00 0.000000000000000000e+00 0.000000000000000000e+00 0.000000000000000000e+00 0.000000000000000000e+00 0.000000000000000000e+00 0.000000000000000000e+00 0.000000000000000000e+00 0.000000000000000000e+00 0.000000000000000000e+00 0.000000000000000000e+00
0.000000000000000000e+00 0.000000000000000000e+00 0.000000000000000000e+00 0.000000000000000000e+00 0.000000000000000000e+00 0.000000000000000000e+00 0.000000000000000000e+00 0.000000000000000000e+00 0.000000000000000000e+00 0.000000000000000000e+00 0.000000000000000000e+00
0.000000000000000000e+00 0.000000000000000000e+00 0.000000000000000000e+00 0.000000000000000000e+00 0.000000000000000000e+00 0.000000000000000000e+00 0.000000000000000000e+00 0.000000000000000000e+00 0.000000000000000000e+00 0.000000000000000000e+00 0.000000000000000000e+00
0.000000000000000000e+00 0.000000000000000000e+00 0.000000000000000000e+00 0.000000000000000000e+00 0.000000000000000000e+00 0.000000000000000000e+00 0.000000000000000000e+00 0.000000000000000000e+00 0.000000000000000000e+00 0.000000000000000000e+00 0.000000000000000000e+00
0.000000000000000000e+00 0.000000000000000000e+00 0.000000000000000000e+00 0.000000000000000000e+00 0.000000000000000000e+00 0.000000000000000000e+00 0.000000000000000000e+00 0.000000000000000000e+00 0.000000000000000000e+00 0.000000000000000000e+00 0.000000000000000000e+00
0.000000000000000000e+00 0.000000000000000000e+00 0.000000000000000000e+00 0.000000000000000000e+00 0.000000000000000000e+00 0.000000000000000000e+00 0.000000000000000000e+00 0.000000000000000000e+00 0.000000000000000000e+00 0.000000000000000000e+00 0.000000000000000000e+00
0.000000000000000000e+00 0.000000000000000000e+00 0.000000000000000000e+00 0.000000000000000000e+00 0.000000000000000000e+00 0.000000000000000000e+00 0.000000000000000000e+00 0.000000000000000000e+00 0.000000000000000000e+00 0.000000000000000000e+00 0.000000000000000000e+00
0.000000000000000000e+00 0.000000000000000000e+00 0.000000000000000000e+00 0.000000000000000000e+00 0.000000000000000000e+00 0.000000000000000000e+00 0.000000000000000000e+00 0.000000000000000000e+00 0.000000000000000000e+00 0.000000000000000000e+00 0.000000000000000000e+00
0.000000000000000000e+00 0.000000000000000000e+00 0.000000000000000000e+00 0.000000000000000000e+00 0.000000000000000000e+00 0.000000000000000000e+00 0.000000000000000000e+00 0.000000000000000000e+00 0.000000000000000000e+00 0.000000000000000000e+00 0.000000000000000000e+00
0.000000000000000000e+00 0.000000000000000000e+00 0.000000000000000000e+00 0.000000000000000000e+00 0.000000000000000000e+00 0.000000000000000000e+00 0.000000000000000000e+00 0.000000000000000000e+00 0.000000000000000000e+00 0.000000000000000000e+00 0.000000000000000000e+00
0.000000000000000000e+00 0.000000000000000000e+00 0.000000000000000000e+00 0.000000000000000000e+00 0.000000000000000000e+00 0.000000000000000000e+00 0.000000000000000000e+00 0.000000000000000000e+00 0.000000000000000000e+00 0.000000000000000000e+00 0.000000000000000000e+00
0.000000000000000000e+00 0.000000000000000000e+00 0.000000000000000000e+00 0.000000000000000000e+00 0.000000000000000000e+00 0.000000000000000000e+00 0.000000000000000000e+00 0.000000000000000000e+00 0.000000000000000000e+00 0.000000000000000000e+00 0.000000000000000000e+00
0.000000000000000000e+00 0.000000000000000000e+00 0.000000000000000000e+00 0.000000000000000000e+00 0.000000000000000000e+00 0.000000000000000000e+00 0.000000000000000000e+00 0.000000000000000000e+00 0.000000000000000000e+00 0.000000000000000000e+00 0.000000000000000000e+00
0.000000000000000000e+00 0.000000000000000000e+00 0.000000000000000000e+00 0.000000000000000000e+00 0.000000000000000000e+00 0.000000000000000000e+00 0.000000000000000000e+00 0.000000000000000000e+00 0.000000000000000000e+00 0.000000000000000000e+00 0.000000000000000000e+00
0.000000000000000000e+00 0.000000000000000000e+00 0.000000000000000000e+00 0.000000000000000000e+00 0.000000000000000000e+00 0.000000000000000000e+00 0.000000000000000000e+00 0.000000000000000000e+00 0.000000000000000000e+00 0.000000000000000000e+00 0.000000000000000000e+00
0.000000000000000000e+00 0.000000000000000000e+00 0.000000000000000000e+00 0.000000000000000000e+00 0.000000000000000000e+00 0.000000000000000000e+00 0.000000000000000000e+00 0.000000000000000000e+00 0.000000000000000000e+00 0.000000000000000000e+00 0.000000000000000000e+00
0.000000000000000000e+00 0.000000000000000000e+00 0.000000000000000000e+00 0.000000000000000000e+00 0.000000000000000000e+00 0.000000000000000000e+00 0.000000000000000000e+00 0.000000000000000000e+00 0.000000000000000000e+00 0.000000000000000000e+00 0.000000000000000000e+00
0.000000000000000000e+00 0.000000000000000000e+00 0.000000000000000000e+00 0.000000000000000000e+00 0.000000000000000000e+00 0.000000000000000000e+00 0.000000000000000000e+00 0.000000000000000000e+00 0.000000000000000000e+00 0.000000000000000000e+00 0.000000000000000000e+00
0.000000000000000000e+00 0.000000000000000000e+00 0.000000000000000000e+00 0.000000000000000000e+00 0.000000000000000000e+00 0.000000000000000000e+00 0.000000000000000000e+00 0.000000000000000000e+00 0.000000000000000000e+00 0.000000000000000000e+00 0.000000000000000000e+00
0.000000000000000000e+00 0.000000000000000000e+00 0.000000000000000000e+00 0.000000000000000000e+00 0.000000000000000000e+00 0.000000000000000000e+00 0.000000000000000000e+00 0.000000000000000000e+00 0.000000000000000000e+00 0.000000000000000000e+00 0.000000000000000000e+00
0.000000000000000000e+00 0.000000000000000000e+00 0.000000000000000000e+00 0.000000000000000000e+00 0.000000000000000000e+00 0.000000000000000000e+00 0.000000000000000000e+00 0.000000000000000000e+00 0.000000000000000000e+00 0.000000000000000000e+00 0.000000000000000000e+00
0.000000000000000000e+00 0.000000000000000000e+00 0.000000000000000000e+00 0.000000000000000000e+00 0.000000000000000000e+00 0.000000000000000000e+00 0.000000000000000000e+00 0.000000000000000000e+00 0.000000000000000000e+00 0.000000000000000000e+00 0.000000000000000000e+00
0.000000000000000000e+00 0.000000000000000000e+00 0.000000000000000000e+00 0.000000000000000000e+00 0.000000000000000000e+00 0.000000000000000000e+00 0.000000000000000000e+00 0.000000000000000000e+00 0.000000000000000000e+00 0.000000000000000000e+00 0.000000000000000000e+00
0.000000000000000000e+00 0.000000000000000000e+00 0.000000000000000000e+00 0.000000000000000000e+00 0.000000000000000000e+00 0.000000000000000000e+00 0.000000000000000000e+00 0.000000000000000000e+00 0.000000000000000000e+00 0.000000000000000000e+00 0.000000000000000000e+00
0.000000000000000000e+00 0.000000000000000000e+00 0.000000000000000000e+00 0.000000000000000000e+00 0.000000000000000000e+00 0.000000000000000000e+00 0.000000000000000000e+00 0.000000000000000000e+00 0.000000000000000000e+00 0.000000000000000000e+00 0.000000000000000000e+00
0.000000000000000000e+00 0.000000000000000000e+00 0.000000000000000000e+00 0.000000000000000000e+00 0.000000000000000000e+00 0.000000000000000000e+00 0.000000000000000000e+00 0.000000000000000000e+00 0.000000000000000000e+00 0.000000000000000000e+00 0.000000000000000000e+00
0.000000000000000000e+00 0.000000000000000000e+00 0.000000000000000000e+00 0.000000000000000000e+00 0.000000000000000000e+00 0.000000000000000000e+00 0.000000000000000000e+00 0.000000000000000000e+00 0.000000000000000000e+00 0.000000000000000000e+00 0.000000000000000000e+00
0.000000000000000000e+00 0.000000000000000000e+00 0.000000000000000000e+00 0.000000000000000000e+00 0.000000000000000000e+00 0.000000000000000000e+00 0.000000000000000000e+00 0.000000000000000000e+00 0.000000000000000000e+00 0.000000000000000000e+00 0.000000000000000000e+00
0.000000000000000000e+00 0.000000000000000000e+00 0.000000000000000000e+00 0.000000000000000000e+00 0.000000000000000000e+00 0.000000000000000000e+00 0.000000000000000000e+00 0.000000000000000000e+00 0.000000000000000000e+00 0.000000000000000000e+00 0.000000000000000000e+00
0.000000000000000000e+00 0.000000000000000000e+00 0.000000000000000000e+00 0.000000000000000000e+00 0.000000000000000000e+00 0.000000000000000000e+00 0.000000000000000000e+00 0.000000000000000000e+00 0.000000000000000000e+00 0.000000000000000000e+00 0.000000000000000000e+00
0.000000000000000000e+00 0.000000000000000000e+00 0.000000000000000000e+00 0.000000000000000000e+00 0.000000000000000000e+00 0.000000000000000000e+00 0.000000000000000000e+00 0.000000000000000000e+00 0.000000000000000000e+00 0.000000000000000000e+00 0.000000000000000000e+00
0.000000000000000000e+00 0.000000000000000000e+00 0.000000000000000000e+00 0.000000000000000000e+00 0.000000000000000000e+00 0.000000000000000000e+00 0.000000000000000000e+00 0.000000000000000000e+00 0.000000000000000000e+00 0.000000000000000000e+00 0.000000000000000000e+00
0.000000000000000000e+00 0.000000000000000000e+00 0.000000000000000000e+00 0.000000000000000000e+00 0.000000000000000000e+00 0.000000000000000000e+00 0.000000000000000000e+00 0.000000000000000000e+00 0.000000000000000000e+00 0.000000000000000000e+00 0.000000000000000000e+00
0.000000000000000000e+00 0.000000000000000000e+00 0.000000000000000000e+00 0.000000000000000000e+00 0.000000000000000000e+00 0.000000000000000000e+00 0.000000000000000000e+00 0.000000000000000000e+00 0.000000000000000000e+00 0.000000000000000000e+00 0.000000000000000000e+00
0.000000000000000000e+00 0.000000000000000000e+00 0.000000000000000000e+00 0.000000000000000000e+00 0.000000000000000000e+00 0.000000000000000000e+00 0.000000000000000000e+00 0.000000000000000000e+00 0.000000000000000000e+00 0.000000000000000000e+00 0.000000000000000000e+00
0.000000000000000000e+00 0.000000000000000000e+00 0.000000000000000000e+00 0.000000000000000000e+00 0.000000000000000000e+00 0.000000000000000000e+00 0.000000000000000000e+00 0.000000000000000000e+00 0.000000000000000000e+00 0.000000000000000000e+00 0.000000000000000000e+00
0.000000000000000000e+00 0.000000000000000000e+00 0.000000000000000000e+00 0.000000000000000000e+00 0.000000000000000000e+00 0.000000000000000000e+00 0.000000000000000000e+00 0.000000000000000000e+00 0.000000000000000000e+00 0.000000000000000000e+00 0.000000000000000000e+00
0.000000000000000000e+00 0.000000000000000000e+00 0.000000000000000000e+00 0.000000000000000000e+00 0.000000000000000000e+00 0.000000000000000000e+00 0.000000000000000000e+00 0.000000000000000000e+00 0.000000000000000000e+00 0.000000000000000000e+00 0.000000000000000000e+00
0.000000000000000000e+00 0.000000000000000000e+00 0.000000000000000000e+00 0.000000000000000000e+00 0.000000000000000000e+00 0.000000000000000000e+00 0.000000000000000000e+00 0.000000000000000000e+00 0.000000000000000000e+00 0.000000000000000000e+00 0.000000000000000000e+00
0.000000000000000000e+00 0.000000000000000000e+00 0.000000000000000000e+00 0.000000000000000000e+00 0.000000000000000000e+00 0.000000000000000000e+00 0.000000000000000000e+00 0.000000000000000000e+00 0.000000000000000000e+00 0.000000000000000000e+00 0.000000000000000000e+00
0.000000000000000000e+00 0.000000000000000000e+00 0.000000000000000000e+00 0.000000000000000000e+00 0.000000000000000000e+00 0.000000000000000000e+00 0.000000000000000000e+00 0.000000000000000000e+00 0.000000000000000000e+00 0.000000000000000000e+00 0.000000000000000000e+00
0.000000000000000000e+00 0.000000000000000000e+00 0.000000000000000000e+00 0.000000000000000000e+00 0.000000000000000000e+00 0.000000000000000000e+00 0.000000000000000000e+00 0.000000000000000000e+00 0.000000000000000000e+00 0.000000000000000000e+00 0.000000000000000000e+00
0.000000000000000000e+00 0.000000000000000000e+00 0.000000000000000000e+00 0.000000000000000000e+00 0.000000000000000000e+00 0.000000000000000000e+00 0.000000000000000000e+00 0.000000000000000000e+00 0.000000000000000000e+00 0.000000000000000000e+00 0.000000000000000000e+00
0.000000000000000000e+00 0.000000000000000000e+00 0.000000000000000000e+00 0.000000000000000000e+00 0.000000000000000000e+00 0.000000000000000000e+00 0.000000000000000000e+00 0.000000000000000000e+00 0.000000000000000000e+00 0.000000000000000000e+00 0.000000000000000000e+00
0.000000000000000000e+00 0.000000000000000000e+00 0.000000000000000000e+00 0.000000000000000000e+00 0.000000000000000000e+00 0.000000000000000000e+00 0.000000000000000000e+00 0.000000000000000000e+00 0.000000000000000000e+00 0.000000000000000000e+00 0.000000000000000000e+00
0.000000000000000000e+00 0.000000000000000000e+00 0.000000000000000000e+00 0.000000000000000000e+00 0.000000000000000000e+00 0.000000000000000000e+00 0.000000000000000000e+00 0.000000000000000000e+00 0.000000000000000000e+00 0.000000000000000000e+00 0.000000000000000000e+00
0.000000000000000000e+00 0.000000000000000000e+00 0.000000000000000000e+00 0.000000000000000000e+00 0.000000000000000000e+00 0.000000000000000000e+00 0.000000000000000000e+00 0.000000000000000000e+00 0.000000000000000000e+00 0.000000000000000000e+00 0.000000000000000000e+00
0.000000000000000000e+00 0.000000000000000000e+00 0.000000000000000000e+00 0.000000000000000000e+00 0.000000000000000000e+00 0.000000000000000000e+00 0.000000000000000000e+00 0.000000000000000000e+00 0.000000000000000000e+00 0.000000000000000000e+00 0.000000000000000000e+00
0.000000000000000000e+00 0.000000000000000000e+00 0.000000000000000000e+00 0.000000000000000000e+00 0.000000000000000000e+00 0.000000000000000000e+00 0.000000000000000000e+00 0.000000000000000000e+00 0.000000000000000000e+00 0.000000000000000000e+00 0.000000000000000000e+00
0.000000000000000000e+00 0.000000000000000000e+00 0.000000000000000000e+00 0.000000000000000000e+00 0.000000000000000000e+00 0.000000000000000000e+00 0.000000000000000000e+00 0.000000000000000000e+00 0.000000000000000000e+00 0.000000000000000000e+00 0.000000000000000000e+00
0.000000000000000000e+00 0.000000000000000000e+00 0.000000000000000000e+00 0.000000000000000000e+00 0.000000000000000000e+00 0.000000000000000000e+00 0.000000000000000000e+00 0.000000000000000000e+00 0.000000000000000000e+00 0.000000000000000000e+00 0.000000000000000000e+00
0.000000000000000000e+00 0.000000000000000000e+00 0.000000000000000000e+00 0.000000000000000000e+00 0.000000000000000000e+00 0.000000000000000000e+00 0.000000000000000000e+00 0.000000000000000000e+00 0.000000000000000000e+00 0.000000000000000000e+00 0.000000000000000000e+00
0.000000000000000000e+00 0.000000000000000000e+00 0.000000000000000000e+00 0.000000000000000000e+00 0.000000000000000000e+00 0.000000000000000000e+00 0.000000000000000000e+00 0.000000000000000000e+00 0.000000000000000000e+00 0.000000000000000000e+00 0.000000000000000000e+00
0.000000000000000000e+00 0.000000000000000000e+00 0.000000000000000000e+00 0.000000000000000000e+00 0.000000000000000000e+00 0.000000000000000000e+00 0.000000000000000000e+00 0.000000000000000000e+00 0.000000000000000000e+00 0.000000000000000000e+00 0.000000000000000000e+00
0.000000000000000000e+00 0.000000000000000000e+00 0.000000000000000000e+00 0.000000000000000000e+00 0.000000000000000000e+00 0.000000000000000000e+00 0.000000000000000000e+00 0.000000000000000000e+00 0.000000000000000000e+00 0.000000000000000000e+00 0.000000000000000000e+00
0.000000000000000000e+00 0.000000000000000000e+00 0.000000000000000000e+00 0.000000000000000000e+00 0.000000000000000000e+00 0.000000000000000000e+00 0.000000000000000000e+00 0.000000000000000000e+00 0.000000000000000000e+00 0.000000000000000000e+00 0.000000000000000000e+00
0.000000000000000000e+00 0.000000000000000000e+00 0.000000000000000000e+00 0.000000000000000000e+00 0.000000000000000000e+00 0.000000000000000000e+00 0.000000000000000000e+00 0.000000000000000000e+00 0.000000000000000000e+00 0.000000000000000000e+00 0.000000000000000000e+00
0.000000000000000000e+00 0.000000000000000000e+00 0.000000000000000000e+00 0.000000000000000000e+00 0.000000000000000000e+00 0.000000000000000000e+00 0.000000000000000000e+00 0.000000000000000000e+00 0.000000000000000000e+00 0.000000000000000000e+00 0.000000000000000000e+00
0.000000000000000000e+00 0.000000000000000000e+00 0.000000000000000000e+00 0.000000000000000000e+00 0.000000000000000000e+00 0.000000000000000000e+00 0.000000000000000000e+00 0.000000000000000000e+00 0.000000000000000000e+00 0.000000000000000000e+00 0.000000000000000000e+00
0.000000000000000000e+00 0.000000000000000000e+00 0.000000000000000000e+00 0.000000000000000000e+00 0.000000000000000000e+00 0.000000000000000000e+00 0.000000000000000000e+00 0.000000000000000000e+00 0.000000000000000000e+00 0.000000000000000000e+00 0.000000000000000000e+00
0.000000000000000000e+00 0.000000000000000000e+00 0.000000000000000000e+00 0.000000000000000000e+00 0.000000000000000000e+00 0.000000000000000000e+00 0.000000000000000000e+00 0.000000000000000000e+00 0.000000000000000000e+00 0.000000000000000000e+00 0.000000000000000000e+00
0.000000000000000000e+00 0.000000000000000000e+00 0.000000000000000000e+00 0.000000000000000000e+00 0.000000000000000000e+00 0.000000000000000000e+00 0.000000000000000000e+00 0.000000000000000000e+00 0.000000000000000000e+00 0.000000000000000000e+00 0.000000000000000000e+00
0.000000000000000000e+00 0.000000000000000000e+00 0.000000000000000000e+00 0.000000000000000000e+00 0.000000000000000000e+00 0.000000000000000000e+00 0.000000000000000000e+00 0.000000000000000000e+00 0.000000000000000000e+00 0.000000000000000000e+00 0.000000000000000000e+00
0.000000000000000000e+00 0.000000000000000000e+00 0.000000000000000000e+00 0.000000000000000000e+00 0.000000000000000000e+00 0.000000000000000000e+00 0.000000000000000000e+00 0.000000000000000000e+00 0.000000000000000000e+00 0.000000000000000000e+00 0.000000000000000000e+00
0.000000000000000000e+00 0.000000000000000000e+00 0.000000000000000000e+00 0.000000000000000000e+00 0.000000000000000000e+00 0.000000000000000000e+00 0.000000000000000000e+00 0.000000000000000000e+00 0.000000000000000000e+00 0.000000000000000000e+00 0.000000000000000000e+00
0.000000000000000000e+00 0.000000000000000000e+00 0.000000000000000000e+00 0.000000000000000000e+00 0.000000000000000000e+00 0.000000000000000000e+00 0.000000000000000000e+00 0.000000000000000000e+00 0.000000000000000000e+00 0.000000000000000000e+00 0.000000000000000000e+00
0.000000000000000000e+00 0.000000000000000000e+00 0.000000000000000000e+00 0.000000000000000000e+00 0.000000000000000000e+00 0.000000000000000000e+00 0.000000000000000000e+00 0.000000000000000000e+00 0.000000000000000000e+00 0.000000000000000000e+00 0.000000000000000000e+00
0.000000000000000000e+00 0.000000000000000000e+00 0.000000000000000000e+00 0.000000000000000000e+00 0.000000000000000000e+00 0.000000000000000000e+00 0.000000000000000000e+00 0.000000000000000000e+00 0.000000000000000000e+00 0.000000000000000000e+00 0.000000000000000000e+00
0.000000000000000000e+00 0.000000000000000000e+00 0.000000000000000000e+00 0.000000000000000000e+00 0.000000000000000000e+00 0.000000000000000000e+00 0.000000000000000000e+00 0.000000000000000000e+00 0.000000000000000000e+00 0.000000000000000000e+00 0.000000000000000000e+00
0.000000000000000000e+00 0.000000000000000000e+00 0.000000000000000000e+00 0.000000000000000000e+00 0.000000000000000000e+00 0.000000000000000000e+00 0.000000000000000000e+00 0.000000000000000000e+00 0.000000000000000000e+00 0.000000000000000000e+00 0.000000000000000000e+00
0.000000000000000000e+00 0.000000000000000000e+00 0.000000000000000000e+00 0.000000000000000000e+00 0.000000000000000000e+00 0.000000000000000000e+00 0.000000000000000000e+00 0.000000000000000000e+00 0.000000000000000000e+00 0.000000000000000000e+00 0.000000000000000000e+00
0.000000000000000000e+00 0.000000000000000000e+00 0.000000000000000000e+00 0.000000000000000000e+00 0.000000000000000000e+00 0.000000000000000000e+00 0.000000000000000000e+00 0.000000000000000000e+00 0.000000000000000000e+00 0.000000000000000000e+00 0.000000000000000000e+00
0.000000000000000000e+00 0.000000000000000000e+00 0.000000000000000000e+00 0.000000000000000000e+00 0.000000000000000000e+00 0.000000000000000000e+00 0.000000000000000000e+00 0.000000000000000000e+00 0.000000000000000000e+00 0.000000000000000000e+00 0.000000000000000000e+00
0.000000000000000000e+00 0.000000000000000000e+00 0.000000000000000000e+00 0.000000000000000000e+00 0.000000000000000000e+00 0.000000000000000000e+00 0.000000000000000000e+00 0.000000000000000000e+00 0.000000000000000000e+00 0.000000000000000000e+00 0.000000000000000000e+00
0.000000000000000000e+00 0.000000000000000000e+00 0.000000000000000000e+00 0.000000000000000000e+00 0.000000000000000000e+00 0.000000000000000000e+00 0.000000000000000000e+00 0.000000000000000000e+00 0.000000000000000000e+00 0.000000000000000000e+00 0.000000000000000000e+00
0.000000000000000000e+00 0.000000000000000000e+00 0.000000000000000000e+00 0.000000000000000000e+00 0.000000000000000000e+00 0.000000000000000000e+00 0.000000000000000000e+00 0.000000000000000000e+00 0.000000000000000000e+00 0.000000000000000000e+00 0.000000000000000000e+00
0.000000000000000000e+00 0.000000000000000000e+00 0.000000000000000000e+00 0.000000000000000000e+00 0.000000000000000000e+00 0.000000000000000000e+00 0.000000000000000000e+00 0.000000000000000000e+00 0.000000000000000000e+00 0.000000000000000000e+00 0.000000000000000000e+00
0.000000000000000000e+00 0.000000000000000000e+00 0.000000000000000000e+00 0.000000000000000000e+00 0.000000000000000000e+00 0.000000000000000000e+00 0.000000000000000000e+00 0.000000000000000000e+00 0.000000000000000000e+00 0.000000000000000000e+00 0.000000000000000000e+00
0.000000000000000000e+00 0.000000000000000000e+00 0.000000000000000000e+00 0.000000000000000000e+00 0.000000000000000000e+00 0.000000000000000000e+00 0.000000000000000000e+00 0.000000000000000000e+00 0.000000000000000000e+00 0.000000000000000000e+00 0.000000000000000000e+00
0.000000000000000000e+00 0.000000000000000000e+00 0.000000000000000000e+00 0.000000000000000000e+00 0.000000000000000000e+00 0.000000000000000000e+00 0.000000000000000000e+00 0.000000000000000000e+00 0.000000000000000000e+00 0.000000000000000000e+00 0.000000000000000000e+00
0.000000000000000000e+00 0.000000000000000000e+00 0.000000000000000000e+00 0.000000000000000000e+00 0.000000000000000000e+00 0.000000000000000000e+00 0.000000000000000000e+00 0.000000000000000000e+00 0.000000000000000000e+00 0.000000000000000000e+00 0.000000000000000000e+00
0.000000000000000000e+00 0.000000000000000000e+00 0.000000000000000000e+00 0.000000000000000000e+00 0.000000000000000000e+00 0.000000000000000000e+00 0.000000000000000000e+00 0.000000000000000000e+00 0.000000000000000000e+00 0.000000000000000000e+00 0.000000000000000000e+00
0.000000000000000000e+00 0.000000000000000000e+00 0.000000000000000000e+00 0.000000000000000000e+00 0.000000000000000000e+00 0.000000000000000000e+00 0.000000000000000000e+00 0.000000000000000000e+00 0.000000000000000000e+00 0.000000000000000000e+00 0.000000000000000000e+00
0.000000000000000000e+00 0.000000000000000000e+00 0.000000000000000000e+00 0.000000000000000000e+00 0.000000000000000000e+00 0.000000000000000000e+00 0.000000000000000000e+00 0.000000000000000000e+00 0.000000000000000000e+00 0.000000000000000000e+00 0.000000000000000000e+00
0.000000000000000000e+00 0.000000000000000000e+00 0.000000000000000000e+00 0.000000000000000000e+00 0.000000000000000000e+00 0.000000000000000000e+00 0.000000000000000000e+00 0.000000000000000000e+00 0.000000000000000000e+00 0.000000000000000000e+00 0.000000000000000000e+00
0.000000000000000000e+00 0.000000000000000000e+00 0.000000000000000000e+00 0.000000000000000000e+00 0.000000000000000000e+00 0.000000000000000000e+00 0.000000000000000000e+00 0.000000000000000000e+00 0.000000000000000000e+00 0.000000000000000000e+00 0.000000000000000000e+00
0.000000000000000000e+00 0.000000000000000000e+00 0.000000000000000000e+00 0.000000000000000000e+00 0.000000000000000000e+00 0.000000000000000000e+00 0.000000000000000000e+00 0.000000000000000000e+00 0.000000000000000000e+00 0.000000000000000000e+00 0.000000000000000000e+00
0.000000000000000000e+00 0.000000000000000000e+00 0.000000000000000000e+00 0.000000000000000000e+00 0.000000000000000000e+00 0.000000000000000000e+00 0.000000000000000000e+00 0.000000000000000000e+00 0.000000000000000000e+00 0.000000000000000000e+00 0.000000000000000000e+00
0.000000000000000000e+00 0.000000000000000000e+00 0.000000000000000000e+00 0.000000000000000000e+00 0.000000000000000000e+00 0.000000000000000000e+00 0.000000000000000000e+00 0.000000000000000000e+00 0.000000000000000000e+00 0.000000000000000000e+00 0.000000000000000000e+00
0.000000000000000000e+00 0.000000000000000000e+00 0.000000000000000000e+00 0.000000000000000000e+00 0.000000000000000000e+00 0.000000000000000000e+00 0.000000000000000000e+00 0.000000000000000000e+00 0.000000000000000000e+00 0.000000000000000000e+00 0.000000000000000000e+00
0.000000000000000000e+00 0.000000000000000000e+00 0.000000000000000000e+00 0.000000000000000000e+00 0.000000000000000000e+00 0.000000000000000000e+00 0.000000000000000000e+00 0.000000000000000000e+00 0.000000000000000000e+00 0.000000000000000000e+00 0.000000000000000000e+00
0.000000000000000000e+00 0.000000000000000000e+00 0.000000000000000000e+00 0.000000000000000000e+00 0.000000000000000000e+00 0.000000000000000000e+00 0.000000000000000000e+00 0.000000000000000000e+00 0.000000000000000000e+00 0.000000000000000000e+00 0.000000000000000000e+00
0.000000000000000000e+00 0.000000000000000000e+00 0.000000000000000000e+00 0.000000000000000000e+00 0.000000000000000000e+00 0.000000000000000000e+00 0.000000000000000000e+00 0.000000000000000000e+00 0.000000000000000000e+00 0.000000000000000000e+00 0.000000000000000000e+00
0.000000000000000000e+00 0.000000000000000000e+00 0.000000000000000000e+00 0.000000000000000000e+00 0.000000000000000000e+00 0.000000000000000000e+00 0.000000000000000000e+00 0.000000000000000000e+00 0.000000000000000000e+00 0.000000000000000000e+00 0.000000000000000000e+00
0.000000000000000000e+00 0.000000000000000000e+00 0.000000000000000000e+00 0.000000000000000000e+00 0.000000000000000000e+00 0.000000000000000000e+00 0.000000000000000000e+00 0.000000000000000000e+00 0.000000000000000000e+00 0.000000000000000000e+00 0.000000000000000000e+00
0.000000000000000000e+00 0.000000000000000000e+00 0.000000000000000000e+00 0.000000000000000000e+00 0.000000000000000000e+00 0.000000000000000000e+00 0.000000000000000000e+00 0.000000000000000000e+00 0.000000000000000000e+00 0.000000000000000000e+00 0.000000000000000000e+00
0.000000000000000000e+00 0.000000000000000000e+00 0.000000000000000000e+00 0.000000000000000000e+00 0.000000000000000000e+00 0.000000000000000000e+00 0.000000000000000000e+00 0.000000000000000000e+00 0.000000000000000000e+00 0.000000000000000000e+00 0.000000000000000000e+00
0.000000000000000000e+00 0.000000000000000000e+00 0.000000000000000000e+00 0.000000000000000000e+00 0.000000000000000000e+00 0.000000000000000000e+00 0.000000000000000000e+00 0.000000000000000000e+00 0.000000000000000000e+00 0.000000000000000000e+00 0.000000000000000000e+00
0.000000000000000000e+00 0.000000000000000000e+00 0.000000000000000000e+00 0.000000000000000000e+00 0.000000000000000000e+00 0.000000000000000000e+00 0.000000000000000000e+00 0.000000000000000000e+00 0.000000000000000000e+00 0.000000000000000000e+00 0.000000000000000000e+00
0.000000000000000000e+00 0.000000000000000000e+00 0.000000000000000000e+00 0.000000000000000000e+00 0.000000000000000000e+00 0.000000000000000000e+00 0.000000000000000000e+00 0.000000000000000000e+00 0.000000000000000000e+00 0.000000000000000000e+00 0.000000000000000000e+00
0.000000000000000000e+00 0.000000000000000000e+00 0.000000000000000000e+00 0.000000000000000000e+00 0.000000000000000000e+00 0.000000000000000000e+00 0.000000000000000000e+00 0.000000000000000000e+00 0.000000000000000000e+00 0.000000000000000000e+00 0.000000000000000000e+00
0.000000000000000000e+00 0.000000000000000000e+00 0.000000000000000000e+00 0.000000000000000000e+00 0.000000000000000000e+00 0.000000000000000000e+00 0.000000000000000000e+00 0.000000000000000000e+00 0.000000000000000000e+00 0.000000000000000000e+00 0.000000000000000000e+00
0.000000000000000000e+00 0.000000000000000000e+00 0.000000000000000000e+00 0.000000000000000000e+00 0.000000000000000000e+00 0.000000000000000000e+00 0.000000000000000000e+00 0.000000000000000000e+00 0.000000000000000000e+00 0.000000000000000000e+00 0.000000000000000000e+00
0.000000000000000000e+00 0.000000000000000000e+00 0.000000000000000000e+00 0.000000000000000000e+00 0.000000000000000000e+00 0.000000000000000000e+00 0.000000000000000000e+00 0.000000000000000000e+00 0.000000000000000000e+00 0.000000000000000000e+00 0.000000000000000000e+00
0.000000000000000000e+00 0.000000000000000000e+00 0.000000000000000000e+00 0.000000000000000000e+00 0.000000000000000000e+00 0.000000000000000000e+00 0.000000000000000000e+00 0.000000000000000000e+00 0.000000000000000000e+00 0.000000000000000000e+00 0.000000000000000000e+00
0.000000000000000000e+00 0.000000000000000000e+00 0.000000000000000000e+00 0.000000000000000000e+00 0.000000000000000000e+00 0.000000000000000000e+00 0.000000000000000000e+00 0.000000000000000000e+00 0.000000000000000000e+00 0.000000000000000000e+00 0.000000000000000000e+00
0.000000000000000000e+00 0.000000000000000000e+00 0.000000000000000000e+00 0.000000000000000000e+00 0.000000000000000000e+00 0.000000000000000000e+00 0.000000000000000000e+00 0.000000000000000000e+00 0.000000000000000000e+00 0.000000000000000000e+00 0.000000000000000000e+00
0.000000000000000000e+00 0.000000000000000000e+00 0.000000000000000000e+00 0.000000000000000000e+00 0.000000000000000000e+00 0.000000000000000000e+00 0.000000000000000000e+00 0.000000000000000000e+00 0.000000000000000000e+00 0.000000000000000000e+00 0.000000000000000000e+00
0.000000000000000000e+00 0.000000000000000000e+00 0.000000000000000000e+00 0.000000000000000000e+00 0.000000000000000000e+00 0.000000000000000000e+00 0.000000000000000000e+00 0.000000000000000000e+00 0.000000000000000000e+00 0.000000000000000000e+00 0.000000000000000000e+00
0.000000000000000000e+00 0.000000000000000000e+00 0.000000000000000000e+00 0.000000000000000000e+00 0.000000000000000000e+00 0.000000000000000000e+00 0.000000000000000000e+00 0.000000000000000000e+00 0.000000000000000000e+00 0.000000000000000000e+00 0.000000000000000000e+00
0.000000000000000000e+00 0.000000000000000000e+00 0.000000000000000000e+00 0.000000000000000000e+00 0.000000000000000000e+00 0.000000000000000000e+00 0.000000000000000000e+00 0.000000000000000000e+00 0.000000000000000000e+00 0.000000000000000000e+00 0.000000000000000000e+00
0.000000000000000000e+00 0.000000000000000000e+00 0.000000000000000000e+00 0.000000000000000000e+00 0.000000000000000000e+00 0.000000000000000000e+00 0.000000000000000000e+00 0.000000000000000000e+00 0.000000000000000000e+00 0.000000000000000000e+00 0.000000000000000000e+00
0.000000000000000000e+00 0.000000000000000000e+00 0.000000000000000000e+00 0.000000000000000000e+00 0.000000000000000000e+00 0.000000000000000000e+00 0.000000000000000000e+00 0.000000000000000000e+00 0.000000000000000000e+00 0.000000000000000000e+00 0.000000000000000000e+00
0.000000000000000000e+00 0.000000000000000000e+00 0.000000000000000000e+00 0.000000000000000000e+00 0.000000000000000000e+00 0.000000000000000000e+00 0.000000000000000000e+00 0.000000000000000000e+00 0.000000000000000000e+00 0.000000000000000000e+00 0.000000000000000000e+00
0.000000000000000000e+00 0.000000000000000000e+00 0.000000000000000000e+00 0.000000000000000000e+00 0.000000000000000000e+00 0.000000000000000000e+00 0.000000000000000000e+00 0.000000000000000000e+00 0.000000000000000000e+00 0.000000000000000000e+00 0.000000000000000000e+00
0.000000000000000000e+00 0.000000000000000000e+00 0.000000000000000000e+00 0.000000000000000000e+00 0.000000000000000000e+00 0.000000000000000000e+00 0.000000000000000000e+00 0.000000000000000000e+00 0.000000000000000000e+00 0.000000000000000000e+00 0.000000000000000000e+00
0.000000000000000000e+00 0.000000000000000000e+00 0.000000000000000000e+00 0.000000000000000000e+00 0.000000000000000000e+00 0.000000000000000000e+00 0.000000000000000000e+00 0.000000000000000000e+00 0.000000000000000000e+00 0.000000000000000000e+00 0.000000000000000000e+00
0.000000000000000000e+00 0.000000000000000000e+00 0.000000000000000000e+00 0.000000000000000000e+00 0.000000000000000000e+00 0.000000000000000000e+00 0.000000000000000000e+00 0.000000000000000000e+00 0.000000000000000000e+00 0.000000000000000000e+00 0.000000000000000000e+00
0.000000000000000000e+00 0.000000000000000000e+00 0.000000000000000000e+00 0.000000000000000000e+00 0.000000000000000000e+00 0.000000000000000000e+00 0.000000000000000000e+00 0.000000000000000000e+00 0.000000000000000000e+00 0.000000000000000000e+00 0.000000000000000000e+00
0.000000000000000000e+00 0.000000000000000000e+00 0.000000000000000000e+00 0.000000000000000000e+00 0.000000000000000000e+00 0.000000000000000000e+00 0.000000000000000000e+00 0.000000000000000000e+00 0.000000000000000000e+00 0.000000000000000000e+00 0.000000000000000000e+00
0.000000000000000000e+00 0.000000000000000000e+00 0.000000000000000000e+00 0.000000000000000000e+00 0.000000000000000000e+00 0.000000000000000000e+00 0.000000000000000000e+00 0.000000000000000000e+00 0.000000000000000000e+00 0.000000000000000000e+00 0.000000000000000000e+00
0.000000000000000000e+00 0.000000000000000000e+00 0.000000000000000000e+00 0.000000000000000000e+00 0.000000000000000000e+00 0.000000000000000000e+00 0.000000000000000000e+00 0.000000000000000000e+00 0.000000000000000000e+00 0.000000000000000000e+00 0.000000000000000000e+00
0.000000000000000000e+00 0.000000000000000000e+00 0.000000000000000000e+00 0.000000000000000000e+00 0.000000000000000000e+00 0.000000000000000000e+00 0.000000000000000000e+00 0.000000000000000000e+00 0.000000000000000000e+00 0.000000000000000000e+00 0.000000000000000000e+00
0.000000000000000000e+00 0.000000000000000000e+00 0.000000000000000000e+00 0.000000000000000000e+00 0.000000000000000000e+00 0.000000000000000000e+00 0.000000000000000000e+00 0.000000000000000000e+00 0.000000000000000000e+00 0.000000000000000000e+00 0.000000000000000000e+00
0.000000000000000000e+00 0.000000000000000000e+00 0.000000000000000000e+00 0.000000000000000000e+00 0.000000000000000000e+00 0.000000000000000000e+00 0.000000000000000000e+00 0.000000000000000000e+00 0.000000000000000000e+00 0.000000000000000000e+00 0.000000000000000000e+00
0.000000000000000000e+00 0.000000000000000000e+00 0.000000000000000000e+00 0.000000000000000000e+00 0.000000000000000000e+00 0.000000000000000000e+00 0.000000000000000000e+00 0.000000000000000000e+00 0.000000000000000000e+00 0.000000000000000000e+00 0.000000000000000000e+00
0.000000000000000000e+00 0.000000000000000000e+00 0.000000000000000000e+00 0.000000000000000000e+00 0.000000000000000000e+00 0.000000000000000000e+00 0.000000000000000000e+00 0.000000000000000000e+00 0.000000000000000000e+00 0.000000000000000000e+00 0.000000000000000000e+00
0.000000000000000000e+00 0.000000000000000000e+00 0.000000000000000000e+00 0.000000000000000000e+00 0.000000000000000000e+00 0.000000000000000000e+00 0.000000000000000000e+00 0.000000000000000000e+00 0.000000000000000000e+00 0.000000000000000000e+00 0.000000000000000000e+00
0.000000000000000000e+00 0.000000000000000000e+00 0.000000000000000000e+00 0.000000000000000000e+00 0.000000000000000000e+00 0.000000000000000000e+00 0.000000000000000000e+00 0.000000000000000000e+00 0.000000000000000000e+00 0.000000000000000000e+00 0.000000000000000000e+00
0.000000000000000000e+00 0.000000000000000000e+00 0.000000000000000000e+00 0.000000000000000000e+00 0.000000000000000000e+00 0.000000000000000000e+00 0.000000000000000000e+00 0.000000000000000000e+00 0.000000000000000000e+00 0.000000000000000000e+00 0.000000000000000000e+00
0.000000000000000000e+00 0.000000000000000000e+00 0.000000000000000000e+00 0.000000000000000000e+00 0.000000000000000000e+00 0.000000000000000000e+00 0.000000000000000000e+00 0.000000000000000000e+00 0.000000000000000000e+00 0.000000000000000000e+00 0.000000000000000000e+00
0.000000000000000000e+00 0.000000000000000000e+00 0.000000000000000000e+00 0.000000000000000000e+00 0.000000000000000000e+00 0.000000000000000000e+00 0.000000000000000000e+00 0.000000000000000000e+00 0.000000000000000000e+00 0.000000000000000000e+00 0.000000000000000000e+00
0.000000000000000000e+00 0.000000000000000000e+00 0.000000000000000000e+00 0.000000000000000000e+00 0.000000000000000000e+00 0.000000000000000000e+00 0.000000000000000000e+00 0.000000000000000000e+00 0.000000000000000000e+00 0.000000000000000000e+00 0.000000000000000000e+00
0.000000000000000000e+00 0.000000000000000000e+00 0.000000000000000000e+00 0.000000000000000000e+00 0.000000000000000000e+00 0.000000000000000000e+00 0.000000000000000000e+00 0.000000000000000000e+00 0.000000000000000000e+00 0.000000000000000000e+00 0.000000000000000000e+00
0.000000000000000000e+00 0.000000000000000000e+00 0.000000000000000000e+00 0.000000000000000000e+00 0.000000000000000000e+00 0.000000000000000000e+00 0.000000000000000000e+00 0.000000000000000000e+00 0.000000000000000000e+00 0.000000000000000000e+00 0.000000000000000000e+00
0.000000000000000000e+00 0.000000000000000000e+00 0.000000000000000000e+00 0.000000000000000000e+00 0.000000000000000000e+00 0.000000000000000000e+00 0.000000000000000000e+00 0.000000000000000000e+00 0.000000000000000000e+00 0.000000000000000000e+00 0.000000000000000000e+00
0.000000000000000000e+00 0.000000000000000000e+00 0.000000000000000000e+00 0.000000000000000000e+00 0.000000000000000000e+00 0.000000000000000000e+00 0.000000000000000000e+00 0.000000000000000000e+00 0.000000000000000000e+00 0.000000000000000000e+00 0.000000000000000000e+00
0.000000000000000000e+00 0.000000000000000000e+00 0.000000000000000000e+00 0.000000000000000000e+00 0.000000000000000000e+00 0.000000000000000000e+00 0.000000000000000000e+00 0.000000000000000000e+00 0.000000000000000000e+00 0.000000000000000000e+00 0.000000000000000000e+00
0.000000000000000000e+00 0.000000000000000000e+00 0.000000000000000000e+00 0.000000000000000000e+00 0.000000000000000000e+00 0.000000000000000000e+00 0.000000000000000000e+00 0.000000000000000000e+00 0.000000000000000000e+00 0.000000000000000000e+00 0.000000000000000000e+00
0.000000000000000000e+00 0.000000000000000000e+00 0.000000000000000000e+00 0.000000000000000000e+00 0.000000000000000000e+00 0.000000000000000000e+00 0.000000000000000000e+00 0.000000000000000000e+00 0.000000000000000000e+00 0.000000000000000000e+00 0.000000000000000000e+00
0.000000000000000000e+00 0.000000000000000000e+00 0.000000000000000000e+00 0.000000000000000000e+00 0.000000000000000000e+00 0.000000000000000000e+00 0.000000000000000000e+00 0.000000000000000000e+00 0.000000000000000000e+00 0.000000000000000000e+00 0.000000000000000000e+00
0.000000000000000000e+00 0.000000000000000000e+00 0.000000000000000000e+00 0.000000000000000000e+00 0.000000000000000000e+00 0.000000000000000000e+00 0.000000000000000000e+00 0.000000000000000000e+00 0.000000000000000000e+00 0.000000000000000000e+00 0.000000000000000000e+00
0.000000000000000000e+00 0.000000000000000000e+00 0.000000000000000000e+00 0.000000000000000000e+00 0.000000000000000000e+00 0.000000000000000000e+00 0.000000000000000000e+00 0.000000000000000000e+00 0.000000000000000000e+00 0.000000000000000000e+00 0.000000000000000000e+00
0.000000000000000000e+00 0.000000000000000000e+00 0.000000000000000000e+00 0.000000000000000000e+00 0.000000000000000000e+00 0.000000000000000000e+00 0.000000000000000000e+00 0.000000000000000000e+00 0.000000000000000000e+00 0.000000000000000000e+00 0.000000000000000000e+00
0.000000000000000000e+00 0.000000000000000000e+00 0.000000000000000000e+00 0.000000000000000000e+00 0.000000000000000000e+00 0.000000000000000000e+00 0.000000000000000000e+00 0.000000000000000000e+00 0.000000000000000000e+00 0.000000000000000000e+00 0.000000000000000000e+00
0.000000000000000000e+00 0.000000000000000000e+00 0.000000000000000000e+00 0.000000000000000000e+00 0.000000000000000000e+00 0.000000000000000000e+00 0.000000000000000000e+00 0.000000000000000000e+00 0.000000000000000000e+00 0.000000000000000000e+00 0.000000000000000000e+00
0.000000000000000000e+00 0.000000000000000000e+00 0.000000000000000000e+00 0.000000000000000000e+00 0.000000000000000000e+00 0.000000000000000000e+00 0.000000000000000000e+00 0.000000000000000000e+00 0.000000000000000000e+00 0.000000000000000000e+00 0.000000000000000000e+00
0.000000000000000000e+00 0.000000000000000000e+00 0.000000000000000000e+00 0.000000000000000000e+00 0.000000000000000000e+00 0.000000000000000000e+00 0.000000000000000000e+00 0.000000000000000000e+00 0.000000000000000000e+00 0.000000000000000000e+00 0.000000000000000000e+00
0.000000000000000000e+00 0.000000000000000000e+00 0.000000000000000000e+00 0.000000000000000000e+00 0.000000000000000000e+00 0.000000000000000000e+00 0.000000000000000000e+00 0.000000000000000000e+00 0.000000000000000000e+00 0.000000000000000000e+00 0.000000000000000000e+00
0.000000000000000000e+00 0.000000000000000000e+00 0.000000000000000000e+00 0.000000000000000000e+00 0.000000000000000000e+00 0.000000000000000000e+00 0.000000000000000000e+00 0.000000000000000000e+00 0.000000000000000000e+00 0.000000000000000000e+00 0.000000000000000000e+00
0.000000000000000000e+00 0.000000000000000000e+00 0.000000000000000000e+00 0.000000000000000000e+00 0.000000000000000000e+00 0.000000000000000000e+00 0.000000000000000000e+00 0.000000000000000000e+00 0.000000000000000000e+00 0.000000000000000000e+00 0.000000000000000000e+00
0.000000000000000000e+00 0.000000000000000000e+00 0.000000000000000000e+00 0.000000000000000000e+00 0.000000000000000000e+00 0.000000000000000000e+00 0.000000000000000000e+00 0.000000000000000000e+00 0.000000000000000000e+00 0.000000000000000000e+00 0.000000000000000000e+00
0.000000000000000000e+00 0.000000000000000000e+00 0.000000000000000000e+00 0.000000000000000000e+00 0.000000000000000000e+00 0.000000000000000000e+00 0.000000000000000000e+00 0.000000000000000000e+00 0.000000000000000000e+00 0.000000000000000000e+00 0.000000000000000000e+00
0.000000000000000000e+00 0.000000000000000000e+00 0.000000000000000000e+00 0.000000000000000000e+00 0.000000000000000000e+00 0.000000000000000000e+00 0.000000000000000000e+00 0.000000000000000000e+00 0.000000000000000000e+00 0.000000000000000000e+00 0.000000000000000000e+00
0.000000000000000000e+00 0.000000000000000000e+00 0.000000000000000000e+00 0.000000000000000000e+00 0.000000000000000000e+00 0.000000000000000000e+00 0.000000000000000000e+00 0.000000000000000000e+00 0.000000000000000000e+00 0.000000000000000000e+00 0.000000000000000000e+00
0.000000000000000000e+00 0.000000000000000000e+00 0.000000000000000000e+00 0.000000000000000000e+00 0.000000000000000000e+00 0.000000000000000000e+00 0.000000000000000000e+00 0.000000000000000000e+00 0.000000000000000000e+00 0.000000000000000000e+00 0.000000000000000000e+00
0.000000000000000000e+00 0.000000000000000000e+00 0.000000000000000000e+00 0.000000000000000000e+00 0.000000000000000000e+00 0.000000000000000000e+00 0.000000000000000000e+00 0.000000000000000000e+00 0.000000000000000000e+00 0.000000000000000000e+00 0.000000000000000000e+00
0.000000000000000000e+00 0.000000000000000000e+00 0.000000000000000000e+00 0.000000000000000000e+00 0.000000000000000000e+00 0.000000000000000000e+00 0.000000000000000000e+00 0.000000000000000000e+00 0.000000000000000000e+00 0.000000000000000000e+00 0.000000000000000000e+00
0.000000000000000000e+00 0.000000000000000000e+00 0.000000000000000000e+00 0.000000000000000000e+00 0.000000000000000000e+00 0.000000000000000000e+00 0.000000000000000000e+00 0.000000000000000000e+00 0.000000000000000000e+00 0.000000000000000000e+00 0.000000000000000000e+00
0.000000000000000000e+00 0.000000000000000000e+00 0.000000000000000000e+00 0.000000000000000000e+00 0.000000000000000000e+00 0.000000000000000000e+00 0.000000000000000000e+00 0.000000000000000000e+00 0.000000000000000000e+00 0.000000000000000000e+00 0.000000000000000000e+00
0.000000000000000000e+00 0.000000000000000000e+00 0.000000000000000000e+00 0.000000000000000000e+00 0.000000000000000000e+00 0.000000000000000000e+00 0.000000000000000000e+00 0.000000000000000000e+00 0.000000000000000000e+00 0.000000000000000000e+00 0.000000000000000000e+00
0.000000000000000000e+00 0.000000000000000000e+00 0.000000000000000000e+00 0.000000000000000000e+00 0.000000000000000000e+00 0.000000000000000000e+00 0.000000000000000000e+00 0.000000000000000000e+00 0.000000000000000000e+00 0.000000000000000000e+00 0.000000000000000000e+00
0.000000000000000000e+00 0.000000000000000000e+00 0.000000000000000000e+00 0.000000000000000000e+00 0.000000000000000000e+00 0.000000000000000000e+00 0.000000000000000000e+00 0.000000000000000000e+00 0.000000000000000000e+00 0.000000000000000000e+00 0.000000000000000000e+00
0.000000000000000000e+00 0.000000000000000000e+00 0.000000000000000000e+00 0.000000000000000000e+00 0.000000000000000000e+00 0.000000000000000000e+00 0.000000000000000000e+00 0.000000000000000000e+00 0.000000000000000000e+00 0.000000000000000000e+00 0.000000000000000000e+00
0.000000000000000000e+00 0.000000000000000000e+00 0.000000000000000000e+00 0.000000000000000000e+00 0.000000000000000000e+00 0.000000000000000000e+00 0.000000000000000000e+00 0.000000000000000000e+00 0.000000000000000000e+00 0.000000000000000000e+00 0.000000000000000000e+00
0.000000000000000000e+00 0.000000000000000000e+00 0.000000000000000000e+00 0.000000000000000000e+00 0.000000000000000000e+00 0.000000000000000000e+00 0.000000000000000000e+00 0.000000000000000000e+00 0.000000000000000000e+00 0.000000000000000000e+00 0.000000000000000000e+00
0.000000000000000000e+00 0.000000000000000000e+00 0.000000000000000000e+00 0.000000000000000000e+00 0.000000000000000000e+00 0.000000000000000000e+00 0.000000000000000000e+00 0.000000000000000000e+00 0.000000000000000000e+00 0.000000000000000000e+00 0.000000000000000000e+00
0.000000000000000000e+00 0.000000000000000000e+00 0.000000000000000000e+00 0.000000000000000000e+00 0.000000000000000000e+00 0.000000000000000000e+00 0.000000000000000000e+00 0.000000000000000000e+00 0.000000000000000000e+00 0.000000000000000000e+00 0.000000000000000000e+00
0.000000000000000000e+00 0.000000000000000000e+00 0.000000000000000000e+00 0.000000000000000000e+00 0.000000000000000000e+00 0.000000000000000000e+00 0.000000000000000000e+00 0.000000000000000000e+00 0.000000000000000000e+00 0.000000000000000000e+00 0.000000000000000000e+00
0.000000000000000000e+00 0.000000000000000000e+00 0.000000000000000000e+00 0.000000000000000000e+00 0.000000000000000000e+00 0.000000000000000000e+00 0.000000000000000000e+00 0.000000000000000000e+00 0.000000000000000000e+00 0.000000000000000000e+00 0.000000000000000000e+00
0.000000000000000000e+00 0.000000000000000000e+00 0.000000000000000000e+00 0.000000000000000000e+00 0.000000000000000000e+00 0.000000000000000000e+00 0.000000000000000000e+00 0.000000000000000000e+00 0.000000000000000000e+00 0.000000000000000000e+00 0.000000000000000000e+00
0.000000000000000000e+00 0.000000000000000000e+00 0.000000000000000000e+00 0.000000000000000000e+00 0.000000000000000000e+00 0.000000000000000000e+00 0.000000000000000000e+00 0.000000000000000000e+00 0.000000000000000000e+00 0.000000000000000000e+00 0.000000000000000000e+00
0.000000000000000000e+00 0.000000000000000000e+00 0.000000000000000000e+00 0.000000000000000000e+00 0.000000000000000000e+00 0.000000000000000000e+00 0.000000000000000000e+00 0.000000000000000000e+00 0.000000000000000000e+00 0.000000000000000000e+00 0.000000000000000000e+00
0.000000000000000000e+00 0.000000000000000000e+00 0.000000000000000000e+00 0.000000000000000000e+00 0.000000000000000000e+00 0.000000000000000000e+00 0.000000000000000000e+00 0.000000000000000000e+00 0.000000000000000000e+00 0.000000000000000000e+00 0.000000000000000000e+00
0.000000000000000000e+00 0.000000000000000000e+00 0.000000000000000000e+00 0.000000000000000000e+00 0.000000000000000000e+00 0.000000000000000000e+00 0.000000000000000000e+00 0.000000000000000000e+00 0.000000000000000000e+00 0.000000000000000000e+00 0.000000000000000000e+00
0.000000000000000000e+00 0.000000000000000000e+00 0.000000000000000000e+00 0.000000000000000000e+00 0.000000000000000000e+00 0.000000000000000000e+00 0.000000000000000000e+00 0.000000000000000000e+00 0.000000000000000000e+00 0.000000000000000000e+00 0.000000000000000000e+00
0.000000000000000000e+00 0.000000000000000000e+00 0.000000000000000000e+00 0.000000000000000000e+00 0.000000000000000000e+00 0.000000000000000000e+00 0.000000000000000000e+00 0.000000000000000000e+00 0.000000000000000000e+00 0.000000000000000000e+00 0.000000000000000000e+00
0.000000000000000000e+00 0.000000000000000000e+00 0.000000000000000000e+00 0.000000000000000000e+00 0.000000000000000000e+00 0.000000000000000000e+00 0.000000000000000000e+00 0.000000000000000000e+00 0.000000000000000000e+00 0.000000000000000000e+00 0.000000000000000000e+00
0.000000000000000000e+00 0.000000000000000000e+00 0.000000000000000000e+00 0.000000000000000000e+00 0.000000000000000000e+00 0.000000000000000000e+00 0.000000000000000000e+00 0.000000000000000000e+00 0.000000000000000000e+00 0.000000000000000000e+00 0.000000000000000000e+00
0.000000000000000000e+00 0.000000000000000000e+00 0.000000000000000000e+00 0.000000000000000000e+00 0.000000000000000000e+00 0.000000000000000000e+00 0.000000000000000000e+00 0.000000000000000000e+00 0.000000000000000000e+00 0.000000000000000000e+00 0.000000000000000000e+00
0.000000000000000000e+00 0.000000000000000000e+00 0.000000000000000000e+00 0.000000000000000000e+00 0.000000000000000000e+00 0.000000000000000000e+00 0.000000000000000000e+00 0.000000000000000000e+00 0.000000000000000000e+00 0.000000000000000000e+00 0.000000000000000000e+00
0.000000000000000000e+00 0.000000000000000000e+00 0.000000000000000000e+00 0.000000000000000000e+00 0.000000000000000000e+00 0.000000000000000000e+00 0.000000000000000000e+00 0.000000000000000000e+00 0.000000000000000000e+00 0.000000000000000000e+00 0.000000000000000000e+00
0.000000000000000000e+00 0.000000000000000000e+00 0.000000000000000000e+00 0.000000000000000000e+00 0.000000000000000000e+00 0.000000000000000000e+00 0.000000000000000000e+00 0.000000000000000000e+00 0.000000000000000000e+00 0.000000000000000000e+00 0.000000000000000000e+00
0.000000000000000000e+00 0.000000000000000000e+00 0.000000000000000000e+00 0.000000000000000000e+00 0.000000000000000000e+00 0.000000000000000000e+00 0.000000000000000000e+00 0.000000000000000000e+00 0.000000000000000000e+00 0.000000000000000000e+00 0.000000000000000000e+00
0.000000000000000000e+00 0.000000000000000000e+00 0.000000000000000000e+00 0.000000000000000000e+00 0.000000000000000000e+00 0.000000000000000000e+00 0.000000000000000000e+00 0.000000000000000000e+00 0.000000000000000000e+00 0.000000000000000000e+00 0.000000000000000000e+00
0.000000000000000000e+00 0.000000000000000000e+00 0.000000000000000000e+00 0.000000000000000000e+00 0.000000000000000000e+00 0.000000000000000000e+00 0.000000000000000000e+00 0.000000000000000000e+00 0.000000000000000000e+00 0.000000000000000000e+00 0.000000000000000000e+00
0.000000000000000000e+00 0.000000000000000000e+00 0.000000000000000000e+00 0.000000000000000000e+00 0.000000000000000000e+00 0.000000000000000000e+00 0.000000000000000000e+00 0.000000000000000000e+00 0.000000000000000000e+00 0.000000000000000000e+00 0.000000000000000000e+00
0.000000000000000000e+00 0.000000000000000000e+00 0.000000000000000000e+00 0.000000000000000000e+00 0.000000000000000000e+00 0.000000000000000000e+00 0.000000000000000000e+00 0.000000000000000000e+00 0.000000000000000000e+00 0.000000000000000000e+00 0.000000000000000000e+00
0.000000000000000000e+00 0.000000000000000000e+00 0.000000000000000000e+00 0.000000000000000000e+00 0.000000000000000000e+00 0.000000000000000000e+00 0.000000000000000000e+00 0.000000000000000000e+00 0.000000000000000000e+00 0.000000000000000000e+00 0.000000000000000000e+00
0.000000000000000000e+00 0.000000000000000000e+00 0.000000000000000000e+00 0.000000000000000000e+00 0.000000000000000000e+00 0.000000000000000000e+00 0.000000000000000000e+00 0.000000000000000000e+00 0.000000000000000000e+00 0.000000000000000000e+00 0.000000000000000000e+00
0.000000000000000000e+00 0.000000000000000000e+00 0.000000000000000000e+00 0.000000000000000000e+00 0.000000000000000000e+00 0.000000000000000000e+00 0.000000000000000000e+00 0.000000000000000000e+00 0.000000000000000000e+00 0.000000000000000000e+00 0.000000000000000000e+00
0.000000000000000000e+00 0.000000000000000000e+00 0.000000000000000000e+00 0.000000000000000000e+00 0.000000000000000000e+00 0.000000000000000000e+00 0.000000000000000000e+00 0.000000000000000000e+00 0.000000000000000000e+00 0.000000000000000000e+00 0.000000000000000000e+00
0.000000000000000000e+00 0.000000000000000000e+00 0.000000000000000000e+00 0.000000000000000000e+00 0.000000000000000000e+00 0.000000000000000000e+00 0.000000000000000000e+00 0.000000000000000000e+00 0.000000000000000000e+00 0.000000000000000000e+00 0.000000000000000000e+00
0.000000000000000000e+00 0.000000000000000000e+00 0.000000000000000000e+00 0.000000000000000000e+00 0.000000000000000000e+00 0.000000000000000000e+00 0.000000000000000000e+00 0.000000000000000000e+00 0.000000000000000000e+00 0.000000000000000000e+00 0.000000000000000000e+00
0.000000000000000000e+00 0.000000000000000000e+00 0.000000000000000000e+00 0.000000000000000000e+00 0.000000000000000000e+00 0.000000000000000000e+00 0.000000000000000000e+00 0.000000000000000000e+00 0.000000000000000000e+00 0.000000000000000000e+00 0.000000000000000000e+00
0.000000000000000000e+00 0.000000000000000000e+00 0.000000000000000000e+00 0.000000000000000000e+00 0.000000000000000000e+00 0.000000000000000000e+00 0.000000000000000000e+00 0.000000000000000000e+00 0.000000000000000000e+00 0.000000000000000000e+00 0.000000000000000000e+00
0.000000000000000000e+00 0.000000000000000000e+00 0.000000000000000000e+00 0.000000000000000000e+00 0.000000000000000000e+00 0.000000000000000000e+00 0.000000000000000000e+00 0.000000000000000000e+00 0.000000000000000000e+00 0.000000000000000000e+00 0.000000000000000000e+00
0.000000000000000000e+00 0.000000000000000000e+00 0.000000000000000000e+00 0.000000000000000000e+00 0.000000000000000000e+00 0.000000000000000000e+00 0.000000000000000000e+00 0.000000000000000000e+00 0.000000000000000000e+00 0.000000000000000000e+00 0.000000000000000000e+00
0.000000000000000000e+00 0.000000000000000000e+00 0.000000000000000000e+00 0.000000000000000000e+00 0.000000000000000000e+00 0.000000000000000000e+00 0.000000000000000000e+00 0.000000000000000000e+00 0.000000000000000000e+00 0.000000000000000000e+00 0.000000000000000000e+00
0.000000000000000000e+00 0.000000000000000000e+00 0.000000000000000000e+00 0.000000000000000000e+00 0.000000000000000000e+00 0.000000000000000000e+00 0.000000000000000000e+00 0.000000000000000000e+00 0.000000000000000000e+00 0.000000000000000000e+00 0.000000000000000000e+00
0.000000000000000000e+00 0.000000000000000000e+00 0.000000000000000000e+00 0.000000000000000000e+00 0.000000000000000000e+00 0.000000000000000000e+00 0.000000000000000000e+00 0.000000000000000000e+00 0.000000000000000000e+00 0.000000000000000000e+00 0.000000000000000000e+00
0.000000000000000000e+00 0.000000000000000000e+00 0.000000000000000000e+00 0.000000000000000000e+00 0.000000000000000000e+00 0.000000000000000000e+00 0.000000000000000000e+00 0.000000000000000000e+00 0.000000000000000000e+00 0.000000000000000000e+00 0.000000000000000000e+00
0.000000000000000000e+00 0.000000000000000000e+00 0.000000000000000000e+00 0.000000000000000000e+00 0.000000000000000000e+00 0.000000000000000000e+00 0.000000000000000000e+00 0.000000000000000000e+00 0.000000000000000000e+00 0.000000000000000000e+00 0.000000000000000000e+00
0.000000000000000000e+00 0.000000000000000000e+00 0.000000000000000000e+00 0.000000000000000000e+00 0.000000000000000000e+00 0.000000000000000000e+00 0.000000000000000000e+00 0.000000000000000000e+00 0.000000000000000000e+00 0.000000000000000000e+00 0.000000000000000000e+00
0.000000000000000000e+00 0.000000000000000000e+00 0.000000000000000000e+00 0.000000000000000000e+00 0.000000000000000000e+00 0.000000000000000000e+00 0.000000000000000000e+00 0.000000000000000000e+00 0.000000000000000000e+00 0.000000000000000000e+00 0.000000000000000000e+00
0.000000000000000000e+00 0.000000000000000000e+00 0.000000000000000000e+00 0.000000000000000000e+00 0.000000000000000000e+00 0.000000000000000000e+00 0.000000000000000000e+00 0.000000000000000000e+00 0.000000000000000000e+00 0.000000000000000000e+00 0.000000000000000000e+00
0.000000000000000000e+00 0.000000000000000000e+00 0.000000000000000000e+00 0.000000000000000000e+00 0.000000000000000000e+00 0.000000000000000000e+00 0.000000000000000000e+00 0.000000000000000000e+00 0.000000000000000000e+00 0.000000000000000000e+00 0.000000000000000000e+00
0.000000000000000000e+00 0.000000000000000000e+00 0.000000000000000000e+00 0.000000000000000000e+00 0.000000000000000000e+00 0.000000000000000000e+00 0.000000000000000000e+00 0.000000000000000000e+00 0.000000000000000000e+00 0.000000000000000000e+00 0.000000000000000000e+00
0.000000000000000000e+00 0.000000000000000000e+00 0.000000000000000000e+00 0.000000000000000000e+00 0.000000000000000000e+00 0.000000000000000000e+00 0.000000000000000000e+00 0.000000000000000000e+00 0.000000000000000000e+00 0.000000000000000000e+00 0.000000000000000000e+00
0.000000000000000000e+00 0.000000000000000000e+00 0.000000000000000000e+00 0.000000000000000000e+00 0.000000000000000000e+00 0.000000000000000000e+00 0.000000000000000000e+00 0.000000000000000000e+00 0.000000000000000000e+00 0.000000000000000000e+00 0.000000000000000000e+00
0.000000000000000000e+00 0.000000000000000000e+00 0.000000000000000000e+00 0.000000000000000000e+00 0.000000000000000000e+00 0.000000000000000000e+00 0.000000000000000000e+00 0.000000000000000000e+00 0.000000000000000000e+00 0.000000000000000000e+00 0.000000000000000000e+00
0.000000000000000000e+00 0.000000000000000000e+00 0.000000000000000000e+00 0.000000000000000000e+00 0.000000000000000000e+00 0.000000000000000000e+00 0.000000000000000000e+00 0.000000000000000000e+00 0.000000000000000000e+00 0.000000000000000000e+00 0.000000000000000000e+00
0.000000000000000000e+00 0.000000000000000000e+00 0.000000000000000000e+00 0.000000000000000000e+00 0.000000000000000000e+00 0.000000000000000000e+00 0.000000000000000000e+00 0.000000000000000000e+00 0.000000000000000000e+00 0.000000000000000000e+00 0.000000000000000000e+00
0.000000000000000000e+00 0.000000000000000000e+00 0.000000000000000000e+00 0.000000000000000000e+00 0.000000000000000000e+00 0.000000000000000000e+00 0.000000000000000000e+00 0.000000000000000000e+00 0.000000000000000000e+00 0.000000000000000000e+00 0.000000000000000000e+00
0.000000000000000000e+00 0.000000000000000000e+00 0.000000000000000000e+00 0.000000000000000000e+00 0.000000000000000000e+00 0.000000000000000000e+00 0.000000000000000000e+00 0.000000000000000000e+00 0.000000000000000000e+00 0.000000000000000000e+00 0.000000000000000000e+00
0.000000000000000000e+00 0.000000000000000000e+00 0.000000000000000000e+00 0.000000000000000000e+00 0.000000000000000000e+00 0.000000000000000000e+00 0.000000000000000000e+00 0.000000000000000000e+00 0.000000000000000000e+00 0.000000000000000000e+00 0.000000000000000000e+00
0.000000000000000000e+00 0.000000000000000000e+00 0.000000000000000000e+00 0.000000000000000000e+00 0.000000000000000000e+00 0.000000000000000000e+00 0.000000000000000000e+00 0.000000000000000000e+00 0.000000000000000000e+00 0.000000000000000000e+00 0.000000000000000000e+00
0.000000000000000000e+00 0.000000000000000000e+00 0.000000000000000000e+00 0.000000000000000000e+00 0.000000000000000000e+00 0.000000000000000000e+00 0.000000000000000000e+00 0.000000000000000000e+00 0.000000000000000000e+00 0.000000000000000000e+00 0.000000000000000000e+00
0.000000000000000000e+00 0.000000000000000000e+00 0.000000000000000000e+00 0.000000000000000000e+00 0.000000000000000000e+00 0.000000000000000000e+00 0.000000000000000000e+00 0.000000000000000000e+00 0.000000000000000000e+00 0.000000000000000000e+00 0.000000000000000000e+00
0.000000000000000000e+00 0.000000000000000000e+00 0.000000000000000000e+00 0.000000000000000000e+00 0.000000000000000000e+00 0.000000000000000000e+00 0.000000000000000000e+00 0.000000000000000000e+00 0.000000000000000000e+00 0.000000000000000000e+00 0.000000000000000000e+00
0.000000000000000000e+00 0.000000000000000000e+00 0.000000000000000000e+00 0.000000000000000000e+00 0.000000000000000000e+00 0.000000000000000000e+00 0.000000000000000000e+00 0.000000000000000000e+00 0.000000000000000000e+00 0.000000000000000000e+00 0.000000000000000000e+00
0.000000000000000000e+00 0.000000000000000000e+00 0.000000000000000000e+00 0.000000000000000000e+00 0.000000000000000000e+00 0.000000000000000000e+00 0.000000000000000000e+00 0.000000000000000000e+00 0.000000000000000000e+00 0.000000000000000000e+00 0.000000000000000000e+00
0.000000000000000000e+00 0.000000000000000000e+00 0.000000000000000000e+00 0.000000000000000000e+00 0.000000000000000000e+00 0.000000000000000000e+00 0.000000000000000000e+00 0.000000000000000000e+00 0.000000000000000000e+00 0.000000000000000000e+00 0.000000000000000000e+00
0.000000000000000000e+00 0.000000000000000000e+00 0.000000000000000000e+00 0.000000000000000000e+00 0.000000000000000000e+00 0.000000000000000000e+00 0.000000000000000000e+00 0.000000000000000000e+00 0.000000000000000000e+00 0.000000000000000000e+00 0.000000000000000000e+00
0.000000000000000000e+00 0.000000000000000000e+00 0.000000000000000000e+00 0.000000000000000000e+00 0.000000000000000000e+00 0.000000000000000000e+00 0.000000000000000000e+00 0.000000000000000000e+00 0.000000000000000000e+00 0.000000000000000000e+00 0.000000000000000000e+00
0.000000000000000000e+00 0.000000000000000000e+00 0.000000000000000000e+00 0.000000000000000000e+00 0.000000000000000000e+00 0.000000000000000000e+00 0.000000000000000000e+00 0.000000000000000000e+00 0.000000000000000000e+00 0.000000000000000000e+00 0.000000000000000000e+00
0.000000000000000000e+00 0.000000000000000000e+00 0.000000000000000000e+00 0.000000000000000000e+00 0.000000000000000000e+00 0.000000000000000000e+00 0.000000000000000000e+00 0.000000000000000000e+00 0.000000000000000000e+00 0.000000000000000000e+00 0.000000000000000000e+00
0.000000000000000000e+00 0.000000000000000000e+00 0.000000000000000000e+00 0.000000000000000000e+00 0.000000000000000000e+00 0.000000000000000000e+00 0.000000000000000000e+00 0.000000000000000000e+00 0.000000000000000000e+00 0.000000000000000000e+00 0.000000000000000000e+00
0.000000000000000000e+00 0.000000000000000000e+00 0.000000000000000000e+00 0.000000000000000000e+00 0.000000000000000000e+00 0.000000000000000000e+00 0.000000000000000000e+00 0.000000000000000000e+00 0.000000000000000000e+00 0.000000000000000000e+00 0.000000000000000000e+00
0.000000000000000000e+00 0.000000000000000000e+00 0.000000000000000000e+00 0.000000000000000000e+00 0.000000000000000000e+00 0.000000000000000000e+00 0.000000000000000000e+00 0.000000000000000000e+00 0.000000000000000000e+00 0.000000000000000000e+00 0.000000000000000000e+00
0.000000000000000000e+00 0.000000000000000000e+00 0.000000000000000000e+00 0.000000000000000000e+00 0.000000000000000000e+00 0.000000000000000000e+00 0.000000000000000000e+00 0.000000000000000000e+00 0.000000000000000000e+00 0.000000000000000000e+00 0.000000000000000000e+00
0.000000000000000000e+00 0.000000000000000000e+00 0.000000000000000000e+00 0.000000000000000000e+00 0.000000000000000000e+00 0.000000000000000000e+00 0.000000000000000000e+00 0.000000000000000000e+00 0.000000000000000000e+00 0.000000000000000000e+00 0.000000000000000000e+00
0.000000000000000000e+00 0.000000000000000000e+00 0.000000000000000000e+00 0.000000000000000000e+00 0.000000000000000000e+00 0.000000000000000000e+00 0.000000000000000000e+00 0.000000000000000000e+00 0.000000000000000000e+00 0.000000000000000000e+00 0.000000000000000000e+00
0.000000000000000000e+00 0.000000000000000000e+00 0.000000000000000000e+00 0.000000000000000000e+00 0.000000000000000000e+00 0.000000000000000000e+00 0.000000000000000000e+00 0.000000000000000000e+00 0.000000000000000000e+00 0.000000000000000000e+00 0.000000000000000000e+00
0.000000000000000000e+00 0.000000000000000000e+00 0.000000000000000000e+00 0.000000000000000000e+00 0.000000000000000000e+00 0.000000000000000000e+00 0.000000000000000000e+00 0.000000000000000000e+00 0.000000000000000000e+00 0.000000000000000000e+00 0.000000000000000000e+00
0.000000000000000000e+00 0.000000000000000000e+00 0.000000000000000000e+00 0.000000000000000000e+00 0.000000000000000000e+00 0.000000000000000000e+00 0.000000000000000000e+00 0.000000000000000000e+00 0.000000000000000000e+00 0.000000000000000000e+00 0.000000000000000000e+00
0.000000000000000000e+00 0.000000000000000000e+00 0.000000000000000000e+00 0.000000000000000000e+00 0.000000000000000000e+00 0.000000000000000000e+00 0.000000000000000000e+00 0.000000000000000000e+00 0.000000000000000000e+00 0.000000000000000000e+00 0.000000000000000000e+00
0.000000000000000000e+00 0.000000000000000000e+00 0.000000000000000000e+00 0.000000000000000000e+00 0.000000000000000000e+00 0.000000000000000000e+00 0.000000000000000000e+00 0.000000000000000000e+00 0.000000000000000000e+00 0.000000000000000000e+00 0.000000000000000000e+00
0.000000000000000000e+00 0.000000000000000000e+00 0.000000000000000000e+00 0.000000000000000000e+00 0.000000000000000000e+00 0.000000000000000000e+00 0.000000000000000000e+00 0.000000000000000000e+00 0.000000000000000000e+00 0.000000000000000000e+00 0.000000000000000000e+00
0.000000000000000000e+00 0.000000000000000000e+00 0.000000000000000000e+00 0.000000000000000000e+00 0.000000000000000000e+00 0.000000000000000000e+00 0.000000000000000000e+00 0.000000000000000000e+00 0.000000000000000000e+00 0.000000000000000000e+00 0.000000000000000000e+00
0.000000000000000000e+00 0.000000000000000000e+00 0.000000000000000000e+00 0.000000000000000000e+00 0.000000000000000000e+00 0.000000000000000000e+00 0.000000000000000000e+00 0.000000000000000000e+00 0.000000000000000000e+00 0.000000000000000000e+00 0.000000000000000000e+00
0.000000000000000000e+00 0.000000000000000000e+00 0.000000000000000000e+00 0.000000000000000000e+00 0.000000000000000000e+00 0.000000000000000000e+00 0.000000000000000000e+00 0.000000000000000000e+00 0.000000000000000000e+00 0.000000000000000000e+00 0.000000000000000000e+00
0.000000000000000000e+00 0.000000000000000000e+00 0.000000000000000000e+00 0.000000000000000000e+00 0.000000000000000000e+00 0.000000000000000000e+00 0.000000000000000000e+00 0.000000000000000000e+00 0.000000000000000000e+00 0.000000000000000000e+00 0.000000000000000000e+00
0.000000000000000000e+00 0.000000000000000000e+00 0.000000000000000000e+00 0.000000000000000000e+00 0.000000000000000000e+00 0.000000000000000000e+00 0.000000000000000000e+00 0.000000000000000000e+00 0.000000000000000000e+00 0.000000000000000000e+00 0.000000000000000000e+00
0.000000000000000000e+00 0.000000000000000000e+00 0.000000000000000000e+00 0.000000000000000000e+00 0.000000000000000000e+00 0.000000000000000000e+00 0.000000000000000000e+00 0.000000000000000000e+00 0.000000000000000000e+00 0.000000000000000000e+00 0.000000000000000000e+00
0.000000000000000000e+00 0.000000000000000000e+00 0.000000000000000000e+00 0.000000000000000000e+00 0.000000000000000000e+00 0.000000000000000000e+00 0.000000000000000000e+00 0.000000000000000000e+00 0.000000000000000000e+00 0.000000000000000000e+00 0.000000000000000000e+00
0.000000000000000000e+00 0.000000000000000000e+00 0.000000000000000000e+00 0.000000000000000000e+00 0.000000000000000000e+00 0.000000000000000000e+00 0.000000000000000000e+00 0.000000000000000000e+00 0.000000000000000000e+00 0.000000000000000000e+00 0.000000000000000000e+00
0.000000000000000000e+00 0.000000000000000000e+00 0.000000000000000000e+00 0.000000000000000000e+00 0.000000000000000000e+00 0.000000000000000000e+00 0.000000000000000000e+00 0.000000000000000000e+00 0.000000000000000000e+00 0.000000000000000000e+00 0.000000000000000000e+00
0.000000000000000000e+00 0.000000000000000000e+00 0.000000000000000000e+00 0.000000000000000000e+00 0.000000000000000000e+00 0.000000000000000000e+00 0.000000000000000000e+00 0.000000000000000000e+00 0.000000000000000000e+00 0.000000000000000000e+00 0.000000000000000000e+00
0.000000000000000000e+00 0.000000000000000000e+00 0.000000000000000000e+00 0.000000000000000000e+00 0.000000000000000000e+00 0.000000000000000000e+00 0.000000000000000000e+00 0.000000000000000000e+00 0.000000000000000000e+00 0.000000000000000000e+00 0.000000000000000000e+00
0.000000000000000000e+00 0.000000000000000000e+00 0.000000000000000000e+00 0.000000000000000000e+00 0.000000000000000000e+00 0.000000000000000000e+00 0.000000000000000000e+00 0.000000000000000000e+00 0.000000000000000000e+00 0.000000000000000000e+00 0.000000000000000000e+00
0.000000000000000000e+00 0.000000000000000000e+00 0.000000000000000000e+00 0.000000000000000000e+00 0.000000000000000000e+00 0.000000000000000000e+00 0.000000000000000000e+00 0.000000000000000000e+00 0.000000000000000000e+00 0.000000000000000000e+00 0.000000000000000000e+00
0.000000000000000000e+00 0.000000000000000000e+00 0.000000000000000000e+00 0.000000000000000000e+00 0.000000000000000000e+00 0.000000000000000000e+00 0.000000000000000000e+00 0.000000000000000000e+00 0.000000000000000000e+00 0.000000000000000000e+00 0.000000000000000000e+00
0.000000000000000000e+00 0.000000000000000000e+00 0.000000000000000000e+00 0.000000000000000000e+00 0.000000000000000000e+00 0.000000000000000000e+00 0.000000000000000000e+00 0.000000000000000000e+00 0.000000000000000000e+00 0.000000000000000000e+00 0.000000000000000000e+00
0.000000000000000000e+00 0.000000000000000000e+00 0.000000000000000000e+00 0.000000000000000000e+00 0.000000000000000000e+00 0.000000000000000000e+00 0.000000000000000000e+00 0.000000000000000000e+00 0.000000000000000000e+00 0.000000000000000000e+00 0.000000000000000000e+00
0.000000000000000000e+00 0.000000000000000000e+00 0.000000000000000000e+00 0.000000000000000000e+00 0.000000000000000000e+00 0.000000000000000000e+00 0.000000000000000000e+00 0.000000000000000000e+00 0.000000000000000000e+00 0.000000000000000000e+00 0.000000000000000000e+00
0.000000000000000000e+00 0.000000000000000000e+00 0.000000000000000000e+00 0.000000000000000000e+00 0.000000000000000000e+00 0.000000000000000000e+00 0.000000000000000000e+00 0.000000000000000000e+00 0.000000000000000000e+00 0.000000000000000000e+00 0.000000000000000000e+00
0.000000000000000000e+00 0.000000000000000000e+00 0.000000000000000000e+00 0.000000000000000000e+00 0.000000000000000000e+00 0.000000000000000000e+00 0.000000000000000000e+00 0.000000000000000000e+00 0.000000000000000000e+00 0.000000000000000000e+00 0.000000000000000000e+00
0.000000000000000000e+00 0.000000000000000000e+00 0.000000000000000000e+00 0.000000000000000000e+00 0.000000000000000000e+00 0.000000000000000000e+00 0.000000000000000000e+00 0.000000000000000000e+00 0.000000000000000000e+00 0.000000000000000000e+00 0.000000000000000000e+00
0.000000000000000000e+00 0.000000000000000000e+00 0.000000000000000000e+00 0.000000000000000000e+00 0.000000000000000000e+00 0.000000000000000000e+00 0.000000000000000000e+00 0.000000000000000000e+00 0.000000000000000000e+00 0.000000000000000000e+00 0.000000000000000000e+00
0.000000000000000000e+00 0.000000000000000000e+00 0.000000000000000000e+00 0.000000000000000000e+00 0.000000000000000000e+00 0.000000000000000000e+00 0.000000000000000000e+00 0.000000000000000000e+00 0.000000000000000000e+00 0.000000000000000000e+00 0.000000000000000000e+00
0.000000000000000000e+00 0.000000000000000000e+00 0.000000000000000000e+00 0.000000000000000000e+00 0.000000000000000000e+00 0.000000000000000000e+00 0.000000000000000000e+00 0.000000000000000000e+00 0.000000000000000000e+00 0.000000000000000000e+00 0.000000000000000000e+00
0.000000000000000000e+00 0.000000000000000000e+00 0.000000000000000000e+00 0.000000000000000000e+00 0.000000000000000000e+00 0.000000000000000000e+00 0.000000000000000000e+00 0.000000000000000000e+00 0.000000000000000000e+00 0.000000000000000000e+00 0.000000000000000000e+00
0.000000000000000000e+00 0.000000000000000000e+00 0.000000000000000000e+00 0.000000000000000000e+00 0.000000000000000000e+00 0.000000000000000000e+00 0.000000000000000000e+00 0.000000000000000000e+00 0.000000000000000000e+00 0.000000000000000000e+00 0.000000000000000000e+00
0.000000000000000000e+00 0.000000000000000000e+00 0.000000000000000000e+00 0.000000000000000000e+00 0.000000000000000000e+00 0.000000000000000000e+00 0.000000000000000000e+00 0.000000000000000000e+00 0.000000000000000000e+00 0.000000000000000000e+00 0.000000000000000000e+00
0.000000000000000000e+00 0.000000000000000000e+00 0.000000000000000000e+00 0.000000000000000000e+00 0.000000000000000000e+00 0.000000000000000000e+00 0.000000000000000000e+00 0.000000000000000000e+00 0.000000000000000000e+00 0.000000000000000000e+00 0.000000000000000000e+00
0.000000000000000000e+00 0.000000000000000000e+00 0.000000000000000000e+00 0.000000000000000000e+00 0.000000000000000000e+00 0.000000000000000000e+00 0.000000000000000000e+00 0.000000000000000000e+00 0.000000000000000000e+00 0.000000000000000000e+00 0.000000000000000000e+00
0.000000000000000000e+00 0.000000000000000000e+00 0.000000000000000000e+00 0.000000000000000000e+00 0.000000000000000000e+00 0.000000000000000000e+00 0.000000000000000000e+00 0.000000000000000000e+00 0.000000000000000000e+00 0.000000000000000000e+00 0.000000000000000000e+00
0.000000000000000000e+00 0.000000000000000000e+00 0.000000000000000000e+00 0.000000000000000000e+00 0.000000000000000000e+00 0.000000000000000000e+00 0.000000000000000000e+00 0.000000000000000000e+00 0.000000000000000000e+00 0.000000000000000000e+00 0.000000000000000000e+00
0.000000000000000000e+00 0.000000000000000000e+00 0.000000000000000000e+00 0.000000000000000000e+00 0.000000000000000000e+00 0.000000000000000000e+00 0.000000000000000000e+00 0.000000000000000000e+00 0.000000000000000000e+00 0.000000000000000000e+00 0.000000000000000000e+00
0.000000000000000000e+00 0.000000000000000000e+00 0.000000000000000000e+00 0.000000000000000000e+00 0.000000000000000000e+00 0.000000000000000000e+00 0.000000000000000000e+00 0.000000000000000000e+00 0.000000000000000000e+00 0.000000000000000000e+00 0.000000000000000000e+00
0.000000000000000000e+00 0.000000000000000000e+00 0.000000000000000000e+00 0.000000000000000000e+00 0.000000000000000000e+00 0.000000000000000000e+00 0.000000000000000000e+00 0.000000000000000000e+00 0.000000000000000000e+00 0.000000000000000000e+00 0.000000000000000000e+00
0.000000000000000000e+00 0.000000000000000000e+00 0.000000000000000000e+00 0.000000000000000000e+00 0.000000000000000000e+00 0.000000000000000000e+00 0.000000000000000000e+00 0.000000000000000000e+00 0.000000000000000000e+00 0.000000000000000000e+00 0.000000000000000000e+00
0.000000000000000000e+00 0.000000000000000000e+00 0.000000000000000000e+00 0.000000000000000000e+00 0.000000000000000000e+00 0.000000000000000000e+00 0.000000000000000000e+00 0.000000000000000000e+00 0.000000000000000000e+00 0.000000000000000000e+00 0.000000000000000000e+00
0.000000000000000000e+00 0.000000000000000000e+00 0.000000000000000000e+00 0.000000000000000000e+00 0.000000000000000000e+00 0.000000000000000000e+00 0.000000000000000000e+00 0.000000000000000000e+00 0.000000000000000000e+00 0.000000000000000000e+00 0.000000000000000000e+00
0.000000000000000000e+00 0.000000000000000000e+00 0.000000000000000000e+00 0.000000000000000000e+00 0.000000000000000000e+00 0.000000000000000000e+00 0.000000000000000000e+00 0.000000000000000000e+00 0.000000000000000000e+00 0.000000000000000000e+00 0.000000000000000000e+00
0.000000000000000000e+00 0.000000000000000000e+00 0.000000000000000000e+00 0.000000000000000000e+00 0.000000000000000000e+00 0.000000000000000000e+00 0.000000000000000000e+00 0.000000000000000000e+00 0.000000000000000000e+00 0.000000000000000000e+00 0.000000000000000000e+00
0.000000000000000000e+00 0.000000000000000000e+00 0.000000000000000000e+00 0.000000000000000000e+00 0.000000000000000000e+00 0.000000000000000000e+00 0.000000000000000000e+00 0.000000000000000000e+00 0.000000000000000000e+00 0.000000000000000000e+00 0.000000000000000000e+00
0.000000000000000000e+00 0.000000000000000000e+00 0.000000000000000000e+00 0.000000000000000000e+00 0.000000000000000000e+00 0.000000000000000000e+00 0.000000000000000000e+00 0.000000000000000000e+00 0.000000000000000000e+00 0.000000000000000000e+00 0.000000000000000000e+00
0.000000000000000000e+00 0.000000000000000000e+00 0.000000000000000000e+00 0.000000000000000000e+00 0.000000000000000000e+00 0.000000000000000000e+00 0.000000000000000000e+00 0.000000000000000000e+00 0.000000000000000000e+00 0.000000000000000000e+00 0.000000000000000000e+00
0.000000000000000000e+00 0.000000000000000000e+00 0.000000000000000000e+00 0.000000000000000000e+00 0.000000000000000000e+00 0.000000000000000000e+00 0.000000000000000000e+00 0.000000000000000000e+00 0.000000000000000000e+00 0.000000000000000000e+00 0.000000000000000000e+00
0.000000000000000000e+00 0.000000000000000000e+00 0.000000000000000000e+00 0.000000000000000000e+00 0.000000000000000000e+00 0.000000000000000000e+00 0.000000000000000000e+00 0.000000000000000000e+00 0.000000000000000000e+00 0.000000000000000000e+00 0.000000000000000000e+00
0.000000000000000000e+00 0.000000000000000000e+00 0.000000000000000000e+00 0.000000000000000000e+00 0.000000000000000000e+00 0.000000000000000000e+00 0.000000000000000000e+00 0.000000000000000000e+00 0.000000000000000000e+00 0.000000000000000000e+00 0.000000000000000000e+00
0.000000000000000000e+00 0.000000000000000000e+00 0.000000000000000000e+00 0.000000000000000000e+00 0.000000000000000000e+00 0.000000000000000000e+00 0.000000000000000000e+00 0.000000000000000000e+00 0.000000000000000000e+00 0.000000000000000000e+00 0.000000000000000000e+00
0.000000000000000000e+00 0.000000000000000000e+00 0.000000000000000000e+00 0.000000000000000000e+00 0.000000000000000000e+00 0.000000000000000000e+00 0.000000000000000000e+00 0.000000000000000000e+00 0.000000000000000000e+00 0.000000000000000000e+00 0.000000000000000000e+00
0.000000000000000000e+00 0.000000000000000000e+00 0.000000000000000000e+00 0.000000000000000000e+00 0.000000000000000000e+00 0.000000000000000000e+00 0.000000000000000000e+00 0.000000000000000000e+00 0.000000000000000000e+00 0.000000000000000000e+00 0.000000000000000000e+00
0.000000000000000000e+00 0.000000000000000000e+00 0.000000000000000000e+00 0.000000000000000000e+00 0.000000000000000000e+00 0.000000000000000000e+00 0.000000000000000000e+00 0.000000000000000000e+00 0.000000000000000000e+00 0.000000000000000000e+00 0.000000000000000000e+00
0.000000000000000000e+00 0.000000000000000000e+00 0.000000000000000000e+00 0.000000000000000000e+00 0.000000000000000000e+00 0.000000000000000000e+00 0.000000000000000000e+00 0.000000000000000000e+00 0.000000000000000000e+00 0.000000000000000000e+00 0.000000000000000000e+00
0.000000000000000000e+00 0.000000000000000000e+00 0.000000000000000000e+00 0.000000000000000000e+00 0.000000000000000000e+00 0.000000000000000000e+00 0.000000000000000000e+00 0.000000000000000000e+00 0.000000000000000000e+00 0.000000000000000000e+00 0.000000000000000000e+00
0.000000000000000000e+00 0.000000000000000000e+00 0.000000000000000000e+00 0.000000000000000000e+00 0.000000000000000000e+00 0.000000000000000000e+00 0.000000000000000000e+00 0.000000000000000000e+00 0.000000000000000000e+00 0.000000000000000000e+00 0.000000000000000000e+00
0.000000000000000000e+00 0.000000000000000000e+00 0.000000000000000000e+00 0.000000000000000000e+00 0.000000000000000000e+00 0.000000000000000000e+00 0.000000000000000000e+00 0.000000000000000000e+00 0.000000000000000000e+00 0.000000000000000000e+00 0.000000000000000000e+00
0.000000000000000000e+00 0.000000000000000000e+00 0.000000000000000000e+00 0.000000000000000000e+00 0.000000000000000000e+00 0.000000000000000000e+00 0.000000000000000000e+00 0.000000000000000000e+00 0.000000000000000000e+00 0.000000000000000000e+00 0.000000000000000000e+00
0.000000000000000000e+00 0.000000000000000000e+00 0.000000000000000000e+00 0.000000000000000000e+00 0.000000000000000000e+00 0.000000000000000000e+00 0.000000000000000000e+00 0.000000000000000000e+00 0.000000000000000000e+00 0.000000000000000000e+00 0.000000000000000000e+00
0.000000000000000000e+00 0.000000000000000000e+00 0.000000000000000000e+00 0.000000000000000000e+00 0.000000000000000000e+00 0.000000000000000000e+00 0.000000000000000000e+00 0.000000000000000000e+00 0.000000000000000000e+00 0.000000000000000000e+00 0.000000000000000000e+00
0.000000000000000000e+00 0.000000000000000000e+00 0.000000000000000000e+00 0.000000000000000000e+00 0.000000000000000000e+00 0.000000000000000000e+00 0.000000000000000000e+00 0.000000000000000000e+00 0.000000000000000000e+00 0.000000000000000000e+00 0.000000000000000000e+00
0.000000000000000000e+00 0.000000000000000000e+00 0.000000000000000000e+00 0.000000000000000000e+00 0.000000000000000000e+00 0.000000000000000000e+00 0.000000000000000000e+00 0.000000000000000000e+00 0.000000000000000000e+00 0.000000000000000000e+00 0.000000000000000000e+00
0.000000000000000000e+00 0.000000000000000000e+00 0.000000000000000000e+00 0.000000000000000000e+00 0.000000000000000000e+00 0.000000000000000000e+00 0.000000000000000000e+00 0.000000000000000000e+00 0.000000000000000000e+00 0.000000000000000000e+00 0.000000000000000000e+00
0.000000000000000000e+00 0.000000000000000000e+00 0.000000000000000000e+00 0.000000000000000000e+00 0.000000000000000000e+00 0.000000000000000000e+00 0.000000000000000000e+00 0.000000000000000000e+00 0.000000000000000000e+00 0.000000000000000000e+00 0.000000000000000000e+00
0.000000000000000000e+00 0.000000000000000000e+00 0.000000000000000000e+00 0.000000000000000000e+00 0.000000000000000000e+00 0.000000000000000000e+00 0.000000000000000000e+00 0.000000000000000000e+00 0.000000000000000000e+00 0.000000000000000000e+00 0.000000000000000000e+00
0.000000000000000000e+00 0.000000000000000000e+00 0.000000000000000000e+00 0.000000000000000000e+00 0.000000000000000000e+00 0.000000000000000000e+00 0.000000000000000000e+00 0.000000000000000000e+00 0.000000000000000000e+00 0.000000000000000000e+00 0.000000000000000000e+00
0.000000000000000000e+00 0.000000000000000000e+00 0.000000000000000000e+00 0.000000000000000000e+00 0.000000000000000000e+00 0.000000000000000000e+00 0.000000000000000000e+00 0.000000000000000000e+00 0.000000000000000000e+00 0.000000000000000000e+00 0.000000000000000000e+00
0.000000000000000000e+00 0.000000000000000000e+00 0.000000000000000000e+00 0.000000000000000000e+00 0.000000000000000000e+00 0.000000000000000000e+00 0.000000000000000000e+00 0.000000000000000000e+00 0.000000000000000000e+00 0.000000000000000000e+00 0.000000000000000000e+00
0.000000000000000000e+00 0.000000000000000000e+00 0.000000000000000000e+00 0.000000000000000000e+00 0.000000000000000000e+00 0.000000000000000000e+00 0.000000000000000000e+00 0.000000000000000000e+00 0.000000000000000000e+00 0.000000000000000000e+00 0.000000000000000000e+00
0.000000000000000000e+00 0.000000000000000000e+00 0.000000000000000000e+00 0.000000000000000000e+00 0.000000000000000000e+00 0.000000000000000000e+00 0.000000000000000000e+00 0.000000000000000000e+00 0.000000000000000000e+00 0.000000000000000000e+00 0.000000000000000000e+00
0.000000000000000000e+00 0.000000000000000000e+00 0.000000000000000000e+00 0.000000000000000000e+00 0.000000000000000000e+00 0.000000000000000000e+00 0.000000000000000000e+00 0.000000000000000000e+00 0.000000000000000000e+00 0.000000000000000000e+00 0.000000000000000000e+00
0.000000000000000000e+00 0.000000000000000000e+00 0.000000000000000000e+00 0.000000000000000000e+00 0.000000000000000000e+00 0.000000000000000000e+00 0.000000000000000000e+00 0.000000000000000000e+00 0.000000000000000000e+00 0.000000000000000000e+00 0.000000000000000000e+00
0.000000000000000000e+00 0.000000000000000000e+00 0.000000000000000000e+00 0.000000000000000000e+00 0.000000000000000000e+00 0.000000000000000000e+00 0.000000000000000000e+00 0.000000000000000000e+00 0.000000000000000000e+00 0.000000000000000000e+00 0.000000000000000000e+00
0.000000000000000000e+00 0.000000000000000000e+00 0.000000000000000000e+00 0.000000000000000000e+00 0.000000000000000000e+00 0.000000000000000000e+00 0.000000000000000000e+00 0.000000000000000000e+00 0.000000000000000000e+00 0.000000000000000000e+00 0.000000000000000000e+00
0.000000000000000000e+00 0.000000000000000000e+00 0.000000000000000000e+00 0.000000000000000000e+00 0.000000000000000000e+00 0.000000000000000000e+00 0.000000000000000000e+00 0.000000000000000000e+00 0.000000000000000000e+00 0.000000000000000000e+00 0.000000000000000000e+00
0.000000000000000000e+00 0.000000000000000000e+00 0.000000000000000000e+00 0.000000000000000000e+00 0.000000000000000000e+00 0.000000000000000000e+00 0.000000000000000000e+00 0.000000000000000000e+00 0.000000000000000000e+00 0.000000000000000000e+00 0.000000000000000000e+00
0.000000000000000000e+00 0.000000000000000000e+00 0.000000000000000000e+00 0.000000000000000000e+00 0.000000000000000000e+00 0.000000000000000000e+00 0.000000000000000000e+00 0.000000000000000000e+00 0.000000000000000000e+00 0.000000000000000000e+00 0.000000000000000000e+00
0.000000000000000000e+00 0.000000000000000000e+00 0.000000000000000000e+00 0.000000000000000000e+00 0.000000000000000000e+00 0.000000000000000000e+00 0.000000000000000000e+00 0.000000000000000000e+00 0.000000000000000000e+00 0.000000000000000000e+00 0.000000000000000000e+00
0.000000000000000000e+00 0.000000000000000000e+00 0.000000000000000000e+00 0.000000000000000000e+00 0.000000000000000000e+00 0.000000000000000000e+00 0.000000000000000000e+00 0.000000000000000000e+00 0.000000000000000000e+00 0.000000000000000000e+00 0.000000000000000000e+00
0.000000000000000000e+00 0.000000000000000000e+00 0.000000000000000000e+00 0.000000000000000000e+00 0.000000000000000000e+00 0.000000000000000000e+00 0.000000000000000000e+00 0.000000000000000000e+00 0.000000000000000000e+00 0.000000000000000000e+00 0.000000000000000000e+00
0.000000000000000000e+00 0.000000000000000000e+00 0.000000000000000000e+00 0.000000000000000000e+00 0.000000000000000000e+00 0.000000000000000000e+00 0.000000000000000000e+00 0.000000000000000000e+00 0.000000000000000000e+00 0.000000000000000000e+00 0.000000000000000000e+00
0.000000000000000000e+00 0.000000000000000000e+00 0.000000000000000000e+00 0.000000000000000000e+00 0.000000000000000000e+00 0.000000000000000000e+00 0.000000000000000000e+00 0.000000000000000000e+00 0.000000000000000000e+00 0.000000000000000000e+00 0.000000000000000000e+00
0.000000000000000000e+00 0.000000000000000000e+00 0.000000000000000000e+00 0.000000000000000000e+00 0.000000000000000000e+00 0.000000000000000000e+00 0.000000000000000000e+00 0.000000000000000000e+00 0.000000000000000000e+00 0.000000000000000000e+00 0.000000000000000000e+00
0.000000000000000000e+00 0.000000000000000000e+00 0.000000000000000000e+00 0.000000000000000000e+00 0.000000000000000000e+00 0.000000000000000000e+00 0.000000000000000000e+00 0.000000000000000000e+00 0.000000000000000000e+00 0.000000000000000000e+00 0.000000000000000000e+00
0.000000000000000000e+00 0.000000000000000000e+00 0.000000000000000000e+00 0.000000000000000000e+00 0.000000000000000000e+00 0.000000000000000000e+00 0.000000000000000000e+00 0.000000000000000000e+00 0.000000000000000000e+00 0.000000000000000000e+00 0.000000000000000000e+00
0.000000000000000000e+00 0.000000000000000000e+00 0.000000000000000000e+00 0.000000000000000000e+00 0.000000000000000000e+00 0.000000000000000000e+00 0.000000000000000000e+00 0.000000000000000000e+00 0.000000000000000000e+00 0.000000000000000000e+00 0.000000000000000000e+00
0.000000000000000000e+00 0.000000000000000000e+00 0.000000000000000000e+00 0.000000000000000000e+00 0.000000000000000000e+00 0.000000000000000000e+00 0.000000000000000000e+00 0.000000000000000000e+00 0.000000000000000000e+00 0.000000000000000000e+00 0.000000000000000000e+00
0.000000000000000000e+00 0.000000000000000000e+00 0.000000000000000000e+00 0.000000000000000000e+00 0.000000000000000000e+00 0.000000000000000000e+00 0.000000000000000000e+00 0.000000000000000000e+00 0.000000000000000000e+00 0.000000000000000000e+00 0.000000000000000000e+00
0.000000000000000000e+00 0.000000000000000000e+00 0.000000000000000000e+00 0.000000000000000000e+00 0.000000000000000000e+00 0.000000000000000000e+00 0.000000000000000000e+00 0.000000000000000000e+00 0.000000000000000000e+00 0.000000000000000000e+00 0.000000000000000000e+00
0.000000000000000000e+00 0.000000000000000000e+00 0.000000000000000000e+00 0.000000000000000000e+00 0.000000000000000000e+00 0.000000000000000000e+00 0.000000000000000000e+00 0.000000000000000000e+00 0.000000000000000000e+00 0.000000000000000000e+00 0.000000000000000000e+00
0.000000000000000000e+00 0.000000000000000000e+00 0.000000000000000000e+00 0.000000000000000000e+00 0.000000000000000000e+00 0.000000000000000000e+00 0.000000000000000000e+00 0.000000000000000000e+00 0.000000000000000000e+00 0.000000000000000000e+00 0.000000000000000000e+00
0.000000000000000000e+00 0.000000000000000000e+00 0.000000000000000000e+00 0.000000000000000000e+00 0.000000000000000000e+00 0.000000000000000000e+00 0.000000000000000000e+00 0.000000000000000000e+00 0.000000000000000000e+00 0.000000000000000000e+00 0.000000000000000000e+00
0.000000000000000000e+00 0.000000000000000000e+00 0.000000000000000000e+00 0.000000000000000000e+00 0.000000000000000000e+00 0.000000000000000000e+00 0.000000000000000000e+00 0.000000000000000000e+00 0.000000000000000000e+00 0.000000000000000000e+00 0.000000000000000000e+00
0.000000000000000000e+00 0.000000000000000000e+00 0.000000000000000000e+00 0.000000000000000000e+00 0.000000000000000000e+00 0.000000000000000000e+00 0.000000000000000000e+00 0.000000000000000000e+00 0.000000000000000000e+00 0.000000000000000000e+00 0.000000000000000000e+00
0.000000000000000000e+00 0.000000000000000000e+00 0.000000000000000000e+00 0.000000000000000000e+00 0.000000000000000000e+00 0.000000000000000000e+00 0.000000000000000000e+00 0.000000000000000000e+00 0.000000000000000000e+00 0.000000000000000000e+00 0.000000000000000000e+00
0.000000000000000000e+00 0.000000000000000000e+00 0.000000000000000000e+00 0.000000000000000000e+00 0.000000000000000000e+00 0.000000000000000000e+00 0.000000000000000000e+00 0.000000000000000000e+00 0.000000000000000000e+00 0.000000000000000000e+00 0.000000000000000000e+00
0.000000000000000000e+00 0.000000000000000000e+00 0.000000000000000000e+00 0.000000000000000000e+00 0.000000000000000000e+00 0.000000000000000000e+00 0.000000000000000000e+00 0.000000000000000000e+00 0.000000000000000000e+00 0.000000000000000000e+00 0.000000000000000000e+00
0.000000000000000000e+00 0.000000000000000000e+00 0.000000000000000000e+00 0.000000000000000000e+00 0.000000000000000000e+00 0.000000000000000000e+00 0.000000000000000000e+00 0.000000000000000000e+00 0.000000000000000000e+00 0.000000000000000000e+00 0.000000000000000000e+00
0.000000000000000000e+00 0.000000000000000000e+00 0.000000000000000000e+00 0.000000000000000000e+00 0.000000000000000000e+00 0.000000000000000000e+00 0.000000000000000000e+00 0.000000000000000000e+00 0.000000000000000000e+00 0.000000000000000000e+00 0.000000000000000000e+00
0.000000000000000000e+00 0.000000000000000000e+00 0.000000000000000000e+00 0.000000000000000000e+00 0.000000000000000000e+00 0.000000000000000000e+00 0.000000000000000000e+00 0.000000000000000000e+00 0.000000000000000000e+00 0.000000000000000000e+00 0.000000000000000000e+00
0.000000000000000000e+00 0.000000000000000000e+00 0.000000000000000000e+00 0.000000000000000000e+00 0.000000000000000000e+00 0.000000000000000000e+00 0.000000000000000000e+00 0.000000000000000000e+00 0.000000000000000000e+00 0.000000000000000000e+00 0.000000000000000000e+00
0.000000000000000000e+00 0.000000000000000000e+00 0.000000000000000000e+00 0.000000000000000000e+00 0.000000000000000000e+00 0.000000000000000000e+00 0.000000000000000000e+00 0.000000000000000000e+00 0.000000000000000000e+00 0.000000000000000000e+00 0.000000000000000000e+00
0.000000000000000000e+00 0.000000000000000000e+00 0.000000000000000000e+00 0.000000000000000000e+00 0.000000000000000000e+00 0.000000000000000000e+00 0.000000000000000000e+00 0.000000000000000000e+00 0.000000000000000000e+00 0.000000000000000000e+00 0.000000000000000000e+00
0.000000000000000000e+00 0.000000000000000000e+00 0.000000000000000000e+00 0.000000000000000000e+00 0.000000000000000000e+00 0.000000000000000000e+00 0.000000000000000000e+00 0.000000000000000000e+00 0.000000000000000000e+00 0.000000000000000000e+00 0.000000000000000000e+00
0.000000000000000000e+00 0.000000000000000000e+00 0.000000000000000000e+00 0.000000000000000000e+00 0.000000000000000000e+00 0.000000000000000000e+00 0.000000000000000000e+00 0.000000000000000000e+00 0.000000000000000000e+00 0.000000000000000000e+00 0.000000000000000000e+00
0.000000000000000000e+00 0.000000000000000000e+00 0.000000000000000000e+00 0.000000000000000000e+00 0.000000000000000000e+00 0.000000000000000000e+00 0.000000000000000000e+00 0.000000000000000000e+00 0.000000000000000000e+00 0.000000000000000000e+00 0.000000000000000000e+00
0.000000000000000000e+00 0.000000000000000000e+00 0.000000000000000000e+00 0.000000000000000000e+00 0.000000000000000000e+00 0.000000000000000000e+00 0.000000000000000000e+00 0.000000000000000000e+00 0.000000000000000000e+00 0.000000000000000000e+00 0.000000000000000000e+00
0.000000000000000000e+00 0.000000000000000000e+00 0.000000000000000000e+00 0.000000000000000000e+00 0.000000000000000000e+00 0.000000000000000000e+00 0.000000000000000000e+00 0.000000000000000000e+00 0.000000000000000000e+00 0.000000000000000000e+00 0.000000000000000000e+00
0.000000000000000000e+00 0.000000000000000000e+00 0.000000000000000000e+00 0.000000000000000000e+00 0.000000000000000000e+00 0.000000000000000000e+00 0.000000000000000000e+00 0.000000000000000000e+00 0.000000000000000000e+00 0.000000000000000000e+00 0.000000000000000000e+00
0.000000000000000000e+00 0.000000000000000000e+00 0.000000000000000000e+00 0.000000000000000000e+00 0.000000000000000000e+00 0.000000000000000000e+00 0.000000000000000000e+00 0.000000000000000000e+00 0.000000000000000000e+00 0.000000000000000000e+00 0.000000000000000000e+00
0.000000000000000000e+00 0.000000000000000000e+00 0.000000000000000000e+00 0.000000000000000000e+00 0.000000000000000000e+00 0.000000000000000000e+00 0.000000000000000000e+00 0.000000000000000000e+00 0.000000000000000000e+00 0.000000000000000000e+00 0.000000000000000000e+00
0.000000000000000000e+00 0.000000000000000000e+00 0.000000000000000000e+00 0.000000000000000000e+00 0.000000000000000000e+00 0.000000000000000000e+00 0.000000000000000000e+00 0.000000000000000000e+00 0.000000000000000000e+00 0.000000000000000000e+00 0.000000000000000000e+00
0.000000000000000000e+00 0.000000000000000000e+00 0.000000000000000000e+00 0.000000000000000000e+00 0.000000000000000000e+00 0.000000000000000000e+00 0.000000000000000000e+00 0.000000000000000000e+00 0.000000000000000000e+00 0.000000000000000000e+00 0.000000000000000000e+00
0.000000000000000000e+00 0.000000000000000000e+00 0.000000000000000000e+00 0.000000000000000000e+00 0.000000000000000000e+00 0.000000000000000000e+00 0.000000000000000000e+00 0.000000000000000000e+00 0.000000000000000000e+00 0.000000000000000000e+00 0.000000000000000000e+00
0.000000000000000000e+00 0.000000000000000000e+00 0.000000000000000000e+00 0.000000000000000000e+00 0.000000000000000000e+00 0.000000000000000000e+00 0.000000000000000000e+00 0.000000000000000000e+00 0.000000000000000000e+00 0.000000000000000000e+00 0.000000000000000000e+00
0.000000000000000000e+00 0.000000000000000000e+00 0.000000000000000000e+00 0.000000000000000000e+00 0.000000000000000000e+00 0.000000000000000000e+00 0.000000000000000000e+00 0.000000000000000000e+00 0.000000000000000000e+00 0.000000000000000000e+00 0.000000000000000000e+00
0.000000000000000000e+00 0.000000000000000000e+00 0.000000000000000000e+00 0.000000000000000000e+00 0.000000000000000000e+00 0.000000000000000000e+00 0.000000000000000000e+00 0.000000000000000000e+00 0.000000000000000000e+00 0.000000000000000000e+00 0.000000000000000000e+00
0.000000000000000000e+00 0.000000000000000000e+00 0.000000000000000000e+00 0.000000000000000000e+00 0.000000000000000000e+00 0.000000000000000000e+00 0.000000000000000000e+00 0.000000000000000000e+00 0.000000000000000000e+00 0.000000000000000000e+00 0.000000000000000000e+00
0.000000000000000000e+00 0.000000000000000000e+00 0.000000000000000000e+00 0.000000000000000000e+00 0.000000000000000000e+00 0.000000000000000000e+00 0.000000000000000000e+00 0.000000000000000000e+00 0.000000000000000000e+00 0.000000000000000000e+00 0.000000000000000000e+00
0.000000000000000000e+00 0.000000000000000000e+00 0.000000000000000000e+00 0.000000000000000000e+00 0.000000000000000000e+00 0.000000000000000000e+00 0.000000000000000000e+00 0.000000000000000000e+00 0.000000000000000000e+00 0.000000000000000000e+00 0.000000000000000000e+00
0.000000000000000000e+00 0.000000000000000000e+00 0.000000000000000000e+00 0.000000000000000000e+00 0.000000000000000000e+00 0.000000000000000000e+00 0.000000000000000000e+00 0.000000000000000000e+00 0.000000000000000000e+00 0.000000000000000000e+00 0.000000000000000000e+00
0.000000000000000000e+00 0.000000000000000000e+00 0.000000000000000000e+00 0.000000000000000000e+00 0.000000000000000000e+00 0.000000000000000000e+00 0.000000000000000000e+00 0.000000000000000000e+00 0.000000000000000000e+00 0.000000000000000000e+00 0.000000000000000000e+00
0.000000000000000000e+00 0.000000000000000000e+00 0.000000000000000000e+00 0.000000000000000000e+00 0.000000000000000000e+00 0.000000000000000000e+00 0.000000000000000000e+00 0.000000000000000000e+00 0.000000000000000000e+00 0.000000000000000000e+00 0.000000000000000000e+00
0.000000000000000000e+00 0.000000000000000000e+00 0.000000000000000000e+00 0.000000000000000000e+00 0.000000000000000000e+00 0.000000000000000000e+00 0.000000000000000000e+00 0.000000000000000000e+00 0.000000000000000000e+00 0.000000000000000000e+00 0.000000000000000000e+00
0.000000000000000000e+00 0.000000000000000000e+00 0.000000000000000000e+00 0.000000000000000000e+00 0.000000000000000000e+00 0.000000000000000000e+00 0.000000000000000000e+00 0.000000000000000000e+00 0.000000000000000000e+00 0.000000000000000000e+00 0.000000000000000000e+00
0.000000000000000000e+00 0.000000000000000000e+00 0.000000000000000000e+00 0.000000000000000000e+00 0.000000000000000000e+00 0.000000000000000000e+00 0.000000000000000000e+00 0.000000000000000000e+00 0.000000000000000000e+00 0.000000000000000000e+00 0.000000000000000000e+00
0.000000000000000000e+00 0.000000000000000000e+00 0.000000000000000000e+00 0.000000000000000000e+00 0.000000000000000000e+00 0.000000000000000000e+00 0.000000000000000000e+00 0.000000000000000000e+00 0.000000000000000000e+00 0.000000000000000000e+00 0.000000000000000000e+00
0.000000000000000000e+00 0.000000000000000000e+00 0.000000000000000000e+00 0.000000000000000000e+00 0.000000000000000000e+00 0.000000000000000000e+00 0.000000000000000000e+00 0.000000000000000000e+00 0.000000000000000000e+00 0.000000000000000000e+00 0.000000000000000000e+00
0.000000000000000000e+00 0.000000000000000000e+00 0.000000000000000000e+00 0.000000000000000000e+00 0.000000000000000000e+00 0.000000000000000000e+00 0.000000000000000000e+00 0.000000000000000000e+00 0.000000000000000000e+00 0.000000000000000000e+00 0.000000000000000000e+00
0.000000000000000000e+00 0.000000000000000000e+00 0.000000000000000000e+00 0.000000000000000000e+00 0.000000000000000000e+00 0.000000000000000000e+00 0.000000000000000000e+00 0.000000000000000000e+00 0.000000000000000000e+00 0.000000000000000000e+00 0.000000000000000000e+00
0.000000000000000000e+00 0.000000000000000000e+00 0.000000000000000000e+00 0.000000000000000000e+00 0.000000000000000000e+00 0.000000000000000000e+00 0.000000000000000000e+00 0.000000000000000000e+00 0.000000000000000000e+00 0.000000000000000000e+00 0.000000000000000000e+00
0.000000000000000000e+00 0.000000000000000000e+00 0.000000000000000000e+00 0.000000000000000000e+00 0.000000000000000000e+00 0.000000000000000000e+00 0.000000000000000000e+00 0.000000000000000000e+00 0.000000000000000000e+00 0.000000000000000000e+00 0.000000000000000000e+00
0.000000000000000000e+00 0.000000000000000000e+00 0.000000000000000000e+00 0.000000000000000000e+00 0.000000000000000000e+00 0.000000000000000000e+00 0.000000000000000000e+00 0.000000000000000000e+00 0.000000000000000000e+00 0.000000000000000000e+00 0.000000000000000000e+00
0.000000000000000000e+00 0.000000000000000000e+00 0.000000000000000000e+00 0.000000000000000000e+00 0.000000000000000000e+00 0.000000000000000000e+00 0.000000000000000000e+00 0.000000000000000000e+00 0.000000000000000000e+00 0.000000000000000000e+00 0.000000000000000000e+00
0.000000000000000000e+00 0.000000000000000000e+00 0.000000000000000000e+00 0.000000000000000000e+00 0.000000000000000000e+00 0.000000000000000000e+00 0.000000000000000000e+00 0.000000000000000000e+00 0.000000000000000000e+00 0.000000000000000000e+00 0.000000000000000000e+00
0.000000000000000000e+00 0.000000000000000000e+00 0.000000000000000000e+00 0.000000000000000000e+00 0.000000000000000000e+00 0.000000000000000000e+00 0.000000000000000000e+00 0.000000000000000000e+00 0.000000000000000000e+00 0.000000000000000000e+00 0.000000000000000000e+00
0.000000000000000000e+00 0.000000000000000000e+00 0.000000000000000000e+00 0.000000000000000000e+00 0.000000000000000000e+00 0.000000000000000000e+00 0.000000000000000000e+00 0.000000000000000000e+00 0.000000000000000000e+00 0.000000000000000000e+00 0.000000000000000000e+00
0.000000000000000000e+00 0.000000000000000000e+00 0.000000000000000000e+00 0.000000000000000000e+00 0.000000000000000000e+00 0.000000000000000000e+00 0.000000000000000000e+00 0.000000000000000000e+00 0.000000000000000000e+00 0.000000000000000000e+00 0.000000000000000000e+00
0.000000000000000000e+00 0.000000000000000000e+00 0.000000000000000000e+00 0.000000000000000000e+00 0.000000000000000000e+00 0.000000000000000000e+00 0.000000000000000000e+00 0.000000000000000000e+00 0.000000000000000000e+00 0.000000000000000000e+00 0.000000000000000000e+00
0.000000000000000000e+00 0.000000000000000000e+00 0.000000000000000000e+00 0.000000000000000000e+00 0.000000000000000000e+00 0.000000000000000000e+00 0.000000000000000000e+00 0.000000000000000000e+00 0.000000000000000000e+00 0.000000000000000000e+00 0.000000000000000000e+00
0.000000000000000000e+00 0.000000000000000000e+00 0.000000000000000000e+00 0.000000000000000000e+00 0.000000000000000000e+00 0.000000000000000000e+00 0.000000000000000000e+00 0.000000000000000000e+00 0.000000000000000000e+00 0.000000000000000000e+00 0.000000000000000000e+00
0.000000000000000000e+00 0.000000000000000000e+00 0.000000000000000000e+00 0.000000000000000000e+00 0.000000000000000000e+00 0.000000000000000000e+00 0.000000000000000000e+00 0.000000000000000000e+00 0.000000000000000000e+00 0.000000000000000000e+00 0.000000000000000000e+00
0.000000000000000000e+00 0.000000000000000000e+00 0.000000000000000000e+00 0.000000000000000000e+00 0.000000000000000000e+00 0.000000000000000000e+00 0.000000000000000000e+00 0.000000000000000000e+00 0.000000000000000000e+00 0.000000000000000000e+00 0.000000000000000000e+00
0.000000000000000000e+00 0.000000000000000000e+00 0.000000000000000000e+00 0.000000000000000000e+00 0.000000000000000000e+00 0.000000000000000000e+00 0.000000000000000000e+00 0.000000000000000000e+00 0.000000000000000000e+00 0.000000000000000000e+00 0.000000000000000000e+00
0.000000000000000000e+00 0.000000000000000000e+00 0.000000000000000000e+00 0.000000000000000000e+00 0.000000000000000000e+00 0.000000000000000000e+00 0.000000000000000000e+00 0.000000000000000000e+00 0.000000000000000000e+00 0.000000000000000000e+00 0.000000000000000000e+00
0.000000000000000000e+00 0.000000000000000000e+00 0.000000000000000000e+00 0.000000000000000000e+00 0.000000000000000000e+00 0.000000000000000000e+00 0.000000000000000000e+00 0.000000000000000000e+00 0.000000000000000000e+00 0.000000000000000000e+00 0.000000000000000000e+00
0.000000000000000000e+00 0.000000000000000000e+00 0.000000000000000000e+00 0.000000000000000000e+00 0.000000000000000000e+00 0.000000000000000000e+00 0.000000000000000000e+00 0.000000000000000000e+00 0.000000000000000000e+00 0.000000000000000000e+00 0.000000000000000000e+00
0.000000000000000000e+00 0.000000000000000000e+00 0.000000000000000000e+00 0.000000000000000000e+00 0.000000000000000000e+00 0.000000000000000000e+00 0.000000000000000000e+00 0.000000000000000000e+00 0.000000000000000000e+00 0.000000000000000000e+00 0.000000000000000000e+00
0.000000000000000000e+00 0.000000000000000000e+00 0.000000000000000000e+00 0.000000000000000000e+00 0.000000000000000000e+00 0.000000000000000000e+00 0.000000000000000000e+00 0.000000000000000000e+00 0.000000000000000000e+00 0.000000000000000000e+00 0.000000000000000000e+00
0.000000000000000000e+00 0.000000000000000000e+00 0.000000000000000000e+00 0.000000000000000000e+00 0.000000000000000000e+00 0.000000000000000000e+00 0.000000000000000000e+00 0.000000000000000000e+00 0.000000000000000000e+00 0.000000000000000000e+00 0.000000000000000000e+00
0.000000000000000000e+00 0.000000000000000000e+00 0.000000000000000000e+00 0.000000000000000000e+00 0.000000000000000000e+00 0.000000000000000000e+00 0.000000000000000000e+00 0.000000000000000000e+00 0.000000000000000000e+00 0.000000000000000000e+00 0.000000000000000000e+00
0.000000000000000000e+00 0.000000000000000000e+00 0.000000000000000000e+00 0.000000000000000000e+00 0.000000000000000000e+00 0.000000000000000000e+00 0.000000000000000000e+00 0.000000000000000000e+00 0.000000000000000000e+00 0.000000000000000000e+00 0.000000000000000000e+00
0.000000000000000000e+00 0.000000000000000000e+00 0.000000000000000000e+00 0.000000000000000000e+00 0.000000000000000000e+00 0.000000000000000000e+00 0.000000000000000000e+00 0.000000000000000000e+00 0.000000000000000000e+00 0.000000000000000000e+00 0.000000000000000000e+00
0.000000000000000000e+00 0.000000000000000000e+00 0.000000000000000000e+00 0.000000000000000000e+00 0.000000000000000000e+00 0.000000000000000000e+00 0.000000000000000000e+00 0.000000000000000000e+00 0.000000000000000000e+00 0.000000000000000000e+00 0.000000000000000000e+00
0.000000000000000000e+00 0.000000000000000000e+00 0.000000000000000000e+00 0.000000000000000000e+00 0.000000000000000000e+00 0.000000000000000000e+00 0.000000000000000000e+00 0.000000000000000000e+00 0.000000000000000000e+00 0.000000000000000000e+00 0.000000000000000000e+00
0.000000000000000000e+00 0.000000000000000000e+00 0.000000000000000000e+00 0.000000000000000000e+00 0.000000000000000000e+00 0.000000000000000000e+00 0.000000000000000000e+00 0.000000000000000000e+00 0.000000000000000000e+00 0.000000000000000000e+00 0.000000000000000000e+00
0.000000000000000000e+00 0.000000000000000000e+00 0.000000000000000000e+00 0.000000000000000000e+00 0.000000000000000000e+00 0.000000000000000000e+00 0.000000000000000000e+00 0.000000000000000000e+00 0.000000000000000000e+00 0.000000000000000000e+00 0.000000000000000000e+00
0.000000000000000000e+00 0.000000000000000000e+00 0.000000000000000000e+00 0.000000000000000000e+00 0.000000000000000000e+00 0.000000000000000000e+00 0.000000000000000000e+00 0.000000000000000000e+00 0.000000000000000000e+00 0.000000000000000000e+00 0.000000000000000000e+00
0.000000000000000000e+00 0.000000000000000000e+00 0.000000000000000000e+00 0.000000000000000000e+00 0.000000000000000000e+00 0.000000000000000000e+00 0.000000000000000000e+00 0.000000000000000000e+00 0.000000000000000000e+00 0.000000000000000000e+00 0.000000000000000000e+00
0.000000000000000000e+00 0.000000000000000000e+00 0.000000000000000000e+00 0.000000000000000000e+00 0.000000000000000000e+00 0.000000000000000000e+00 0.000000000000000000e+00 0.000000000000000000e+00 0.000000000000000000e+00 0.000000000000000000e+00 0.000000000000000000e+00
0.000000000000000000e+00 0.000000000000000000e+00 0.000000000000000000e+00 0.000000000000000000e+00 0.000000000000000000e+00 0.000000000000000000e+00 0.000000000000000000e+00 0.000000000000000000e+00 0.000000000000000000e+00 0.000000000000000000e+00 0.000000000000000000e+00
0.000000000000000000e+00 0.000000000000000000e+00 0.000000000000000000e+00 0.000000000000000000e+00 0.000000000000000000e+00 0.000000000000000000e+00 0.000000000000000000e+00 0.000000000000000000e+00 0.000000000000000000e+00 0.000000000000000000e+00 0.000000000000000000e+00
0.000000000000000000e+00 0.000000000000000000e+00 0.000000000000000000e+00 0.000000000000000000e+00 0.000000000000000000e+00 0.000000000000000000e+00 0.000000000000000000e+00 0.000000000000000000e+00 0.000000000000000000e+00 0.000000000000000000e+00 0.000000000000000000e+00
0.000000000000000000e+00 0.000000000000000000e+00 0.000000000000000000e+00 0.000000000000000000e+00 0.000000000000000000e+00 0.000000000000000000e+00 0.000000000000000000e+00 0.000000000000000000e+00 0.000000000000000000e+00 0.000000000000000000e+00 0.000000000000000000e+00
0.000000000000000000e+00 0.000000000000000000e+00 0.000000000000000000e+00 0.000000000000000000e+00 0.000000000000000000e+00 0.000000000000000000e+00 0.000000000000000000e+00 0.000000000000000000e+00 0.000000000000000000e+00 0.000000000000000000e+00 0.000000000000000000e+00
0.000000000000000000e+00 0.000000000000000000e+00 0.000000000000000000e+00 0.000000000000000000e+00 0.000000000000000000e+00 0.000000000000000000e+00 0.000000000000000000e+00 0.000000000000000000e+00 0.000000000000000000e+00 0.000000000000000000e+00 0.000000000000000000e+00
0.000000000000000000e+00 0.000000000000000000e+00 0.000000000000000000e+00 0.000000000000000000e+00 0.000000000000000000e+00 0.000000000000000000e+00 0.000000000000000000e+00 0.000000000000000000e+00 0.000000000000000000e+00 0.000000000000000000e+00 0.000000000000000000e+00
0.000000000000000000e+00 0.000000000000000000e+00 0.000000000000000000e+00 0.000000000000000000e+00 0.000000000000000000e+00 0.000000000000000000e+00 0.000000000000000000e+00 0.000000000000000000e+00 0.000000000000000000e+00 0.000000000000000000e+00 0.000000000000000000e+00
0.000000000000000000e+00 0.000000000000000000e+00 0.000000000000000000e+00 0.000000000000000000e+00 0.000000000000000000e+00 0.000000000000000000e+00 0.000000000000000000e+00 0.000000000000000000e+00 0.000000000000000000e+00 0.000000000000000000e+00 0.000000000000000000e+00
0.000000000000000000e+00 0.000000000000000000e+00 0.000000000000000000e+00 0.000000000000000000e+00 0.000000000000000000e+00 0.000000000000000000e+00 0.000000000000000000e+00 0.000000000000000000e+00 0.000000000000000000e+00 0.000000000000000000e+00 0.000000000000000000e+00
0.000000000000000000e+00 0.000000000000000000e+00 0.000000000000000000e+00 0.000000000000000000e+00 0.000000000000000000e+00 0.000000000000000000e+00 0.000000000000000000e+00 0.000000000000000000e+00 0.000000000000000000e+00 0.000000000000000000e+00 0.000000000000000000e+00
0.000000000000000000e+00 0.000000000000000000e+00 0.000000000000000000e+00 0.000000000000000000e+00 0.000000000000000000e+00 0.000000000000000000e+00 0.000000000000000000e+00 0.000000000000000000e+00 0.000000000000000000e+00 0.000000000000000000e+00 0.000000000000000000e+00
0.000000000000000000e+00 0.000000000000000000e+00 0.000000000000000000e+00 0.000000000000000000e+00 0.000000000000000000e+00 0.000000000000000000e+00 0.000000000000000000e+00 0.000000000000000000e+00 0.000000000000000000e+00 0.000000000000000000e+00 0.000000000000000000e+00
0.000000000000000000e+00 0.000000000000000000e+00 0.000000000000000000e+00 0.000000000000000000e+00 0.000000000000000000e+00 0.000000000000000000e+00 0.000000000000000000e+00 0.000000000000000000e+00 0.000000000000000000e+00 0.000000000000000000e+00 0.000000000000000000e+00
0.000000000000000000e+00 0.000000000000000000e+00 0.000000000000000000e+00 0.000000000000000000e+00 0.000000000000000000e+00 0.000000000000000000e+00 0.000000000000000000e+00 0.000000000000000000e+00 0.000000000000000000e+00 0.000000000000000000e+00 0.000000000000000000e+00
0.000000000000000000e+00 0.000000000000000000e+00 0.000000000000000000e+00 0.000000000000000000e+00 0.000000000000000000e+00 0.000000000000000000e+00 0.000000000000000000e+00 0.000000000000000000e+00 0.000000000000000000e+00 0.000000000000000000e+00 0.000000000000000000e+00
0.000000000000000000e+00 0.000000000000000000e+00 0.000000000000000000e+00 0.000000000000000000e+00 0.000000000000000000e+00 0.000000000000000000e+00 0.000000000000000000e+00 0.000000000000000000e+00 0.000000000000000000e+00 0.000000000000000000e+00 0.000000000000000000e+00
0.000000000000000000e+00 0.000000000000000000e+00 0.000000000000000000e+00 0.000000000000000000e+00 0.000000000000000000e+00 0.000000000000000000e+00 0.000000000000000000e+00 0.000000000000000000e+00 0.000000000000000000e+00 0.000000000000000000e+00 0.000000000000000000e+00
0.000000000000000000e+00 0.000000000000000000e+00 0.000000000000000000e+00 0.000000000000000000e+00 0.000000000000000000e+00 0.000000000000000000e+00 0.000000000000000000e+00 0.000000000000000000e+00 0.000000000000000000e+00 0.000000000000000000e+00 0.000000000000000000e+00
0.000000000000000000e+00 0.000000000000000000e+00 0.000000000000000000e+00 0.000000000000000000e+00 0.000000000000000000e+00 0.000000000000000000e+00 0.000000000000000000e+00 0.000000000000000000e+00 0.000000000000000000e+00 0.000000000000000000e+00 0.000000000000000000e+00
0.000000000000000000e+00 0.000000000000000000e+00 0.000000000000000000e+00 0.000000000000000000e+00 0.000000000000000000e+00 0.000000000000000000e+00 0.000000000000000000e+00 0.000000000000000000e+00 0.000000000000000000e+00 0.000000000000000000e+00 0.000000000000000000e+00
0.000000000000000000e+00 0.000000000000000000e+00 0.000000000000000000e+00 0.000000000000000000e+00 0.000000000000000000e+00 0.000000000000000000e+00 0.000000000000000000e+00 0.000000000000000000e+00 0.000000000000000000e+00 0.000000000000000000e+00 0.000000000000000000e+00
0.000000000000000000e+00 0.000000000000000000e+00 0.000000000000000000e+00 0.000000000000000000e+00 0.000000000000000000e+00 0.000000000000000000e+00 0.000000000000000000e+00 0.000000000000000000e+00 0.000000000000000000e+00 0.000000000000000000e+00 0.000000000000000000e+00
0.000000000000000000e+00 0.000000000000000000e+00 0.000000000000000000e+00 0.000000000000000000e+00 0.000000000000000000e+00 0.000000000000000000e+00 0.000000000000000000e+00 0.000000000000000000e+00 0.000000000000000000e+00 0.000000000000000000e+00 0.000000000000000000e+00
0.000000000000000000e+00 0.000000000000000000e+00 0.000000000000000000e+00 0.000000000000000000e+00 0.000000000000000000e+00 0.000000000000000000e+00 0.000000000000000000e+00 0.000000000000000000e+00 0.000000000000000000e+00 0.000000000000000000e+00 0.000000000000000000e+00
0.000000000000000000e+00 0.000000000000000000e+00 0.000000000000000000e+00 0.000000000000000000e+00 0.000000000000000000e+00 0.000000000000000000e+00 0.000000000000000000e+00 0.000000000000000000e+00 0.000000000000000000e+00 0.000000000000000000e+00 0.000000000000000000e+00
0.000000000000000000e+00 0.000000000000000000e+00 0.000000000000000000e+00 0.000000000000000000e+00 0.000000000000000000e+00 0.000000000000000000e+00 0.000000000000000000e+00 0.000000000000000000e+00 0.000000000000000000e+00 0.000000000000000000e+00 0.000000000000000000e+00
0.000000000000000000e+00 0.000000000000000000e+00 0.000000000000000000e+00 0.000000000000000000e+00 0.000000000000000000e+00 0.000000000000000000e+00 0.000000000000000000e+00 0.000000000000000000e+00 0.000000000000000000e+00 0.000000000000000000e+00 0.000000000000000000e+00
0.000000000000000000e+00 0.000000000000000000e+00 0.000000000000000000e+00 0.000000000000000000e+00 0.000000000000000000e+00 0.000000000000000000e+00 0.000000000000000000e+00 0.000000000000000000e+00 0.000000000000000000e+00 0.000000000000000000e+00 0.000000000000000000e+00
0.000000000000000000e+00 0.000000000000000000e+00 0.000000000000000000e+00 0.000000000000000000e+00 0.000000000000000000e+00 0.000000000000000000e+00 0.000000000000000000e+00 0.000000000000000000e+00 0.000000000000000000e+00 0.000000000000000000e+00 0.000000000000000000e+00
0.000000000000000000e+00 0.000000000000000000e+00 0.000000000000000000e+00 0.000000000000000000e+00 0.000000000000000000e+00 0.000000000000000000e+00 0.000000000000000000e+00 0.000000000000000000e+00 0.000000000000000000e+00 0.000000000000000000e+00 0.000000000000000000e+00
0.000000000000000000e+00 0.000000000000000000e+00 0.000000000000000000e+00 0.000000000000000000e+00 0.000000000000000000e+00 0.000000000000000000e+00 0.000000000000000000e+00 0.000000000000000000e+00 0.000000000000000000e+00 0.000000000000000000e+00 0.000000000000000000e+00
0.000000000000000000e+00 0.000000000000000000e+00 0.000000000000000000e+00 0.000000000000000000e+00 0.000000000000000000e+00 0.000000000000000000e+00 0.000000000000000000e+00 0.000000000000000000e+00 0.000000000000000000e+00 0.000000000000000000e+00 0.000000000000000000e+00
0.000000000000000000e+00 0.000000000000000000e+00 0.000000000000000000e+00 0.000000000000000000e+00 0.000000000000000000e+00 0.000000000000000000e+00 0.000000000000000000e+00 0.000000000000000000e+00 0.000000000000000000e+00 0.000000000000000000e+00 0.000000000000000000e+00
0.000000000000000000e+00 0.000000000000000000e+00 0.000000000000000000e+00 0.000000000000000000e+00 0.000000000000000000e+00 0.000000000000000000e+00 0.000000000000000000e+00 0.000000000000000000e+00 0.000000000000000000e+00 0.000000000000000000e+00 0.000000000000000000e+00
0.000000000000000000e+00 0.000000000000000000e+00 0.000000000000000000e+00 0.000000000000000000e+00 0.000000000000000000e+00 0.000000000000000000e+00 0.000000000000000000e+00 0.000000000000000000e+00 0.000000000000000000e+00 0.000000000000000000e+00 0.000000000000000000e+00
0.000000000000000000e+00 0.000000000000000000e+00 0.000000000000000000e+00 0.000000000000000000e+00 0.000000000000000000e+00 0.000000000000000000e+00 0.000000000000000000e+00 0.000000000000000000e+00 0.000000000000000000e+00 0.000000000000000000e+00 0.000000000000000000e+00
0.000000000000000000e+00 0.000000000000000000e+00 0.000000000000000000e+00 0.000000000000000000e+00 0.000000000000000000e+00 0.000000000000000000e+00 0.000000000000000000e+00 0.000000000000000000e+00 0.000000000000000000e+00 0.000000000000000000e+00 0.000000000000000000e+00
0.000000000000000000e+00 0.000000000000000000e+00 0.000000000000000000e+00 0.000000000000000000e+00 0.000000000000000000e+00 0.000000000000000000e+00 0.000000000000000000e+00 0.000000000000000000e+00 0.000000000000000000e+00 0.000000000000000000e+00 0.000000000000000000e+00
0.000000000000000000e+00 0.000000000000000000e+00 0.000000000000000000e+00 0.000000000000000000e+00 0.000000000000000000e+00 0.000000000000000000e+00 0.000000000000000000e+00 0.000000000000000000e+00 0.000000000000000000e+00 0.000000000000000000e+00 0.000000000000000000e+00
0.000000000000000000e+00 0.000000000000000000e+00 0.000000000000000000e+00 0.000000000000000000e+00 0.000000000000000000e+00 0.000000000000000000e+00 0.000000000000000000e+00 0.000000000000000000e+00 0.000000000000000000e+00 0.000000000000000000e+00 0.000000000000000000e+00
0.000000000000000000e+00 0.000000000000000000e+00 0.000000000000000000e+00 0.000000000000000000e+00 0.000000000000000000e+00 0.000000000000000000e+00 0.000000000000000000e+00 0.000000000000000000e+00 0.000000000000000000e+00 0.000000000000000000e+00 0.000000000000000000e+00
0.000000000000000000e+00 0.000000000000000000e+00 0.000000000000000000e+00 0.000000000000000000e+00 0.000000000000000000e+00 0.000000000000000000e+00 0.000000000000000000e+00 0.000000000000000000e+00 0.000000000000000000e+00 0.000000000000000000e+00 0.000000000000000000e+00
0.000000000000000000e+00 0.000000000000000000e+00 0.000000000000000000e+00 0.000000000000000000e+00 0.000000000000000000e+00 0.000000000000000000e+00 0.000000000000000000e+00 0.000000000000000000e+00 0.000000000000000000e+00 0.000000000000000000e+00 0.000000000000000000e+00
0.000000000000000000e+00 0.000000000000000000e+00 0.000000000000000000e+00 0.000000000000000000e+00 0.000000000000000000e+00 0.000000000000000000e+00 0.000000000000000000e+00 0.000000000000000000e+00 0.000000000000000000e+00 0.000000000000000000e+00 0.000000000000000000e+00
0.000000000000000000e+00 0.000000000000000000e+00 0.000000000000000000e+00 0.000000000000000000e+00 0.000000000000000000e+00 0.000000000000000000e+00 0.000000000000000000e+00 0.000000000000000000e+00 0.000000000000000000e+00 0.000000000000000000e+00 0.000000000000000000e+00
0.000000000000000000e+00 0.000000000000000000e+00 0.000000000000000000e+00 0.000000000000000000e+00 0.000000000000000000e+00 0.000000000000000000e+00 0.000000000000000000e+00 0.000000000000000000e+00 0.000000000000000000e+00 0.000000000000000000e+00 0.000000000000000000e+00
0.000000000000000000e+00 0.000000000000000000e+00 0.000000000000000000e+00 0.000000000000000000e+00 0.000000000000000000e+00 0.000000000000000000e+00 0.000000000000000000e+00 0.000000000000000000e+00 0.000000000000000000e+00 0.000000000000000000e+00 0.000000000000000000e+00
0.000000000000000000e+00 0.000000000000000000e+00 0.000000000000000000e+00 0.000000000000000000e+00 0.000000000000000000e+00 0.000000000000000000e+00 0.000000000000000000e+00 0.000000000000000000e+00 0.000000000000000000e+00 0.000000000000000000e+00 0.000000000000000000e+00
0.000000000000000000e+00 0.000000000000000000e+00 0.000000000000000000e+00 0.000000000000000000e+00 0.000000000000000000e+00 0.000000000000000000e+00 0.000000000000000000e+00 0.000000000000000000e+00 0.000000000000000000e+00 0.000000000000000000e+00 0.000000000000000000e+00
0.000000000000000000e+00 0.000000000000000000e+00 0.000000000000000000e+00 0.000000000000000000e+00 0.000000000000000000e+00 0.000000000000000000e+00 0.000000000000000000e+00 0.000000000000000000e+00 0.000000000000000000e+00 0.000000000000000000e+00 0.000000000000000000e+00
0.000000000000000000e+00 0.000000000000000000e+00 0.000000000000000000e+00 0.000000000000000000e+00 0.000000000000000000e+00 0.000000000000000000e+00 0.000000000000000000e+00 0.000000000000000000e+00 0.000000000000000000e+00 0.000000000000000000e+00 0.000000000000000000e+00
0.000000000000000000e+00 0.000000000000000000e+00 0.000000000000000000e+00 0.000000000000000000e+00 0.000000000000000000e+00 0.000000000000000000e+00 0.000000000000000000e+00 0.000000000000000000e+00 0.000000000000000000e+00 0.000000000000000000e+00 0.000000000000000000e+00
0.000000000000000000e+00 0.000000000000000000e+00 0.000000000000000000e+00 0.000000000000000000e+00 0.000000000000000000e+00 0.000000000000000000e+00 0.000000000000000000e+00 0.000000000000000000e+00 0.000000000000000000e+00 0.000000000000000000e+00 0.000000000000000000e+00
0.000000000000000000e+00 0.000000000000000000e+00 0.000000000000000000e+00 0.000000000000000000e+00 0.000000000000000000e+00 0.000000000000000000e+00 0.000000000000000000e+00 0.000000000000000000e+00 0.000000000000000000e+00 0.000000000000000000e+00 0.000000000000000000e+00
0.000000000000000000e+00 0.000000000000000000e+00 0.000000000000000000e+00 0.000000000000000000e+00 0.000000000000000000e+00 0.000000000000000000e+00 0.000000000000000000e+00 0.000000000000000000e+00 0.000000000000000000e+00 0.000000000000000000e+00 0.000000000000000000e+00
0.000000000000000000e+00 0.000000000000000000e+00 0.000000000000000000e+00 0.000000000000000000e+00 0.000000000000000000e+00 0.000000000000000000e+00 0.000000000000000000e+00 0.000000000000000000e+00 0.000000000000000000e+00 0.000000000000000000e+00 0.000000000000000000e+00
0.000000000000000000e+00 0.000000000000000000e+00 0.000000000000000000e+00 0.000000000000000000e+00 0.000000000000000000e+00 0.000000000000000000e+00 0.000000000000000000e+00 0.000000000000000000e+00 0.000000000000000000e+00 0.000000000000000000e+00 0.000000000000000000e+00
0.000000000000000000e+00 0.000000000000000000e+00 0.000000000000000000e+00 0.000000000000000000e+00 0.000000000000000000e+00 0.000000000000000000e+00 0.000000000000000000e+00 0.000000000000000000e+00 0.000000000000000000e+00 0.000000000000000000e+00 0.000000000000000000e+00
0.000000000000000000e+00 0.000000000000000000e+00 0.000000000000000000e+00 0.000000000000000000e+00 0.000000000000000000e+00 0.000000000000000000e+00 0.000000000000000000e+00 0.000000000000000000e+00 0.000000000000000000e+00 0.000000000000000000e+00 0.000000000000000000e+00
0.000000000000000000e+00 0.000000000000000000e+00 0.000000000000000000e+00 0.000000000000000000e+00 0.000000000000000000e+00 0.000000000000000000e+00 0.000000000000000000e+00 0.000000000000000000e+00 0.000000000000000000e+00 0.000000000000000000e+00 0.000000000000000000e+00
0.000000000000000000e+00 0.000000000000000000e+00 0.000000000000000000e+00 0.000000000000000000e+00 0.000000000000000000e+00 0.000000000000000000e+00 0.000000000000000000e+00 0.000000000000000000e+00 0.000000000000000000e+00 0.000000000000000000e+00 0.000000000000000000e+00
0.000000000000000000e+00 0.000000000000000000e+00 0.000000000000000000e+00 0.000000000000000000e+00 0.000000000000000000e+00 0.000000000000000000e+00 0.000000000000000000e+00 0.000000000000000000e+00 0.000000000000000000e+00 0.000000000000000000e+00 0.000000000000000000e+00
0.000000000000000000e+00 0.000000000000000000e+00 0.000000000000000000e+00 0.000000000000000000e+00 0.000000000000000000e+00 0.000000000000000000e+00 0.000000000000000000e+00 0.000000000000000000e+00 0.000000000000000000e+00 0.000000000000000000e+00 0.000000000000000000e+00
0.000000000000000000e+00 0.000000000000000000e+00 0.000000000000000000e+00 0.000000000000000000e+00 0.000000000000000000e+00 0.000000000000000000e+00 0.000000000000000000e+00 0.000000000000000000e+00 0.000000000000000000e+00 0.000000000000000000e+00 0.000000000000000000e+00
0.000000000000000000e+00 0.000000000000000000e+00 0.000000000000000000e+00 0.000000000000000000e+00 0.000000000000000000e+00 0.000000000000000000e+00 0.000000000000000000e+00 0.000000000000000000e+00 0.000000000000000000e+00 0.000000000000000000e+00 0.000000000000000000e+00
0.000000000000000000e+00 0.000000000000000000e+00 0.000000000000000000e+00 0.000000000000000000e+00 0.000000000000000000e+00 0.000000000000000000e+00 0.000000000000000000e+00 0.000000000000000000e+00 0.000000000000000000e+00 0.000000000000000000e+00 0.000000000000000000e+00
0.000000000000000000e+00 0.000000000000000000e+00 0.000000000000000000e+00 0.000000000000000000e+00 0.000000000000000000e+00 0.000000000000000000e+00 0.000000000000000000e+00 0.000000000000000000e+00 0.000000000000000000e+00 0.000000000000000000e+00 0.000000000000000000e+00
0.000000000000000000e+00 0.000000000000000000e+00 0.000000000000000000e+00 0.000000000000000000e+00 0.000000000000000000e+00 0.000000000000000000e+00 0.000000000000000000e+00 0.000000000000000000e+00 0.000000000000000000e+00 0.000000000000000000e+00 0.000000000000000000e+00
0.000000000000000000e+00 0.000000000000000000e+00 0.000000000000000000e+00 0.000000000000000000e+00 0.000000000000000000e+00 0.000000000000000000e+00 0.000000000000000000e+00 0.000000000000000000e+00 0.000000000000000000e+00 0.000000000000000000e+00 0.000000000000000000e+00
0.000000000000000000e+00 0.000000000000000000e+00 0.000000000000000000e+00 0.000000000000000000e+00 0.000000000000000000e+00 0.000000000000000000e+00 0.000000000000000000e+00 0.000000000000000000e+00 0.000000000000000000e+00 0.000000000000000000e+00 0.000000000000000000e+00
0.000000000000000000e+00 0.000000000000000000e+00 0.000000000000000000e+00 0.000000000000000000e+00 0.000000000000000000e+00 0.000000000000000000e+00 0.000000000000000000e+00 0.000000000000000000e+00 0.000000000000000000e+00 0.000000000000000000e+00 0.000000000000000000e+00
0.000000000000000000e+00 0.000000000000000000e+00 0.000000000000000000e+00 0.000000000000000000e+00 0.000000000000000000e+00 0.000000000000000000e+00 0.000000000000000000e+00 0.000000000000000000e+00 0.000000000000000000e+00 0.000000000000000000e+00 0.000000000000000000e+00
0.000000000000000000e+00 0.000000000000000000e+00 0.000000000000000000e+00 0.000000000000000000e+00 0.000000000000000000e+00 0.000000000000000000e+00 0.000000000000000000e+00 0.000000000000000000e+00 0.000000000000000000e+00 0.000000000000000000e+00 0.000000000000000000e+00
0.000000000000000000e+00 0.000000000000000000e+00 0.000000000000000000e+00 0.000000000000000000e+00 0.000000000000000000e+00 0.000000000000000000e+00 0.000000000000000000e+00 0.000000000000000000e+00 0.000000000000000000e+00 0.000000000000000000e+00 0.000000000000000000e+00
0.000000000000000000e+00 0.000000000000000000e+00 0.000000000000000000e+00 0.000000000000000000e+00 0.000000000000000000e+00 0.000000000000000000e+00 0.000000000000000000e+00 0.000000000000000000e+00 0.000000000000000000e+00 0.000000000000000000e+00 0.000000000000000000e+00
0.000000000000000000e+00 0.000000000000000000e+00 0.000000000000000000e+00 0.000000000000000000e+00 0.000000000000000000e+00 0.000000000000000000e+00 0.000000000000000000e+00 0.000000000000000000e+00 0.000000000000000000e+00 0.000000000000000000e+00 0.000000000000000000e+00
0.000000000000000000e+00 0.000000000000000000e+00 0.000000000000000000e+00 0.000000000000000000e+00 0.000000000000000000e+00 0.000000000000000000e+00 0.000000000000000000e+00 0.000000000000000000e+00 0.000000000000000000e+00 0.000000000000000000e+00 0.000000000000000000e+00
0.000000000000000000e+00 0.000000000000000000e+00 0.000000000000000000e+00 0.000000000000000000e+00 0.000000000000000000e+00 0.000000000000000000e+00 0.000000000000000000e+00 0.000000000000000000e+00 0.000000000000000000e+00 0.000000000000000000e+00 0.000000000000000000e+00
0.000000000000000000e+00 0.000000000000000000e+00 0.000000000000000000e+00 0.000000000000000000e+00 0.000000000000000000e+00 0.000000000000000000e+00 0.000000000000000000e+00 0.000000000000000000e+00 0.000000000000000000e+00 0.000000000000000000e+00 0.000000000000000000e+00
0.000000000000000000e+00 0.000000000000000000e+00 0.000000000000000000e+00 0.000000000000000000e+00 0.000000000000000000e+00 0.000000000000000000e+00 0.000000000000000000e+00 0.000000000000000000e+00 0.000000000000000000e+00 0.000000000000000000e+00 0.000000000000000000e+00
0.000000000000000000e+00 0.000000000000000000e+00 0.000000000000000000e+00 0.000000000000000000e+00 0.000000000000000000e+00 0.000000000000000000e+00 0.000000000000000000e+00 0.000000000000000000e+00 0.000000000000000000e+00 0.000000000000000000e+00 0.000000000000000000e+00
0.000000000000000000e+00 0.000000000000000000e+00 0.000000000000000000e+00 0.000000000000000000e+00 0.000000000000000000e+00 0.000000000000000000e+00 0.000000000000000000e+00 0.000000000000000000e+00 0.000000000000000000e+00 0.000000000000000000e+00 0.000000000000000000e+00
0.000000000000000000e+00 0.000000000000000000e+00 0.000000000000000000e+00 0.000000000000000000e+00 0.000000000000000000e+00 0.000000000000000000e+00 0.000000000000000000e+00 0.000000000000000000e+00 0.000000000000000000e+00 0.000000000000000000e+00 0.000000000000000000e+00
0.000000000000000000e+00 0.000000000000000000e+00 0.000000000000000000e+00 0.000000000000000000e+00 0.000000000000000000e+00 0.000000000000000000e+00 0.000000000000000000e+00 0.000000000000000000e+00 0.000000000000000000e+00 0.000000000000000000e+00 0.000000000000000000e+00
0.000000000000000000e+00 0.000000000000000000e+00 0.000000000000000000e+00 0.000000000000000000e+00 0.000000000000000000e+00 0.000000000000000000e+00 0.000000000000000000e+00 0.000000000000000000e+00 0.000000000000000000e+00 0.000000000000000000e+00 0.000000000000000000e+00
0.000000000000000000e+00 0.000000000000000000e+00 0.000000000000000000e+00 0.000000000000000000e+00 0.000000000000000000e+00 0.000000000000000000e+00 0.000000000000000000e+00 0.000000000000000000e+00 0.000000000000000000e+00 0.000000000000000000e+00 0.000000000000000000e+00
0.000000000000000000e+00 0.000000000000000000e+00 0.000000000000000000e+00 0.000000000000000000e+00 0.000000000000000000e+00 0.000000000000000000e+00 0.000000000000000000e+00 0.000000000000000000e+00 0.000000000000000000e+00 0.000000000000000000e+00 0.000000000000000000e+00
0.000000000000000000e+00 0.000000000000000000e+00 0.000000000000000000e+00 0.000000000000000000e+00 0.000000000000000000e+00 0.000000000000000000e+00 0.000000000000000000e+00 0.000000000000000000e+00 0.000000000000000000e+00 0.000000000000000000e+00 0.000000000000000000e+00
0.000000000000000000e+00 0.000000000000000000e+00 0.000000000000000000e+00 0.000000000000000000e+00 0.000000000000000000e+00 0.000000000000000000e+00 0.000000000000000000e+00 0.000000000000000000e+00 0.000000000000000000e+00 0.000000000000000000e+00 0.000000000000000000e+00
0.000000000000000000e+00 0.000000000000000000e+00 0.000000000000000000e+00 0.000000000000000000e+00 0.000000000000000000e+00 0.000000000000000000e+00 0.000000000000000000e+00 0.000000000000000000e+00 0.000000000000000000e+00 0.000000000000000000e+00 0.000000000000000000e+00
0.000000000000000000e+00 0.000000000000000000e+00 0.000000000000000000e+00 0.000000000000000000e+00 0.000000000000000000e+00 0.000000000000000000e+00 0.000000000000000000e+00 0.000000000000000000e+00 0.000000000000000000e+00 0.000000000000000000e+00 0.000000000000000000e+00
0.000000000000000000e+00 0.000000000000000000e+00 0.000000000000000000e+00 0.000000000000000000e+00 0.000000000000000000e+00 0.000000000000000000e+00 0.000000000000000000e+00 0.000000000000000000e+00 0.000000000000000000e+00 0.000000000000000000e+00 0.000000000000000000e+00
0.000000000000000000e+00 0.000000000000000000e+00 0.000000000000000000e+00 0.000000000000000000e+00 0.000000000000000000e+00 0.000000000000000000e+00 0.000000000000000000e+00 0.000000000000000000e+00 0.000000000000000000e+00 0.000000000000000000e+00 0.000000000000000000e+00
0.000000000000000000e+00 0.000000000000000000e+00 0.000000000000000000e+00 0.000000000000000000e+00 0.000000000000000000e+00 0.000000000000000000e+00 0.000000000000000000e+00 0.000000000000000000e+00 0.000000000000000000e+00 0.000000000000000000e+00 0.000000000000000000e+00
0.000000000000000000e+00 0.000000000000000000e+00 0.000000000000000000e+00 0.000000000000000000e+00 0.000000000000000000e+00 0.000000000000000000e+00 0.000000000000000000e+00 0.000000000000000000e+00 0.000000000000000000e+00 0.000000000000000000e+00 0.000000000000000000e+00
0.000000000000000000e+00 0.000000000000000000e+00 0.000000000000000000e+00 0.000000000000000000e+00 0.000000000000000000e+00 0.000000000000000000e+00 0.000000000000000000e+00 0.000000000000000000e+00 0.000000000000000000e+00 0.000000000000000000e+00 0.000000000000000000e+00
0.000000000000000000e+00 0.000000000000000000e+00 0.000000000000000000e+00 0.000000000000000000e+00 0.000000000000000000e+00 0.000000000000000000e+00 0.000000000000000000e+00 0.000000000000000000e+00 0.000000000000000000e+00 0.000000000000000000e+00 0.000000000000000000e+00
0.000000000000000000e+00 0.000000000000000000e+00 0.000000000000000000e+00 0.000000000000000000e+00 0.000000000000000000e+00 0.000000000000000000e+00 0.000000000000000000e+00 0.000000000000000000e+00 0.000000000000000000e+00 0.000000000000000000e+00 0.000000000000000000e+00
0.000000000000000000e+00 0.000000000000000000e+00 0.000000000000000000e+00 0.000000000000000000e+00 0.000000000000000000e+00 0.000000000000000000e+00 0.000000000000000000e+00 0.000000000000000000e+00 0.000000000000000000e+00 0.000000000000000000e+00 0.000000000000000000e+00
0.000000000000000000e+00 0.000000000000000000e+00 0.000000000000000000e+00 0.000000000000000000e+00 0.000000000000000000e+00 0.000000000000000000e+00 0.000000000000000000e+00 0.000000000000000000e+00 0.000000000000000000e+00 0.000000000000000000e+00 0.000000000000000000e+00
0.000000000000000000e+00 0.000000000000000000e+00 0.000000000000000000e+00 0.000000000000000000e+00 0.000000000000000000e+00 0.000000000000000000e+00 0.000000000000000000e+00 0.000000000000000000e+00 0.000000000000000000e+00 0.000000000000000000e+00 0.000000000000000000e+00
0.000000000000000000e+00 0.000000000000000000e+00 0.000000000000000000e+00 0.000000000000000000e+00 0.000000000000000000e+00 0.000000000000000000e+00 0.000000000000000000e+00 0.000000000000000000e+00 0.000000000000000000e+00 0.000000000000000000e+00 0.000000000000000000e+00
0.000000000000000000e+00 0.000000000000000000e+00 0.000000000000000000e+00 0.000000000000000000e+00 0.000000000000000000e+00 0.000000000000000000e+00 0.000000000000000000e+00 0.000000000000000000e+00 0.000000000000000000e+00 0.000000000000000000e+00 0.000000000000000000e+00
0.000000000000000000e+00 0.000000000000000000e+00 0.000000000000000000e+00 0.000000000000000000e+00 0.000000000000000000e+00 0.000000000000000000e+00 0.000000000000000000e+00 0.000000000000000000e+00 0.000000000000000000e+00 0.000000000000000000e+00 0.000000000000000000e+00
0.000000000000000000e+00 0.000000000000000000e+00 0.000000000000000000e+00 0.000000000000000000e+00 0.000000000000000000e+00 0.000000000000000000e+00 0.000000000000000000e+00 0.000000000000000000e+00 0.000000000000000000e+00 0.000000000000000000e+00 0.000000000000000000e+00
0.000000000000000000e+00 0.000000000000000000e+00 0.000000000000000000e+00 0.000000000000000000e+00 0.000000000000000000e+00 0.000000000000000000e+00 0.000000000000000000e+00 0.000000000000000000e+00 0.000000000000000000e+00 0.000000000000000000e+00 0.000000000000000000e+00
0.000000000000000000e+00 0.000000000000000000e+00 0.000000000000000000e+00 0.000000000000000000e+00 0.000000000000000000e+00 0.000000000000000000e+00 0.000000000000000000e+00 0.000000000000000000e+00 0.000000000000000000e+00 0.000000000000000000e+00 0.000000000000000000e+00
0.000000000000000000e+00 0.000000000000000000e+00 0.000000000000000000e+00 0.000000000000000000e+00 0.000000000000000000e+00 0.000000000000000000e+00 0.000000000000000000e+00 0.000000000000000000e+00 0.000000000000000000e+00 0.000000000000000000e+00 0.000000000000000000e+00
0.000000000000000000e+00 0.000000000000000000e+00 0.000000000000000000e+00 0.000000000000000000e+00 0.000000000000000000e+00 0.000000000000000000e+00 0.000000000000000000e+00 0.000000000000000000e+00 0.000000000000000000e+00 0.000000000000000000e+00 0.000000000000000000e+00
0.000000000000000000e+00 0.000000000000000000e+00 0.000000000000000000e+00 0.000000000000000000e+00 0.000000000000000000e+00 0.000000000000000000e+00 0.000000000000000000e+00 0.000000000000000000e+00 0.000000000000000000e+00 0.000000000000000000e+00 0.000000000000000000e+00
0.000000000000000000e+00 0.000000000000000000e+00 0.000000000000000000e+00 0.000000000000000000e+00 0.000000000000000000e+00 0.000000000000000000e+00 0.000000000000000000e+00 0.000000000000000000e+00 0.000000000000000000e+00 0.000000000000000000e+00 0.000000000000000000e+00
0.000000000000000000e+00 0.000000000000000000e+00 0.000000000000000000e+00 0.000000000000000000e+00 0.000000000000000000e+00 0.000000000000000000e+00 0.000000000000000000e+00 0.000000000000000000e+00 0.000000000000000000e+00 0.000000000000000000e+00 0.000000000000000000e+00
0.000000000000000000e+00 0.000000000000000000e+00 0.000000000000000000e+00 0.000000000000000000e+00 0.000000000000000000e+00 0.000000000000000000e+00 0.000000000000000000e+00 0.000000000000000000e+00 0.000000000000000000e+00 0.000000000000000000e+00 0.000000000000000000e+00
0.000000000000000000e+00 0.000000000000000000e+00 0.000000000000000000e+00 0.000000000000000000e+00 0.000000000000000000e+00 0.000000000000000000e+00 0.000000000000000000e+00 0.000000000000000000e+00 0.000000000000000000e+00 0.000000000000000000e+00 0.000000000000000000e+00
0.000000000000000000e+00 0.000000000000000000e+00 0.000000000000000000e+00 0.000000000000000000e+00 0.000000000000000000e+00 0.000000000000000000e+00 0.000000000000000000e+00 0.000000000000000000e+00 0.000000000000000000e+00 0.000000000000000000e+00 0.000000000000000000e+00
0.000000000000000000e+00 0.000000000000000000e+00 0.000000000000000000e+00 0.000000000000000000e+00 0.000000000000000000e+00 0.000000000000000000e+00 0.000000000000000000e+00 0.000000000000000000e+00 0.000000000000000000e+00 0.000000000000000000e+00 0.000000000000000000e+00
0.000000000000000000e+00 0.000000000000000000e+00 0.000000000000000000e+00 0.000000000000000000e+00 0.000000000000000000e+00 0.000000000000000000e+00 0.000000000000000000e+00 0.000000000000000000e+00 0.000000000000000000e+00 0.000000000000000000e+00 0.000000000000000000e+00
